ISO-10303-21;
HEADER;
/* Generated by software containing ST-Developer
 * from STEP Tools, Inc. (www.steptools.com) 
 */

FILE_DESCRIPTION(
/* description */ (''),
/* implementation_level */ '2;1');

FILE_NAME(
/* name */ 'Base Frame.step',
/* time_stamp */ '2026-05-06T07:32:58+05:30',
/* author */ (''),
/* organization */ (''),
/* preprocessor_version */ 'ST-DEVELOPER v20.1',
/* originating_system */ 'Autodesk Translation Framework v14.24.0.0',
/* authorisation */ '');

FILE_SCHEMA (('AUTOMOTIVE_DESIGN { 1 0 10303 214 3 1 1 }'));
ENDSEC;

DATA;
#10=MECHANICAL_DESIGN_GEOMETRIC_PRESENTATION_REPRESENTATION('',(#17,#18,
#19),#9309);
#11=SHAPE_REPRESENTATION_RELATIONSHIP('SRR','None',#9316,#12);
#12=ADVANCED_BREP_SHAPE_REPRESENTATION('',(#20,#21,#22),#9308);
#13=SPHERICAL_SURFACE('',#5449,1.);
#14=SPHERICAL_SURFACE('',#5451,1.);
#15=SPHERICAL_SURFACE('',#5465,1.);
#16=SPHERICAL_SURFACE('',#5467,1.);
#17=STYLED_ITEM('',(#9326),#20);
#18=STYLED_ITEM('',(#9326),#21);
#19=STYLED_ITEM('',(#9326),#22);
#20=MANIFOLD_SOLID_BREP('Body2',#4944);
#21=MANIFOLD_SOLID_BREP('Body5',#4945);
#22=MANIFOLD_SOLID_BREP('Body6',#4946);
#23=FACE_BOUND('',#604,.T.);
#24=FACE_BOUND('',#605,.T.);
#25=FACE_BOUND('',#606,.T.);
#26=FACE_BOUND('',#612,.T.);
#27=FACE_BOUND('',#613,.T.);
#28=FACE_BOUND('',#618,.T.);
#29=FACE_BOUND('',#619,.T.);
#30=FACE_BOUND('',#620,.T.);
#31=FACE_BOUND('',#621,.T.);
#32=FACE_BOUND('',#622,.T.);
#33=FACE_BOUND('',#623,.T.);
#34=FACE_BOUND('',#624,.T.);
#35=FACE_BOUND('',#625,.T.);
#36=FACE_BOUND('',#626,.T.);
#37=FACE_BOUND('',#627,.T.);
#38=FACE_BOUND('',#628,.T.);
#39=FACE_BOUND('',#629,.T.);
#40=FACE_BOUND('',#630,.T.);
#41=FACE_BOUND('',#631,.T.);
#42=FACE_BOUND('',#632,.T.);
#43=FACE_BOUND('',#633,.T.);
#44=FACE_BOUND('',#634,.T.);
#45=FACE_BOUND('',#635,.T.);
#46=FACE_BOUND('',#636,.T.);
#47=FACE_BOUND('',#637,.T.);
#48=FACE_BOUND('',#638,.T.);
#49=FACE_BOUND('',#639,.T.);
#50=FACE_BOUND('',#657,.T.);
#51=FACE_BOUND('',#658,.T.);
#52=FACE_BOUND('',#659,.T.);
#53=FACE_BOUND('',#687,.T.);
#54=FACE_BOUND('',#688,.T.);
#55=FACE_BOUND('',#770,.T.);
#56=FACE_BOUND('',#772,.T.);
#57=FACE_BOUND('',#773,.T.);
#58=FACE_BOUND('',#774,.T.);
#59=FACE_BOUND('',#775,.T.);
#60=FACE_BOUND('',#776,.T.);
#61=FACE_BOUND('',#777,.T.);
#62=FACE_BOUND('',#778,.T.);
#63=FACE_BOUND('',#779,.T.);
#64=FACE_BOUND('',#780,.T.);
#65=FACE_BOUND('',#781,.T.);
#66=FACE_BOUND('',#782,.T.);
#67=FACE_BOUND('',#783,.T.);
#68=FACE_BOUND('',#784,.T.);
#69=FACE_BOUND('',#785,.T.);
#70=FACE_BOUND('',#786,.T.);
#71=FACE_BOUND('',#787,.T.);
#72=FACE_BOUND('',#788,.T.);
#73=FACE_BOUND('',#789,.T.);
#74=FACE_BOUND('',#790,.T.);
#75=FACE_BOUND('',#791,.T.);
#76=FACE_BOUND('',#792,.T.);
#77=FACE_BOUND('',#793,.T.);
#78=FACE_BOUND('',#796,.T.);
#79=FACE_BOUND('',#799,.T.);
#80=FACE_BOUND('',#802,.T.);
#81=FACE_BOUND('',#805,.T.);
#82=FACE_BOUND('',#808,.T.);
#83=FACE_BOUND('',#811,.T.);
#84=FACE_BOUND('',#814,.T.);
#85=FACE_BOUND('',#817,.T.);
#86=FACE_BOUND('',#820,.T.);
#87=FACE_BOUND('',#824,.T.);
#88=FACE_BOUND('',#828,.T.);
#89=FACE_BOUND('',#831,.T.);
#90=FACE_BOUND('',#834,.T.);
#91=CONICAL_SURFACE('',#5006,50.2500349227016,0.0261799387799149);
#92=CONICAL_SURFACE('',#5223,188.243575941316,0.0261799387799149);
#93=CONICAL_SURFACE('',#5414,187.243575941316,0.0261799387799149);
#94=CONICAL_SURFACE('',#5415,187.014219801238,0.0261799387799149);
#95=CONICAL_SURFACE('',#5416,187.243575941316,0.0261799387799149);
#96=(
BOUNDED_CURVE()
B_SPLINE_CURVE(2,(#7639,#7640,#7641),.UNSPECIFIED.,.F.,.F.)
B_SPLINE_CURVE_WITH_KNOTS((3,3),(0.266219569926822,0.710794990222472),
 .UNSPECIFIED.)
CURVE()
GEOMETRIC_REPRESENTATION_ITEM()
RATIONAL_B_SPLINE_CURVE((0.999999998677929,0.999999998145719,0.999999999522909))
REPRESENTATION_ITEM('')
);
#97=(
BOUNDED_CURVE()
B_SPLINE_CURVE(2,(#7688,#7689,#7690),.UNSPECIFIED.,.F.,.F.)
B_SPLINE_CURVE_WITH_KNOTS((3,3),(0.266059238469572,0.55895084783693),
 .UNSPECIFIED.)
CURVE()
GEOMETRIC_REPRESENTATION_ITEM()
RATIONAL_B_SPLINE_CURVE((1.,1.,1.))
REPRESENTATION_ITEM('')
);
#98=(
BOUNDED_CURVE()
B_SPLINE_CURVE(2,(#8452,#8453,#8454),.UNSPECIFIED.,.F.,.F.)
B_SPLINE_CURVE_WITH_KNOTS((3,3),(0.065890326058296,0.699224395279473),
 .UNSPECIFIED.)
CURVE()
GEOMETRIC_REPRESENTATION_ITEM()
RATIONAL_B_SPLINE_CURVE((1.,1.,1.))
REPRESENTATION_ITEM('')
);
#99=(
BOUNDED_CURVE()
B_SPLINE_CURVE(2,(#8457,#8458,#8459),.UNSPECIFIED.,.F.,.F.)
B_SPLINE_CURVE_WITH_KNOTS((3,3),(0.0658903260583438,0.699224395279561),
 .UNSPECIFIED.)
CURVE()
GEOMETRIC_REPRESENTATION_ITEM()
RATIONAL_B_SPLINE_CURVE((1.,1.,1.))
REPRESENTATION_ITEM('')
);
#100=(
BOUNDED_CURVE()
B_SPLINE_CURVE(2,(#8559,#8560,#8561),.UNSPECIFIED.,.F.,.F.)
B_SPLINE_CURVE_WITH_KNOTS((3,3),(0.0653897011169057,0.679449071422953),
 .UNSPECIFIED.)
CURVE()
GEOMETRIC_REPRESENTATION_ITEM()
RATIONAL_B_SPLINE_CURVE((1.,1.,1.))
REPRESENTATION_ITEM('')
);
#101=(
BOUNDED_CURVE()
B_SPLINE_CURVE(2,(#8564,#8565,#8566),.UNSPECIFIED.,.F.,.F.)
B_SPLINE_CURVE_WITH_KNOTS((3,3),(0.0650145440398694,0.666232334130616),
 .UNSPECIFIED.)
CURVE()
GEOMETRIC_REPRESENTATION_ITEM()
RATIONAL_B_SPLINE_CURVE((1.,1.,1.))
REPRESENTATION_ITEM('')
);
#102=(
BOUNDED_CURVE()
B_SPLINE_CURVE(2,(#8614,#8615,#8616),.UNSPECIFIED.,.F.,.F.)
B_SPLINE_CURVE_WITH_KNOTS((3,3),(0.0650145899388479,0.666232288179638),
 .UNSPECIFIED.)
CURVE()
GEOMETRIC_REPRESENTATION_ITEM()
RATIONAL_B_SPLINE_CURVE((1.00000000009334,1.00000000048572,1.00000000015293))
REPRESENTATION_ITEM('')
);
#103=(
BOUNDED_CURVE()
B_SPLINE_CURVE(2,(#8619,#8620,#8621),.UNSPECIFIED.,.F.,.F.)
B_SPLINE_CURVE_WITH_KNOTS((3,3),(0.0653747716951043,0.678852850231099),
 .UNSPECIFIED.)
CURVE()
GEOMETRIC_REPRESENTATION_ITEM()
RATIONAL_B_SPLINE_CURVE((1.,1.,1.))
REPRESENTATION_ITEM('')
);
#104=(
BOUNDED_CURVE()
B_SPLINE_CURVE(2,(#8733,#8734,#8735),.UNSPECIFIED.,.F.,.F.)
B_SPLINE_CURVE_WITH_KNOTS((3,3),(0.0650606524626129,0.666145327438413),
 .UNSPECIFIED.)
CURVE()
GEOMETRIC_REPRESENTATION_ITEM()
RATIONAL_B_SPLINE_CURVE((1.00000000006457,1.00000000033573,1.00000000010562))
REPRESENTATION_ITEM('')
);
#105=(
BOUNDED_CURVE()
B_SPLINE_CURVE(2,(#8739,#8740,#8741),.UNSPECIFIED.,.F.,.F.)
B_SPLINE_CURVE_WITH_KNOTS((3,3),(0.065060698287775,0.666145402278098),
 .UNSPECIFIED.)
CURVE()
GEOMETRIC_REPRESENTATION_ITEM()
RATIONAL_B_SPLINE_CURVE((1.,1.,1.))
REPRESENTATION_ITEM('')
);
#106=ELLIPSE('',#5004,3.8201550014111,0.1);
#107=ELLIPSE('',#5012,3.8201550012607,0.1);
#108=ELLIPSE('',#5018,1938.72999724114,50.7500349227016);
#109=ELLIPSE('',#5029,3.50059952726769,3.5);
#110=ELLIPSE('',#5033,3.50059952726434,3.5);
#111=ELLIPSE('',#5035,3.50059952726774,3.5);
#112=ELLIPSE('',#5090,3.50059952726769,3.5);
#113=ELLIPSE('',#5094,1938.72999731744,50.7500349227016);
#114=ELLIPSE('',#5098,1938.71697319843,50.2500349227016);
#115=ELLIPSE('',#5100,1938.71697327474,50.2500349227016);
#116=ELLIPSE('',#5112,0.678822509939294,0.48);
#117=ELLIPSE('',#5113,0.678822509939115,0.48);
#118=ELLIPSE('',#5115,0.67879313110401,0.48);
#119=ELLIPSE('',#5118,0.678793183986494,0.48);
#120=ELLIPSE('',#5119,0.67879313110401,0.48);
#121=ELLIPSE('',#5121,0.678851839692919,0.48);
#122=ELLIPSE('',#5125,0.678822509939291,0.48);
#123=ELLIPSE('',#5127,0.678822509939092,0.48);
#124=ELLIPSE('',#5134,0.678828085251304,0.48);
#125=ELLIPSE('',#5135,0.678816934767955,0.48);
#126=ELLIPSE('',#5137,0.67882245705341,0.48);
#127=ELLIPSE('',#5139,0.678822509939086,0.48);
#128=ELLIPSE('',#5143,0.678822509939086,0.48);
#129=ELLIPSE('',#5144,0.678822457053416,0.48);
#130=ELLIPSE('',#5147,0.678828085236059,0.48);
#131=ELLIPSE('',#5149,0.678828085232331,0.48);
#132=ELLIPSE('',#5156,0.678822509939082,0.48);
#133=ELLIPSE('',#5163,0.677022154204778,0.48);
#134=ELLIPSE('',#5170,0.678822509939076,0.48);
#135=ELLIPSE('',#5178,0.678822509939093,0.48);
#136=ELLIPSE('',#5179,0.678822509939084,0.48);
#137=ELLIPSE('',#5182,0.678793183986499,0.48);
#138=ELLIPSE('',#5183,0.678851839692922,0.48);
#139=ELLIPSE('',#5185,0.678822509939082,0.48);
#140=ELLIPSE('',#5187,0.678822509939083,0.48);
#141=ELLIPSE('',#5189,0.678822509939089,0.48);
#142=ELLIPSE('',#5191,0.678822509939089,0.48);
#143=ELLIPSE('',#5193,0.678822509939086,0.48);
#144=ELLIPSE('',#5195,0.67882250993908,0.48);
#145=ELLIPSE('',#5197,0.678822509939091,0.48);
#146=ELLIPSE('',#5200,0.678822509939086,0.48);
#147=ELLIPSE('',#5201,0.678822509939095,0.48);
#148=ELLIPSE('',#5203,0.678822509939086,0.48);
#149=ELLIPSE('',#5207,0.678822509939076,0.48);
#150=ELLIPSE('',#5212,0.678822509939092,0.48);
#151=ELLIPSE('',#5214,0.678851839692923,0.48);
#152=ELLIPSE('',#5216,0.678851839692912,0.48);
#153=PLANE('',#5000);
#154=PLANE('',#5002);
#155=PLANE('',#5005);
#156=PLANE('',#5017);
#157=PLANE('',#5019);
#158=PLANE('',#5020);
#159=PLANE('',#5023);
#160=PLANE('',#5026);
#161=PLANE('',#5027);
#162=PLANE('',#5030);
#163=PLANE('',#5037);
#164=PLANE('',#5086);
#165=PLANE('',#5087);
#166=PLANE('',#5088);
#167=PLANE('',#5092);
#168=PLANE('',#5093);
#169=PLANE('',#5099);
#170=PLANE('',#5103);
#171=PLANE('',#5107);
#172=PLANE('',#5129);
#173=PLANE('',#5130);
#174=PLANE('',#5131);
#175=PLANE('',#5132);
#176=PLANE('',#5151);
#177=PLANE('',#5152);
#178=PLANE('',#5153);
#179=PLANE('',#5154);
#180=PLANE('',#5157);
#181=PLANE('',#5158);
#182=PLANE('',#5167);
#183=PLANE('',#5168);
#184=PLANE('',#5175);
#185=PLANE('',#5176);
#186=PLANE('',#5220);
#187=PLANE('',#5221);
#188=PLANE('',#5222);
#189=PLANE('',#5225);
#190=PLANE('',#5226);
#191=PLANE('',#5227);
#192=PLANE('',#5230);
#193=PLANE('',#5233);
#194=PLANE('',#5250);
#195=PLANE('',#5259);
#196=PLANE('',#5262);
#197=PLANE('',#5265);
#198=PLANE('',#5268);
#199=PLANE('',#5271);
#200=PLANE('',#5282);
#201=PLANE('',#5295);
#202=PLANE('',#5296);
#203=PLANE('',#5297);
#204=PLANE('',#5304);
#205=PLANE('',#5305);
#206=PLANE('',#5322);
#207=PLANE('',#5326);
#208=PLANE('',#5330);
#209=PLANE('',#5334);
#210=PLANE('',#5338);
#211=PLANE('',#5342);
#212=PLANE('',#5346);
#213=PLANE('',#5350);
#214=PLANE('',#5354);
#215=PLANE('',#5361);
#216=PLANE('',#5362);
#217=PLANE('',#5365);
#218=PLANE('',#5369);
#219=PLANE('',#5373);
#220=PLANE('',#5375);
#221=PLANE('',#5376);
#222=PLANE('',#5377);
#223=PLANE('',#5378);
#224=PLANE('',#5379);
#225=PLANE('',#5380);
#226=PLANE('',#5381);
#227=PLANE('',#5382);
#228=PLANE('',#5383);
#229=PLANE('',#5384);
#230=PLANE('',#5385);
#231=PLANE('',#5386);
#232=PLANE('',#5387);
#233=PLANE('',#5388);
#234=PLANE('',#5389);
#235=PLANE('',#5392);
#236=PLANE('',#5393);
#237=PLANE('',#5396);
#238=PLANE('',#5397);
#239=PLANE('',#5400);
#240=PLANE('',#5401);
#241=PLANE('',#5402);
#242=PLANE('',#5403);
#243=PLANE('',#5404);
#244=PLANE('',#5405);
#245=PLANE('',#5406);
#246=PLANE('',#5408);
#247=PLANE('',#5409);
#248=PLANE('',#5410);
#249=PLANE('',#5411);
#250=PLANE('',#5412);
#251=PLANE('',#5413);
#252=PLANE('',#5417);
#253=PLANE('',#5418);
#254=PLANE('',#5419);
#255=PLANE('',#5420);
#256=PLANE('',#5421);
#257=PLANE('',#5422);
#258=PLANE('',#5423);
#259=PLANE('',#5424);
#260=PLANE('',#5425);
#261=PLANE('',#5438);
#262=PLANE('',#5439);
#263=PLANE('',#5440);
#264=PLANE('',#5441);
#265=PLANE('',#5442);
#266=PLANE('',#5444);
#267=PLANE('',#5445);
#268=PLANE('',#5457);
#269=PLANE('',#5460);
#270=PLANE('',#5461);
#271=PLANE('',#5473);
#272=PLANE('',#5476);
#273=PLANE('',#5477);
#274=TOROIDAL_SURFACE('',#4971,50.1798264325019,0.1);
#275=TOROIDAL_SURFACE('',#4976,2.,1.);
#276=TOROIDAL_SURFACE('',#4982,2.,1.);
#277=TOROIDAL_SURFACE('',#4987,50.1798264325019,0.1);
#278=TOROIDAL_SURFACE('',#4992,2.,1.);
#279=TOROIDAL_SURFACE('',#4995,2.,1.);
#280=TOROIDAL_SURFACE('',#5009,50.1798264325019,0.1);
#281=TOROIDAL_SURFACE('',#5014,50.1798264325019,0.1);
#282=TOROIDAL_SURFACE('',#5095,49.6974916833178,0.5);
#283=TOROIDAL_SURFACE('',#5104,12.8839745962156,1.);
#284=TOROIDAL_SURFACE('',#5164,187.336745093787,0.48);
#285=TOROIDAL_SURFACE('',#5171,187.566101233865,0.48);
#286=TOROIDAL_SURFACE('',#5209,187.921050648767,0.48);
#287=B_SPLINE_SURFACE_WITH_KNOTS('',3,3,((#6995,#6996,#6997,#6998,#6999,
#7000,#7001,#7002,#7003,#7004,#7005,#7006,#7007,#7008),(#7009,#7010,#7011,
#7012,#7013,#7014,#7015,#7016,#7017,#7018,#7019,#7020,#7021,#7022),(#7023,
#7024,#7025,#7026,#7027,#7028,#7029,#7030,#7031,#7032,#7033,#7034,#7035,
#7036),(#7037,#7038,#7039,#7040,#7041,#7042,#7043,#7044,#7045,#7046,#7047,
#7048,#7049,#7050),(#7051,#7052,#7053,#7054,#7055,#7056,#7057,#7058,#7059,
#7060,#7061,#7062,#7063,#7064),(#7065,#7066,#7067,#7068,#7069,#7070,#7071,
#7072,#7073,#7074,#7075,#7076,#7077,#7078)),.UNSPECIFIED.,.F.,.F.,.F.,(4,
1,1,4),(4,1,1,1,1,1,1,1,1,1,1,4),(0.,0.285714285714286,0.571428571428571,
1.),(0.,0.0178571428571428,0.0357142857142856,0.0714285714285713,0.142857142857143,
0.214285714285714,0.285714285714285,0.428571428571428,0.57142857142857,
0.714285714285713,0.857142857142856,0.999999999999998),.UNSPECIFIED.);
#288=B_SPLINE_SURFACE_WITH_KNOTS('',3,3,((#7123,#7124,#7125,#7126,#7127,
#7128,#7129,#7130,#7131,#7132,#7133,#7134),(#7135,#7136,#7137,#7138,#7139,
#7140,#7141,#7142,#7143,#7144,#7145,#7146),(#7147,#7148,#7149,#7150,#7151,
#7152,#7153,#7154,#7155,#7156,#7157,#7158),(#7159,#7160,#7161,#7162,#7163,
#7164,#7165,#7166,#7167,#7168,#7169,#7170),(#7171,#7172,#7173,#7174,#7175,
#7176,#7177,#7178,#7179,#7180,#7181,#7182),(#7183,#7184,#7185,#7186,#7187,
#7188,#7189,#7190,#7191,#7192,#7193,#7194)),.UNSPECIFIED.,.F.,.F.,.F.,(4,
1,1,4),(4,1,1,1,1,1,1,1,1,4),(0.,0.285714285714286,0.571428571428571,1.),
(0.,0.142857142857143,0.285714285714286,0.428571428571429,0.571428571428571,
0.714285714285714,0.785714285714286,0.857142857142857,0.928571428571428,
1.),.UNSPECIFIED.);
#289=B_SPLINE_SURFACE_WITH_KNOTS('',3,3,((#7238,#7239,#7240,#7241,#7242,
#7243,#7244,#7245,#7246,#7247,#7248,#7249,#7250),(#7251,#7252,#7253,#7254,
#7255,#7256,#7257,#7258,#7259,#7260,#7261,#7262,#7263),(#7264,#7265,#7266,
#7267,#7268,#7269,#7270,#7271,#7272,#7273,#7274,#7275,#7276),(#7277,#7278,
#7279,#7280,#7281,#7282,#7283,#7284,#7285,#7286,#7287,#7288,#7289),(#7290,
#7291,#7292,#7293,#7294,#7295,#7296,#7297,#7298,#7299,#7300,#7301,#7302),
(#7303,#7304,#7305,#7306,#7307,#7308,#7309,#7310,#7311,#7312,#7313,#7314,
#7315)),.UNSPECIFIED.,.F.,.F.,.F.,(4,1,1,4),(4,1,1,1,1,1,1,1,1,1,4),(0.,
0.285714285714286,0.571428571428571,1.),(0.,0.142857142857143,0.285714285714286,
0.571428571428571,0.642857142857143,0.785714285714286,0.857142857142857,
0.928571428571429,0.964285714285714,0.982142857142857,1.),.UNSPECIFIED.);
#290=B_SPLINE_SURFACE_WITH_KNOTS('',3,3,((#7387,#7388,#7389,#7390,#7391,
#7392,#7393,#7394,#7395,#7396,#7397,#7398,#7399,#7400),(#7401,#7402,#7403,
#7404,#7405,#7406,#7407,#7408,#7409,#7410,#7411,#7412,#7413,#7414),(#7415,
#7416,#7417,#7418,#7419,#7420,#7421,#7422,#7423,#7424,#7425,#7426,#7427,
#7428),(#7429,#7430,#7431,#7432,#7433,#7434,#7435,#7436,#7437,#7438,#7439,
#7440,#7441,#7442),(#7443,#7444,#7445,#7446,#7447,#7448,#7449,#7450,#7451,
#7452,#7453,#7454,#7455,#7456),(#7457,#7458,#7459,#7460,#7461,#7462,#7463,
#7464,#7465,#7466,#7467,#7468,#7469,#7470)),.UNSPECIFIED.,.F.,.F.,.F.,(4,
1,1,4),(4,1,1,1,1,1,1,1,1,1,1,4),(0.,0.285714285714286,0.571428571428571,
1.),(0.,0.0178571428571428,0.0357142857142856,0.0714285714285713,0.142857142857143,
0.214285714285714,0.285714285714285,0.428571428571428,0.57142857142857,
0.714285714285713,0.857142857142856,0.999999999999998),.UNSPECIFIED.);
#291=B_SPLINE_SURFACE_WITH_KNOTS('',3,3,((#8117,#8118,#8119,#8120),(#8121,
#8122,#8123,#8124),(#8125,#8126,#8127,#8128),(#8129,#8130,#8131,#8132),
(#8133,#8134,#8135,#8136)),.UNSPECIFIED.,.F.,.F.,.F.,(4,1,4),(4,4),(0.,
0.5,1.),(1.25960268314112,1.26042268705178),.UNSPECIFIED.);
#292=B_SPLINE_SURFACE_WITH_KNOTS('',3,3,((#8172,#8173,#8174,#8175),(#8176,
#8177,#8178,#8179),(#8180,#8181,#8182,#8183),(#8184,#8185,#8186,#8187),
(#8188,#8189,#8190,#8191)),.UNSPECIFIED.,.F.,.F.,.F.,(4,1,4),(4,4),(0.,
0.5,1.),(-1.26123250260348,-1.25960123745109),.UNSPECIFIED.);
#293=FACE_OUTER_BOUND('',#572,.T.);
#294=FACE_OUTER_BOUND('',#573,.T.);
#295=FACE_OUTER_BOUND('',#574,.T.);
#296=FACE_OUTER_BOUND('',#575,.T.);
#297=FACE_OUTER_BOUND('',#576,.T.);
#298=FACE_OUTER_BOUND('',#577,.T.);
#299=FACE_OUTER_BOUND('',#578,.T.);
#300=FACE_OUTER_BOUND('',#579,.T.);
#301=FACE_OUTER_BOUND('',#580,.T.);
#302=FACE_OUTER_BOUND('',#581,.T.);
#303=FACE_OUTER_BOUND('',#582,.T.);
#304=FACE_OUTER_BOUND('',#583,.T.);
#305=FACE_OUTER_BOUND('',#584,.T.);
#306=FACE_OUTER_BOUND('',#585,.T.);
#307=FACE_OUTER_BOUND('',#586,.T.);
#308=FACE_OUTER_BOUND('',#587,.T.);
#309=FACE_OUTER_BOUND('',#588,.T.);
#310=FACE_OUTER_BOUND('',#589,.T.);
#311=FACE_OUTER_BOUND('',#590,.T.);
#312=FACE_OUTER_BOUND('',#591,.T.);
#313=FACE_OUTER_BOUND('',#592,.T.);
#314=FACE_OUTER_BOUND('',#593,.T.);
#315=FACE_OUTER_BOUND('',#594,.T.);
#316=FACE_OUTER_BOUND('',#595,.T.);
#317=FACE_OUTER_BOUND('',#596,.T.);
#318=FACE_OUTER_BOUND('',#597,.T.);
#319=FACE_OUTER_BOUND('',#598,.T.);
#320=FACE_OUTER_BOUND('',#599,.T.);
#321=FACE_OUTER_BOUND('',#600,.T.);
#322=FACE_OUTER_BOUND('',#601,.T.);
#323=FACE_OUTER_BOUND('',#602,.T.);
#324=FACE_OUTER_BOUND('',#603,.T.);
#325=FACE_OUTER_BOUND('',#607,.T.);
#326=FACE_OUTER_BOUND('',#608,.T.);
#327=FACE_OUTER_BOUND('',#609,.T.);
#328=FACE_OUTER_BOUND('',#610,.T.);
#329=FACE_OUTER_BOUND('',#611,.T.);
#330=FACE_OUTER_BOUND('',#614,.T.);
#331=FACE_OUTER_BOUND('',#615,.T.);
#332=FACE_OUTER_BOUND('',#616,.T.);
#333=FACE_OUTER_BOUND('',#617,.T.);
#334=FACE_OUTER_BOUND('',#640,.T.);
#335=FACE_OUTER_BOUND('',#641,.T.);
#336=FACE_OUTER_BOUND('',#642,.T.);
#337=FACE_OUTER_BOUND('',#643,.T.);
#338=FACE_OUTER_BOUND('',#644,.T.);
#339=FACE_OUTER_BOUND('',#645,.T.);
#340=FACE_OUTER_BOUND('',#646,.T.);
#341=FACE_OUTER_BOUND('',#647,.T.);
#342=FACE_OUTER_BOUND('',#648,.T.);
#343=FACE_OUTER_BOUND('',#649,.T.);
#344=FACE_OUTER_BOUND('',#650,.T.);
#345=FACE_OUTER_BOUND('',#651,.T.);
#346=FACE_OUTER_BOUND('',#652,.T.);
#347=FACE_OUTER_BOUND('',#653,.T.);
#348=FACE_OUTER_BOUND('',#654,.T.);
#349=FACE_OUTER_BOUND('',#655,.T.);
#350=FACE_OUTER_BOUND('',#656,.T.);
#351=FACE_OUTER_BOUND('',#660,.T.);
#352=FACE_OUTER_BOUND('',#661,.T.);
#353=FACE_OUTER_BOUND('',#662,.T.);
#354=FACE_OUTER_BOUND('',#663,.T.);
#355=FACE_OUTER_BOUND('',#664,.T.);
#356=FACE_OUTER_BOUND('',#665,.T.);
#357=FACE_OUTER_BOUND('',#666,.T.);
#358=FACE_OUTER_BOUND('',#667,.T.);
#359=FACE_OUTER_BOUND('',#668,.T.);
#360=FACE_OUTER_BOUND('',#669,.T.);
#361=FACE_OUTER_BOUND('',#670,.T.);
#362=FACE_OUTER_BOUND('',#671,.T.);
#363=FACE_OUTER_BOUND('',#672,.T.);
#364=FACE_OUTER_BOUND('',#673,.T.);
#365=FACE_OUTER_BOUND('',#674,.T.);
#366=FACE_OUTER_BOUND('',#675,.T.);
#367=FACE_OUTER_BOUND('',#676,.T.);
#368=FACE_OUTER_BOUND('',#677,.T.);
#369=FACE_OUTER_BOUND('',#678,.T.);
#370=FACE_OUTER_BOUND('',#679,.T.);
#371=FACE_OUTER_BOUND('',#680,.T.);
#372=FACE_OUTER_BOUND('',#681,.T.);
#373=FACE_OUTER_BOUND('',#682,.T.);
#374=FACE_OUTER_BOUND('',#683,.T.);
#375=FACE_OUTER_BOUND('',#684,.T.);
#376=FACE_OUTER_BOUND('',#685,.T.);
#377=FACE_OUTER_BOUND('',#686,.T.);
#378=FACE_OUTER_BOUND('',#689,.T.);
#379=FACE_OUTER_BOUND('',#690,.T.);
#380=FACE_OUTER_BOUND('',#691,.T.);
#381=FACE_OUTER_BOUND('',#692,.T.);
#382=FACE_OUTER_BOUND('',#693,.T.);
#383=FACE_OUTER_BOUND('',#694,.T.);
#384=FACE_OUTER_BOUND('',#695,.T.);
#385=FACE_OUTER_BOUND('',#696,.T.);
#386=FACE_OUTER_BOUND('',#697,.T.);
#387=FACE_OUTER_BOUND('',#698,.T.);
#388=FACE_OUTER_BOUND('',#699,.T.);
#389=FACE_OUTER_BOUND('',#700,.T.);
#390=FACE_OUTER_BOUND('',#701,.T.);
#391=FACE_OUTER_BOUND('',#702,.T.);
#392=FACE_OUTER_BOUND('',#703,.T.);
#393=FACE_OUTER_BOUND('',#704,.T.);
#394=FACE_OUTER_BOUND('',#705,.T.);
#395=FACE_OUTER_BOUND('',#706,.T.);
#396=FACE_OUTER_BOUND('',#707,.T.);
#397=FACE_OUTER_BOUND('',#708,.T.);
#398=FACE_OUTER_BOUND('',#709,.T.);
#399=FACE_OUTER_BOUND('',#710,.T.);
#400=FACE_OUTER_BOUND('',#711,.T.);
#401=FACE_OUTER_BOUND('',#712,.T.);
#402=FACE_OUTER_BOUND('',#713,.T.);
#403=FACE_OUTER_BOUND('',#714,.T.);
#404=FACE_OUTER_BOUND('',#715,.T.);
#405=FACE_OUTER_BOUND('',#716,.T.);
#406=FACE_OUTER_BOUND('',#717,.T.);
#407=FACE_OUTER_BOUND('',#718,.T.);
#408=FACE_OUTER_BOUND('',#719,.T.);
#409=FACE_OUTER_BOUND('',#720,.T.);
#410=FACE_OUTER_BOUND('',#721,.T.);
#411=FACE_OUTER_BOUND('',#722,.T.);
#412=FACE_OUTER_BOUND('',#723,.T.);
#413=FACE_OUTER_BOUND('',#724,.T.);
#414=FACE_OUTER_BOUND('',#725,.T.);
#415=FACE_OUTER_BOUND('',#726,.T.);
#416=FACE_OUTER_BOUND('',#727,.T.);
#417=FACE_OUTER_BOUND('',#728,.T.);
#418=FACE_OUTER_BOUND('',#729,.T.);
#419=FACE_OUTER_BOUND('',#730,.T.);
#420=FACE_OUTER_BOUND('',#731,.T.);
#421=FACE_OUTER_BOUND('',#732,.T.);
#422=FACE_OUTER_BOUND('',#733,.T.);
#423=FACE_OUTER_BOUND('',#734,.T.);
#424=FACE_OUTER_BOUND('',#735,.T.);
#425=FACE_OUTER_BOUND('',#736,.T.);
#426=FACE_OUTER_BOUND('',#737,.T.);
#427=FACE_OUTER_BOUND('',#738,.T.);
#428=FACE_OUTER_BOUND('',#739,.T.);
#429=FACE_OUTER_BOUND('',#740,.T.);
#430=FACE_OUTER_BOUND('',#741,.T.);
#431=FACE_OUTER_BOUND('',#742,.T.);
#432=FACE_OUTER_BOUND('',#743,.T.);
#433=FACE_OUTER_BOUND('',#744,.T.);
#434=FACE_OUTER_BOUND('',#745,.T.);
#435=FACE_OUTER_BOUND('',#746,.T.);
#436=FACE_OUTER_BOUND('',#747,.T.);
#437=FACE_OUTER_BOUND('',#748,.T.);
#438=FACE_OUTER_BOUND('',#749,.T.);
#439=FACE_OUTER_BOUND('',#750,.T.);
#440=FACE_OUTER_BOUND('',#751,.T.);
#441=FACE_OUTER_BOUND('',#752,.T.);
#442=FACE_OUTER_BOUND('',#753,.T.);
#443=FACE_OUTER_BOUND('',#754,.T.);
#444=FACE_OUTER_BOUND('',#755,.T.);
#445=FACE_OUTER_BOUND('',#756,.T.);
#446=FACE_OUTER_BOUND('',#757,.T.);
#447=FACE_OUTER_BOUND('',#758,.T.);
#448=FACE_OUTER_BOUND('',#759,.T.);
#449=FACE_OUTER_BOUND('',#760,.T.);
#450=FACE_OUTER_BOUND('',#761,.T.);
#451=FACE_OUTER_BOUND('',#762,.T.);
#452=FACE_OUTER_BOUND('',#763,.T.);
#453=FACE_OUTER_BOUND('',#764,.T.);
#454=FACE_OUTER_BOUND('',#765,.T.);
#455=FACE_OUTER_BOUND('',#766,.T.);
#456=FACE_OUTER_BOUND('',#767,.T.);
#457=FACE_OUTER_BOUND('',#768,.T.);
#458=FACE_OUTER_BOUND('',#769,.T.);
#459=FACE_OUTER_BOUND('',#771,.T.);
#460=FACE_OUTER_BOUND('',#794,.T.);
#461=FACE_OUTER_BOUND('',#795,.T.);
#462=FACE_OUTER_BOUND('',#797,.T.);
#463=FACE_OUTER_BOUND('',#798,.T.);
#464=FACE_OUTER_BOUND('',#800,.T.);
#465=FACE_OUTER_BOUND('',#801,.T.);
#466=FACE_OUTER_BOUND('',#803,.T.);
#467=FACE_OUTER_BOUND('',#804,.T.);
#468=FACE_OUTER_BOUND('',#806,.T.);
#469=FACE_OUTER_BOUND('',#807,.T.);
#470=FACE_OUTER_BOUND('',#809,.T.);
#471=FACE_OUTER_BOUND('',#810,.T.);
#472=FACE_OUTER_BOUND('',#812,.T.);
#473=FACE_OUTER_BOUND('',#813,.T.);
#474=FACE_OUTER_BOUND('',#815,.T.);
#475=FACE_OUTER_BOUND('',#816,.T.);
#476=FACE_OUTER_BOUND('',#818,.T.);
#477=FACE_OUTER_BOUND('',#819,.T.);
#478=FACE_OUTER_BOUND('',#821,.T.);
#479=FACE_OUTER_BOUND('',#822,.T.);
#480=FACE_OUTER_BOUND('',#823,.T.);
#481=FACE_OUTER_BOUND('',#825,.T.);
#482=FACE_OUTER_BOUND('',#826,.T.);
#483=FACE_OUTER_BOUND('',#827,.T.);
#484=FACE_OUTER_BOUND('',#829,.T.);
#485=FACE_OUTER_BOUND('',#830,.T.);
#486=FACE_OUTER_BOUND('',#832,.T.);
#487=FACE_OUTER_BOUND('',#833,.T.);
#488=FACE_OUTER_BOUND('',#835,.T.);
#489=FACE_OUTER_BOUND('',#836,.T.);
#490=FACE_OUTER_BOUND('',#837,.T.);
#491=FACE_OUTER_BOUND('',#838,.T.);
#492=FACE_OUTER_BOUND('',#839,.T.);
#493=FACE_OUTER_BOUND('',#840,.T.);
#494=FACE_OUTER_BOUND('',#841,.T.);
#495=FACE_OUTER_BOUND('',#842,.T.);
#496=FACE_OUTER_BOUND('',#843,.T.);
#497=FACE_OUTER_BOUND('',#844,.T.);
#498=FACE_OUTER_BOUND('',#845,.T.);
#499=FACE_OUTER_BOUND('',#846,.T.);
#500=FACE_OUTER_BOUND('',#847,.T.);
#501=FACE_OUTER_BOUND('',#848,.T.);
#502=FACE_OUTER_BOUND('',#849,.T.);
#503=FACE_OUTER_BOUND('',#850,.T.);
#504=FACE_OUTER_BOUND('',#851,.T.);
#505=FACE_OUTER_BOUND('',#852,.T.);
#506=FACE_OUTER_BOUND('',#853,.T.);
#507=FACE_OUTER_BOUND('',#854,.T.);
#508=FACE_OUTER_BOUND('',#855,.T.);
#509=FACE_OUTER_BOUND('',#856,.T.);
#510=FACE_OUTER_BOUND('',#857,.T.);
#511=FACE_OUTER_BOUND('',#858,.T.);
#512=FACE_OUTER_BOUND('',#859,.T.);
#513=FACE_OUTER_BOUND('',#860,.T.);
#514=FACE_OUTER_BOUND('',#861,.T.);
#515=FACE_OUTER_BOUND('',#862,.T.);
#516=FACE_OUTER_BOUND('',#863,.T.);
#517=FACE_OUTER_BOUND('',#864,.T.);
#518=FACE_OUTER_BOUND('',#865,.T.);
#519=FACE_OUTER_BOUND('',#866,.T.);
#520=FACE_OUTER_BOUND('',#867,.T.);
#521=FACE_OUTER_BOUND('',#868,.T.);
#522=FACE_OUTER_BOUND('',#869,.T.);
#523=FACE_OUTER_BOUND('',#870,.T.);
#524=FACE_OUTER_BOUND('',#871,.T.);
#525=FACE_OUTER_BOUND('',#872,.T.);
#526=FACE_OUTER_BOUND('',#873,.T.);
#527=FACE_OUTER_BOUND('',#874,.T.);
#528=FACE_OUTER_BOUND('',#875,.T.);
#529=FACE_OUTER_BOUND('',#876,.T.);
#530=FACE_OUTER_BOUND('',#877,.T.);
#531=FACE_OUTER_BOUND('',#878,.T.);
#532=FACE_OUTER_BOUND('',#879,.T.);
#533=FACE_OUTER_BOUND('',#880,.T.);
#534=FACE_OUTER_BOUND('',#881,.T.);
#535=FACE_OUTER_BOUND('',#882,.T.);
#536=FACE_OUTER_BOUND('',#883,.T.);
#537=FACE_OUTER_BOUND('',#884,.T.);
#538=FACE_OUTER_BOUND('',#885,.T.);
#539=FACE_OUTER_BOUND('',#886,.T.);
#540=FACE_OUTER_BOUND('',#887,.T.);
#541=FACE_OUTER_BOUND('',#888,.T.);
#542=FACE_OUTER_BOUND('',#889,.T.);
#543=FACE_OUTER_BOUND('',#890,.T.);
#544=FACE_OUTER_BOUND('',#891,.T.);
#545=FACE_OUTER_BOUND('',#892,.T.);
#546=FACE_OUTER_BOUND('',#893,.T.);
#547=FACE_OUTER_BOUND('',#894,.T.);
#548=FACE_OUTER_BOUND('',#895,.T.);
#549=FACE_OUTER_BOUND('',#896,.T.);
#550=FACE_OUTER_BOUND('',#897,.T.);
#551=FACE_OUTER_BOUND('',#898,.T.);
#552=FACE_OUTER_BOUND('',#899,.T.);
#553=FACE_OUTER_BOUND('',#900,.T.);
#554=FACE_OUTER_BOUND('',#901,.T.);
#555=FACE_OUTER_BOUND('',#902,.T.);
#556=FACE_OUTER_BOUND('',#903,.T.);
#557=FACE_OUTER_BOUND('',#904,.T.);
#558=FACE_OUTER_BOUND('',#905,.T.);
#559=FACE_OUTER_BOUND('',#906,.T.);
#560=FACE_OUTER_BOUND('',#907,.T.);
#561=FACE_OUTER_BOUND('',#908,.T.);
#562=FACE_OUTER_BOUND('',#909,.T.);
#563=FACE_OUTER_BOUND('',#910,.T.);
#564=FACE_OUTER_BOUND('',#911,.T.);
#565=FACE_OUTER_BOUND('',#912,.T.);
#566=FACE_OUTER_BOUND('',#913,.T.);
#567=FACE_OUTER_BOUND('',#914,.T.);
#568=FACE_OUTER_BOUND('',#915,.T.);
#569=FACE_OUTER_BOUND('',#916,.T.);
#570=FACE_OUTER_BOUND('',#917,.T.);
#571=FACE_OUTER_BOUND('',#918,.T.);
#572=EDGE_LOOP('',(#3123,#3124,#3125,#3126));
#573=EDGE_LOOP('',(#3127,#3128,#3129,#3130));
#574=EDGE_LOOP('',(#3131,#3132,#3133,#3134,#3135,#3136));
#575=EDGE_LOOP('',(#3137,#3138,#3139,#3140,#3141,#3142));
#576=EDGE_LOOP('',(#3143,#3144,#3145,#3146));
#577=EDGE_LOOP('',(#3147,#3148,#3149,#3150,#3151,#3152));
#578=EDGE_LOOP('',(#3153,#3154,#3155,#3156));
#579=EDGE_LOOP('',(#3157,#3158,#3159,#3160));
#580=EDGE_LOOP('',(#3161,#3162,#3163,#3164,#3165));
#581=EDGE_LOOP('',(#3166,#3167,#3168,#3169,#3170,#3171));
#582=EDGE_LOOP('',(#3172,#3173,#3174,#3175));
#583=EDGE_LOOP('',(#3176,#3177,#3178,#3179,#3180));
#584=EDGE_LOOP('',(#3181,#3182,#3183,#3184));
#585=EDGE_LOOP('',(#3185,#3186,#3187,#3188));
#586=EDGE_LOOP('',(#3189,#3190,#3191,#3192));
#587=EDGE_LOOP('',(#3193,#3194,#3195,#3196,#3197));
#588=EDGE_LOOP('',(#3198,#3199,#3200,#3201,#3202));
#589=EDGE_LOOP('',(#3203,#3204,#3205,#3206));
#590=EDGE_LOOP('',(#3207,#3208,#3209,#3210));
#591=EDGE_LOOP('',(#3211,#3212,#3213,#3214));
#592=EDGE_LOOP('',(#3215,#3216,#3217,#3218,#3219,#3220));
#593=EDGE_LOOP('',(#3221,#3222,#3223,#3224,#3225,#3226));
#594=EDGE_LOOP('',(#3227,#3228,#3229,#3230,#3231,#3232));
#595=EDGE_LOOP('',(#3233,#3234,#3235,#3236,#3237,#3238));
#596=EDGE_LOOP('',(#3239,#3240,#3241,#3242));
#597=EDGE_LOOP('',(#3243,#3244,#3245,#3246,#3247,#3248,#3249));
#598=EDGE_LOOP('',(#3250,#3251,#3252,#3253,#3254,#3255));
#599=EDGE_LOOP('',(#3256,#3257,#3258,#3259,#3260,#3261,#3262,#3263,#3264,
#3265));
#600=EDGE_LOOP('',(#3266,#3267,#3268,#3269));
#601=EDGE_LOOP('',(#3270,#3271,#3272,#3273,#3274,#3275,#3276));
#602=EDGE_LOOP('',(#3277,#3278,#3279,#3280,#3281));
#603=EDGE_LOOP('',(#3282,#3283,#3284,#3285));
#604=EDGE_LOOP('',(#3286));
#605=EDGE_LOOP('',(#3287));
#606=EDGE_LOOP('',(#3288,#3289,#3290,#3291,#3292,#3293,#3294,#3295,#3296,
#3297,#3298,#3299,#3300,#3301,#3302,#3303));
#607=EDGE_LOOP('',(#3304,#3305,#3306,#3307));
#608=EDGE_LOOP('',(#3308,#3309,#3310,#3311));
#609=EDGE_LOOP('',(#3312,#3313,#3314,#3315,#3316,#3317));
#610=EDGE_LOOP('',(#3318,#3319,#3320,#3321,#3322,#3323,#3324,#3325,#3326,
#3327));
#611=EDGE_LOOP('',(#3328,#3329,#3330,#3331,#3332,#3333));
#612=EDGE_LOOP('',(#3334));
#613=EDGE_LOOP('',(#3335));
#614=EDGE_LOOP('',(#3336,#3337,#3338,#3339,#3340,#3341,#3342));
#615=EDGE_LOOP('',(#3343,#3344,#3345,#3346));
#616=EDGE_LOOP('',(#3347,#3348,#3349,#3350,#3351,#3352,#3353,#3354,#3355,
#3356));
#617=EDGE_LOOP('',(#3357,#3358,#3359,#3360,#3361,#3362,#3363,#3364,#3365,
#3366,#3367,#3368,#3369,#3370,#3371,#3372,#3373,#3374,#3375,#3376,#3377,
#3378,#3379,#3380));
#618=EDGE_LOOP('',(#3381,#3382,#3383,#3384,#3385,#3386,#3387,#3388));
#619=EDGE_LOOP('',(#3389,#3390,#3391,#3392,#3393,#3394,#3395,#3396,#3397));
#620=EDGE_LOOP('',(#3398,#3399,#3400,#3401,#3402,#3403,#3404,#3405,#3406,
#3407));
#621=EDGE_LOOP('',(#3408,#3409,#3410,#3411,#3412,#3413,#3414,#3415,#3416));
#622=EDGE_LOOP('',(#3417,#3418,#3419,#3420));
#623=EDGE_LOOP('',(#3421));
#624=EDGE_LOOP('',(#3422));
#625=EDGE_LOOP('',(#3423));
#626=EDGE_LOOP('',(#3424));
#627=EDGE_LOOP('',(#3425));
#628=EDGE_LOOP('',(#3426));
#629=EDGE_LOOP('',(#3427));
#630=EDGE_LOOP('',(#3428));
#631=EDGE_LOOP('',(#3429));
#632=EDGE_LOOP('',(#3430));
#633=EDGE_LOOP('',(#3431));
#634=EDGE_LOOP('',(#3432));
#635=EDGE_LOOP('',(#3433,#3434));
#636=EDGE_LOOP('',(#3435,#3436,#3437));
#637=EDGE_LOOP('',(#3438,#3439,#3440));
#638=EDGE_LOOP('',(#3441,#3442,#3443,#3444));
#639=EDGE_LOOP('',(#3445));
#640=EDGE_LOOP('',(#3446,#3447,#3448,#3449));
#641=EDGE_LOOP('',(#3450,#3451,#3452,#3453));
#642=EDGE_LOOP('',(#3454,#3455,#3456,#3457,#3458,#3459,#3460,#3461));
#643=EDGE_LOOP('',(#3462,#3463,#3464,#3465,#3466,#3467));
#644=EDGE_LOOP('',(#3468,#3469,#3470,#3471,#3472,#3473,#3474));
#645=EDGE_LOOP('',(#3475,#3476,#3477,#3478));
#646=EDGE_LOOP('',(#3479,#3480,#3481,#3482));
#647=EDGE_LOOP('',(#3483,#3484,#3485,#3486,#3487,#3488,#3489,#3490));
#648=EDGE_LOOP('',(#3491,#3492,#3493,#3494));
#649=EDGE_LOOP('',(#3495,#3496,#3497,#3498));
#650=EDGE_LOOP('',(#3499,#3500,#3501,#3502,#3503));
#651=EDGE_LOOP('',(#3504,#3505,#3506,#3507,#3508));
#652=EDGE_LOOP('',(#3509,#3510,#3511,#3512,#3513));
#653=EDGE_LOOP('',(#3514,#3515,#3516,#3517));
#654=EDGE_LOOP('',(#3518,#3519,#3520,#3521));
#655=EDGE_LOOP('',(#3522,#3523,#3524,#3525));
#656=EDGE_LOOP('',(#3526));
#657=EDGE_LOOP('',(#3527));
#658=EDGE_LOOP('',(#3528));
#659=EDGE_LOOP('',(#3529));
#660=EDGE_LOOP('',(#3530,#3531,#3532,#3533));
#661=EDGE_LOOP('',(#3534,#3535,#3536,#3537));
#662=EDGE_LOOP('',(#3538,#3539,#3540,#3541,#3542));
#663=EDGE_LOOP('',(#3543,#3544,#3545,#3546));
#664=EDGE_LOOP('',(#3547,#3548,#3549,#3550,#3551));
#665=EDGE_LOOP('',(#3552,#3553,#3554,#3555));
#666=EDGE_LOOP('',(#3556,#3557,#3558,#3559));
#667=EDGE_LOOP('',(#3560,#3561,#3562,#3563));
#668=EDGE_LOOP('',(#3564,#3565,#3566,#3567,#3568,#3569,#3570,#3571));
#669=EDGE_LOOP('',(#3572,#3573,#3574,#3575,#3576,#3577));
#670=EDGE_LOOP('',(#3578,#3579,#3580,#3581,#3582,#3583,#3584,#3585));
#671=EDGE_LOOP('',(#3586,#3587,#3588,#3589,#3590,#3591,#3592,#3593));
#672=EDGE_LOOP('',(#3594,#3595,#3596,#3597));
#673=EDGE_LOOP('',(#3598,#3599,#3600,#3601));
#674=EDGE_LOOP('',(#3602,#3603,#3604,#3605,#3606));
#675=EDGE_LOOP('',(#3607,#3608,#3609,#3610,#3611));
#676=EDGE_LOOP('',(#3612,#3613,#3614,#3615));
#677=EDGE_LOOP('',(#3616,#3617,#3618,#3619));
#678=EDGE_LOOP('',(#3620,#3621,#3622,#3623));
#679=EDGE_LOOP('',(#3624,#3625,#3626,#3627));
#680=EDGE_LOOP('',(#3628,#3629,#3630,#3631,#3632,#3633,#3634,#3635));
#681=EDGE_LOOP('',(#3636,#3637,#3638,#3639,#3640,#3641));
#682=EDGE_LOOP('',(#3642,#3643,#3644,#3645,#3646,#3647,#3648,#3649));
#683=EDGE_LOOP('',(#3650,#3651,#3652,#3653,#3654,#3655,#3656,#3657));
#684=EDGE_LOOP('',(#3658,#3659,#3660,#3661,#3662));
#685=EDGE_LOOP('',(#3663,#3664,#3665,#3666));
#686=EDGE_LOOP('',(#3667,#3668,#3669,#3670,#3671,#3672,#3673,#3674,#3675,
#3676,#3677,#3678,#3679,#3680,#3681,#3682,#3683,#3684,#3685,#3686));
#687=EDGE_LOOP('',(#3687,#3688,#3689));
#688=EDGE_LOOP('',(#3690,#3691,#3692,#3693));
#689=EDGE_LOOP('',(#3694,#3695,#3696,#3697));
#690=EDGE_LOOP('',(#3698,#3699,#3700,#3701));
#691=EDGE_LOOP('',(#3702,#3703,#3704,#3705));
#692=EDGE_LOOP('',(#3706,#3707,#3708,#3709));
#693=EDGE_LOOP('',(#3710,#3711,#3712,#3713));
#694=EDGE_LOOP('',(#3714,#3715,#3716,#3717));
#695=EDGE_LOOP('',(#3718,#3719,#3720,#3721,#3722,#3723,#3724));
#696=EDGE_LOOP('',(#3725,#3726,#3727,#3728,#3729));
#697=EDGE_LOOP('',(#3730,#3731,#3732,#3733));
#698=EDGE_LOOP('',(#3734,#3735,#3736,#3737));
#699=EDGE_LOOP('',(#3738,#3739,#3740,#3741));
#700=EDGE_LOOP('',(#3742,#3743,#3744,#3745,#3746));
#701=EDGE_LOOP('',(#3747,#3748,#3749,#3750));
#702=EDGE_LOOP('',(#3751,#3752,#3753,#3754));
#703=EDGE_LOOP('',(#3755,#3756,#3757,#3758));
#704=EDGE_LOOP('',(#3759,#3760,#3761,#3762));
#705=EDGE_LOOP('',(#3763,#3764,#3765,#3766));
#706=EDGE_LOOP('',(#3767,#3768,#3769,#3770));
#707=EDGE_LOOP('',(#3771,#3772,#3773,#3774));
#708=EDGE_LOOP('',(#3775,#3776,#3777,#3778,#3779));
#709=EDGE_LOOP('',(#3780,#3781,#3782,#3783));
#710=EDGE_LOOP('',(#3784,#3785,#3786,#3787,#3788));
#711=EDGE_LOOP('',(#3789,#3790,#3791,#3792));
#712=EDGE_LOOP('',(#3793,#3794,#3795,#3796));
#713=EDGE_LOOP('',(#3797,#3798,#3799,#3800));
#714=EDGE_LOOP('',(#3801,#3802,#3803,#3804));
#715=EDGE_LOOP('',(#3805,#3806,#3807,#3808));
#716=EDGE_LOOP('',(#3809,#3810,#3811,#3812,#3813));
#717=EDGE_LOOP('',(#3814,#3815,#3816,#3817));
#718=EDGE_LOOP('',(#3818,#3819,#3820,#3821));
#719=EDGE_LOOP('',(#3822,#3823,#3824,#3825,#3826,#3827));
#720=EDGE_LOOP('',(#3828,#3829,#3830,#3831));
#721=EDGE_LOOP('',(#3832,#3833,#3834,#3835));
#722=EDGE_LOOP('',(#3836,#3837,#3838,#3839));
#723=EDGE_LOOP('',(#3840,#3841,#3842,#3843));
#724=EDGE_LOOP('',(#3844,#3845,#3846,#3847));
#725=EDGE_LOOP('',(#3848,#3849,#3850,#3851));
#726=EDGE_LOOP('',(#3852,#3853,#3854,#3855));
#727=EDGE_LOOP('',(#3856,#3857,#3858,#3859));
#728=EDGE_LOOP('',(#3860,#3861,#3862,#3863));
#729=EDGE_LOOP('',(#3864,#3865,#3866,#3867));
#730=EDGE_LOOP('',(#3868,#3869,#3870,#3871));
#731=EDGE_LOOP('',(#3872,#3873,#3874,#3875));
#732=EDGE_LOOP('',(#3876,#3877,#3878,#3879));
#733=EDGE_LOOP('',(#3880,#3881,#3882,#3883));
#734=EDGE_LOOP('',(#3884,#3885,#3886,#3887));
#735=EDGE_LOOP('',(#3888,#3889,#3890,#3891));
#736=EDGE_LOOP('',(#3892,#3893,#3894,#3895));
#737=EDGE_LOOP('',(#3896,#3897,#3898,#3899));
#738=EDGE_LOOP('',(#3900,#3901,#3902,#3903));
#739=EDGE_LOOP('',(#3904,#3905,#3906,#3907));
#740=EDGE_LOOP('',(#3908,#3909,#3910,#3911));
#741=EDGE_LOOP('',(#3912,#3913,#3914,#3915));
#742=EDGE_LOOP('',(#3916,#3917,#3918,#3919));
#743=EDGE_LOOP('',(#3920,#3921,#3922,#3923));
#744=EDGE_LOOP('',(#3924,#3925,#3926,#3927));
#745=EDGE_LOOP('',(#3928,#3929,#3930,#3931));
#746=EDGE_LOOP('',(#3932,#3933,#3934,#3935));
#747=EDGE_LOOP('',(#3936,#3937,#3938,#3939));
#748=EDGE_LOOP('',(#3940,#3941,#3942,#3943));
#749=EDGE_LOOP('',(#3944,#3945,#3946,#3947));
#750=EDGE_LOOP('',(#3948,#3949,#3950,#3951));
#751=EDGE_LOOP('',(#3952,#3953,#3954,#3955));
#752=EDGE_LOOP('',(#3956,#3957,#3958,#3959));
#753=EDGE_LOOP('',(#3960,#3961,#3962,#3963));
#754=EDGE_LOOP('',(#3964,#3965,#3966,#3967));
#755=EDGE_LOOP('',(#3968,#3969,#3970,#3971));
#756=EDGE_LOOP('',(#3972,#3973,#3974,#3975));
#757=EDGE_LOOP('',(#3976,#3977,#3978,#3979));
#758=EDGE_LOOP('',(#3980,#3981,#3982,#3983));
#759=EDGE_LOOP('',(#3984,#3985,#3986,#3987));
#760=EDGE_LOOP('',(#3988,#3989,#3990,#3991));
#761=EDGE_LOOP('',(#3992,#3993,#3994,#3995));
#762=EDGE_LOOP('',(#3996,#3997,#3998,#3999));
#763=EDGE_LOOP('',(#4000,#4001,#4002,#4003));
#764=EDGE_LOOP('',(#4004,#4005,#4006,#4007,#4008,#4009));
#765=EDGE_LOOP('',(#4010,#4011,#4012,#4013));
#766=EDGE_LOOP('',(#4014,#4015,#4016,#4017));
#767=EDGE_LOOP('',(#4018,#4019,#4020,#4021));
#768=EDGE_LOOP('',(#4022,#4023,#4024,#4025));
#769=EDGE_LOOP('',(#4026));
#770=EDGE_LOOP('',(#4027));
#771=EDGE_LOOP('',(#4028,#4029,#4030,#4031,#4032,#4033,#4034,#4035,#4036,
#4037,#4038,#4039,#4040,#4041,#4042,#4043,#4044,#4045,#4046,#4047,#4048,
#4049,#4050,#4051,#4052,#4053,#4054));
#772=EDGE_LOOP('',(#4055,#4056,#4057,#4058,#4059,#4060,#4061,#4062));
#773=EDGE_LOOP('',(#4063,#4064,#4065,#4066,#4067,#4068,#4069,#4070,#4071));
#774=EDGE_LOOP('',(#4072,#4073,#4074,#4075,#4076,#4077,#4078,#4079,#4080,
#4081));
#775=EDGE_LOOP('',(#4082,#4083,#4084,#4085,#4086,#4087,#4088,#4089,#4090));
#776=EDGE_LOOP('',(#4091));
#777=EDGE_LOOP('',(#4092));
#778=EDGE_LOOP('',(#4093));
#779=EDGE_LOOP('',(#4094));
#780=EDGE_LOOP('',(#4095));
#781=EDGE_LOOP('',(#4096));
#782=EDGE_LOOP('',(#4097));
#783=EDGE_LOOP('',(#4098,#4099,#4100,#4101));
#784=EDGE_LOOP('',(#4102));
#785=EDGE_LOOP('',(#4103));
#786=EDGE_LOOP('',(#4104));
#787=EDGE_LOOP('',(#4105));
#788=EDGE_LOOP('',(#4106));
#789=EDGE_LOOP('',(#4107));
#790=EDGE_LOOP('',(#4108));
#791=EDGE_LOOP('',(#4109));
#792=EDGE_LOOP('',(#4110));
#793=EDGE_LOOP('',(#4111));
#794=EDGE_LOOP('',(#4112,#4113,#4114,#4115));
#795=EDGE_LOOP('',(#4116));
#796=EDGE_LOOP('',(#4117));
#797=EDGE_LOOP('',(#4118,#4119,#4120,#4121));
#798=EDGE_LOOP('',(#4122));
#799=EDGE_LOOP('',(#4123));
#800=EDGE_LOOP('',(#4124,#4125,#4126,#4127));
#801=EDGE_LOOP('',(#4128));
#802=EDGE_LOOP('',(#4129));
#803=EDGE_LOOP('',(#4130,#4131,#4132,#4133));
#804=EDGE_LOOP('',(#4134));
#805=EDGE_LOOP('',(#4135));
#806=EDGE_LOOP('',(#4136,#4137,#4138,#4139));
#807=EDGE_LOOP('',(#4140));
#808=EDGE_LOOP('',(#4141));
#809=EDGE_LOOP('',(#4142,#4143,#4144,#4145));
#810=EDGE_LOOP('',(#4146));
#811=EDGE_LOOP('',(#4147));
#812=EDGE_LOOP('',(#4148,#4149,#4150,#4151));
#813=EDGE_LOOP('',(#4152));
#814=EDGE_LOOP('',(#4153));
#815=EDGE_LOOP('',(#4154,#4155,#4156,#4157));
#816=EDGE_LOOP('',(#4158));
#817=EDGE_LOOP('',(#4159));
#818=EDGE_LOOP('',(#4160,#4161,#4162,#4163));
#819=EDGE_LOOP('',(#4164));
#820=EDGE_LOOP('',(#4165));
#821=EDGE_LOOP('',(#4166,#4167,#4168,#4169));
#822=EDGE_LOOP('',(#4170,#4171,#4172,#4173));
#823=EDGE_LOOP('',(#4174));
#824=EDGE_LOOP('',(#4175));
#825=EDGE_LOOP('',(#4176));
#826=EDGE_LOOP('',(#4177,#4178,#4179,#4180));
#827=EDGE_LOOP('',(#4181));
#828=EDGE_LOOP('',(#4182));
#829=EDGE_LOOP('',(#4183,#4184,#4185,#4186));
#830=EDGE_LOOP('',(#4187));
#831=EDGE_LOOP('',(#4188));
#832=EDGE_LOOP('',(#4189,#4190,#4191,#4192));
#833=EDGE_LOOP('',(#4193));
#834=EDGE_LOOP('',(#4194));
#835=EDGE_LOOP('',(#4195,#4196,#4197,#4198));
#836=EDGE_LOOP('',(#4199,#4200,#4201,#4202));
#837=EDGE_LOOP('',(#4203,#4204,#4205,#4206));
#838=EDGE_LOOP('',(#4207,#4208,#4209,#4210));
#839=EDGE_LOOP('',(#4211,#4212,#4213,#4214));
#840=EDGE_LOOP('',(#4215,#4216,#4217,#4218));
#841=EDGE_LOOP('',(#4219,#4220,#4221,#4222));
#842=EDGE_LOOP('',(#4223,#4224,#4225,#4226));
#843=EDGE_LOOP('',(#4227,#4228,#4229,#4230));
#844=EDGE_LOOP('',(#4231,#4232,#4233,#4234));
#845=EDGE_LOOP('',(#4235,#4236,#4237,#4238));
#846=EDGE_LOOP('',(#4239,#4240,#4241,#4242));
#847=EDGE_LOOP('',(#4243,#4244,#4245,#4246,#4247,#4248));
#848=EDGE_LOOP('',(#4249,#4250,#4251,#4252));
#849=EDGE_LOOP('',(#4253,#4254,#4255,#4256));
#850=EDGE_LOOP('',(#4257,#4258,#4259,#4260));
#851=EDGE_LOOP('',(#4261,#4262,#4263,#4264));
#852=EDGE_LOOP('',(#4265,#4266,#4267,#4268));
#853=EDGE_LOOP('',(#4269,#4270,#4271,#4272));
#854=EDGE_LOOP('',(#4273,#4274,#4275,#4276));
#855=EDGE_LOOP('',(#4277,#4278,#4279,#4280));
#856=EDGE_LOOP('',(#4281,#4282,#4283,#4284));
#857=EDGE_LOOP('',(#4285,#4286,#4287,#4288));
#858=EDGE_LOOP('',(#4289,#4290,#4291,#4292));
#859=EDGE_LOOP('',(#4293,#4294,#4295,#4296));
#860=EDGE_LOOP('',(#4297,#4298,#4299,#4300));
#861=EDGE_LOOP('',(#4301,#4302,#4303,#4304));
#862=EDGE_LOOP('',(#4305,#4306,#4307,#4308));
#863=EDGE_LOOP('',(#4309,#4310,#4311,#4312));
#864=EDGE_LOOP('',(#4313,#4314,#4315,#4316));
#865=EDGE_LOOP('',(#4317,#4318,#4319,#4320));
#866=EDGE_LOOP('',(#4321,#4322,#4323,#4324));
#867=EDGE_LOOP('',(#4325,#4326,#4327,#4328));
#868=EDGE_LOOP('',(#4329,#4330,#4331,#4332));
#869=EDGE_LOOP('',(#4333,#4334,#4335,#4336));
#870=EDGE_LOOP('',(#4337,#4338,#4339,#4340));
#871=EDGE_LOOP('',(#4341,#4342,#4343,#4344));
#872=EDGE_LOOP('',(#4345,#4346,#4347,#4348));
#873=EDGE_LOOP('',(#4349,#4350,#4351,#4352));
#874=EDGE_LOOP('',(#4353,#4354,#4355,#4356));
#875=EDGE_LOOP('',(#4357,#4358,#4359,#4360));
#876=EDGE_LOOP('',(#4361,#4362,#4363,#4364));
#877=EDGE_LOOP('',(#4365,#4366,#4367,#4368));
#878=EDGE_LOOP('',(#4369,#4370,#4371,#4372));
#879=EDGE_LOOP('',(#4373,#4374,#4375,#4376,#4377,#4378));
#880=EDGE_LOOP('',(#4379,#4380,#4381,#4382));
#881=EDGE_LOOP('',(#4383,#4384,#4385,#4386));
#882=EDGE_LOOP('',(#4387,#4388,#4389,#4390));
#883=EDGE_LOOP('',(#4391,#4392,#4393,#4394));
#884=EDGE_LOOP('',(#4395,#4396,#4397,#4398));
#885=EDGE_LOOP('',(#4399,#4400,#4401,#4402));
#886=EDGE_LOOP('',(#4403,#4404,#4405,#4406));
#887=EDGE_LOOP('',(#4407,#4408,#4409,#4410));
#888=EDGE_LOOP('',(#4411,#4412,#4413,#4414));
#889=EDGE_LOOP('',(#4415,#4416,#4417,#4418));
#890=EDGE_LOOP('',(#4419,#4420,#4421,#4422));
#891=EDGE_LOOP('',(#4423,#4424,#4425,#4426));
#892=EDGE_LOOP('',(#4427,#4428,#4429,#4430));
#893=EDGE_LOOP('',(#4431,#4432,#4433,#4434));
#894=EDGE_LOOP('',(#4435,#4436,#4437,#4438));
#895=EDGE_LOOP('',(#4439,#4440,#4441,#4442));
#896=EDGE_LOOP('',(#4443,#4444,#4445,#4446));
#897=EDGE_LOOP('',(#4447,#4448,#4449,#4450));
#898=EDGE_LOOP('',(#4451,#4452,#4453,#4454));
#899=EDGE_LOOP('',(#4455,#4456,#4457,#4458,#4459));
#900=EDGE_LOOP('',(#4460,#4461,#4462,#4463,#4464));
#901=EDGE_LOOP('',(#4465,#4466,#4467,#4468,#4469));
#902=EDGE_LOOP('',(#4470));
#903=EDGE_LOOP('',(#4471,#4472,#4473,#4474));
#904=EDGE_LOOP('',(#4475,#4476));
#905=EDGE_LOOP('',(#4477,#4478,#4479,#4480,#4481));
#906=EDGE_LOOP('',(#4482,#4483,#4484,#4485));
#907=EDGE_LOOP('',(#4486,#4487,#4488,#4489));
#908=EDGE_LOOP('',(#4490,#4491,#4492,#4493,#4494));
#909=EDGE_LOOP('',(#4495,#4496,#4497,#4498));
#910=EDGE_LOOP('',(#4499,#4500,#4501,#4502));
#911=EDGE_LOOP('',(#4503,#4504,#4505,#4506));
#912=EDGE_LOOP('',(#4507,#4508));
#913=EDGE_LOOP('',(#4509,#4510,#4511,#4512,#4513));
#914=EDGE_LOOP('',(#4514,#4515,#4516,#4517,#4518));
#915=EDGE_LOOP('',(#4519,#4520,#4521,#4522));
#916=EDGE_LOOP('',(#4523,#4524,#4525,#4526));
#917=EDGE_LOOP('',(#4527,#4528,#4529,#4530));
#918=EDGE_LOOP('',(#4531,#4532,#4533,#4534));
#919=B_SPLINE_CURVE_WITH_KNOTS('',3,(#6922,#6923,#6924,#6925,#6926,#6927,
#6928,#6929,#6930,#6931,#6932,#6933,#6934,#6935,#6936,#6937,#6938,#6939,
#6940,#6941,#6942,#6943,#6944,#6945,#6946,#6947,#6948,#6949,#6950,#6951,
#6952,#6953,#6954,#6955),.UNSPECIFIED.,.T.,.F.,(4,2,2,2,2,2,2,2,2,2,2,2,
2,2,2,2,4),(0.,0.0564333034956349,0.11286660699127,0.170456517928993,0.228046428866716,
0.285916210305637,0.343785991744559,0.400248536240363,0.456711080736168,
0.513173625231973,0.569636169727778,0.627505951166699,0.685375732605621,
0.742965643543344,0.800555554481067,0.856988857976702,0.913422161472337),
 .UNSPECIFIED.);
#920=B_SPLINE_CURVE_WITH_KNOTS('',3,(#6961,#6962,#6963,#6964,#6965,#6966,
#6967,#6968,#6969,#6970,#6971,#6972,#6973,#6974,#6975,#6976,#6977,#6978,
#6979,#6980,#6981,#6982,#6983,#6984,#6985,#6986,#6987,#6988,#6989,#6990,
#6991,#6992,#6993,#6994),.UNSPECIFIED.,.T.,.F.,(4,2,2,2,2,2,2,2,2,2,2,2,
2,2,2,2,4),(0.,0.0564624215731074,0.112924843146215,0.170797928167264,0.228671013188313,
0.286263837872361,0.34385666255641,0.400289799068177,0.456722935579944,
0.513156072091712,0.569589208603479,0.627182033287527,0.684774857971576,
0.742647942992625,0.800521028013674,0.856983449586781,0.913445871159889),
 .UNSPECIFIED.);
#921=B_SPLINE_CURVE_WITH_KNOTS('',3,(#7081,#7082,#7083,#7084),
 .UNSPECIFIED.,.F.,.F.,(4,4),(-0.643763547794571,-0.57336189787193),
 .UNSPECIFIED.);
#922=B_SPLINE_CURVE_WITH_KNOTS('',3,(#7086,#7087,#7088,#7089,#7090,#7091,
#7092,#7093,#7094,#7095,#7096,#7097),.UNSPECIFIED.,.F.,.F.,(4,1,1,1,1,1,
1,1,1,4),(-0.57336189787193,-0.57142857142857,-0.428571428571428,-0.285714285714285,
-0.214285714285714,-0.142857142857143,-0.0714285714285713,-0.0357142857142856,
-0.0178571428571428,0.),.UNSPECIFIED.);
#923=B_SPLINE_CURVE_WITH_KNOTS('',3,(#7101,#7102,#7103,#7104,#7105,#7106,
#7107,#7108,#7109,#7110,#7111,#7112,#7113,#7114),.UNSPECIFIED.,.F.,.F.,
(4,1,1,1,1,1,1,1,1,1,1,4),(0.,0.0178571428571428,0.0357142857142856,0.0714285714285713,
0.142857142857143,0.214285714285714,0.285714285714285,0.428571428571428,
0.57142857142857,0.714285714285713,0.857142857142856,0.999999999999998),
 .UNSPECIFIED.);
#924=B_SPLINE_CURVE_WITH_KNOTS('',3,(#7117,#7118,#7119,#7120,#7121,#7122),
 .UNSPECIFIED.,.F.,.F.,(4,1,1,4),(-0.999999999999998,-0.857142857142856,
-0.714285714285713,-0.643763547794571),.UNSPECIFIED.);
#925=B_SPLINE_CURVE_WITH_KNOTS('',3,(#7197,#7198,#7199,#7200),
 .UNSPECIFIED.,.F.,.F.,(4,4),(-0.426638102409504,-0.356236452205434),
 .UNSPECIFIED.);
#926=B_SPLINE_CURVE_WITH_KNOTS('',3,(#7202,#7203,#7204,#7205,#7206,#7207),
 .UNSPECIFIED.,.F.,.F.,(4,1,1,4),(-0.356236452205434,-0.285714285714286,
-0.142857142857143,0.),.UNSPECIFIED.);
#927=B_SPLINE_CURVE_WITH_KNOTS('',3,(#7211,#7212,#7213,#7214,#7215,#7216,
#7217,#7218,#7219,#7220,#7221,#7222),.UNSPECIFIED.,.F.,.F.,(4,1,1,1,1,1,
1,1,1,4),(0.,0.142857142857143,0.285714285714286,0.428571428571429,0.571428571428571,
0.714285714285714,0.785714285714286,0.857142857142857,0.928571428571428,
1.),.UNSPECIFIED.);
#928=B_SPLINE_CURVE_WITH_KNOTS('',3,(#7225,#7226,#7227,#7228,#7229,#7230,
#7231,#7232,#7233,#7234),.UNSPECIFIED.,.F.,.F.,(4,1,1,1,1,1,1,4),(-1.,-0.928571428571428,
-0.857142857142857,-0.785714285714286,-0.714285714285714,-0.571428571428571,
-0.428571428571429,-0.426638102409504),.UNSPECIFIED.);
#929=B_SPLINE_CURVE_WITH_KNOTS('',3,(#7318,#7319,#7320,#7321),
 .UNSPECIFIED.,.F.,.F.,(4,4),(-0.426638428824672,-0.356236604254952),
 .UNSPECIFIED.);
#930=B_SPLINE_CURVE_WITH_KNOTS('',3,(#7323,#7324,#7325,#7326,#7327,#7328),
 .UNSPECIFIED.,.F.,.F.,(4,1,1,4),(-0.356236604254952,-0.285714285714286,
-0.142857142857143,0.),.UNSPECIFIED.);
#931=B_SPLINE_CURVE_WITH_KNOTS('',3,(#7332,#7333,#7334,#7335,#7336,#7337,
#7338,#7339,#7340,#7341,#7342,#7343,#7344),.UNSPECIFIED.,.F.,.F.,(4,1,1,
1,1,1,1,1,1,1,4),(0.,0.142857142857143,0.285714285714286,0.571428571428571,
0.642857142857143,0.785714285714286,0.857142857142857,0.928571428571429,
0.964285714285714,0.982142857142857,1.),.UNSPECIFIED.);
#932=B_SPLINE_CURVE_WITH_KNOTS('',3,(#7347,#7348,#7349,#7350,#7351,#7352,
#7353,#7354,#7355,#7356,#7357),.UNSPECIFIED.,.F.,.F.,(4,1,1,1,1,1,1,1,4),
(-1.,-0.982142857142857,-0.964285714285714,-0.928571428571429,-0.857142857142857,
-0.785714285714286,-0.642857142857143,-0.571428571428571,-0.426638428824672),
 .UNSPECIFIED.);
#933=B_SPLINE_CURVE_WITH_KNOTS('',3,(#7370,#7371,#7372,#7373,#7374,#7375,
#7376,#7377,#7378,#7379),.UNSPECIFIED.,.F.,.F.,(4,2,2,2,4),(0.384648064529725,
0.395611769840947,0.433657316530812,0.520101148636267,0.520630299190796),
 .UNSPECIFIED.);
#934=B_SPLINE_CURVE_WITH_KNOTS('',3,(#7383,#7384,#7385,#7386),
 .UNSPECIFIED.,.F.,.F.,(4,4),(1.07585690175313,1.08693849476515),
 .UNSPECIFIED.);
#935=B_SPLINE_CURVE_WITH_KNOTS('',3,(#7473,#7474,#7475,#7476),
 .UNSPECIFIED.,.F.,.F.,(4,4),(-0.643763395745073,-0.573361571460831),
 .UNSPECIFIED.);
#936=B_SPLINE_CURVE_WITH_KNOTS('',3,(#7478,#7479,#7480,#7481,#7482,#7483,
#7484,#7485,#7486,#7487,#7488,#7489),.UNSPECIFIED.,.F.,.F.,(4,1,1,1,1,1,
1,1,1,4),(-0.573361571460831,-0.57142857142857,-0.428571428571428,-0.285714285714285,
-0.214285714285714,-0.142857142857143,-0.0714285714285713,-0.0357142857142856,
-0.0178571428571428,0.),.UNSPECIFIED.);
#937=B_SPLINE_CURVE_WITH_KNOTS('',3,(#7493,#7494,#7495,#7496,#7497,#7498,
#7499,#7500,#7501,#7502,#7503,#7504,#7505,#7506),.UNSPECIFIED.,.F.,.F.,
(4,1,1,1,1,1,1,1,1,1,1,4),(0.,0.0178571428571428,0.0357142857142856,0.0714285714285713,
0.142857142857143,0.214285714285714,0.285714285714285,0.428571428571428,
0.57142857142857,0.714285714285713,0.857142857142856,0.999999999999998),
 .UNSPECIFIED.);
#938=B_SPLINE_CURVE_WITH_KNOTS('',3,(#7509,#7510,#7511,#7512,#7513,#7514),
 .UNSPECIFIED.,.F.,.F.,(4,1,1,4),(-0.999999999999998,-0.857142857142856,
-0.714285714285713,-0.643763395745073),.UNSPECIFIED.);
#939=B_SPLINE_CURVE_WITH_KNOTS('',3,(#7521,#7522,#7523,#7524),
 .UNSPECIFIED.,.F.,.F.,(4,4),(0.126651948190142,0.137733541202158),
 .UNSPECIFIED.);
#940=B_SPLINE_CURVE_WITH_KNOTS('',3,(#7531,#7532,#7533,#7534,#7535,#7536,
#7537,#7538,#7539,#7540),.UNSPECIFIED.,.F.,.F.,(4,2,2,2,4),(-0.000529150554529266,
0.,0.0864438321053991,0.124489378795242,0.135453084106458),
 .UNSPECIFIED.);
#941=B_SPLINE_CURVE_WITH_KNOTS('',3,(#7556,#7557,#7558,#7559,#7560,#7561,
#7562,#7563,#7564,#7565),.UNSPECIFIED.,.F.,.F.,(4,2,2,2,4),(0.384648230245352,
0.395611907492831,0.433657468246225,0.520101323720197,0.520630474266806),
 .UNSPECIFIED.);
#942=B_SPLINE_CURVE_WITH_KNOTS('',3,(#7569,#7570,#7571,#7572),
 .UNSPECIFIED.,.F.,.F.,(4,4),(1.07585694011956,1.08693858688362),
 .UNSPECIFIED.);
#943=B_SPLINE_CURVE_WITH_KNOTS('',3,(#7576,#7577,#7578,#7579),
 .UNSPECIFIED.,.F.,.F.,(4,4),(0.126651918121619,0.137733564885685),
 .UNSPECIFIED.);
#944=B_SPLINE_CURVE_WITH_KNOTS('',3,(#7586,#7587,#7588,#7589,#7590,#7591,
#7592,#7593,#7594,#7595),.UNSPECIFIED.,.F.,.F.,(4,2,2,2,4),(-0.000529150546610698,
0.,0.0864438554737507,0.124489416227047,0.135453093474497),
 .UNSPECIFIED.);
#945=B_SPLINE_CURVE_WITH_KNOTS('',3,(#7608,#7609,#7610,#7611,#7612,#7613),
 .UNSPECIFIED.,.F.,.F.,(4,2,4),(-0.0041172394196643,0.,0.000199885605691379),
 .UNSPECIFIED.);
#946=B_SPLINE_CURVE_WITH_KNOTS('',3,(#7617,#7618,#7619,#7620,#7621,#7622),
 .UNSPECIFIED.,.F.,.F.,(4,2,4),(-0.000587090451724822,-0.000387205440372752,
-0.000217059765503999),.UNSPECIFIED.);
#947=B_SPLINE_CURVE_WITH_KNOTS('',3,(#7624,#7625,#7626,#7627,#7628,#7629,
#7630,#7631,#7632,#7633),.UNSPECIFIED.,.F.,.F.,(4,2,2,2,4),(1.07734551695146,
1.07755031820384,1.07868551220199,1.07982070620013,1.08166954271751),
 .UNSPECIFIED.);
#948=B_SPLINE_CURVE_WITH_KNOTS('',3,(#7643,#7644,#7645,#7646,#7647,#7648,
#7649,#7650,#7651,#7652,#7653,#7654,#7655,#7656,#7657),.UNSPECIFIED.,.F.,
 .F.,(4,2,2,2,2,3,4),(0.588625341998958,0.662475833584445,0.736326325169932,
0.762598294789319,0.769571452018137,0.774941977624142,0.776207610933289),
 .UNSPECIFIED.);
#949=B_SPLINE_CURVE_WITH_KNOTS('',3,(#7667,#7668,#7669,#7670,#7671,#7672,
#7673,#7674,#7675,#7676,#7677,#7678,#7679,#7680,#7681,#7682,#7683,#7684,
#7685,#7686),.UNSPECIFIED.,.F.,.F.,(4,2,2,2,2,2,2,2,2,4),(0.928549756961042,
0.964398810777154,1.00538790152716,1.04637699227717,1.06032050609842,1.06729226300905,
1.07426401991967,1.0753992139178,1.07653440791593,1.07673920916833),
 .UNSPECIFIED.);
#950=B_SPLINE_CURVE_WITH_KNOTS('',3,(#7695,#7696,#7697,#7698,#7699,#7700),
 .UNSPECIFIED.,.F.,.F.,(4,2,4),(-0.000170145784866075,0.,0.000199885495878502),
 .UNSPECIFIED.);
#951=B_SPLINE_CURVE_WITH_KNOTS('',3,(#7709,#7710,#7711,#7712,#7713,#7714,
#7715,#7716,#7717,#7718,#7719,#7720,#7721,#7722),.UNSPECIFIED.,.F.,.F.,
(4,2,2,2,2,2,4),(-0.0189971925676106,-0.0187991452502326,-0.0144379051776268,
-0.0102849245810651,-0.00601049736358565,-0.00280588581236218,0.),
 .UNSPECIFIED.);
#952=B_SPLINE_CURVE_WITH_KNOTS('',3,(#7726,#7727,#7728,#7729,#7730,#7731),
 .UNSPECIFIED.,.F.,.F.,(4,2,4),(0.071558383930547,0.0758602442878586,0.0899067911496626),
 .UNSPECIFIED.);
#953=B_SPLINE_CURVE_WITH_KNOTS('',3,(#7733,#7734,#7735,#7736,#7737,#7738),
 .UNSPECIFIED.,.F.,.F.,(4,2,4),(-0.0193473795033811,-0.0191184731609939,
-0.0151745901134814),.UNSPECIFIED.);
#954=B_SPLINE_CURVE_WITH_KNOTS('',3,(#7756,#7757,#7758,#7759,#7760,#7761,
#7762,#7763,#7764,#7765,#7766,#7767,#7768),.UNSPECIFIED.,.F.,.F.,(4,3,2,
2,2,4),(0.302295068856476,0.303589261288629,0.321822018131602,0.340419185640746,
0.35956676830859,0.379271864880149),.UNSPECIFIED.);
#955=B_SPLINE_CURVE_WITH_KNOTS('',3,(#7815,#7816,#7817,#7818,#7819,#7820,
#7821,#7822),.UNSPECIFIED.,.F.,.F.,(4,2,2,4),(0.,0.14223779894177,0.213356698412654,
0.284475597883539),.UNSPECIFIED.);
#956=B_SPLINE_CURVE_WITH_KNOTS('',3,(#7839,#7840,#7841,#7842,#7843,#7844,
#7845,#7846,#7847,#7848,#7849,#7850,#7851,#7852,#7853,#7854,#7855,#7856,
#7857,#7858,#7859,#7860),.UNSPECIFIED.,.F.,.F.,(4,3,3,3,3,3,3,4),(0.,0.00783609606754468,
0.0158056878016469,0.0195465800511738,0.0275141243304571,0.0316464722490585,
0.0390892852439543,0.0432588405978943),.UNSPECIFIED.);
#957=B_SPLINE_CURVE_WITH_KNOTS('',3,(#8031,#8032,#8033,#8034,#8035,#8036,
#8037,#8038),.UNSPECIFIED.,.F.,.F.,(4,2,2,4),(0.625644683655094,0.696763583125979,
0.767882482596863,0.910120281538633),.UNSPECIFIED.);
#958=B_SPLINE_CURVE_WITH_KNOTS('',3,(#8060,#8061,#8062,#8063,#8064,#8065,
#8066,#8067,#8068,#8069,#8070,#8071,#8072,#8073,#8074,#8075,#8076,#8077,
#8078,#8079,#8080,#8081,#8082,#8083,#8084,#8085,#8086,#8087,#8088,#8089,
#8090,#8091,#8092,#8093),.UNSPECIFIED.,.F.,.F.,(4,3,3,3,3,3,3,3,3,3,3,4),
(6.93889390390723E-18,0.000526783013652153,0.00120941471889996,0.0024901043527029,
0.00584713933229593,0.0152762704009021,0.0186415228038276,0.0353448910559573,
0.0538958293848446,0.056541894209338,0.0939154371396151,0.10088575271707),
 .UNSPECIFIED.);
#959=B_SPLINE_CURVE_WITH_KNOTS('',3,(#8105,#8106,#8107,#8108,#8109,#8110,
#8111,#8112,#8113,#8114,#8115,#8116),.UNSPECIFIED.,.F.,.F.,(4,2,2,2,2,4),
(-0.000292569512479632,0.,0.0119093012138355,0.0238185026854,0.043351520607735,
0.062882741788265),.UNSPECIFIED.);
#960=B_SPLINE_CURVE_WITH_KNOTS('',3,(#8139,#8140,#8141,#8142,#8143,#8144,
#8145,#8146,#8147,#8148,#8149,#8150,#8151,#8152,#8153,#8154,#8155,#8156,
#8157,#8158,#8159,#8160,#8161,#8162,#8163,#8164,#8165,#8166,#8167,#8168,
#8169),.UNSPECIFIED.,.F.,.F.,(4,3,3,3,3,3,3,3,3,3,4),(0.,0.00783631024027039,
0.015805755331194,0.0195465950708928,0.0275141121273891,0.0316057028089186,
0.0390893112207372,0.0470423285870684,0.0511211692143041,0.0590303393255104,
0.0631521292875868),.UNSPECIFIED.);
#961=B_SPLINE_CURVE_WITH_KNOTS('',3,(#8193,#8194,#8195,#8196,#8197,#8198,
#8199,#8200,#8201,#8202,#8203,#8204,#8205,#8206,#8207,#8208,#8209,#8210,
#8211,#8212,#8213,#8214,#8215,#8216,#8217,#8218,#8219,#8220,#8221,#8222,
#8223),.UNSPECIFIED.,.F.,.F.,(4,3,3,3,3,3,3,3,3,3,4),(0.,0.00783206262077892,
0.0157996648560954,0.0195280050986457,0.0274954627715272,0.0315996309506211,
0.0390632245818605,0.0470173672478547,0.0511070392532571,0.0590195394649623,
0.0631512926733781),.UNSPECIFIED.);
#962=B_SPLINE_CURVE_WITH_KNOTS('',3,(#8412,#8413,#8414,#8415,#8416,#8417,
#8418,#8419,#8420,#8421,#8422,#8423,#8424,#8425,#8426,#8427),
 .UNSPECIFIED.,.F.,.F.,(4,2,2,2,2,2,2,4),(0.0753840670794149,0.688639335192061,
0.76974355746033,0.793230278128524,0.803029617530125,0.808698546435055,
0.813488559923523,0.816665952864126),.UNSPECIFIED.);
#963=B_SPLINE_CURVE_WITH_KNOTS('',3,(#8431,#8432,#8433,#8434,#8435,#8436,
#8437,#8438,#8439,#8440,#8441,#8442,#8443,#8444,#8445,#8446,#8447,#8448),
 .UNSPECIFIED.,.F.,.F.,(4,2,2,2,2,2,2,2,4),(0.,0.0014855534695514,0.00292298298233174,
0.00489888798913316,0.00881415949396838,0.0197755835208516,0.0661818778316504,
0.305095947332687,0.306466640936592),.UNSPECIFIED.);
#964=B_SPLINE_CURVE_WITH_KNOTS('',3,(#8514,#8515,#8516,#8517,#8518,#8519,
#8520,#8521,#8522,#8523,#8524,#8525,#8526,#8527,#8528,#8529),
 .UNSPECIFIED.,.F.,.F.,(4,2,2,2,2,2,2,4),(-0.000481810817666026,0.,0.0228736995803429,
0.0445170990172876,0.0686084676492273,0.0863685127965343,0.100874567341816,
0.105309014423594),.UNSPECIFIED.);
#965=B_SPLINE_CURVE_WITH_KNOTS('',3,(#8536,#8537,#8538,#8539,#8540,#8541,
#8542,#8543,#8544,#8545,#8546,#8547,#8548,#8549,#8550,#8551),
 .UNSPECIFIED.,.F.,.F.,(4,2,2,2,2,2,2,4),(0.,0.00233127618127517,0.00480315955471781,
0.00863039291343753,0.0171291501201347,0.0445199880141945,0.226458608489885,
0.227473050998645),.UNSPECIFIED.);
#966=B_SPLINE_CURVE_WITH_KNOTS('',3,(#8570,#8571,#8572,#8573,#8574,#8575,
#8576,#8577,#8578,#8579,#8580,#8581,#8582,#8583,#8584,#8585,#8586,#8587),
 .UNSPECIFIED.,.F.,.F.,(4,2,2,2,2,2,2,2,4),(-0.00235081713260968,0.,0.191843566457577,
0.385272540739226,0.437279356684561,0.454266861720682,0.462234943091021,
0.467588098505949,0.472165180747941),.UNSPECIFIED.);
#967=B_SPLINE_CURVE_WITH_KNOTS('',3,(#8593,#8594,#8595,#8596,#8597,#8598,
#8599,#8600,#8601,#8602,#8603,#8604),.UNSPECIFIED.,.F.,.F.,(4,2,2,2,2,4),
(0.,0.0122306799009414,0.026206361842709,0.0456358677184946,0.0705616186454459,
0.0873706259233567),.UNSPECIFIED.);
#968=B_SPLINE_CURVE_WITH_KNOTS('',3,(#8679,#8680,#8681,#8682,#8683,#8684,
#8685,#8686,#8687,#8688,#8689,#8690,#8691,#8692),.UNSPECIFIED.,.F.,.F.,
(4,2,2,2,2,2,4),(-0.0864321481318878,-0.0860452837679093,-0.0685361977144225,
-0.0515481524901064,-0.0315069341169241,-0.0150799957444071,0.),
 .UNSPECIFIED.);
#969=B_SPLINE_CURVE_WITH_KNOTS('',3,(#8696,#8697,#8698,#8699,#8700,#8701,
#8702,#8703,#8704,#8705,#8706,#8707,#8708,#8709),.UNSPECIFIED.,.F.,.F.,
(4,2,2,2,2,2,4),(-0.000389465293335636,0.,0.0176268014600379,0.0347290590791776,
0.0549050166477757,0.0714423950354176,0.086623775158439),.UNSPECIFIED.);
#970=LINE('',#6921,#1370);
#971=LINE('',#6960,#1371);
#972=LINE('',#7236,#1372);
#973=LINE('',#7237,#1373);
#974=LINE('',#7365,#1374);
#975=LINE('',#7366,#1375);
#976=LINE('',#7516,#1376);
#977=LINE('',#7517,#1377);
#978=LINE('',#7542,#1378);
#979=LINE('',#7543,#1379);
#980=LINE('',#7551,#1380);
#981=LINE('',#7552,#1381);
#982=LINE('',#7597,#1382);
#983=LINE('',#7598,#1383);
#984=LINE('',#7600,#1384);
#985=LINE('',#7602,#1385);
#986=LINE('',#7604,#1386);
#987=LINE('',#7615,#1387);
#988=LINE('',#7636,#1388);
#989=LINE('',#7659,#1389);
#990=LINE('',#7661,#1390);
#991=LINE('',#7662,#1391);
#992=LINE('',#7704,#1392);
#993=LINE('',#7707,#1393);
#994=LINE('',#7743,#1394);
#995=LINE('',#7745,#1395);
#996=LINE('',#7747,#1396);
#997=LINE('',#7749,#1397);
#998=LINE('',#7751,#1398);
#999=LINE('',#7755,#1399);
#1000=LINE('',#7771,#1400);
#1001=LINE('',#7772,#1401);
#1002=LINE('',#7775,#1402);
#1003=LINE('',#7779,#1403);
#1004=LINE('',#7782,#1404);
#1005=LINE('',#7784,#1405);
#1006=LINE('',#7785,#1406);
#1007=LINE('',#7788,#1407);
#1008=LINE('',#7789,#1408);
#1009=LINE('',#7792,#1409);
#1010=LINE('',#7794,#1410);
#1011=LINE('',#7796,#1411);
#1012=LINE('',#7800,#1412);
#1013=LINE('',#7801,#1413);
#1014=LINE('',#7803,#1414);
#1015=LINE('',#7808,#1415);
#1016=LINE('',#7812,#1416);
#1017=LINE('',#7814,#1417);
#1018=LINE('',#7826,#1418);
#1019=LINE('',#7829,#1419);
#1020=LINE('',#7830,#1420);
#1021=LINE('',#7833,#1421);
#1022=LINE('',#7837,#1422);
#1023=LINE('',#7864,#1423);
#1024=LINE('',#7866,#1424);
#1025=LINE('',#7868,#1425);
#1026=LINE('',#7870,#1426);
#1027=LINE('',#7872,#1427);
#1028=LINE('',#7874,#1428);
#1029=LINE('',#7876,#1429);
#1030=LINE('',#7880,#1430);
#1031=LINE('',#7882,#1431);
#1032=LINE('',#7884,#1432);
#1033=LINE('',#7886,#1433);
#1034=LINE('',#7888,#1434);
#1035=LINE('',#7890,#1435);
#1036=LINE('',#7892,#1436);
#1037=LINE('',#7897,#1437);
#1038=LINE('',#7900,#1438);
#1039=LINE('',#7904,#1439);
#1040=LINE('',#7908,#1440);
#1041=LINE('',#7931,#1441);
#1042=LINE('',#7934,#1442);
#1043=LINE('',#7938,#1443);
#1044=LINE('',#7942,#1444);
#1045=LINE('',#7946,#1445);
#1046=LINE('',#7950,#1446);
#1047=LINE('',#7969,#1447);
#1048=LINE('',#7972,#1448);
#1049=LINE('',#7974,#1449);
#1050=LINE('',#7976,#1450);
#1051=LINE('',#7977,#1451);
#1052=LINE('',#8005,#1452);
#1053=LINE('',#8008,#1453);
#1054=LINE('',#8011,#1454);
#1055=LINE('',#8014,#1455);
#1056=LINE('',#8017,#1456);
#1057=LINE('',#8020,#1457);
#1058=LINE('',#8022,#1458);
#1059=LINE('',#8024,#1459);
#1060=LINE('',#8025,#1460);
#1061=LINE('',#8030,#1461);
#1062=LINE('',#8041,#1462);
#1063=LINE('',#8042,#1463);
#1064=LINE('',#8044,#1464);
#1065=LINE('',#8046,#1465);
#1066=LINE('',#8047,#1466);
#1067=LINE('',#8053,#1467);
#1068=LINE('',#8054,#1468);
#1069=LINE('',#8056,#1469);
#1070=LINE('',#8059,#1470);
#1071=LINE('',#8096,#1471);
#1072=LINE('',#8102,#1472);
#1073=LINE('',#8104,#1473);
#1074=LINE('',#8170,#1474);
#1075=LINE('',#8228,#1475);
#1076=LINE('',#8244,#1476);
#1077=LINE('',#8248,#1477);
#1078=LINE('',#8252,#1478);
#1079=LINE('',#8255,#1479);
#1080=LINE('',#8259,#1480);
#1081=LINE('',#8265,#1481);
#1082=LINE('',#8269,#1482);
#1083=LINE('',#8271,#1483);
#1084=LINE('',#8274,#1484);
#1085=LINE('',#8277,#1485);
#1086=LINE('',#8280,#1486);
#1087=LINE('',#8282,#1487);
#1088=LINE('',#8286,#1488);
#1089=LINE('',#8288,#1489);
#1090=LINE('',#8291,#1490);
#1091=LINE('',#8292,#1491);
#1092=LINE('',#8295,#1492);
#1093=LINE('',#8297,#1493);
#1094=LINE('',#8299,#1494);
#1095=LINE('',#8301,#1495);
#1096=LINE('',#8303,#1496);
#1097=LINE('',#8305,#1497);
#1098=LINE('',#8306,#1498);
#1099=LINE('',#8309,#1499);
#1100=LINE('',#8310,#1500);
#1101=LINE('',#8313,#1501);
#1102=LINE('',#8315,#1502);
#1103=LINE('',#8317,#1503);
#1104=LINE('',#8319,#1504);
#1105=LINE('',#8321,#1505);
#1106=LINE('',#8322,#1506);
#1107=LINE('',#8327,#1507);
#1108=LINE('',#8331,#1508);
#1109=LINE('',#8335,#1509);
#1110=LINE('',#8338,#1510);
#1111=LINE('',#8341,#1511);
#1112=LINE('',#8346,#1512);
#1113=LINE('',#8350,#1513);
#1114=LINE('',#8356,#1514);
#1115=LINE('',#8359,#1515);
#1116=LINE('',#8360,#1516);
#1117=LINE('',#8363,#1517);
#1118=LINE('',#8365,#1518);
#1119=LINE('',#8369,#1519);
#1120=LINE('',#8371,#1520);
#1121=LINE('',#8374,#1521);
#1122=LINE('',#8375,#1522);
#1123=LINE('',#8378,#1523);
#1124=LINE('',#8380,#1524);
#1125=LINE('',#8382,#1525);
#1126=LINE('',#8384,#1526);
#1127=LINE('',#8386,#1527);
#1128=LINE('',#8388,#1528);
#1129=LINE('',#8389,#1529);
#1130=LINE('',#8392,#1530);
#1131=LINE('',#8393,#1531);
#1132=LINE('',#8396,#1532);
#1133=LINE('',#8398,#1533);
#1134=LINE('',#8400,#1534);
#1135=LINE('',#8402,#1535);
#1136=LINE('',#8404,#1536);
#1137=LINE('',#8405,#1537);
#1138=LINE('',#8429,#1538);
#1139=LINE('',#8449,#1539);
#1140=LINE('',#8456,#1540);
#1141=LINE('',#8463,#1541);
#1142=LINE('',#8465,#1542);
#1143=LINE('',#8467,#1543);
#1144=LINE('',#8469,#1544);
#1145=LINE('',#8471,#1545);
#1146=LINE('',#8473,#1546);
#1147=LINE('',#8475,#1547);
#1148=LINE('',#8477,#1548);
#1149=LINE('',#8479,#1549);
#1150=LINE('',#8481,#1550);
#1151=LINE('',#8483,#1551);
#1152=LINE('',#8485,#1552);
#1153=LINE('',#8487,#1553);
#1154=LINE('',#8489,#1554);
#1155=LINE('',#8491,#1555);
#1156=LINE('',#8493,#1556);
#1157=LINE('',#8495,#1557);
#1158=LINE('',#8499,#1558);
#1159=LINE('',#8500,#1559);
#1160=LINE('',#8503,#1560);
#1161=LINE('',#8505,#1561);
#1162=LINE('',#8510,#1562);
#1163=LINE('',#8511,#1563);
#1164=LINE('',#8531,#1564);
#1165=LINE('',#8553,#1565);
#1166=LINE('',#8556,#1566);
#1167=LINE('',#8558,#1567);
#1168=LINE('',#8567,#1568);
#1169=LINE('',#8589,#1569);
#1170=LINE('',#8608,#1570);
#1171=LINE('',#8611,#1571);
#1172=LINE('',#8613,#1572);
#1173=LINE('',#8622,#1573);
#1174=LINE('',#8627,#1574);
#1175=LINE('',#8637,#1575);
#1176=LINE('',#8641,#1576);
#1177=LINE('',#8645,#1577);
#1178=LINE('',#8649,#1578);
#1179=LINE('',#8653,#1579);
#1180=LINE('',#8657,#1580);
#1181=LINE('',#8660,#1581);
#1182=LINE('',#8668,#1582);
#1183=LINE('',#8674,#1583);
#1184=LINE('',#8678,#1584);
#1185=LINE('',#8712,#1585);
#1186=LINE('',#8715,#1586);
#1187=LINE('',#8722,#1587);
#1188=LINE('',#8724,#1588);
#1189=LINE('',#8726,#1589);
#1190=LINE('',#8729,#1590);
#1191=LINE('',#8730,#1591);
#1192=LINE('',#8736,#1592);
#1193=LINE('',#8745,#1593);
#1194=LINE('',#8746,#1594);
#1195=LINE('',#8748,#1595);
#1196=LINE('',#8752,#1596);
#1197=LINE('',#8753,#1597);
#1198=LINE('',#8754,#1598);
#1199=LINE('',#8758,#1599);
#1200=LINE('',#8761,#1600);
#1201=LINE('',#8762,#1601);
#1202=LINE('',#8766,#1602);
#1203=LINE('',#8769,#1603);
#1204=LINE('',#8770,#1604);
#1205=LINE('',#8774,#1605);
#1206=LINE('',#8778,#1606);
#1207=LINE('',#8785,#1607);
#1208=LINE('',#8786,#1608);
#1209=LINE('',#8790,#1609);
#1210=LINE('',#8794,#1610);
#1211=LINE('',#8798,#1611);
#1212=LINE('',#8802,#1612);
#1213=LINE('',#8805,#1613);
#1214=LINE('',#8806,#1614);
#1215=LINE('',#8810,#1615);
#1216=LINE('',#8814,#1616);
#1217=LINE('',#8821,#1617);
#1218=LINE('',#8822,#1618);
#1219=LINE('',#8825,#1619);
#1220=LINE('',#8826,#1620);
#1221=LINE('',#8830,#1621);
#1222=LINE('',#8833,#1622);
#1223=LINE('',#8834,#1623);
#1224=LINE('',#8838,#1624);
#1225=LINE('',#8841,#1625);
#1226=LINE('',#8842,#1626);
#1227=LINE('',#8846,#1627);
#1228=LINE('',#8849,#1628);
#1229=LINE('',#8850,#1629);
#1230=LINE('',#8854,#1630);
#1231=LINE('',#8856,#1631);
#1232=LINE('',#8861,#1632);
#1233=LINE('',#8862,#1633);
#1234=LINE('',#8866,#1634);
#1235=LINE('',#8870,#1635);
#1236=LINE('',#8874,#1636);
#1237=LINE('',#8878,#1637);
#1238=LINE('',#8881,#1638);
#1239=LINE('',#8882,#1639);
#1240=LINE('',#8886,#1640);
#1241=LINE('',#8890,#1641);
#1242=LINE('',#8895,#1642);
#1243=LINE('',#8899,#1643);
#1244=LINE('',#8903,#1644);
#1245=LINE('',#8906,#1645);
#1246=LINE('',#8913,#1646);
#1247=LINE('',#8919,#1647);
#1248=LINE('',#8926,#1648);
#1249=LINE('',#8928,#1649);
#1250=LINE('',#8930,#1650);
#1251=LINE('',#8931,#1651);
#1252=LINE('',#8933,#1652);
#1253=LINE('',#8935,#1653);
#1254=LINE('',#8937,#1654);
#1255=LINE('',#8939,#1655);
#1256=LINE('',#8941,#1656);
#1257=LINE('',#8943,#1657);
#1258=LINE('',#8945,#1658);
#1259=LINE('',#8947,#1659);
#1260=LINE('',#8948,#1660);
#1261=LINE('',#8950,#1661);
#1262=LINE('',#8952,#1662);
#1263=LINE('',#8954,#1663);
#1264=LINE('',#8955,#1664);
#1265=LINE('',#8966,#1665);
#1266=LINE('',#8968,#1666);
#1267=LINE('',#8970,#1667);
#1268=LINE('',#8971,#1668);
#1269=LINE('',#8993,#1669);
#1270=LINE('',#9000,#1670);
#1271=LINE('',#9007,#1671);
#1272=LINE('',#9014,#1672);
#1273=LINE('',#9021,#1673);
#1274=LINE('',#9028,#1674);
#1275=LINE('',#9035,#1675);
#1276=LINE('',#9042,#1676);
#1277=LINE('',#9049,#1677);
#1278=LINE('',#9057,#1678);
#1279=LINE('',#9062,#1679);
#1280=LINE('',#9068,#1680);
#1281=LINE('',#9075,#1681);
#1282=LINE('',#9082,#1682);
#1283=LINE('',#9087,#1683);
#1284=LINE('',#9089,#1684);
#1285=LINE('',#9091,#1685);
#1286=LINE('',#9093,#1686);
#1287=LINE('',#9095,#1687);
#1288=LINE('',#9097,#1688);
#1289=LINE('',#9099,#1689);
#1290=LINE('',#9101,#1690);
#1291=LINE('',#9103,#1691);
#1292=LINE('',#9106,#1692);
#1293=LINE('',#9108,#1693);
#1294=LINE('',#9111,#1694);
#1295=LINE('',#9113,#1695);
#1296=LINE('',#9114,#1696);
#1297=LINE('',#9118,#1697);
#1298=LINE('',#9120,#1698);
#1299=LINE('',#9122,#1699);
#1300=LINE('',#9123,#1700);
#1301=LINE('',#9125,#1701);
#1302=LINE('',#9126,#1702);
#1303=LINE('',#9129,#1703);
#1304=LINE('',#9132,#1704);
#1305=LINE('',#9133,#1705);
#1306=LINE('',#9136,#1706);
#1307=LINE('',#9139,#1707);
#1308=LINE('',#9140,#1708);
#1309=LINE('',#9144,#1709);
#1310=LINE('',#9145,#1710);
#1311=LINE('',#9147,#1711);
#1312=LINE('',#9148,#1712);
#1313=LINE('',#9151,#1713);
#1314=LINE('',#9152,#1714);
#1315=LINE('',#9154,#1715);
#1316=LINE('',#9155,#1716);
#1317=LINE('',#9157,#1717);
#1318=LINE('',#9159,#1718);
#1319=LINE('',#9161,#1719);
#1320=LINE('',#9163,#1720);
#1321=LINE('',#9165,#1721);
#1322=LINE('',#9167,#1722);
#1323=LINE('',#9169,#1723);
#1324=LINE('',#9172,#1724);
#1325=LINE('',#9173,#1725);
#1326=LINE('',#9176,#1726);
#1327=LINE('',#9177,#1727);
#1328=LINE('',#9180,#1728);
#1329=LINE('',#9181,#1729);
#1330=LINE('',#9186,#1730);
#1331=LINE('',#9187,#1731);
#1332=LINE('',#9190,#1732);
#1333=LINE('',#9193,#1733);
#1334=LINE('',#9195,#1734);
#1335=LINE('',#9197,#1735);
#1336=LINE('',#9199,#1736);
#1337=LINE('',#9202,#1737);
#1338=LINE('',#9204,#1738);
#1339=LINE('',#9206,#1739);
#1340=LINE('',#9208,#1740);
#1341=LINE('',#9210,#1741);
#1342=LINE('',#9212,#1742);
#1343=LINE('',#9214,#1743);
#1344=LINE('',#9216,#1744);
#1345=LINE('',#9218,#1745);
#1346=LINE('',#9220,#1746);
#1347=LINE('',#9222,#1747);
#1348=LINE('',#9224,#1748);
#1349=LINE('',#9226,#1749);
#1350=LINE('',#9227,#1750);
#1351=LINE('',#9229,#1751);
#1352=LINE('',#9231,#1752);
#1353=LINE('',#9234,#1753);
#1354=LINE('',#9243,#1754);
#1355=LINE('',#9246,#1755);
#1356=LINE('',#9257,#1756);
#1357=LINE('',#9260,#1757);
#1358=LINE('',#9263,#1758);
#1359=LINE('',#9264,#1759);
#1360=LINE('',#9267,#1760);
#1361=LINE('',#9270,#1761);
#1362=LINE('',#9277,#1762);
#1363=LINE('',#9280,#1763);
#1364=LINE('',#9291,#1764);
#1365=LINE('',#9294,#1765);
#1366=LINE('',#9297,#1766);
#1367=LINE('',#9298,#1767);
#1368=LINE('',#9301,#1768);
#1369=LINE('',#9304,#1769);
#1370=VECTOR('',#5484,1.5);
#1371=VECTOR('',#5489,1.5);
#1372=VECTOR('',#5500,10.);
#1373=VECTOR('',#5501,10.);
#1374=VECTOR('',#5516,10.);
#1375=VECTOR('',#5517,10.);
#1376=VECTOR('',#5530,10.);
#1377=VECTOR('',#5531,10.);
#1378=VECTOR('',#5542,10.);
#1379=VECTOR('',#5543,10.);
#1380=VECTOR('',#5554,10.);
#1381=VECTOR('',#5555,10.);
#1382=VECTOR('',#5572,10.);
#1383=VECTOR('',#5573,10.);
#1384=VECTOR('',#5576,10.);
#1385=VECTOR('',#5579,10.);
#1386=VECTOR('',#5582,10.);
#1387=VECTOR('',#5585,10.);
#1388=VECTOR('',#5588,10.);
#1389=VECTOR('',#5591,10.);
#1390=VECTOR('',#5592,10.);
#1391=VECTOR('',#5593,10.);
#1392=VECTOR('',#5606,10.);
#1393=VECTOR('',#5609,10.);
#1394=VECTOR('',#5620,10.);
#1395=VECTOR('',#5621,10.);
#1396=VECTOR('',#5622,10.);
#1397=VECTOR('',#5623,10.);
#1398=VECTOR('',#5624,10.);
#1399=VECTOR('',#5627,10.);
#1400=VECTOR('',#5630,10.);
#1401=VECTOR('',#5631,10.);
#1402=VECTOR('',#5634,10.);
#1403=VECTOR('',#5637,10.);
#1404=VECTOR('',#5642,10.);
#1405=VECTOR('',#5643,10.);
#1406=VECTOR('',#5644,10.);
#1407=VECTOR('',#5649,10.);
#1408=VECTOR('',#5650,10.);
#1409=VECTOR('',#5655,10.);
#1410=VECTOR('',#5658,10.);
#1411=VECTOR('',#5659,10.);
#1412=VECTOR('',#5662,10.);
#1413=VECTOR('',#5663,10.);
#1414=VECTOR('',#5666,10.);
#1415=VECTOR('',#5671,10.);
#1416=VECTOR('',#5674,10.);
#1417=VECTOR('',#5675,10.);
#1418=VECTOR('',#5680,10.);
#1419=VECTOR('',#5683,10.);
#1420=VECTOR('',#5684,10.);
#1421=VECTOR('',#5687,10.);
#1422=VECTOR('',#5690,10.);
#1423=VECTOR('',#5693,10.);
#1424=VECTOR('',#5694,10.);
#1425=VECTOR('',#5695,10.);
#1426=VECTOR('',#5696,10.);
#1427=VECTOR('',#5697,10.);
#1428=VECTOR('',#5698,10.);
#1429=VECTOR('',#5699,10.);
#1430=VECTOR('',#5702,10.);
#1431=VECTOR('',#5703,10.);
#1432=VECTOR('',#5704,10.);
#1433=VECTOR('',#5705,10.);
#1434=VECTOR('',#5706,10.);
#1435=VECTOR('',#5707,10.);
#1436=VECTOR('',#5708,10.);
#1437=VECTOR('',#5713,10.);
#1438=VECTOR('',#5714,10.);
#1439=VECTOR('',#5717,10.);
#1440=VECTOR('',#5720,10.);
#1441=VECTOR('',#5743,10.);
#1442=VECTOR('',#5744,10.);
#1443=VECTOR('',#5747,10.);
#1444=VECTOR('',#5750,10.);
#1445=VECTOR('',#5753,10.);
#1446=VECTOR('',#5756,10.);
#1447=VECTOR('',#5775,10.);
#1448=VECTOR('',#5776,10.);
#1449=VECTOR('',#5777,10.);
#1450=VECTOR('',#5778,10.);
#1451=VECTOR('',#5779,10.);
#1452=VECTOR('',#5806,10.);
#1453=VECTOR('',#5807,10.);
#1454=VECTOR('',#5810,10.);
#1455=VECTOR('',#5811,10.);
#1456=VECTOR('',#5814,10.);
#1457=VECTOR('',#5815,10.);
#1458=VECTOR('',#5816,10.);
#1459=VECTOR('',#5817,10.);
#1460=VECTOR('',#5818,10.);
#1461=VECTOR('',#5823,10.);
#1462=VECTOR('',#5826,10.);
#1463=VECTOR('',#5827,10.);
#1464=VECTOR('',#5830,10.);
#1465=VECTOR('',#5831,10.);
#1466=VECTOR('',#5832,10.);
#1467=VECTOR('',#5839,10.);
#1468=VECTOR('',#5840,10.);
#1469=VECTOR('',#5843,10.);
#1470=VECTOR('',#5846,10.);
#1471=VECTOR('',#5849,10.);
#1472=VECTOR('',#5858,10.);
#1473=VECTOR('',#5859,10.);
#1474=VECTOR('',#5862,10.);
#1475=VECTOR('',#5871,10.);
#1476=VECTOR('',#5890,10.);
#1477=VECTOR('',#5893,10.);
#1478=VECTOR('',#5898,10.);
#1479=VECTOR('',#5901,10.);
#1480=VECTOR('',#5904,10.);
#1481=VECTOR('',#5909,10.);
#1482=VECTOR('',#5914,10.);
#1483=VECTOR('',#5915,10.);
#1484=VECTOR('',#5920,10.);
#1485=VECTOR('',#5923,10.);
#1486=VECTOR('',#5926,10.);
#1487=VECTOR('',#5927,10.);
#1488=VECTOR('',#5932,10.);
#1489=VECTOR('',#5933,10.);
#1490=VECTOR('',#5938,10.);
#1491=VECTOR('',#5939,10.);
#1492=VECTOR('',#5942,10.);
#1493=VECTOR('',#5943,10.);
#1494=VECTOR('',#5944,10.);
#1495=VECTOR('',#5945,10.);
#1496=VECTOR('',#5946,10.);
#1497=VECTOR('',#5947,10.);
#1498=VECTOR('',#5948,10.);
#1499=VECTOR('',#5951,10.);
#1500=VECTOR('',#5952,10.);
#1501=VECTOR('',#5955,10.);
#1502=VECTOR('',#5956,10.);
#1503=VECTOR('',#5957,10.);
#1504=VECTOR('',#5958,10.);
#1505=VECTOR('',#5959,10.);
#1506=VECTOR('',#5960,10.);
#1507=VECTOR('',#5965,10.);
#1508=VECTOR('',#5968,10.);
#1509=VECTOR('',#5973,10.);
#1510=VECTOR('',#5976,10.);
#1511=VECTOR('',#5979,10.);
#1512=VECTOR('',#5984,10.);
#1513=VECTOR('',#5987,10.);
#1514=VECTOR('',#5992,10.);
#1515=VECTOR('',#5997,10.);
#1516=VECTOR('',#5998,10.);
#1517=VECTOR('',#6001,10.);
#1518=VECTOR('',#6002,10.);
#1519=VECTOR('',#6007,10.);
#1520=VECTOR('',#6008,10.);
#1521=VECTOR('',#6013,10.);
#1522=VECTOR('',#6014,10.);
#1523=VECTOR('',#6017,10.);
#1524=VECTOR('',#6018,10.);
#1525=VECTOR('',#6019,10.);
#1526=VECTOR('',#6020,10.);
#1527=VECTOR('',#6021,10.);
#1528=VECTOR('',#6022,10.);
#1529=VECTOR('',#6023,10.);
#1530=VECTOR('',#6026,10.);
#1531=VECTOR('',#6027,10.);
#1532=VECTOR('',#6030,10.);
#1533=VECTOR('',#6031,10.);
#1534=VECTOR('',#6032,10.);
#1535=VECTOR('',#6033,10.);
#1536=VECTOR('',#6034,10.);
#1537=VECTOR('',#6035,10.);
#1538=VECTOR('',#6042,10.);
#1539=VECTOR('',#6043,10.);
#1540=VECTOR('',#6046,10.);
#1541=VECTOR('',#6049,10.);
#1542=VECTOR('',#6050,10.);
#1543=VECTOR('',#6051,10.);
#1544=VECTOR('',#6052,10.);
#1545=VECTOR('',#6053,10.);
#1546=VECTOR('',#6054,10.);
#1547=VECTOR('',#6055,10.);
#1548=VECTOR('',#6056,10.);
#1549=VECTOR('',#6057,10.);
#1550=VECTOR('',#6058,10.);
#1551=VECTOR('',#6059,10.);
#1552=VECTOR('',#6060,10.);
#1553=VECTOR('',#6061,10.);
#1554=VECTOR('',#6062,10.);
#1555=VECTOR('',#6063,10.);
#1556=VECTOR('',#6064,10.);
#1557=VECTOR('',#6065,10.);
#1558=VECTOR('',#6068,10.);
#1559=VECTOR('',#6069,10.);
#1560=VECTOR('',#6070,10.);
#1561=VECTOR('',#6071,10.);
#1562=VECTOR('',#6076,10.);
#1563=VECTOR('',#6077,10.);
#1564=VECTOR('',#6080,10.);
#1565=VECTOR('',#6089,10.);
#1566=VECTOR('',#6092,10.);
#1567=VECTOR('',#6093,10.);
#1568=VECTOR('',#6096,10.);
#1569=VECTOR('',#6099,10.);
#1570=VECTOR('',#6110,10.);
#1571=VECTOR('',#6113,10.);
#1572=VECTOR('',#6114,10.);
#1573=VECTOR('',#6117,10.);
#1574=VECTOR('',#6122,10.);
#1575=VECTOR('',#6137,10.);
#1576=VECTOR('',#6142,10.);
#1577=VECTOR('',#6147,10.);
#1578=VECTOR('',#6152,10.);
#1579=VECTOR('',#6157,10.);
#1580=VECTOR('',#6162,10.);
#1581=VECTOR('',#6167,10.);
#1582=VECTOR('',#6178,10.);
#1583=VECTOR('',#6187,10.);
#1584=VECTOR('',#6192,10.);
#1585=VECTOR('',#6199,10.);
#1586=VECTOR('',#6204,10.);
#1587=VECTOR('',#6215,10.);
#1588=VECTOR('',#6218,10.);
#1589=VECTOR('',#6221,10.);
#1590=VECTOR('',#6224,10.);
#1591=VECTOR('',#6225,10.);
#1592=VECTOR('',#6228,10.);
#1593=VECTOR('',#6235,10.);
#1594=VECTOR('',#6236,10.);
#1595=VECTOR('',#6239,10.);
#1596=VECTOR('',#6242,10.);
#1597=VECTOR('',#6243,10.);
#1598=VECTOR('',#6244,10.);
#1599=VECTOR('',#6249,10.);
#1600=VECTOR('',#6252,10.);
#1601=VECTOR('',#6253,10.);
#1602=VECTOR('',#6258,10.);
#1603=VECTOR('',#6261,10.);
#1604=VECTOR('',#6262,10.);
#1605=VECTOR('',#6267,10.);
#1606=VECTOR('',#6272,10.);
#1607=VECTOR('',#6281,10.);
#1608=VECTOR('',#6282,10.);
#1609=VECTOR('',#6287,10.);
#1610=VECTOR('',#6292,10.);
#1611=VECTOR('',#6297,10.);
#1612=VECTOR('',#6302,10.);
#1613=VECTOR('',#6305,10.);
#1614=VECTOR('',#6306,10.);
#1615=VECTOR('',#6311,10.);
#1616=VECTOR('',#6316,10.);
#1617=VECTOR('',#6325,10.);
#1618=VECTOR('',#6326,10.);
#1619=VECTOR('',#6329,10.);
#1620=VECTOR('',#6330,10.);
#1621=VECTOR('',#6335,10.);
#1622=VECTOR('',#6338,10.);
#1623=VECTOR('',#6339,10.);
#1624=VECTOR('',#6344,10.);
#1625=VECTOR('',#6347,10.);
#1626=VECTOR('',#6348,10.);
#1627=VECTOR('',#6353,10.);
#1628=VECTOR('',#6356,10.);
#1629=VECTOR('',#6357,10.);
#1630=VECTOR('',#6362,10.);
#1631=VECTOR('',#6365,10.);
#1632=VECTOR('',#6370,10.);
#1633=VECTOR('',#6371,10.);
#1634=VECTOR('',#6376,10.);
#1635=VECTOR('',#6381,10.);
#1636=VECTOR('',#6386,10.);
#1637=VECTOR('',#6391,10.);
#1638=VECTOR('',#6394,10.);
#1639=VECTOR('',#6395,10.);
#1640=VECTOR('',#6400,10.);
#1641=VECTOR('',#6405,10.);
#1642=VECTOR('',#6412,1.5);
#1643=VECTOR('',#6417,1.5);
#1644=VECTOR('',#6422,1.5);
#1645=VECTOR('',#6427,10.);
#1646=VECTOR('',#6436,1.5);
#1647=VECTOR('',#6443,2.5);
#1648=VECTOR('',#6452,10.);
#1649=VECTOR('',#6453,10.);
#1650=VECTOR('',#6454,10.);
#1651=VECTOR('',#6455,10.);
#1652=VECTOR('',#6456,10.);
#1653=VECTOR('',#6457,10.);
#1654=VECTOR('',#6458,10.);
#1655=VECTOR('',#6459,10.);
#1656=VECTOR('',#6460,10.);
#1657=VECTOR('',#6461,10.);
#1658=VECTOR('',#6462,10.);
#1659=VECTOR('',#6463,10.);
#1660=VECTOR('',#6464,10.);
#1661=VECTOR('',#6465,10.);
#1662=VECTOR('',#6466,10.);
#1663=VECTOR('',#6467,10.);
#1664=VECTOR('',#6468,10.);
#1665=VECTOR('',#6477,10.);
#1666=VECTOR('',#6478,10.);
#1667=VECTOR('',#6479,10.);
#1668=VECTOR('',#6480,10.);
#1669=VECTOR('',#6503,2.5);
#1670=VECTOR('',#6512,2.55);
#1671=VECTOR('',#6521,2.5);
#1672=VECTOR('',#6530,2.55);
#1673=VECTOR('',#6539,2.5);
#1674=VECTOR('',#6548,2.55);
#1675=VECTOR('',#6557,2.5);
#1676=VECTOR('',#6566,2.55);
#1677=VECTOR('',#6575,2.55);
#1678=VECTOR('',#6584,1.5);
#1679=VECTOR('',#6591,2.5);
#1680=VECTOR('',#6600,2.55);
#1681=VECTOR('',#6609,2.5);
#1682=VECTOR('',#6618,2.55);
#1683=VECTOR('',#6625,10.);
#1684=VECTOR('',#6628,10.);
#1685=VECTOR('',#6631,10.);
#1686=VECTOR('',#6634,10.);
#1687=VECTOR('',#6637,10.);
#1688=VECTOR('',#6640,10.);
#1689=VECTOR('',#6643,10.);
#1690=VECTOR('',#6646,10.);
#1691=VECTOR('',#6649,10.);
#1692=VECTOR('',#6654,10.);
#1693=VECTOR('',#6657,10.);
#1694=VECTOR('',#6660,10.);
#1695=VECTOR('',#6661,10.);
#1696=VECTOR('',#6662,10.);
#1697=VECTOR('',#6665,10.);
#1698=VECTOR('',#6666,10.);
#1699=VECTOR('',#6667,10.);
#1700=VECTOR('',#6668,10.);
#1701=VECTOR('',#6671,10.);
#1702=VECTOR('',#6672,10.);
#1703=VECTOR('',#6677,10.);
#1704=VECTOR('',#6682,10.);
#1705=VECTOR('',#6683,10.);
#1706=VECTOR('',#6688,10.);
#1707=VECTOR('',#6693,10.);
#1708=VECTOR('',#6694,10.);
#1709=VECTOR('',#6701,10.);
#1710=VECTOR('',#6702,10.);
#1711=VECTOR('',#6705,10.);
#1712=VECTOR('',#6706,10.);
#1713=VECTOR('',#6709,10.);
#1714=VECTOR('',#6710,10.);
#1715=VECTOR('',#6713,10.);
#1716=VECTOR('',#6714,10.);
#1717=VECTOR('',#6717,10.);
#1718=VECTOR('',#6720,10.);
#1719=VECTOR('',#6723,10.);
#1720=VECTOR('',#6726,10.);
#1721=VECTOR('',#6729,10.);
#1722=VECTOR('',#6732,10.);
#1723=VECTOR('',#6735,10.);
#1724=VECTOR('',#6738,10.);
#1725=VECTOR('',#6739,10.);
#1726=VECTOR('',#6742,10.);
#1727=VECTOR('',#6743,10.);
#1728=VECTOR('',#6746,10.);
#1729=VECTOR('',#6747,10.);
#1730=VECTOR('',#6756,10.);
#1731=VECTOR('',#6757,10.);
#1732=VECTOR('',#6762,10.);
#1733=VECTOR('',#6767,10.);
#1734=VECTOR('',#6770,10.);
#1735=VECTOR('',#6773,10.);
#1736=VECTOR('',#6776,10.);
#1737=VECTOR('',#6781,1.5);
#1738=VECTOR('',#6784,1.5);
#1739=VECTOR('',#6787,1.55);
#1740=VECTOR('',#6790,1.55);
#1741=VECTOR('',#6793,1.55);
#1742=VECTOR('',#6796,1.55);
#1743=VECTOR('',#6799,1.5);
#1744=VECTOR('',#6802,1.55);
#1745=VECTOR('',#6805,1.55);
#1746=VECTOR('',#6808,1.55);
#1747=VECTOR('',#6811,1.5);
#1748=VECTOR('',#6814,1.5);
#1749=VECTOR('',#6817,10.);
#1750=VECTOR('',#6818,10.);
#1751=VECTOR('',#6821,10.);
#1752=VECTOR('',#6824,10.);
#1753=VECTOR('',#6829,10.);
#1754=VECTOR('',#6840,10.);
#1755=VECTOR('',#6843,10.);
#1756=VECTOR('',#6858,10.);
#1757=VECTOR('',#6861,10.);
#1758=VECTOR('',#6864,10.);
#1759=VECTOR('',#6865,10.);
#1760=VECTOR('',#6868,10.);
#1761=VECTOR('',#6873,10.);
#1762=VECTOR('',#6880,10.);
#1763=VECTOR('',#6883,10.);
#1764=VECTOR('',#6898,10.);
#1765=VECTOR('',#6901,10.);
#1766=VECTOR('',#6904,10.);
#1767=VECTOR('',#6905,10.);
#1768=VECTOR('',#6908,10.);
#1769=VECTOR('',#6913,10.);
#1770=CIRCLE('',#4961,1.5);
#1771=CIRCLE('',#4963,1.5);
#1772=CIRCLE('',#4964,1.);
#1773=CIRCLE('',#4965,0.100000000000002);
#1774=CIRCLE('',#4966,0.1);
#1775=CIRCLE('',#4967,1.);
#1776=CIRCLE('',#4969,0.0999999999999979);
#1777=CIRCLE('',#4970,0.999999999999993);
#1778=CIRCLE('',#4972,50.0798264325019);
#1779=CIRCLE('',#4973,50.1798264325019);
#1780=CIRCLE('',#4975,1.);
#1781=CIRCLE('',#4977,1.);
#1782=CIRCLE('',#4978,2.);
#1783=CIRCLE('',#4979,1.);
#1784=CIRCLE('',#4980,0.0999999999999941);
#1785=CIRCLE('',#4983,2.);
#1786=CIRCLE('',#4984,1.);
#1787=CIRCLE('',#4985,1.);
#1788=CIRCLE('',#4988,50.0798264325019);
#1789=CIRCLE('',#4989,50.1798264325019);
#1790=CIRCLE('',#4991,1.);
#1791=CIRCLE('',#4993,1.);
#1792=CIRCLE('',#4994,2.);
#1793=CIRCLE('',#4996,2.);
#1794=CIRCLE('',#4997,1.);
#1795=CIRCLE('',#4998,1.);
#1796=CIRCLE('',#5007,50.0798607000043);
#1797=CIRCLE('',#5008,50.1973203458056);
#1798=CIRCLE('',#5010,50.0798264325019);
#1799=CIRCLE('',#5013,0.1);
#1800=CIRCLE('',#5015,50.1798264325019);
#1801=CIRCLE('',#5016,50.0798264325019);
#1802=CIRCLE('',#5021,3.5);
#1803=CIRCLE('',#5022,3.5);
#1804=CIRCLE('',#5032,3.5);
#1805=CIRCLE('',#5038,3.5);
#1806=CIRCLE('',#5039,50.2500349227016);
#1807=CIRCLE('',#5040,188.243575941316);
#1808=CIRCLE('',#5041,50.2500349227016);
#1809=CIRCLE('',#5042,0.5);
#1810=CIRCLE('',#5043,3.);
#1811=CIRCLE('',#5044,3.);
#1812=CIRCLE('',#5045,25.0000000000001);
#1813=CIRCLE('',#5046,13.1793735346211);
#1814=CIRCLE('',#5047,24.9999999999999);
#1815=CIRCLE('',#5048,35.);
#1816=CIRCLE('',#5049,0.0999999999999995);
#1817=CIRCLE('',#5050,18.1793735346211);
#1818=CIRCLE('',#5051,0.100000000000006);
#1819=CIRCLE('',#5052,20.);
#1820=CIRCLE('',#5053,0.999999999999999);
#1821=CIRCLE('',#5054,24.8763983699498);
#1822=CIRCLE('',#5055,0.0999999999999934);
#1823=CIRCLE('',#5056,5.);
#1824=CIRCLE('',#5057,5.);
#1825=CIRCLE('',#5058,2.4999999999998);
#1826=CIRCLE('',#5059,2.49999999999955);
#1827=CIRCLE('',#5060,5.00000000000001);
#1828=CIRCLE('',#5061,0.0999999999999891);
#1829=CIRCLE('',#5062,24.876815244804);
#1830=CIRCLE('',#5063,0.999999999999995);
#1831=CIRCLE('',#5064,20.);
#1832=CIRCLE('',#5065,0.0999999999999894);
#1833=CIRCLE('',#5066,18.1793735346211);
#1834=CIRCLE('',#5067,0.100000000000007);
#1835=CIRCLE('',#5068,35.);
#1836=CIRCLE('',#5069,1.5);
#1837=CIRCLE('',#5070,1.5);
#1838=CIRCLE('',#5071,1.55);
#1839=CIRCLE('',#5072,1.55);
#1840=CIRCLE('',#5073,1.55);
#1841=CIRCLE('',#5074,1.5);
#1842=CIRCLE('',#5075,1.55);
#1843=CIRCLE('',#5076,1.55);
#1844=CIRCLE('',#5077,1.55);
#1845=CIRCLE('',#5078,1.55);
#1846=CIRCLE('',#5079,1.5);
#1847=CIRCLE('',#5080,1.5);
#1848=CIRCLE('',#5081,187.243575941316);
#1849=CIRCLE('',#5082,187.014219801238);
#1850=CIRCLE('',#5083,187.243575941316);
#1851=CIRCLE('',#5084,13.75);
#1852=CIRCLE('',#5096,49.6974916833178);
#1853=CIRCLE('',#5102,50.2500349227016);
#1854=CIRCLE('',#5105,1.);
#1855=CIRCLE('',#5106,12.8839745962156);
#1856=CIRCLE('',#5108,1.5);
#1857=CIRCLE('',#5109,1.5);
#1858=CIRCLE('',#5110,1.5);
#1859=CIRCLE('',#5117,0.480000001791923);
#1860=CIRCLE('',#5123,0.480000001791923);
#1861=CIRCLE('',#5140,0.48);
#1862=CIRCLE('',#5142,0.48);
#1863=CIRCLE('',#5159,187.921050648767);
#1864=CIRCLE('',#5160,187.336745093787);
#1865=CIRCLE('',#5161,187.566101233865);
#1866=CIRCLE('',#5165,186.856909577799);
#1867=CIRCLE('',#5172,187.086265717877);
#1868=CIRCLE('',#5173,187.086265717877);
#1869=CIRCLE('',#5181,0.480000001791923);
#1870=CIRCLE('',#5199,0.48);
#1871=CIRCLE('',#5205,0.48);
#1872=CIRCLE('',#5210,188.400886164755);
#1873=CIRCLE('',#5217,0.480000001791923);
#1874=CIRCLE('',#5224,188.243575941316);
#1875=CIRCLE('',#5229,3.);
#1876=CIRCLE('',#5232,3.);
#1877=CIRCLE('',#5235,24.9999999999999);
#1878=CIRCLE('',#5237,13.1793735346211);
#1879=CIRCLE('',#5239,25.0000000000001);
#1880=CIRCLE('',#5241,20.);
#1881=CIRCLE('',#5243,0.100000000000006);
#1882=CIRCLE('',#5245,18.1793735346211);
#1883=CIRCLE('',#5247,0.0999999999999995);
#1884=CIRCLE('',#5249,35.);
#1885=CIRCLE('',#5252,0.0999999999999934);
#1886=CIRCLE('',#5254,24.8763983699498);
#1887=CIRCLE('',#5256,0.999999999999999);
#1888=CIRCLE('',#5258,2.4999999999998);
#1889=CIRCLE('',#5261,5.);
#1890=CIRCLE('',#5264,5.);
#1891=CIRCLE('',#5267,5.00000000000001);
#1892=CIRCLE('',#5270,2.49999999999955);
#1893=CIRCLE('',#5273,0.0999999999999894);
#1894=CIRCLE('',#5275,20.);
#1895=CIRCLE('',#5277,0.999999999999995);
#1896=CIRCLE('',#5279,24.876815244804);
#1897=CIRCLE('',#5281,0.0999999999999891);
#1898=CIRCLE('',#5284,35.);
#1899=CIRCLE('',#5286,0.100000000000007);
#1900=CIRCLE('',#5288,18.1793735346211);
#1901=CIRCLE('',#5290,1.5);
#1902=CIRCLE('',#5292,1.5);
#1903=CIRCLE('',#5294,1.5);
#1904=CIRCLE('',#5299,1.5);
#1905=CIRCLE('',#5300,1.5);
#1906=CIRCLE('',#5302,2.5);
#1907=CIRCLE('',#5303,2.5);
#1908=CIRCLE('',#5306,50.2500349227016);
#1909=CIRCLE('',#5307,2.5);
#1910=CIRCLE('',#5308,2.55);
#1911=CIRCLE('',#5309,2.5);
#1912=CIRCLE('',#5310,2.55);
#1913=CIRCLE('',#5311,2.55);
#1914=CIRCLE('',#5312,2.55);
#1915=CIRCLE('',#5313,2.5);
#1916=CIRCLE('',#5314,2.55);
#1917=CIRCLE('',#5315,2.5);
#1918=CIRCLE('',#5316,2.55);
#1919=CIRCLE('',#5317,2.5);
#1920=CIRCLE('',#5318,2.55);
#1921=CIRCLE('',#5319,2.5);
#1922=CIRCLE('',#5321,2.5);
#1923=CIRCLE('',#5323,1.5);
#1924=CIRCLE('',#5325,2.55);
#1925=CIRCLE('',#5327,1.55);
#1926=CIRCLE('',#5329,2.5);
#1927=CIRCLE('',#5331,1.5);
#1928=CIRCLE('',#5333,2.55);
#1929=CIRCLE('',#5335,1.55);
#1930=CIRCLE('',#5337,2.5);
#1931=CIRCLE('',#5339,1.5);
#1932=CIRCLE('',#5341,2.55);
#1933=CIRCLE('',#5343,1.55);
#1934=CIRCLE('',#5345,2.5);
#1935=CIRCLE('',#5347,1.5);
#1936=CIRCLE('',#5349,2.55);
#1937=CIRCLE('',#5351,1.55);
#1938=CIRCLE('',#5353,2.55);
#1939=CIRCLE('',#5355,1.55);
#1940=CIRCLE('',#5357,1.5);
#1941=CIRCLE('',#5358,1.5);
#1942=CIRCLE('',#5360,2.5);
#1943=CIRCLE('',#5364,2.55);
#1944=CIRCLE('',#5366,1.55);
#1945=CIRCLE('',#5368,2.5);
#1946=CIRCLE('',#5370,1.5);
#1947=CIRCLE('',#5372,2.55);
#1948=CIRCLE('',#5374,1.55);
#1949=CIRCLE('',#5391,187.243575941316);
#1950=CIRCLE('',#5395,187.014219801238);
#1951=CIRCLE('',#5399,187.243575941316);
#1952=CIRCLE('',#5447,1.);
#1953=CIRCLE('',#5448,1.);
#1954=CIRCLE('',#5450,0.999999999999996);
#1955=CIRCLE('',#5452,0.999999999999996);
#1956=CIRCLE('',#5453,1.);
#1957=CIRCLE('',#5454,0.999999999999996);
#1958=CIRCLE('',#5456,0.999999999999996);
#1959=CIRCLE('',#5459,0.999999999999996);
#1960=CIRCLE('',#5463,1.);
#1961=CIRCLE('',#5464,1.);
#1962=CIRCLE('',#5466,0.999999999999996);
#1963=CIRCLE('',#5468,0.999999999999996);
#1964=CIRCLE('',#5469,1.);
#1965=CIRCLE('',#5470,0.999999999999996);
#1966=CIRCLE('',#5472,0.999999999999996);
#1967=CIRCLE('',#5475,0.999999999999996);
#1968=VERTEX_POINT('',#6918);
#1969=VERTEX_POINT('',#6920);
#1970=VERTEX_POINT('',#6957);
#1971=VERTEX_POINT('',#6959);
#1972=VERTEX_POINT('',#7079);
#1973=VERTEX_POINT('',#7080);
#1974=VERTEX_POINT('',#7085);
#1975=VERTEX_POINT('',#7098);
#1976=VERTEX_POINT('',#7100);
#1977=VERTEX_POINT('',#7115);
#1978=VERTEX_POINT('',#7195);
#1979=VERTEX_POINT('',#7196);
#1980=VERTEX_POINT('',#7201);
#1981=VERTEX_POINT('',#7208);
#1982=VERTEX_POINT('',#7210);
#1983=VERTEX_POINT('',#7223);
#1984=VERTEX_POINT('',#7316);
#1985=VERTEX_POINT('',#7317);
#1986=VERTEX_POINT('',#7322);
#1987=VERTEX_POINT('',#7329);
#1988=VERTEX_POINT('',#7331);
#1989=VERTEX_POINT('',#7345);
#1990=VERTEX_POINT('',#7362);
#1991=VERTEX_POINT('',#7363);
#1992=VERTEX_POINT('',#7368);
#1993=VERTEX_POINT('',#7369);
#1994=VERTEX_POINT('',#7381);
#1995=VERTEX_POINT('',#7471);
#1996=VERTEX_POINT('',#7472);
#1997=VERTEX_POINT('',#7477);
#1998=VERTEX_POINT('',#7490);
#1999=VERTEX_POINT('',#7492);
#2000=VERTEX_POINT('',#7507);
#2001=VERTEX_POINT('',#7519);
#2002=VERTEX_POINT('',#7520);
#2003=VERTEX_POINT('',#7525);
#2004=VERTEX_POINT('',#7527);
#2005=VERTEX_POINT('',#7529);
#2006=VERTEX_POINT('',#7548);
#2007=VERTEX_POINT('',#7549);
#2008=VERTEX_POINT('',#7554);
#2009=VERTEX_POINT('',#7555);
#2010=VERTEX_POINT('',#7567);
#2011=VERTEX_POINT('',#7574);
#2012=VERTEX_POINT('',#7575);
#2013=VERTEX_POINT('',#7580);
#2014=VERTEX_POINT('',#7582);
#2015=VERTEX_POINT('',#7584);
#2016=VERTEX_POINT('',#7606);
#2017=VERTEX_POINT('',#7607);
#2018=VERTEX_POINT('',#7614);
#2019=VERTEX_POINT('',#7616);
#2020=VERTEX_POINT('',#7623);
#2021=VERTEX_POINT('',#7634);
#2022=VERTEX_POINT('',#7638);
#2023=VERTEX_POINT('',#7642);
#2024=VERTEX_POINT('',#7658);
#2025=VERTEX_POINT('',#7660);
#2026=VERTEX_POINT('',#7664);
#2027=VERTEX_POINT('',#7666);
#2028=VERTEX_POINT('',#7687);
#2029=VERTEX_POINT('',#7693);
#2030=VERTEX_POINT('',#7702);
#2031=VERTEX_POINT('',#7703);
#2032=VERTEX_POINT('',#7706);
#2033=VERTEX_POINT('',#7708);
#2034=VERTEX_POINT('',#7725);
#2035=VERTEX_POINT('',#7732);
#2036=VERTEX_POINT('',#7742);
#2037=VERTEX_POINT('',#7744);
#2038=VERTEX_POINT('',#7746);
#2039=VERTEX_POINT('',#7748);
#2040=VERTEX_POINT('',#7750);
#2041=VERTEX_POINT('',#7752);
#2042=VERTEX_POINT('',#7754);
#2043=VERTEX_POINT('',#7770);
#2044=VERTEX_POINT('',#7774);
#2045=VERTEX_POINT('',#7776);
#2046=VERTEX_POINT('',#7778);
#2047=VERTEX_POINT('',#7783);
#2048=VERTEX_POINT('',#7795);
#2049=VERTEX_POINT('',#7797);
#2050=VERTEX_POINT('',#7799);
#2051=VERTEX_POINT('',#7805);
#2052=VERTEX_POINT('',#7806);
#2053=VERTEX_POINT('',#7809);
#2054=VERTEX_POINT('',#7811);
#2055=VERTEX_POINT('',#7813);
#2056=VERTEX_POINT('',#7824);
#2057=VERTEX_POINT('',#7828);
#2058=VERTEX_POINT('',#7832);
#2059=VERTEX_POINT('',#7834);
#2060=VERTEX_POINT('',#7836);
#2061=VERTEX_POINT('',#7838);
#2062=VERTEX_POINT('',#7861);
#2063=VERTEX_POINT('',#7863);
#2064=VERTEX_POINT('',#7865);
#2065=VERTEX_POINT('',#7867);
#2066=VERTEX_POINT('',#7869);
#2067=VERTEX_POINT('',#7871);
#2068=VERTEX_POINT('',#7873);
#2069=VERTEX_POINT('',#7875);
#2070=VERTEX_POINT('',#7877);
#2071=VERTEX_POINT('',#7879);
#2072=VERTEX_POINT('',#7881);
#2073=VERTEX_POINT('',#7883);
#2074=VERTEX_POINT('',#7885);
#2075=VERTEX_POINT('',#7887);
#2076=VERTEX_POINT('',#7889);
#2077=VERTEX_POINT('',#7891);
#2078=VERTEX_POINT('',#7893);
#2079=VERTEX_POINT('',#7895);
#2080=VERTEX_POINT('',#7898);
#2081=VERTEX_POINT('',#7899);
#2082=VERTEX_POINT('',#7901);
#2083=VERTEX_POINT('',#7903);
#2084=VERTEX_POINT('',#7905);
#2085=VERTEX_POINT('',#7907);
#2086=VERTEX_POINT('',#7909);
#2087=VERTEX_POINT('',#7911);
#2088=VERTEX_POINT('',#7914);
#2089=VERTEX_POINT('',#7915);
#2090=VERTEX_POINT('',#7917);
#2091=VERTEX_POINT('',#7919);
#2092=VERTEX_POINT('',#7921);
#2093=VERTEX_POINT('',#7923);
#2094=VERTEX_POINT('',#7925);
#2095=VERTEX_POINT('',#7927);
#2096=VERTEX_POINT('',#7929);
#2097=VERTEX_POINT('',#7932);
#2098=VERTEX_POINT('',#7933);
#2099=VERTEX_POINT('',#7935);
#2100=VERTEX_POINT('',#7937);
#2101=VERTEX_POINT('',#7939);
#2102=VERTEX_POINT('',#7941);
#2103=VERTEX_POINT('',#7943);
#2104=VERTEX_POINT('',#7945);
#2105=VERTEX_POINT('',#7947);
#2106=VERTEX_POINT('',#7949);
#2107=VERTEX_POINT('',#7952);
#2108=VERTEX_POINT('',#7953);
#2109=VERTEX_POINT('',#7955);
#2110=VERTEX_POINT('',#7957);
#2111=VERTEX_POINT('',#7959);
#2112=VERTEX_POINT('',#7961);
#2113=VERTEX_POINT('',#7963);
#2114=VERTEX_POINT('',#7965);
#2115=VERTEX_POINT('',#7967);
#2116=VERTEX_POINT('',#7970);
#2117=VERTEX_POINT('',#7971);
#2118=VERTEX_POINT('',#7973);
#2119=VERTEX_POINT('',#7975);
#2120=VERTEX_POINT('',#7978);
#2121=VERTEX_POINT('',#7980);
#2122=VERTEX_POINT('',#7982);
#2123=VERTEX_POINT('',#7984);
#2124=VERTEX_POINT('',#7986);
#2125=VERTEX_POINT('',#7988);
#2126=VERTEX_POINT('',#7990);
#2127=VERTEX_POINT('',#7992);
#2128=VERTEX_POINT('',#7994);
#2129=VERTEX_POINT('',#7996);
#2130=VERTEX_POINT('',#7998);
#2131=VERTEX_POINT('',#8000);
#2132=VERTEX_POINT('',#8002);
#2133=VERTEX_POINT('',#8003);
#2134=VERTEX_POINT('',#8006);
#2135=VERTEX_POINT('',#8007);
#2136=VERTEX_POINT('',#8009);
#2137=VERTEX_POINT('',#8012);
#2138=VERTEX_POINT('',#8013);
#2139=VERTEX_POINT('',#8015);
#2140=VERTEX_POINT('',#8018);
#2141=VERTEX_POINT('',#8019);
#2142=VERTEX_POINT('',#8021);
#2143=VERTEX_POINT('',#8023);
#2144=VERTEX_POINT('',#8026);
#2145=VERTEX_POINT('',#8029);
#2146=VERTEX_POINT('',#8040);
#2147=VERTEX_POINT('',#8045);
#2148=VERTEX_POINT('',#8050);
#2149=VERTEX_POINT('',#8052);
#2150=VERTEX_POINT('',#8058);
#2151=VERTEX_POINT('',#8095);
#2152=VERTEX_POINT('',#8101);
#2153=VERTEX_POINT('',#8103);
#2154=VERTEX_POINT('',#8137);
#2155=VERTEX_POINT('',#8192);
#2156=VERTEX_POINT('',#8226);
#2157=VERTEX_POINT('',#8231);
#2158=VERTEX_POINT('',#8235);
#2159=VERTEX_POINT('',#8237);
#2160=VERTEX_POINT('',#8239);
#2161=VERTEX_POINT('',#8242);
#2162=VERTEX_POINT('',#8243);
#2163=VERTEX_POINT('',#8245);
#2164=VERTEX_POINT('',#8247);
#2165=VERTEX_POINT('',#8251);
#2166=VERTEX_POINT('',#8253);
#2167=VERTEX_POINT('',#8257);
#2168=VERTEX_POINT('',#8258);
#2169=VERTEX_POINT('',#8260);
#2170=VERTEX_POINT('',#8262);
#2171=VERTEX_POINT('',#8264);
#2172=VERTEX_POINT('',#8268);
#2173=VERTEX_POINT('',#8270);
#2174=VERTEX_POINT('',#8275);
#2175=VERTEX_POINT('',#8279);
#2176=VERTEX_POINT('',#8281);
#2177=VERTEX_POINT('',#8285);
#2178=VERTEX_POINT('',#8287);
#2179=VERTEX_POINT('',#8294);
#2180=VERTEX_POINT('',#8296);
#2181=VERTEX_POINT('',#8298);
#2182=VERTEX_POINT('',#8300);
#2183=VERTEX_POINT('',#8302);
#2184=VERTEX_POINT('',#8304);
#2185=VERTEX_POINT('',#8308);
#2186=VERTEX_POINT('',#8312);
#2187=VERTEX_POINT('',#8314);
#2188=VERTEX_POINT('',#8316);
#2189=VERTEX_POINT('',#8318);
#2190=VERTEX_POINT('',#8320);
#2191=VERTEX_POINT('',#8325);
#2192=VERTEX_POINT('',#8326);
#2193=VERTEX_POINT('',#8328);
#2194=VERTEX_POINT('',#8330);
#2195=VERTEX_POINT('',#8334);
#2196=VERTEX_POINT('',#8336);
#2197=VERTEX_POINT('',#8340);
#2198=VERTEX_POINT('',#8342);
#2199=VERTEX_POINT('',#8344);
#2200=VERTEX_POINT('',#8348);
#2201=VERTEX_POINT('',#8349);
#2202=VERTEX_POINT('',#8351);
#2203=VERTEX_POINT('',#8353);
#2204=VERTEX_POINT('',#8355);
#2205=VERTEX_POINT('',#8362);
#2206=VERTEX_POINT('',#8364);
#2207=VERTEX_POINT('',#8368);
#2208=VERTEX_POINT('',#8370);
#2209=VERTEX_POINT('',#8377);
#2210=VERTEX_POINT('',#8379);
#2211=VERTEX_POINT('',#8381);
#2212=VERTEX_POINT('',#8383);
#2213=VERTEX_POINT('',#8385);
#2214=VERTEX_POINT('',#8387);
#2215=VERTEX_POINT('',#8391);
#2216=VERTEX_POINT('',#8395);
#2217=VERTEX_POINT('',#8397);
#2218=VERTEX_POINT('',#8399);
#2219=VERTEX_POINT('',#8401);
#2220=VERTEX_POINT('',#8403);
#2221=VERTEX_POINT('',#8408);
#2222=VERTEX_POINT('',#8409);
#2223=VERTEX_POINT('',#8411);
#2224=VERTEX_POINT('',#8428);
#2225=VERTEX_POINT('',#8430);
#2226=VERTEX_POINT('',#8451);
#2227=VERTEX_POINT('',#8455);
#2228=VERTEX_POINT('',#8461);
#2229=VERTEX_POINT('',#8462);
#2230=VERTEX_POINT('',#8464);
#2231=VERTEX_POINT('',#8466);
#2232=VERTEX_POINT('',#8468);
#2233=VERTEX_POINT('',#8470);
#2234=VERTEX_POINT('',#8472);
#2235=VERTEX_POINT('',#8474);
#2236=VERTEX_POINT('',#8476);
#2237=VERTEX_POINT('',#8478);
#2238=VERTEX_POINT('',#8480);
#2239=VERTEX_POINT('',#8482);
#2240=VERTEX_POINT('',#8484);
#2241=VERTEX_POINT('',#8486);
#2242=VERTEX_POINT('',#8488);
#2243=VERTEX_POINT('',#8490);
#2244=VERTEX_POINT('',#8492);
#2245=VERTEX_POINT('',#8494);
#2246=VERTEX_POINT('',#8496);
#2247=VERTEX_POINT('',#8498);
#2248=VERTEX_POINT('',#8501);
#2249=VERTEX_POINT('',#8502);
#2250=VERTEX_POINT('',#8504);
#2251=VERTEX_POINT('',#8507);
#2252=VERTEX_POINT('',#8509);
#2253=VERTEX_POINT('',#8513);
#2254=VERTEX_POINT('',#8530);
#2255=VERTEX_POINT('',#8534);
#2256=VERTEX_POINT('',#8555);
#2257=VERTEX_POINT('',#8557);
#2258=VERTEX_POINT('',#8563);
#2259=VERTEX_POINT('',#8569);
#2260=VERTEX_POINT('',#8588);
#2261=VERTEX_POINT('',#8592);
#2262=VERTEX_POINT('',#8610);
#2263=VERTEX_POINT('',#8612);
#2264=VERTEX_POINT('',#8618);
#2265=VERTEX_POINT('',#8624);
#2266=VERTEX_POINT('',#8626);
#2267=VERTEX_POINT('',#8630);
#2268=VERTEX_POINT('',#8635);
#2269=VERTEX_POINT('',#8639);
#2270=VERTEX_POINT('',#8643);
#2271=VERTEX_POINT('',#8647);
#2272=VERTEX_POINT('',#8651);
#2273=VERTEX_POINT('',#8655);
#2274=VERTEX_POINT('',#8662);
#2275=VERTEX_POINT('',#8667);
#2276=VERTEX_POINT('',#8673);
#2277=VERTEX_POINT('',#8677);
#2278=VERTEX_POINT('',#8694);
#2279=VERTEX_POINT('',#8711);
#2280=VERTEX_POINT('',#8718);
#2281=VERTEX_POINT('',#8728);
#2282=VERTEX_POINT('',#8732);
#2283=VERTEX_POINT('',#8738);
#2284=VERTEX_POINT('',#8744);
#2285=VERTEX_POINT('',#8750);
#2286=VERTEX_POINT('',#8751);
#2287=VERTEX_POINT('',#8756);
#2288=VERTEX_POINT('',#8760);
#2289=VERTEX_POINT('',#8764);
#2290=VERTEX_POINT('',#8768);
#2291=VERTEX_POINT('',#8772);
#2292=VERTEX_POINT('',#8776);
#2293=VERTEX_POINT('',#8782);
#2294=VERTEX_POINT('',#8783);
#2295=VERTEX_POINT('',#8788);
#2296=VERTEX_POINT('',#8792);
#2297=VERTEX_POINT('',#8796);
#2298=VERTEX_POINT('',#8800);
#2299=VERTEX_POINT('',#8804);
#2300=VERTEX_POINT('',#8808);
#2301=VERTEX_POINT('',#8812);
#2302=VERTEX_POINT('',#8818);
#2303=VERTEX_POINT('',#8819);
#2304=VERTEX_POINT('',#8824);
#2305=VERTEX_POINT('',#8828);
#2306=VERTEX_POINT('',#8832);
#2307=VERTEX_POINT('',#8836);
#2308=VERTEX_POINT('',#8840);
#2309=VERTEX_POINT('',#8844);
#2310=VERTEX_POINT('',#8848);
#2311=VERTEX_POINT('',#8852);
#2312=VERTEX_POINT('',#8858);
#2313=VERTEX_POINT('',#8859);
#2314=VERTEX_POINT('',#8864);
#2315=VERTEX_POINT('',#8868);
#2316=VERTEX_POINT('',#8872);
#2317=VERTEX_POINT('',#8876);
#2318=VERTEX_POINT('',#8880);
#2319=VERTEX_POINT('',#8884);
#2320=VERTEX_POINT('',#8888);
#2321=VERTEX_POINT('',#8894);
#2322=VERTEX_POINT('',#8898);
#2323=VERTEX_POINT('',#8902);
#2324=VERTEX_POINT('',#8910);
#2325=VERTEX_POINT('',#8912);
#2326=VERTEX_POINT('',#8916);
#2327=VERTEX_POINT('',#8918);
#2328=VERTEX_POINT('',#8923);
#2329=VERTEX_POINT('',#8925);
#2330=VERTEX_POINT('',#8927);
#2331=VERTEX_POINT('',#8929);
#2332=VERTEX_POINT('',#8932);
#2333=VERTEX_POINT('',#8934);
#2334=VERTEX_POINT('',#8936);
#2335=VERTEX_POINT('',#8938);
#2336=VERTEX_POINT('',#8940);
#2337=VERTEX_POINT('',#8942);
#2338=VERTEX_POINT('',#8944);
#2339=VERTEX_POINT('',#8946);
#2340=VERTEX_POINT('',#8949);
#2341=VERTEX_POINT('',#8951);
#2342=VERTEX_POINT('',#8953);
#2343=VERTEX_POINT('',#8956);
#2344=VERTEX_POINT('',#8958);
#2345=VERTEX_POINT('',#8960);
#2346=VERTEX_POINT('',#8962);
#2347=VERTEX_POINT('',#8964);
#2348=VERTEX_POINT('',#8965);
#2349=VERTEX_POINT('',#8967);
#2350=VERTEX_POINT('',#8969);
#2351=VERTEX_POINT('',#8972);
#2352=VERTEX_POINT('',#8974);
#2353=VERTEX_POINT('',#8976);
#2354=VERTEX_POINT('',#8978);
#2355=VERTEX_POINT('',#8980);
#2356=VERTEX_POINT('',#8982);
#2357=VERTEX_POINT('',#8984);
#2358=VERTEX_POINT('',#8986);
#2359=VERTEX_POINT('',#8988);
#2360=VERTEX_POINT('',#8991);
#2361=VERTEX_POINT('',#8995);
#2362=VERTEX_POINT('',#8998);
#2363=VERTEX_POINT('',#9002);
#2364=VERTEX_POINT('',#9005);
#2365=VERTEX_POINT('',#9009);
#2366=VERTEX_POINT('',#9012);
#2367=VERTEX_POINT('',#9016);
#2368=VERTEX_POINT('',#9019);
#2369=VERTEX_POINT('',#9023);
#2370=VERTEX_POINT('',#9026);
#2371=VERTEX_POINT('',#9030);
#2372=VERTEX_POINT('',#9033);
#2373=VERTEX_POINT('',#9037);
#2374=VERTEX_POINT('',#9040);
#2375=VERTEX_POINT('',#9044);
#2376=VERTEX_POINT('',#9047);
#2377=VERTEX_POINT('',#9051);
#2378=VERTEX_POINT('',#9054);
#2379=VERTEX_POINT('',#9056);
#2380=VERTEX_POINT('',#9060);
#2381=VERTEX_POINT('',#9066);
#2382=VERTEX_POINT('',#9070);
#2383=VERTEX_POINT('',#9073);
#2384=VERTEX_POINT('',#9077);
#2385=VERTEX_POINT('',#9080);
#2386=VERTEX_POINT('',#9084);
#2387=VERTEX_POINT('',#9110);
#2388=VERTEX_POINT('',#9112);
#2389=VERTEX_POINT('',#9116);
#2390=VERTEX_POINT('',#9117);
#2391=VERTEX_POINT('',#9119);
#2392=VERTEX_POINT('',#9121);
#2393=VERTEX_POINT('',#9150);
#2394=VERTEX_POINT('',#9171);
#2395=VERTEX_POINT('',#9175);
#2396=VERTEX_POINT('',#9179);
#2397=VERTEX_POINT('',#9239);
#2398=VERTEX_POINT('',#9240);
#2399=VERTEX_POINT('',#9242);
#2400=VERTEX_POINT('',#9244);
#2401=VERTEX_POINT('',#9250);
#2402=VERTEX_POINT('',#9252);
#2403=VERTEX_POINT('',#9256);
#2404=VERTEX_POINT('',#9258);
#2405=VERTEX_POINT('',#9262);
#2406=VERTEX_POINT('',#9266);
#2407=VERTEX_POINT('',#9273);
#2408=VERTEX_POINT('',#9274);
#2409=VERTEX_POINT('',#9276);
#2410=VERTEX_POINT('',#9278);
#2411=VERTEX_POINT('',#9284);
#2412=VERTEX_POINT('',#9286);
#2413=VERTEX_POINT('',#9290);
#2414=VERTEX_POINT('',#9292);
#2415=VERTEX_POINT('',#9296);
#2416=VERTEX_POINT('',#9300);
#2417=EDGE_CURVE('',#1968,#1968,#1770,.T.);
#2418=EDGE_CURVE('',#1968,#1969,#970,.T.);
#2419=EDGE_CURVE('',#1969,#1969,#919,.T.);
#2420=EDGE_CURVE('',#1970,#1970,#1771,.T.);
#2421=EDGE_CURVE('',#1970,#1971,#971,.T.);
#2422=EDGE_CURVE('',#1971,#1971,#920,.T.);
#2423=EDGE_CURVE('',#1972,#1973,#921,.T.);
#2424=EDGE_CURVE('',#1973,#1974,#922,.T.);
#2425=EDGE_CURVE('',#1975,#1974,#1772,.T.);
#2426=EDGE_CURVE('',#1976,#1975,#923,.F.);
#2427=EDGE_CURVE('',#1977,#1976,#1773,.T.);
#2428=EDGE_CURVE('',#1977,#1972,#924,.T.);
#2429=EDGE_CURVE('',#1978,#1979,#925,.T.);
#2430=EDGE_CURVE('',#1979,#1980,#926,.T.);
#2431=EDGE_CURVE('',#1981,#1980,#1774,.T.);
#2432=EDGE_CURVE('',#1982,#1981,#927,.F.);
#2433=EDGE_CURVE('',#1983,#1982,#1775,.T.);
#2434=EDGE_CURVE('',#1983,#1978,#928,.T.);
#2435=EDGE_CURVE('',#1974,#1983,#972,.T.);
#2436=EDGE_CURVE('',#1982,#1975,#973,.T.);
#2437=EDGE_CURVE('',#1984,#1985,#929,.T.);
#2438=EDGE_CURVE('',#1985,#1986,#930,.T.);
#2439=EDGE_CURVE('',#1987,#1986,#1776,.T.);
#2440=EDGE_CURVE('',#1988,#1987,#931,.F.);
#2441=EDGE_CURVE('',#1989,#1988,#1777,.T.);
#2442=EDGE_CURVE('',#1989,#1984,#932,.T.);
#2443=EDGE_CURVE('',#1986,#1977,#1778,.T.);
#2444=EDGE_CURVE('',#1976,#1987,#1779,.T.);
#2445=EDGE_CURVE('',#1990,#1991,#1780,.T.);
#2446=EDGE_CURVE('',#1991,#1988,#974,.T.);
#2447=EDGE_CURVE('',#1987,#1990,#975,.T.);
#2448=EDGE_CURVE('',#1992,#1993,#933,.F.);
#2449=EDGE_CURVE('',#1992,#1991,#1781,.T.);
#2450=EDGE_CURVE('',#1990,#1994,#1782,.T.);
#2451=EDGE_CURVE('',#1994,#1993,#934,.T.);
#2452=EDGE_CURVE('',#1995,#1996,#935,.T.);
#2453=EDGE_CURVE('',#1996,#1997,#936,.T.);
#2454=EDGE_CURVE('',#1998,#1997,#1783,.T.);
#2455=EDGE_CURVE('',#1999,#1998,#937,.F.);
#2456=EDGE_CURVE('',#2000,#1999,#1784,.T.);
#2457=EDGE_CURVE('',#2000,#1995,#938,.T.);
#2458=EDGE_CURVE('',#1997,#1989,#976,.T.);
#2459=EDGE_CURVE('',#1988,#1998,#977,.T.);
#2460=EDGE_CURVE('',#2001,#2002,#939,.F.);
#2461=EDGE_CURVE('',#2001,#2003,#1785,.T.);
#2462=EDGE_CURVE('',#2003,#2004,#1786,.T.);
#2463=EDGE_CURVE('',#2004,#2005,#1787,.T.);
#2464=EDGE_CURVE('',#2005,#2002,#940,.T.);
#2465=EDGE_CURVE('',#1998,#2004,#978,.T.);
#2466=EDGE_CURVE('',#2003,#1999,#979,.T.);
#2467=EDGE_CURVE('',#1980,#2000,#1788,.T.);
#2468=EDGE_CURVE('',#1999,#1981,#1789,.T.);
#2469=EDGE_CURVE('',#2006,#2007,#1790,.T.);
#2470=EDGE_CURVE('',#2007,#1982,#980,.T.);
#2471=EDGE_CURVE('',#1981,#2006,#981,.T.);
#2472=EDGE_CURVE('',#2008,#2009,#941,.F.);
#2473=EDGE_CURVE('',#2008,#2007,#1791,.T.);
#2474=EDGE_CURVE('',#2006,#2010,#1792,.T.);
#2475=EDGE_CURVE('',#2010,#2009,#942,.T.);
#2476=EDGE_CURVE('',#2011,#2012,#943,.F.);
#2477=EDGE_CURVE('',#2011,#2013,#1793,.T.);
#2478=EDGE_CURVE('',#2013,#2014,#1794,.T.);
#2479=EDGE_CURVE('',#2014,#2015,#1795,.T.);
#2480=EDGE_CURVE('',#2015,#2012,#944,.T.);
#2481=EDGE_CURVE('',#1975,#2014,#982,.T.);
#2482=EDGE_CURVE('',#2013,#1976,#983,.T.);
#2483=EDGE_CURVE('',#2004,#1991,#984,.T.);
#2484=EDGE_CURVE('',#1992,#2005,#985,.T.);
#2485=EDGE_CURVE('',#1994,#2011,#986,.T.);
#2486=EDGE_CURVE('',#2016,#2017,#945,.T.);
#2487=EDGE_CURVE('',#2017,#2018,#987,.T.);
#2488=EDGE_CURVE('',#2018,#2019,#946,.T.);
#2489=EDGE_CURVE('',#2019,#2020,#947,.T.);
#2490=EDGE_CURVE('',#2020,#2021,#106,.T.);
#2491=EDGE_CURVE('',#2021,#2016,#988,.T.);
#2492=EDGE_CURVE('',#2022,#2020,#96,.T.);
#2493=EDGE_CURVE('',#2023,#2022,#948,.T.);
#2494=EDGE_CURVE('',#2024,#2023,#989,.T.);
#2495=EDGE_CURVE('',#2024,#2025,#990,.T.);
#2496=EDGE_CURVE('',#2025,#2021,#991,.T.);
#2497=EDGE_CURVE('',#2026,#2019,#1796,.T.);
#2498=EDGE_CURVE('',#2027,#2026,#949,.T.);
#2499=EDGE_CURVE('',#2028,#2027,#97,.T.);
#2500=EDGE_CURVE('',#2022,#2028,#1797,.T.);
#2501=EDGE_CURVE('',#2018,#2029,#1798,.T.);
#2502=EDGE_CURVE('',#2026,#2029,#950,.T.);
#2503=EDGE_CURVE('',#2030,#2031,#992,.T.);
#2504=EDGE_CURVE('',#2031,#2027,#107,.T.);
#2505=EDGE_CURVE('',#2029,#2032,#993,.T.);
#2506=EDGE_CURVE('',#2032,#2033,#951,.T.);
#2507=EDGE_CURVE('',#2033,#2030,#1799,.T.);
#2508=EDGE_CURVE('',#2016,#2034,#952,.T.);
#2509=EDGE_CURVE('',#2034,#2035,#953,.T.);
#2510=EDGE_CURVE('',#2035,#2033,#1800,.T.);
#2511=EDGE_CURVE('',#2032,#2017,#1801,.T.);
#2512=EDGE_CURVE('',#2031,#2036,#994,.T.);
#2513=EDGE_CURVE('',#2036,#2037,#995,.T.);
#2514=EDGE_CURVE('',#2038,#2037,#996,.T.);
#2515=EDGE_CURVE('',#2038,#2039,#997,.T.);
#2516=EDGE_CURVE('',#2039,#2040,#998,.T.);
#2517=EDGE_CURVE('',#2041,#2040,#108,.T.);
#2518=EDGE_CURVE('',#2042,#2041,#999,.T.);
#2519=EDGE_CURVE('',#2028,#2042,#954,.T.);
#2520=EDGE_CURVE('',#2043,#2030,#1000,.T.);
#2521=EDGE_CURVE('',#2036,#2043,#1001,.T.);
#2522=EDGE_CURVE('',#2035,#2044,#1002,.T.);
#2523=EDGE_CURVE('',#2045,#2044,#1802,.T.);
#2524=EDGE_CURVE('',#2045,#2046,#1003,.T.);
#2525=EDGE_CURVE('',#2043,#2046,#1803,.T.);
#2526=EDGE_CURVE('',#2025,#2034,#1004,.T.);
#2527=EDGE_CURVE('',#2047,#2025,#1005,.T.);
#2528=EDGE_CURVE('',#2044,#2047,#1006,.T.);
#2529=EDGE_CURVE('',#2008,#2015,#1007,.T.);
#2530=EDGE_CURVE('',#2014,#2007,#1008,.T.);
#2531=EDGE_CURVE('',#2010,#2001,#1009,.T.);
#2532=EDGE_CURVE('',#1993,#2045,#1010,.T.);
#2533=EDGE_CURVE('',#2048,#2047,#1011,.T.);
#2534=EDGE_CURVE('',#2049,#2048,#109,.T.);
#2535=EDGE_CURVE('',#2050,#2049,#1012,.T.);
#2536=EDGE_CURVE('',#2050,#2002,#1013,.T.);
#2537=EDGE_CURVE('',#2012,#2046,#1014,.T.);
#2538=EDGE_CURVE('',#2051,#2052,#1804,.T.);
#2539=EDGE_CURVE('',#2052,#2039,#1015,.T.);
#2540=EDGE_CURVE('',#2038,#2053,#110,.T.);
#2541=EDGE_CURVE('',#2054,#2053,#1016,.T.);
#2542=EDGE_CURVE('',#2054,#2055,#1017,.T.);
#2543=EDGE_CURVE('',#2055,#2051,#955,.T.);
#2544=EDGE_CURVE('',#2037,#2056,#111,.T.);
#2545=EDGE_CURVE('',#2056,#2053,#1018,.T.);
#2546=EDGE_CURVE('',#2009,#2057,#1019,.T.);
#2547=EDGE_CURVE('',#2056,#2057,#1020,.T.);
#2548=EDGE_CURVE('',#2058,#2051,#1021,.T.);
#2549=EDGE_CURVE('',#2059,#2058,#1805,.T.);
#2550=EDGE_CURVE('',#2059,#2060,#1022,.T.);
#2551=EDGE_CURVE('',#2061,#2060,#956,.T.);
#2552=EDGE_CURVE('',#2061,#2062,#1806,.T.);
#2553=EDGE_CURVE('',#2062,#2063,#1023,.T.);
#2554=EDGE_CURVE('',#2063,#2064,#1024,.T.);
#2555=EDGE_CURVE('',#2064,#2065,#1025,.T.);
#2556=EDGE_CURVE('',#2065,#2066,#1026,.T.);
#2557=EDGE_CURVE('',#2066,#2067,#1027,.T.);
#2558=EDGE_CURVE('',#2067,#2068,#1028,.T.);
#2559=EDGE_CURVE('',#2068,#2069,#1029,.T.);
#2560=EDGE_CURVE('',#2069,#2070,#1807,.T.);
#2561=EDGE_CURVE('',#2070,#2071,#1030,.T.);
#2562=EDGE_CURVE('',#2071,#2072,#1031,.T.);
#2563=EDGE_CURVE('',#2072,#2073,#1032,.T.);
#2564=EDGE_CURVE('',#2073,#2074,#1033,.T.);
#2565=EDGE_CURVE('',#2074,#2075,#1034,.T.);
#2566=EDGE_CURVE('',#2075,#2076,#1035,.T.);
#2567=EDGE_CURVE('',#2076,#2077,#1036,.T.);
#2568=EDGE_CURVE('',#2077,#2078,#1808,.T.);
#2569=EDGE_CURVE('',#2079,#2078,#1809,.T.);
#2570=EDGE_CURVE('',#2079,#2052,#1037,.T.);
#2571=EDGE_CURVE('',#2080,#2081,#1038,.T.);
#2572=EDGE_CURVE('',#2081,#2082,#1810,.T.);
#2573=EDGE_CURVE('',#2082,#2083,#1039,.T.);
#2574=EDGE_CURVE('',#2083,#2084,#1811,.T.);
#2575=EDGE_CURVE('',#2084,#2085,#1040,.T.);
#2576=EDGE_CURVE('',#2085,#2086,#1812,.T.);
#2577=EDGE_CURVE('',#2086,#2087,#1813,.T.);
#2578=EDGE_CURVE('',#2087,#2080,#1814,.T.);
#2579=EDGE_CURVE('',#2088,#2089,#1815,.T.);
#2580=EDGE_CURVE('',#2089,#2090,#1816,.T.);
#2581=EDGE_CURVE('',#2090,#2091,#1817,.T.);
#2582=EDGE_CURVE('',#2091,#2092,#1818,.T.);
#2583=EDGE_CURVE('',#2092,#2093,#1819,.T.);
#2584=EDGE_CURVE('',#2093,#2094,#1820,.T.);
#2585=EDGE_CURVE('',#2094,#2095,#1821,.T.);
#2586=EDGE_CURVE('',#2095,#2096,#1822,.T.);
#2587=EDGE_CURVE('',#2096,#2088,#1041,.T.);
#2588=EDGE_CURVE('',#2097,#2098,#1042,.T.);
#2589=EDGE_CURVE('',#2098,#2099,#1823,.T.);
#2590=EDGE_CURVE('',#2099,#2100,#1043,.T.);
#2591=EDGE_CURVE('',#2100,#2101,#1824,.T.);
#2592=EDGE_CURVE('',#2101,#2102,#1044,.T.);
#2593=EDGE_CURVE('',#2102,#2103,#1825,.T.);
#2594=EDGE_CURVE('',#2103,#2104,#1045,.T.);
#2595=EDGE_CURVE('',#2104,#2105,#1826,.T.);
#2596=EDGE_CURVE('',#2105,#2106,#1046,.T.);
#2597=EDGE_CURVE('',#2106,#2097,#1827,.T.);
#2598=EDGE_CURVE('',#2107,#2108,#1828,.T.);
#2599=EDGE_CURVE('',#2108,#2109,#1829,.T.);
#2600=EDGE_CURVE('',#2109,#2110,#1830,.T.);
#2601=EDGE_CURVE('',#2110,#2111,#1831,.T.);
#2602=EDGE_CURVE('',#2111,#2112,#1832,.T.);
#2603=EDGE_CURVE('',#2112,#2113,#1833,.T.);
#2604=EDGE_CURVE('',#2113,#2114,#1834,.T.);
#2605=EDGE_CURVE('',#2114,#2115,#1835,.T.);
#2606=EDGE_CURVE('',#2115,#2107,#1047,.T.);
#2607=EDGE_CURVE('',#2116,#2117,#1048,.T.);
#2608=EDGE_CURVE('',#2117,#2118,#1049,.T.);
#2609=EDGE_CURVE('',#2118,#2119,#1050,.T.);
#2610=EDGE_CURVE('',#2119,#2116,#1051,.T.);
#2611=EDGE_CURVE('',#2120,#2120,#1836,.T.);
#2612=EDGE_CURVE('',#2121,#2121,#1837,.T.);
#2613=EDGE_CURVE('',#2122,#2122,#1838,.T.);
#2614=EDGE_CURVE('',#2123,#2123,#1839,.T.);
#2615=EDGE_CURVE('',#2124,#2124,#1840,.T.);
#2616=EDGE_CURVE('',#2125,#2125,#1841,.T.);
#2617=EDGE_CURVE('',#2126,#2126,#1842,.T.);
#2618=EDGE_CURVE('',#2127,#2127,#1843,.T.);
#2619=EDGE_CURVE('',#2128,#2128,#1844,.T.);
#2620=EDGE_CURVE('',#2129,#2129,#1845,.T.);
#2621=EDGE_CURVE('',#2130,#2130,#1846,.T.);
#2622=EDGE_CURVE('',#2131,#2131,#1847,.T.);
#2623=EDGE_CURVE('',#2132,#2133,#1848,.T.);
#2624=EDGE_CURVE('',#2133,#2132,#1052,.T.);
#2625=EDGE_CURVE('',#2134,#2135,#1053,.T.);
#2626=EDGE_CURVE('',#2135,#2136,#1849,.T.);
#2627=EDGE_CURVE('',#2136,#2134,#1054,.T.);
#2628=EDGE_CURVE('',#2137,#2138,#1055,.T.);
#2629=EDGE_CURVE('',#2138,#2139,#1850,.T.);
#2630=EDGE_CURVE('',#2139,#2137,#1056,.T.);
#2631=EDGE_CURVE('',#2140,#2141,#1057,.T.);
#2632=EDGE_CURVE('',#2141,#2142,#1058,.T.);
#2633=EDGE_CURVE('',#2142,#2143,#1059,.T.);
#2634=EDGE_CURVE('',#2143,#2140,#1060,.T.);
#2635=EDGE_CURVE('',#2144,#2144,#1851,.T.);
#2636=EDGE_CURVE('',#2055,#2145,#1061,.T.);
#2637=EDGE_CURVE('',#2058,#2145,#957,.T.);
#2638=EDGE_CURVE('',#2146,#2054,#1062,.T.);
#2639=EDGE_CURVE('',#2145,#2146,#1063,.T.);
#2640=EDGE_CURVE('',#2057,#2050,#1064,.T.);
#2641=EDGE_CURVE('',#2147,#2049,#1065,.T.);
#2642=EDGE_CURVE('',#2147,#2146,#1066,.T.);
#2643=EDGE_CURVE('',#2147,#2148,#112,.T.);
#2644=EDGE_CURVE('',#2149,#2148,#1067,.T.);
#2645=EDGE_CURVE('',#2149,#2059,#1068,.T.);
#2646=EDGE_CURVE('',#2048,#2148,#1069,.T.);
#2647=EDGE_CURVE('',#2150,#2149,#1070,.T.);
#2648=EDGE_CURVE('',#2150,#2060,#958,.T.);
#2649=EDGE_CURVE('',#2151,#2024,#1071,.T.);
#2650=EDGE_CURVE('',#2150,#2151,#113,.T.);
#2651=EDGE_CURVE('',#2042,#2023,#1852,.T.);
#2652=EDGE_CURVE('',#2152,#2079,#1072,.T.);
#2653=EDGE_CURVE('',#2078,#2153,#1073,.T.);
#2654=EDGE_CURVE('',#2153,#2152,#959,.T.);
#2655=EDGE_CURVE('',#2153,#2154,#114,.T.);
#2656=EDGE_CURVE('',#2154,#2041,#960,.T.);
#2657=EDGE_CURVE('',#2040,#2152,#1074,.T.);
#2658=EDGE_CURVE('',#2151,#2155,#961,.T.);
#2659=EDGE_CURVE('',#2155,#2061,#115,.T.);
#2660=EDGE_CURVE('',#2156,#2155,#1853,.T.);
#2661=EDGE_CURVE('',#2062,#2156,#1075,.T.);
#2662=EDGE_CURVE('',#2144,#2157,#1854,.T.);
#2663=EDGE_CURVE('',#2157,#2157,#1855,.T.);
#2664=EDGE_CURVE('',#2158,#2158,#1856,.T.);
#2665=EDGE_CURVE('',#2159,#2159,#1857,.T.);
#2666=EDGE_CURVE('',#2160,#2160,#1858,.T.);
#2667=EDGE_CURVE('',#2161,#2162,#1076,.T.);
#2668=EDGE_CURVE('',#2162,#2163,#116,.T.);
#2669=EDGE_CURVE('',#2163,#2164,#1077,.T.);
#2670=EDGE_CURVE('',#2161,#2164,#117,.T.);
#2671=EDGE_CURVE('',#2162,#2165,#1078,.T.);
#2672=EDGE_CURVE('',#2165,#2166,#118,.T.);
#2673=EDGE_CURVE('',#2166,#2163,#1079,.T.);
#2674=EDGE_CURVE('',#2167,#2168,#1080,.T.);
#2675=EDGE_CURVE('',#2168,#2169,#1859,.T.);
#2676=EDGE_CURVE('',#2169,#2170,#119,.T.);
#2677=EDGE_CURVE('',#2170,#2171,#1081,.T.);
#2678=EDGE_CURVE('',#2171,#2167,#120,.T.);
#2679=EDGE_CURVE('',#2172,#2170,#1082,.T.);
#2680=EDGE_CURVE('',#2169,#2173,#1083,.T.);
#2681=EDGE_CURVE('',#2173,#2172,#121,.T.);
#2682=EDGE_CURVE('',#2165,#2172,#1084,.T.);
#2683=EDGE_CURVE('',#2173,#2174,#1860,.T.);
#2684=EDGE_CURVE('',#2174,#2166,#1085,.T.);
#2685=EDGE_CURVE('',#2175,#2167,#1086,.T.);
#2686=EDGE_CURVE('',#2171,#2176,#1087,.T.);
#2687=EDGE_CURVE('',#2176,#2175,#122,.T.);
#2688=EDGE_CURVE('',#2177,#2175,#1088,.T.);
#2689=EDGE_CURVE('',#2176,#2178,#1089,.T.);
#2690=EDGE_CURVE('',#2178,#2177,#123,.T.);
#2691=EDGE_CURVE('',#2164,#2177,#1090,.T.);
#2692=EDGE_CURVE('',#2178,#2161,#1091,.T.);
#2693=EDGE_CURVE('',#2174,#2179,#1092,.T.);
#2694=EDGE_CURVE('',#2179,#2180,#1093,.T.);
#2695=EDGE_CURVE('',#2180,#2181,#1094,.T.);
#2696=EDGE_CURVE('',#2182,#2181,#1095,.T.);
#2697=EDGE_CURVE('',#2183,#2182,#1096,.T.);
#2698=EDGE_CURVE('',#2184,#2183,#1097,.T.);
#2699=EDGE_CURVE('',#2184,#2166,#1098,.T.);
#2700=EDGE_CURVE('',#2185,#2168,#1099,.T.);
#2701=EDGE_CURVE('',#2185,#2179,#1100,.T.);
#2702=EDGE_CURVE('',#2186,#2167,#1101,.T.);
#2703=EDGE_CURVE('',#2187,#2186,#1102,.T.);
#2704=EDGE_CURVE('',#2187,#2188,#1103,.T.);
#2705=EDGE_CURVE('',#2189,#2188,#1104,.T.);
#2706=EDGE_CURVE('',#2189,#2190,#1105,.T.);
#2707=EDGE_CURVE('',#2190,#2185,#1106,.T.);
#2708=EDGE_CURVE('',#2191,#2192,#1107,.T.);
#2709=EDGE_CURVE('',#2192,#2193,#124,.T.);
#2710=EDGE_CURVE('',#2193,#2194,#1108,.T.);
#2711=EDGE_CURVE('',#2191,#2194,#125,.T.);
#2712=EDGE_CURVE('',#2192,#2195,#1109,.T.);
#2713=EDGE_CURVE('',#2195,#2196,#126,.T.);
#2714=EDGE_CURVE('',#2196,#2193,#1110,.T.);
#2715=EDGE_CURVE('',#2195,#2197,#1111,.T.);
#2716=EDGE_CURVE('',#2197,#2198,#127,.T.);
#2717=EDGE_CURVE('',#2198,#2199,#1861,.T.);
#2718=EDGE_CURVE('',#2199,#2196,#1112,.T.);
#2719=EDGE_CURVE('',#2200,#2201,#1113,.T.);
#2720=EDGE_CURVE('',#2201,#2202,#1862,.T.);
#2721=EDGE_CURVE('',#2202,#2203,#128,.T.);
#2722=EDGE_CURVE('',#2203,#2204,#1114,.T.);
#2723=EDGE_CURVE('',#2204,#2200,#129,.T.);
#2724=EDGE_CURVE('',#2197,#2203,#1115,.T.);
#2725=EDGE_CURVE('',#2202,#2198,#1116,.T.);
#2726=EDGE_CURVE('',#2205,#2200,#1117,.T.);
#2727=EDGE_CURVE('',#2204,#2206,#1118,.T.);
#2728=EDGE_CURVE('',#2206,#2205,#130,.T.);
#2729=EDGE_CURVE('',#2207,#2205,#1119,.T.);
#2730=EDGE_CURVE('',#2206,#2208,#1120,.T.);
#2731=EDGE_CURVE('',#2208,#2207,#131,.T.);
#2732=EDGE_CURVE('',#2194,#2207,#1121,.T.);
#2733=EDGE_CURVE('',#2208,#2191,#1122,.T.);
#2734=EDGE_CURVE('',#2199,#2209,#1123,.T.);
#2735=EDGE_CURVE('',#2209,#2210,#1124,.T.);
#2736=EDGE_CURVE('',#2210,#2211,#1125,.T.);
#2737=EDGE_CURVE('',#2212,#2211,#1126,.T.);
#2738=EDGE_CURVE('',#2213,#2212,#1127,.T.);
#2739=EDGE_CURVE('',#2214,#2213,#1128,.T.);
#2740=EDGE_CURVE('',#2214,#2196,#1129,.T.);
#2741=EDGE_CURVE('',#2215,#2201,#1130,.T.);
#2742=EDGE_CURVE('',#2215,#2209,#1131,.T.);
#2743=EDGE_CURVE('',#2216,#2200,#1132,.T.);
#2744=EDGE_CURVE('',#2217,#2216,#1133,.T.);
#2745=EDGE_CURVE('',#2217,#2218,#1134,.T.);
#2746=EDGE_CURVE('',#2219,#2218,#1135,.T.);
#2747=EDGE_CURVE('',#2219,#2220,#1136,.T.);
#2748=EDGE_CURVE('',#2220,#2215,#1137,.T.);
#2749=EDGE_CURVE('',#2221,#2222,#132,.T.);
#2750=EDGE_CURVE('',#2222,#2223,#962,.T.);
#2751=EDGE_CURVE('',#2223,#2224,#1138,.T.);
#2752=EDGE_CURVE('',#2224,#2225,#963,.T.);
#2753=EDGE_CURVE('',#2225,#2221,#1139,.T.);
#2754=EDGE_CURVE('',#2226,#2223,#98,.T.);
#2755=EDGE_CURVE('',#2227,#2226,#1140,.T.);
#2756=EDGE_CURVE('',#2227,#2224,#99,.T.);
#2757=EDGE_CURVE('',#2228,#2229,#1141,.T.);
#2758=EDGE_CURVE('',#2230,#2228,#1142,.T.);
#2759=EDGE_CURVE('',#2231,#2230,#1143,.T.);
#2760=EDGE_CURVE('',#2232,#2231,#1144,.T.);
#2761=EDGE_CURVE('',#2233,#2232,#1145,.T.);
#2762=EDGE_CURVE('',#2234,#2233,#1146,.T.);
#2763=EDGE_CURVE('',#2235,#2234,#1147,.T.);
#2764=EDGE_CURVE('',#2236,#2235,#1148,.T.);
#2765=EDGE_CURVE('',#2237,#2236,#1149,.T.);
#2766=EDGE_CURVE('',#2238,#2237,#1150,.T.);
#2767=EDGE_CURVE('',#2239,#2238,#1151,.T.);
#2768=EDGE_CURVE('',#2240,#2239,#1152,.T.);
#2769=EDGE_CURVE('',#2241,#2240,#1153,.T.);
#2770=EDGE_CURVE('',#2242,#2241,#1154,.T.);
#2771=EDGE_CURVE('',#2243,#2242,#1155,.T.);
#2772=EDGE_CURVE('',#2244,#2243,#1156,.T.);
#2773=EDGE_CURVE('',#2245,#2244,#1157,.T.);
#2774=EDGE_CURVE('',#2246,#2245,#1863,.T.);
#2775=EDGE_CURVE('',#2247,#2246,#1158,.T.);
#2776=EDGE_CURVE('',#2229,#2247,#1159,.T.);
#2777=EDGE_CURVE('',#2248,#2249,#1160,.T.);
#2778=EDGE_CURVE('',#2250,#2248,#1161,.T.);
#2779=EDGE_CURVE('',#2249,#2250,#1864,.T.);
#2780=EDGE_CURVE('',#2251,#2225,#1865,.T.);
#2781=EDGE_CURVE('',#2252,#2251,#1162,.T.);
#2782=EDGE_CURVE('',#2221,#2252,#1163,.T.);
#2783=EDGE_CURVE('',#2249,#2253,#964,.T.);
#2784=EDGE_CURVE('',#2253,#2254,#1164,.T.);
#2785=EDGE_CURVE('',#2254,#2248,#133,.T.);
#2786=EDGE_CURVE('',#2255,#2253,#1866,.T.);
#2787=EDGE_CURVE('',#2255,#2250,#965,.T.);
#2788=EDGE_CURVE('',#2254,#2255,#1165,.T.);
#2789=EDGE_CURVE('',#2256,#2254,#1166,.T.);
#2790=EDGE_CURVE('',#2257,#2256,#1167,.T.);
#2791=EDGE_CURVE('',#2257,#2255,#100,.T.);
#2792=EDGE_CURVE('',#2258,#2253,#101,.T.);
#2793=EDGE_CURVE('',#2256,#2258,#1168,.T.);
#2794=EDGE_CURVE('',#2251,#2259,#966,.T.);
#2795=EDGE_CURVE('',#2259,#2260,#1169,.T.);
#2796=EDGE_CURVE('',#2260,#2252,#134,.T.);
#2797=EDGE_CURVE('',#2261,#2222,#967,.T.);
#2798=EDGE_CURVE('',#2261,#2259,#1867,.T.);
#2799=EDGE_CURVE('',#2224,#2223,#1868,.T.);
#2800=EDGE_CURVE('',#2260,#2261,#1170,.T.);
#2801=EDGE_CURVE('',#2262,#2260,#1171,.T.);
#2802=EDGE_CURVE('',#2263,#2262,#1172,.T.);
#2803=EDGE_CURVE('',#2263,#2261,#102,.T.);
#2804=EDGE_CURVE('',#2264,#2259,#103,.T.);
#2805=EDGE_CURVE('',#2262,#2264,#1173,.T.);
#2806=EDGE_CURVE('',#2238,#2265,#135,.T.);
#2807=EDGE_CURVE('',#2265,#2266,#1174,.T.);
#2808=EDGE_CURVE('',#2239,#2266,#136,.T.);
#2809=EDGE_CURVE('',#2181,#2267,#1869,.T.);
#2810=EDGE_CURVE('',#2267,#2241,#137,.T.);
#2811=EDGE_CURVE('',#2240,#2182,#138,.T.);
#2812=EDGE_CURVE('',#2237,#2268,#139,.T.);
#2813=EDGE_CURVE('',#2268,#2265,#1175,.T.);
#2814=EDGE_CURVE('',#2236,#2269,#140,.T.);
#2815=EDGE_CURVE('',#2269,#2268,#1176,.T.);
#2816=EDGE_CURVE('',#2235,#2270,#141,.T.);
#2817=EDGE_CURVE('',#2270,#2269,#1177,.T.);
#2818=EDGE_CURVE('',#2234,#2271,#142,.T.);
#2819=EDGE_CURVE('',#2271,#2270,#1178,.T.);
#2820=EDGE_CURVE('',#2233,#2272,#143,.T.);
#2821=EDGE_CURVE('',#2272,#2271,#1179,.T.);
#2822=EDGE_CURVE('',#2232,#2273,#144,.T.);
#2823=EDGE_CURVE('',#2273,#2272,#1180,.T.);
#2824=EDGE_CURVE('',#2231,#2218,#145,.T.);
#2825=EDGE_CURVE('',#2218,#2273,#1181,.T.);
#2826=EDGE_CURVE('',#2211,#2274,#1870,.T.);
#2827=EDGE_CURVE('',#2274,#2228,#146,.T.);
#2828=EDGE_CURVE('',#2229,#2212,#147,.T.);
#2829=EDGE_CURVE('',#2274,#2275,#1182,.T.);
#2830=EDGE_CURVE('',#2275,#2230,#148,.T.);
#2831=EDGE_CURVE('',#2275,#2219,#1871,.T.);
#2832=EDGE_CURVE('',#2276,#2212,#1183,.T.);
#2833=EDGE_CURVE('',#2247,#2276,#149,.T.);
#2834=EDGE_CURVE('',#2277,#2276,#1184,.T.);
#2835=EDGE_CURVE('',#2246,#2277,#968,.T.);
#2836=EDGE_CURVE('',#2278,#2277,#1872,.T.);
#2837=EDGE_CURVE('',#2245,#2278,#969,.T.);
#2838=EDGE_CURVE('',#2279,#2278,#1185,.T.);
#2839=EDGE_CURVE('',#2244,#2279,#150,.T.);
#2840=EDGE_CURVE('',#2188,#2279,#1186,.T.);
#2841=EDGE_CURVE('',#2243,#2188,#151,.T.);
#2842=EDGE_CURVE('',#2242,#2280,#152,.T.);
#2843=EDGE_CURVE('',#2280,#2189,#1873,.T.);
#2844=EDGE_CURVE('',#2267,#2280,#1187,.T.);
#2845=EDGE_CURVE('',#2266,#2182,#1188,.T.);
#2846=EDGE_CURVE('',#2210,#2220,#1189,.T.);
#2847=EDGE_CURVE('',#2281,#2276,#1190,.T.);
#2848=EDGE_CURVE('',#2213,#2281,#1191,.T.);
#2849=EDGE_CURVE('',#2282,#2277,#104,.T.);
#2850=EDGE_CURVE('',#2281,#2282,#1192,.T.);
#2851=EDGE_CURVE('',#2283,#2278,#105,.T.);
#2852=EDGE_CURVE('',#2283,#2282,#1874,.T.);
#2853=EDGE_CURVE('',#2284,#2279,#1193,.T.);
#2854=EDGE_CURVE('',#2283,#2284,#1194,.T.);
#2855=EDGE_CURVE('',#2284,#2187,#1195,.T.);
#2856=EDGE_CURVE('',#2285,#2286,#1196,.T.);
#2857=EDGE_CURVE('',#2085,#2285,#1197,.T.);
#2858=EDGE_CURVE('',#2084,#2286,#1198,.T.);
#2859=EDGE_CURVE('',#2286,#2287,#1875,.T.);
#2860=EDGE_CURVE('',#2083,#2287,#1199,.T.);
#2861=EDGE_CURVE('',#2287,#2288,#1200,.T.);
#2862=EDGE_CURVE('',#2082,#2288,#1201,.T.);
#2863=EDGE_CURVE('',#2288,#2289,#1876,.T.);
#2864=EDGE_CURVE('',#2081,#2289,#1202,.T.);
#2865=EDGE_CURVE('',#2289,#2290,#1203,.T.);
#2866=EDGE_CURVE('',#2080,#2290,#1204,.T.);
#2867=EDGE_CURVE('',#2290,#2291,#1877,.T.);
#2868=EDGE_CURVE('',#2087,#2291,#1205,.T.);
#2869=EDGE_CURVE('',#2291,#2292,#1878,.T.);
#2870=EDGE_CURVE('',#2086,#2292,#1206,.T.);
#2871=EDGE_CURVE('',#2292,#2285,#1879,.T.);
#2872=EDGE_CURVE('',#2293,#2294,#1880,.T.);
#2873=EDGE_CURVE('',#2093,#2293,#1207,.T.);
#2874=EDGE_CURVE('',#2092,#2294,#1208,.T.);
#2875=EDGE_CURVE('',#2294,#2295,#1881,.T.);
#2876=EDGE_CURVE('',#2091,#2295,#1209,.T.);
#2877=EDGE_CURVE('',#2295,#2296,#1882,.T.);
#2878=EDGE_CURVE('',#2090,#2296,#1210,.T.);
#2879=EDGE_CURVE('',#2296,#2297,#1883,.T.);
#2880=EDGE_CURVE('',#2089,#2297,#1211,.T.);
#2881=EDGE_CURVE('',#2297,#2298,#1884,.T.);
#2882=EDGE_CURVE('',#2088,#2298,#1212,.T.);
#2883=EDGE_CURVE('',#2298,#2299,#1213,.T.);
#2884=EDGE_CURVE('',#2096,#2299,#1214,.T.);
#2885=EDGE_CURVE('',#2299,#2300,#1885,.T.);
#2886=EDGE_CURVE('',#2095,#2300,#1215,.T.);
#2887=EDGE_CURVE('',#2300,#2301,#1886,.T.);
#2888=EDGE_CURVE('',#2094,#2301,#1216,.T.);
#2889=EDGE_CURVE('',#2301,#2293,#1887,.T.);
#2890=EDGE_CURVE('',#2302,#2303,#1888,.T.);
#2891=EDGE_CURVE('',#2103,#2302,#1217,.T.);
#2892=EDGE_CURVE('',#2102,#2303,#1218,.T.);
#2893=EDGE_CURVE('',#2303,#2304,#1219,.T.);
#2894=EDGE_CURVE('',#2101,#2304,#1220,.T.);
#2895=EDGE_CURVE('',#2304,#2305,#1889,.T.);
#2896=EDGE_CURVE('',#2100,#2305,#1221,.T.);
#2897=EDGE_CURVE('',#2305,#2306,#1222,.T.);
#2898=EDGE_CURVE('',#2099,#2306,#1223,.T.);
#2899=EDGE_CURVE('',#2306,#2307,#1890,.T.);
#2900=EDGE_CURVE('',#2098,#2307,#1224,.T.);
#2901=EDGE_CURVE('',#2307,#2308,#1225,.T.);
#2902=EDGE_CURVE('',#2097,#2308,#1226,.T.);
#2903=EDGE_CURVE('',#2308,#2309,#1891,.T.);
#2904=EDGE_CURVE('',#2106,#2309,#1227,.T.);
#2905=EDGE_CURVE('',#2309,#2310,#1228,.T.);
#2906=EDGE_CURVE('',#2105,#2310,#1229,.T.);
#2907=EDGE_CURVE('',#2310,#2311,#1892,.T.);
#2908=EDGE_CURVE('',#2104,#2311,#1230,.T.);
#2909=EDGE_CURVE('',#2311,#2302,#1231,.T.);
#2910=EDGE_CURVE('',#2312,#2313,#1893,.T.);
#2911=EDGE_CURVE('',#2112,#2312,#1232,.T.);
#2912=EDGE_CURVE('',#2111,#2313,#1233,.T.);
#2913=EDGE_CURVE('',#2313,#2314,#1894,.T.);
#2914=EDGE_CURVE('',#2110,#2314,#1234,.T.);
#2915=EDGE_CURVE('',#2314,#2315,#1895,.T.);
#2916=EDGE_CURVE('',#2109,#2315,#1235,.T.);
#2917=EDGE_CURVE('',#2315,#2316,#1896,.T.);
#2918=EDGE_CURVE('',#2108,#2316,#1236,.T.);
#2919=EDGE_CURVE('',#2316,#2317,#1897,.T.);
#2920=EDGE_CURVE('',#2107,#2317,#1237,.T.);
#2921=EDGE_CURVE('',#2317,#2318,#1238,.T.);
#2922=EDGE_CURVE('',#2115,#2318,#1239,.T.);
#2923=EDGE_CURVE('',#2318,#2319,#1898,.T.);
#2924=EDGE_CURVE('',#2114,#2319,#1240,.T.);
#2925=EDGE_CURVE('',#2319,#2320,#1899,.T.);
#2926=EDGE_CURVE('',#2113,#2320,#1241,.T.);
#2927=EDGE_CURVE('',#2320,#2312,#1900,.T.);
#2928=EDGE_CURVE('',#2160,#2321,#1242,.T.);
#2929=EDGE_CURVE('',#2321,#2321,#1901,.T.);
#2930=EDGE_CURVE('',#2159,#2322,#1243,.T.);
#2931=EDGE_CURVE('',#2322,#2322,#1902,.T.);
#2932=EDGE_CURVE('',#2158,#2323,#1244,.T.);
#2933=EDGE_CURVE('',#2323,#2323,#1903,.T.);
#2934=EDGE_CURVE('',#2180,#2190,#1245,.T.);
#2935=EDGE_CURVE('',#2324,#2324,#1904,.T.);
#2936=EDGE_CURVE('',#2324,#2325,#1246,.T.);
#2937=EDGE_CURVE('',#2325,#2325,#1905,.T.);
#2938=EDGE_CURVE('',#2326,#2326,#1906,.T.);
#2939=EDGE_CURVE('',#2326,#2327,#1247,.T.);
#2940=EDGE_CURVE('',#2327,#2327,#1907,.T.);
#2941=EDGE_CURVE('',#2154,#2328,#1908,.T.);
#2942=EDGE_CURVE('',#2328,#2329,#1248,.T.);
#2943=EDGE_CURVE('',#2329,#2330,#1249,.T.);
#2944=EDGE_CURVE('',#2330,#2331,#1250,.T.);
#2945=EDGE_CURVE('',#2331,#2184,#1251,.T.);
#2946=EDGE_CURVE('',#2183,#2332,#1252,.T.);
#2947=EDGE_CURVE('',#2332,#2333,#1253,.T.);
#2948=EDGE_CURVE('',#2333,#2334,#1254,.T.);
#2949=EDGE_CURVE('',#2334,#2335,#1255,.T.);
#2950=EDGE_CURVE('',#2335,#2336,#1256,.T.);
#2951=EDGE_CURVE('',#2336,#2337,#1257,.T.);
#2952=EDGE_CURVE('',#2337,#2338,#1258,.T.);
#2953=EDGE_CURVE('',#2338,#2339,#1259,.T.);
#2954=EDGE_CURVE('',#2339,#2217,#1260,.T.);
#2955=EDGE_CURVE('',#2216,#2340,#1261,.T.);
#2956=EDGE_CURVE('',#2340,#2341,#1262,.T.);
#2957=EDGE_CURVE('',#2341,#2342,#1263,.T.);
#2958=EDGE_CURVE('',#2342,#2156,#1264,.T.);
#2959=EDGE_CURVE('',#2343,#2343,#1909,.T.);
#2960=EDGE_CURVE('',#2344,#2344,#1910,.T.);
#2961=EDGE_CURVE('',#2345,#2345,#1911,.T.);
#2962=EDGE_CURVE('',#2346,#2346,#1912,.T.);
#2963=EDGE_CURVE('',#2347,#2348,#1265,.T.);
#2964=EDGE_CURVE('',#2348,#2349,#1266,.T.);
#2965=EDGE_CURVE('',#2349,#2350,#1267,.T.);
#2966=EDGE_CURVE('',#2350,#2347,#1268,.T.);
#2967=EDGE_CURVE('',#2351,#2351,#1913,.T.);
#2968=EDGE_CURVE('',#2352,#2352,#1914,.T.);
#2969=EDGE_CURVE('',#2353,#2353,#1915,.T.);
#2970=EDGE_CURVE('',#2354,#2354,#1916,.T.);
#2971=EDGE_CURVE('',#2355,#2355,#1917,.T.);
#2972=EDGE_CURVE('',#2356,#2356,#1918,.T.);
#2973=EDGE_CURVE('',#2357,#2357,#1919,.T.);
#2974=EDGE_CURVE('',#2358,#2358,#1920,.T.);
#2975=EDGE_CURVE('',#2359,#2359,#1921,.T.);
#2976=EDGE_CURVE('',#2360,#2360,#1922,.T.);
#2977=EDGE_CURVE('',#2360,#2359,#1269,.T.);
#2978=EDGE_CURVE('',#2361,#2361,#1923,.T.);
#2979=EDGE_CURVE('',#2362,#2362,#1924,.T.);
#2980=EDGE_CURVE('',#2362,#2358,#1270,.T.);
#2981=EDGE_CURVE('',#2363,#2363,#1925,.T.);
#2982=EDGE_CURVE('',#2364,#2364,#1926,.T.);
#2983=EDGE_CURVE('',#2364,#2357,#1271,.T.);
#2984=EDGE_CURVE('',#2365,#2365,#1927,.T.);
#2985=EDGE_CURVE('',#2366,#2366,#1928,.T.);
#2986=EDGE_CURVE('',#2366,#2356,#1272,.T.);
#2987=EDGE_CURVE('',#2367,#2367,#1929,.T.);
#2988=EDGE_CURVE('',#2368,#2368,#1930,.T.);
#2989=EDGE_CURVE('',#2368,#2355,#1273,.T.);
#2990=EDGE_CURVE('',#2369,#2369,#1931,.T.);
#2991=EDGE_CURVE('',#2370,#2370,#1932,.T.);
#2992=EDGE_CURVE('',#2370,#2354,#1274,.T.);
#2993=EDGE_CURVE('',#2371,#2371,#1933,.T.);
#2994=EDGE_CURVE('',#2372,#2372,#1934,.T.);
#2995=EDGE_CURVE('',#2372,#2353,#1275,.T.);
#2996=EDGE_CURVE('',#2373,#2373,#1935,.T.);
#2997=EDGE_CURVE('',#2374,#2374,#1936,.T.);
#2998=EDGE_CURVE('',#2374,#2352,#1276,.T.);
#2999=EDGE_CURVE('',#2375,#2375,#1937,.T.);
#3000=EDGE_CURVE('',#2376,#2376,#1938,.T.);
#3001=EDGE_CURVE('',#2376,#2351,#1277,.T.);
#3002=EDGE_CURVE('',#2377,#2377,#1939,.T.);
#3003=EDGE_CURVE('',#2378,#2378,#1940,.T.);
#3004=EDGE_CURVE('',#2378,#2379,#1278,.T.);
#3005=EDGE_CURVE('',#2379,#2379,#1941,.T.);
#3006=EDGE_CURVE('',#2380,#2380,#1942,.T.);
#3007=EDGE_CURVE('',#2380,#2343,#1279,.T.);
#3008=EDGE_CURVE('',#2381,#2381,#1943,.T.);
#3009=EDGE_CURVE('',#2381,#2344,#1280,.T.);
#3010=EDGE_CURVE('',#2382,#2382,#1944,.T.);
#3011=EDGE_CURVE('',#2383,#2383,#1945,.T.);
#3012=EDGE_CURVE('',#2383,#2345,#1281,.T.);
#3013=EDGE_CURVE('',#2384,#2384,#1946,.T.);
#3014=EDGE_CURVE('',#2385,#2385,#1947,.T.);
#3015=EDGE_CURVE('',#2385,#2346,#1282,.T.);
#3016=EDGE_CURVE('',#2386,#2386,#1948,.T.);
#3017=EDGE_CURVE('',#2340,#2205,#1283,.T.);
#3018=EDGE_CURVE('',#2339,#2273,#1284,.T.);
#3019=EDGE_CURVE('',#2338,#2272,#1285,.T.);
#3020=EDGE_CURVE('',#2337,#2271,#1286,.T.);
#3021=EDGE_CURVE('',#2336,#2270,#1287,.T.);
#3022=EDGE_CURVE('',#2335,#2269,#1288,.T.);
#3023=EDGE_CURVE('',#2334,#2268,#1289,.T.);
#3024=EDGE_CURVE('',#2333,#2265,#1290,.T.);
#3025=EDGE_CURVE('',#2332,#2266,#1291,.T.);
#3026=EDGE_CURVE('',#2331,#2163,#1292,.T.);
#3027=EDGE_CURVE('',#2330,#2164,#1293,.T.);
#3028=EDGE_CURVE('',#2387,#2329,#1294,.T.);
#3029=EDGE_CURVE('',#2388,#2387,#1295,.T.);
#3030=EDGE_CURVE('',#2388,#2177,#1296,.T.);
#3031=EDGE_CURVE('',#2389,#2390,#1297,.T.);
#3032=EDGE_CURVE('',#2389,#2391,#1298,.T.);
#3033=EDGE_CURVE('',#2392,#2391,#1299,.T.);
#3034=EDGE_CURVE('',#2390,#2392,#1300,.T.);
#3035=EDGE_CURVE('',#2262,#2137,#1301,.T.);
#3036=EDGE_CURVE('',#2263,#2139,#1302,.T.);
#3037=EDGE_CURVE('',#2264,#2263,#1949,.T.);
#3038=EDGE_CURVE('',#2264,#2138,#1303,.T.);
#3039=EDGE_CURVE('',#2256,#2134,#1304,.T.);
#3040=EDGE_CURVE('',#2257,#2136,#1305,.T.);
#3041=EDGE_CURVE('',#2258,#2257,#1950,.T.);
#3042=EDGE_CURVE('',#2258,#2135,#1306,.T.);
#3043=EDGE_CURVE('',#2226,#2132,#1307,.T.);
#3044=EDGE_CURVE('',#2227,#2133,#1308,.T.);
#3045=EDGE_CURVE('',#2226,#2227,#1951,.T.);
#3046=EDGE_CURVE('',#2140,#2389,#1309,.T.);
#3047=EDGE_CURVE('',#2391,#2143,#1310,.T.);
#3048=EDGE_CURVE('',#2076,#2387,#1311,.T.);
#3049=EDGE_CURVE('',#2388,#2075,#1312,.T.);
#3050=EDGE_CURVE('',#2393,#2388,#1313,.T.);
#3051=EDGE_CURVE('',#2393,#2074,#1314,.T.);
#3052=EDGE_CURVE('',#2186,#2393,#1315,.T.);
#3053=EDGE_CURVE('',#2186,#2073,#1316,.T.);
#3054=EDGE_CURVE('',#2187,#2072,#1317,.T.);
#3055=EDGE_CURVE('',#2284,#2071,#1318,.T.);
#3056=EDGE_CURVE('',#2283,#2070,#1319,.T.);
#3057=EDGE_CURVE('',#2282,#2069,#1320,.T.);
#3058=EDGE_CURVE('',#2281,#2068,#1321,.T.);
#3059=EDGE_CURVE('',#2213,#2067,#1322,.T.);
#3060=EDGE_CURVE('',#2214,#2066,#1323,.T.);
#3061=EDGE_CURVE('',#2394,#2214,#1324,.T.);
#3062=EDGE_CURVE('',#2394,#2065,#1325,.T.);
#3063=EDGE_CURVE('',#2395,#2394,#1326,.T.);
#3064=EDGE_CURVE('',#2395,#2064,#1327,.T.);
#3065=EDGE_CURVE('',#2395,#2396,#1328,.T.);
#3066=EDGE_CURVE('',#2396,#2063,#1329,.T.);
#3067=EDGE_CURVE('',#2394,#2193,#1330,.T.);
#3068=EDGE_CURVE('',#2395,#2194,#1331,.T.);
#3069=EDGE_CURVE('',#2393,#2175,#1332,.T.);
#3070=EDGE_CURVE('',#2341,#2207,#1333,.T.);
#3071=EDGE_CURVE('',#2342,#2396,#1334,.T.);
#3072=EDGE_CURVE('',#2141,#2390,#1335,.T.);
#3073=EDGE_CURVE('',#2142,#2392,#1336,.T.);
#3074=EDGE_CURVE('',#2131,#2384,#1337,.T.);
#3075=EDGE_CURVE('',#2130,#2373,#1338,.T.);
#3076=EDGE_CURVE('',#2129,#2386,#1339,.T.);
#3077=EDGE_CURVE('',#2128,#2382,#1340,.T.);
#3078=EDGE_CURVE('',#2127,#2375,#1341,.T.);
#3079=EDGE_CURVE('',#2126,#2363,#1342,.T.);
#3080=EDGE_CURVE('',#2125,#2365,#1343,.T.);
#3081=EDGE_CURVE('',#2124,#2371,#1344,.T.);
#3082=EDGE_CURVE('',#2123,#2367,#1345,.T.);
#3083=EDGE_CURVE('',#2122,#2377,#1346,.T.);
#3084=EDGE_CURVE('',#2121,#2369,#1347,.T.);
#3085=EDGE_CURVE('',#2120,#2361,#1348,.T.);
#3086=EDGE_CURVE('',#2118,#2350,#1349,.T.);
#3087=EDGE_CURVE('',#2119,#2349,#1350,.T.);
#3088=EDGE_CURVE('',#2116,#2348,#1351,.T.);
#3089=EDGE_CURVE('',#2347,#2117,#1352,.T.);
#3090=EDGE_CURVE('',#2077,#2328,#1353,.T.);
#3091=EDGE_CURVE('',#2397,#2398,#1952,.T.);
#3092=EDGE_CURVE('',#2398,#2399,#1354,.T.);
#3093=EDGE_CURVE('',#2399,#2400,#1953,.T.);
#3094=EDGE_CURVE('',#2400,#2397,#1355,.T.);
#3095=EDGE_CURVE('',#2397,#2398,#1954,.T.);
#3096=EDGE_CURVE('',#2399,#2401,#1955,.T.);
#3097=EDGE_CURVE('',#2402,#2401,#1956,.T.);
#3098=EDGE_CURVE('',#2401,#2400,#1957,.T.);
#3099=EDGE_CURVE('',#2403,#2397,#1356,.T.);
#3100=EDGE_CURVE('',#2403,#2404,#1958,.T.);
#3101=EDGE_CURVE('',#2404,#2398,#1357,.T.);
#3102=EDGE_CURVE('',#2405,#2400,#1358,.T.);
#3103=EDGE_CURVE('',#2405,#2403,#1359,.T.);
#3104=EDGE_CURVE('',#2406,#2399,#1360,.T.);
#3105=EDGE_CURVE('',#2406,#2405,#1959,.T.);
#3106=EDGE_CURVE('',#2404,#2406,#1361,.T.);
#3107=EDGE_CURVE('',#2407,#2408,#1960,.T.);
#3108=EDGE_CURVE('',#2408,#2409,#1362,.T.);
#3109=EDGE_CURVE('',#2409,#2410,#1961,.T.);
#3110=EDGE_CURVE('',#2410,#2407,#1363,.T.);
#3111=EDGE_CURVE('',#2409,#2410,#1962,.T.);
#3112=EDGE_CURVE('',#2407,#2411,#1963,.T.);
#3113=EDGE_CURVE('',#2412,#2411,#1964,.T.);
#3114=EDGE_CURVE('',#2411,#2408,#1965,.T.);
#3115=EDGE_CURVE('',#2413,#2407,#1364,.T.);
#3116=EDGE_CURVE('',#2413,#2414,#1966,.T.);
#3117=EDGE_CURVE('',#2414,#2408,#1365,.T.);
#3118=EDGE_CURVE('',#2415,#2410,#1366,.T.);
#3119=EDGE_CURVE('',#2415,#2413,#1367,.T.);
#3120=EDGE_CURVE('',#2416,#2409,#1368,.T.);
#3121=EDGE_CURVE('',#2416,#2415,#1967,.T.);
#3122=EDGE_CURVE('',#2414,#2416,#1369,.T.);
#3123=ORIENTED_EDGE('',*,*,#2417,.F.);
#3124=ORIENTED_EDGE('',*,*,#2418,.T.);
#3125=ORIENTED_EDGE('',*,*,#2419,.F.);
#3126=ORIENTED_EDGE('',*,*,#2418,.F.);
#3127=ORIENTED_EDGE('',*,*,#2420,.F.);
#3128=ORIENTED_EDGE('',*,*,#2421,.T.);
#3129=ORIENTED_EDGE('',*,*,#2422,.F.);
#3130=ORIENTED_EDGE('',*,*,#2421,.F.);
#3131=ORIENTED_EDGE('',*,*,#2423,.T.);
#3132=ORIENTED_EDGE('',*,*,#2424,.T.);
#3133=ORIENTED_EDGE('',*,*,#2425,.F.);
#3134=ORIENTED_EDGE('',*,*,#2426,.F.);
#3135=ORIENTED_EDGE('',*,*,#2427,.F.);
#3136=ORIENTED_EDGE('',*,*,#2428,.T.);
#3137=ORIENTED_EDGE('',*,*,#2429,.T.);
#3138=ORIENTED_EDGE('',*,*,#2430,.T.);
#3139=ORIENTED_EDGE('',*,*,#2431,.F.);
#3140=ORIENTED_EDGE('',*,*,#2432,.F.);
#3141=ORIENTED_EDGE('',*,*,#2433,.F.);
#3142=ORIENTED_EDGE('',*,*,#2434,.T.);
#3143=ORIENTED_EDGE('',*,*,#2425,.T.);
#3144=ORIENTED_EDGE('',*,*,#2435,.T.);
#3145=ORIENTED_EDGE('',*,*,#2433,.T.);
#3146=ORIENTED_EDGE('',*,*,#2436,.T.);
#3147=ORIENTED_EDGE('',*,*,#2437,.T.);
#3148=ORIENTED_EDGE('',*,*,#2438,.T.);
#3149=ORIENTED_EDGE('',*,*,#2439,.F.);
#3150=ORIENTED_EDGE('',*,*,#2440,.F.);
#3151=ORIENTED_EDGE('',*,*,#2441,.F.);
#3152=ORIENTED_EDGE('',*,*,#2442,.T.);
#3153=ORIENTED_EDGE('',*,*,#2439,.T.);
#3154=ORIENTED_EDGE('',*,*,#2443,.T.);
#3155=ORIENTED_EDGE('',*,*,#2427,.T.);
#3156=ORIENTED_EDGE('',*,*,#2444,.T.);
#3157=ORIENTED_EDGE('',*,*,#2445,.T.);
#3158=ORIENTED_EDGE('',*,*,#2446,.T.);
#3159=ORIENTED_EDGE('',*,*,#2440,.T.);
#3160=ORIENTED_EDGE('',*,*,#2447,.T.);
#3161=ORIENTED_EDGE('',*,*,#2448,.F.);
#3162=ORIENTED_EDGE('',*,*,#2449,.T.);
#3163=ORIENTED_EDGE('',*,*,#2445,.F.);
#3164=ORIENTED_EDGE('',*,*,#2450,.T.);
#3165=ORIENTED_EDGE('',*,*,#2451,.T.);
#3166=ORIENTED_EDGE('',*,*,#2452,.T.);
#3167=ORIENTED_EDGE('',*,*,#2453,.T.);
#3168=ORIENTED_EDGE('',*,*,#2454,.F.);
#3169=ORIENTED_EDGE('',*,*,#2455,.F.);
#3170=ORIENTED_EDGE('',*,*,#2456,.F.);
#3171=ORIENTED_EDGE('',*,*,#2457,.T.);
#3172=ORIENTED_EDGE('',*,*,#2454,.T.);
#3173=ORIENTED_EDGE('',*,*,#2458,.T.);
#3174=ORIENTED_EDGE('',*,*,#2441,.T.);
#3175=ORIENTED_EDGE('',*,*,#2459,.T.);
#3176=ORIENTED_EDGE('',*,*,#2460,.F.);
#3177=ORIENTED_EDGE('',*,*,#2461,.T.);
#3178=ORIENTED_EDGE('',*,*,#2462,.T.);
#3179=ORIENTED_EDGE('',*,*,#2463,.T.);
#3180=ORIENTED_EDGE('',*,*,#2464,.T.);
#3181=ORIENTED_EDGE('',*,*,#2455,.T.);
#3182=ORIENTED_EDGE('',*,*,#2465,.T.);
#3183=ORIENTED_EDGE('',*,*,#2462,.F.);
#3184=ORIENTED_EDGE('',*,*,#2466,.T.);
#3185=ORIENTED_EDGE('',*,*,#2431,.T.);
#3186=ORIENTED_EDGE('',*,*,#2467,.T.);
#3187=ORIENTED_EDGE('',*,*,#2456,.T.);
#3188=ORIENTED_EDGE('',*,*,#2468,.T.);
#3189=ORIENTED_EDGE('',*,*,#2469,.T.);
#3190=ORIENTED_EDGE('',*,*,#2470,.T.);
#3191=ORIENTED_EDGE('',*,*,#2432,.T.);
#3192=ORIENTED_EDGE('',*,*,#2471,.T.);
#3193=ORIENTED_EDGE('',*,*,#2472,.F.);
#3194=ORIENTED_EDGE('',*,*,#2473,.T.);
#3195=ORIENTED_EDGE('',*,*,#2469,.F.);
#3196=ORIENTED_EDGE('',*,*,#2474,.T.);
#3197=ORIENTED_EDGE('',*,*,#2475,.T.);
#3198=ORIENTED_EDGE('',*,*,#2476,.F.);
#3199=ORIENTED_EDGE('',*,*,#2477,.T.);
#3200=ORIENTED_EDGE('',*,*,#2478,.T.);
#3201=ORIENTED_EDGE('',*,*,#2479,.T.);
#3202=ORIENTED_EDGE('',*,*,#2480,.T.);
#3203=ORIENTED_EDGE('',*,*,#2426,.T.);
#3204=ORIENTED_EDGE('',*,*,#2481,.T.);
#3205=ORIENTED_EDGE('',*,*,#2478,.F.);
#3206=ORIENTED_EDGE('',*,*,#2482,.T.);
#3207=ORIENTED_EDGE('',*,*,#2465,.F.);
#3208=ORIENTED_EDGE('',*,*,#2459,.F.);
#3209=ORIENTED_EDGE('',*,*,#2446,.F.);
#3210=ORIENTED_EDGE('',*,*,#2483,.F.);
#3211=ORIENTED_EDGE('',*,*,#2463,.F.);
#3212=ORIENTED_EDGE('',*,*,#2483,.T.);
#3213=ORIENTED_EDGE('',*,*,#2449,.F.);
#3214=ORIENTED_EDGE('',*,*,#2484,.T.);
#3215=ORIENTED_EDGE('',*,*,#2450,.F.);
#3216=ORIENTED_EDGE('',*,*,#2447,.F.);
#3217=ORIENTED_EDGE('',*,*,#2444,.F.);
#3218=ORIENTED_EDGE('',*,*,#2482,.F.);
#3219=ORIENTED_EDGE('',*,*,#2477,.F.);
#3220=ORIENTED_EDGE('',*,*,#2485,.F.);
#3221=ORIENTED_EDGE('',*,*,#2486,.T.);
#3222=ORIENTED_EDGE('',*,*,#2487,.T.);
#3223=ORIENTED_EDGE('',*,*,#2488,.T.);
#3224=ORIENTED_EDGE('',*,*,#2489,.T.);
#3225=ORIENTED_EDGE('',*,*,#2490,.T.);
#3226=ORIENTED_EDGE('',*,*,#2491,.T.);
#3227=ORIENTED_EDGE('',*,*,#2490,.F.);
#3228=ORIENTED_EDGE('',*,*,#2492,.F.);
#3229=ORIENTED_EDGE('',*,*,#2493,.F.);
#3230=ORIENTED_EDGE('',*,*,#2494,.F.);
#3231=ORIENTED_EDGE('',*,*,#2495,.T.);
#3232=ORIENTED_EDGE('',*,*,#2496,.T.);
#3233=ORIENTED_EDGE('',*,*,#2489,.F.);
#3234=ORIENTED_EDGE('',*,*,#2497,.F.);
#3235=ORIENTED_EDGE('',*,*,#2498,.F.);
#3236=ORIENTED_EDGE('',*,*,#2499,.F.);
#3237=ORIENTED_EDGE('',*,*,#2500,.F.);
#3238=ORIENTED_EDGE('',*,*,#2492,.T.);
#3239=ORIENTED_EDGE('',*,*,#2488,.F.);
#3240=ORIENTED_EDGE('',*,*,#2501,.T.);
#3241=ORIENTED_EDGE('',*,*,#2502,.F.);
#3242=ORIENTED_EDGE('',*,*,#2497,.T.);
#3243=ORIENTED_EDGE('',*,*,#2503,.T.);
#3244=ORIENTED_EDGE('',*,*,#2504,.T.);
#3245=ORIENTED_EDGE('',*,*,#2498,.T.);
#3246=ORIENTED_EDGE('',*,*,#2502,.T.);
#3247=ORIENTED_EDGE('',*,*,#2505,.T.);
#3248=ORIENTED_EDGE('',*,*,#2506,.T.);
#3249=ORIENTED_EDGE('',*,*,#2507,.T.);
#3250=ORIENTED_EDGE('',*,*,#2486,.F.);
#3251=ORIENTED_EDGE('',*,*,#2508,.T.);
#3252=ORIENTED_EDGE('',*,*,#2509,.T.);
#3253=ORIENTED_EDGE('',*,*,#2510,.T.);
#3254=ORIENTED_EDGE('',*,*,#2506,.F.);
#3255=ORIENTED_EDGE('',*,*,#2511,.T.);
#3256=ORIENTED_EDGE('',*,*,#2504,.F.);
#3257=ORIENTED_EDGE('',*,*,#2512,.T.);
#3258=ORIENTED_EDGE('',*,*,#2513,.T.);
#3259=ORIENTED_EDGE('',*,*,#2514,.F.);
#3260=ORIENTED_EDGE('',*,*,#2515,.T.);
#3261=ORIENTED_EDGE('',*,*,#2516,.T.);
#3262=ORIENTED_EDGE('',*,*,#2517,.F.);
#3263=ORIENTED_EDGE('',*,*,#2518,.F.);
#3264=ORIENTED_EDGE('',*,*,#2519,.F.);
#3265=ORIENTED_EDGE('',*,*,#2499,.T.);
#3266=ORIENTED_EDGE('',*,*,#2503,.F.);
#3267=ORIENTED_EDGE('',*,*,#2520,.F.);
#3268=ORIENTED_EDGE('',*,*,#2521,.F.);
#3269=ORIENTED_EDGE('',*,*,#2512,.F.);
#3270=ORIENTED_EDGE('',*,*,#2507,.F.);
#3271=ORIENTED_EDGE('',*,*,#2510,.F.);
#3272=ORIENTED_EDGE('',*,*,#2522,.T.);
#3273=ORIENTED_EDGE('',*,*,#2523,.F.);
#3274=ORIENTED_EDGE('',*,*,#2524,.T.);
#3275=ORIENTED_EDGE('',*,*,#2525,.F.);
#3276=ORIENTED_EDGE('',*,*,#2520,.T.);
#3277=ORIENTED_EDGE('',*,*,#2509,.F.);
#3278=ORIENTED_EDGE('',*,*,#2526,.F.);
#3279=ORIENTED_EDGE('',*,*,#2527,.F.);
#3280=ORIENTED_EDGE('',*,*,#2528,.F.);
#3281=ORIENTED_EDGE('',*,*,#2522,.F.);
#3282=ORIENTED_EDGE('',*,*,#2487,.F.);
#3283=ORIENTED_EDGE('',*,*,#2511,.F.);
#3284=ORIENTED_EDGE('',*,*,#2505,.F.);
#3285=ORIENTED_EDGE('',*,*,#2501,.F.);
#3286=ORIENTED_EDGE('',*,*,#2419,.T.);
#3287=ORIENTED_EDGE('',*,*,#2422,.T.);
#3288=ORIENTED_EDGE('',*,*,#2424,.F.);
#3289=ORIENTED_EDGE('',*,*,#2423,.F.);
#3290=ORIENTED_EDGE('',*,*,#2428,.F.);
#3291=ORIENTED_EDGE('',*,*,#2443,.F.);
#3292=ORIENTED_EDGE('',*,*,#2438,.F.);
#3293=ORIENTED_EDGE('',*,*,#2437,.F.);
#3294=ORIENTED_EDGE('',*,*,#2442,.F.);
#3295=ORIENTED_EDGE('',*,*,#2458,.F.);
#3296=ORIENTED_EDGE('',*,*,#2453,.F.);
#3297=ORIENTED_EDGE('',*,*,#2452,.F.);
#3298=ORIENTED_EDGE('',*,*,#2457,.F.);
#3299=ORIENTED_EDGE('',*,*,#2467,.F.);
#3300=ORIENTED_EDGE('',*,*,#2430,.F.);
#3301=ORIENTED_EDGE('',*,*,#2429,.F.);
#3302=ORIENTED_EDGE('',*,*,#2434,.F.);
#3303=ORIENTED_EDGE('',*,*,#2435,.F.);
#3304=ORIENTED_EDGE('',*,*,#2473,.F.);
#3305=ORIENTED_EDGE('',*,*,#2529,.T.);
#3306=ORIENTED_EDGE('',*,*,#2479,.F.);
#3307=ORIENTED_EDGE('',*,*,#2530,.T.);
#3308=ORIENTED_EDGE('',*,*,#2470,.F.);
#3309=ORIENTED_EDGE('',*,*,#2530,.F.);
#3310=ORIENTED_EDGE('',*,*,#2481,.F.);
#3311=ORIENTED_EDGE('',*,*,#2436,.F.);
#3312=ORIENTED_EDGE('',*,*,#2461,.F.);
#3313=ORIENTED_EDGE('',*,*,#2531,.F.);
#3314=ORIENTED_EDGE('',*,*,#2474,.F.);
#3315=ORIENTED_EDGE('',*,*,#2471,.F.);
#3316=ORIENTED_EDGE('',*,*,#2468,.F.);
#3317=ORIENTED_EDGE('',*,*,#2466,.F.);
#3318=ORIENTED_EDGE('',*,*,#2532,.T.);
#3319=ORIENTED_EDGE('',*,*,#2523,.T.);
#3320=ORIENTED_EDGE('',*,*,#2528,.T.);
#3321=ORIENTED_EDGE('',*,*,#2533,.F.);
#3322=ORIENTED_EDGE('',*,*,#2534,.F.);
#3323=ORIENTED_EDGE('',*,*,#2535,.F.);
#3324=ORIENTED_EDGE('',*,*,#2536,.T.);
#3325=ORIENTED_EDGE('',*,*,#2464,.F.);
#3326=ORIENTED_EDGE('',*,*,#2484,.F.);
#3327=ORIENTED_EDGE('',*,*,#2448,.T.);
#3328=ORIENTED_EDGE('',*,*,#2485,.T.);
#3329=ORIENTED_EDGE('',*,*,#2476,.T.);
#3330=ORIENTED_EDGE('',*,*,#2537,.T.);
#3331=ORIENTED_EDGE('',*,*,#2524,.F.);
#3332=ORIENTED_EDGE('',*,*,#2532,.F.);
#3333=ORIENTED_EDGE('',*,*,#2451,.F.);
#3334=ORIENTED_EDGE('',*,*,#2417,.T.);
#3335=ORIENTED_EDGE('',*,*,#2420,.T.);
#3336=ORIENTED_EDGE('',*,*,#2538,.T.);
#3337=ORIENTED_EDGE('',*,*,#2539,.T.);
#3338=ORIENTED_EDGE('',*,*,#2515,.F.);
#3339=ORIENTED_EDGE('',*,*,#2540,.T.);
#3340=ORIENTED_EDGE('',*,*,#2541,.F.);
#3341=ORIENTED_EDGE('',*,*,#2542,.T.);
#3342=ORIENTED_EDGE('',*,*,#2543,.T.);
#3343=ORIENTED_EDGE('',*,*,#2514,.T.);
#3344=ORIENTED_EDGE('',*,*,#2544,.T.);
#3345=ORIENTED_EDGE('',*,*,#2545,.T.);
#3346=ORIENTED_EDGE('',*,*,#2540,.F.);
#3347=ORIENTED_EDGE('',*,*,#2546,.T.);
#3348=ORIENTED_EDGE('',*,*,#2547,.F.);
#3349=ORIENTED_EDGE('',*,*,#2544,.F.);
#3350=ORIENTED_EDGE('',*,*,#2513,.F.);
#3351=ORIENTED_EDGE('',*,*,#2521,.T.);
#3352=ORIENTED_EDGE('',*,*,#2525,.T.);
#3353=ORIENTED_EDGE('',*,*,#2537,.F.);
#3354=ORIENTED_EDGE('',*,*,#2480,.F.);
#3355=ORIENTED_EDGE('',*,*,#2529,.F.);
#3356=ORIENTED_EDGE('',*,*,#2472,.T.);
#3357=ORIENTED_EDGE('',*,*,#2538,.F.);
#3358=ORIENTED_EDGE('',*,*,#2548,.F.);
#3359=ORIENTED_EDGE('',*,*,#2549,.F.);
#3360=ORIENTED_EDGE('',*,*,#2550,.T.);
#3361=ORIENTED_EDGE('',*,*,#2551,.F.);
#3362=ORIENTED_EDGE('',*,*,#2552,.T.);
#3363=ORIENTED_EDGE('',*,*,#2553,.T.);
#3364=ORIENTED_EDGE('',*,*,#2554,.T.);
#3365=ORIENTED_EDGE('',*,*,#2555,.T.);
#3366=ORIENTED_EDGE('',*,*,#2556,.T.);
#3367=ORIENTED_EDGE('',*,*,#2557,.T.);
#3368=ORIENTED_EDGE('',*,*,#2558,.T.);
#3369=ORIENTED_EDGE('',*,*,#2559,.T.);
#3370=ORIENTED_EDGE('',*,*,#2560,.T.);
#3371=ORIENTED_EDGE('',*,*,#2561,.T.);
#3372=ORIENTED_EDGE('',*,*,#2562,.T.);
#3373=ORIENTED_EDGE('',*,*,#2563,.T.);
#3374=ORIENTED_EDGE('',*,*,#2564,.T.);
#3375=ORIENTED_EDGE('',*,*,#2565,.T.);
#3376=ORIENTED_EDGE('',*,*,#2566,.T.);
#3377=ORIENTED_EDGE('',*,*,#2567,.T.);
#3378=ORIENTED_EDGE('',*,*,#2568,.T.);
#3379=ORIENTED_EDGE('',*,*,#2569,.F.);
#3380=ORIENTED_EDGE('',*,*,#2570,.T.);
#3381=ORIENTED_EDGE('',*,*,#2571,.T.);
#3382=ORIENTED_EDGE('',*,*,#2572,.T.);
#3383=ORIENTED_EDGE('',*,*,#2573,.T.);
#3384=ORIENTED_EDGE('',*,*,#2574,.T.);
#3385=ORIENTED_EDGE('',*,*,#2575,.T.);
#3386=ORIENTED_EDGE('',*,*,#2576,.T.);
#3387=ORIENTED_EDGE('',*,*,#2577,.T.);
#3388=ORIENTED_EDGE('',*,*,#2578,.T.);
#3389=ORIENTED_EDGE('',*,*,#2579,.T.);
#3390=ORIENTED_EDGE('',*,*,#2580,.T.);
#3391=ORIENTED_EDGE('',*,*,#2581,.T.);
#3392=ORIENTED_EDGE('',*,*,#2582,.T.);
#3393=ORIENTED_EDGE('',*,*,#2583,.T.);
#3394=ORIENTED_EDGE('',*,*,#2584,.T.);
#3395=ORIENTED_EDGE('',*,*,#2585,.T.);
#3396=ORIENTED_EDGE('',*,*,#2586,.T.);
#3397=ORIENTED_EDGE('',*,*,#2587,.T.);
#3398=ORIENTED_EDGE('',*,*,#2588,.T.);
#3399=ORIENTED_EDGE('',*,*,#2589,.T.);
#3400=ORIENTED_EDGE('',*,*,#2590,.T.);
#3401=ORIENTED_EDGE('',*,*,#2591,.T.);
#3402=ORIENTED_EDGE('',*,*,#2592,.T.);
#3403=ORIENTED_EDGE('',*,*,#2593,.T.);
#3404=ORIENTED_EDGE('',*,*,#2594,.T.);
#3405=ORIENTED_EDGE('',*,*,#2595,.T.);
#3406=ORIENTED_EDGE('',*,*,#2596,.T.);
#3407=ORIENTED_EDGE('',*,*,#2597,.T.);
#3408=ORIENTED_EDGE('',*,*,#2598,.T.);
#3409=ORIENTED_EDGE('',*,*,#2599,.T.);
#3410=ORIENTED_EDGE('',*,*,#2600,.T.);
#3411=ORIENTED_EDGE('',*,*,#2601,.T.);
#3412=ORIENTED_EDGE('',*,*,#2602,.T.);
#3413=ORIENTED_EDGE('',*,*,#2603,.T.);
#3414=ORIENTED_EDGE('',*,*,#2604,.T.);
#3415=ORIENTED_EDGE('',*,*,#2605,.T.);
#3416=ORIENTED_EDGE('',*,*,#2606,.T.);
#3417=ORIENTED_EDGE('',*,*,#2607,.T.);
#3418=ORIENTED_EDGE('',*,*,#2608,.T.);
#3419=ORIENTED_EDGE('',*,*,#2609,.T.);
#3420=ORIENTED_EDGE('',*,*,#2610,.T.);
#3421=ORIENTED_EDGE('',*,*,#2611,.T.);
#3422=ORIENTED_EDGE('',*,*,#2612,.T.);
#3423=ORIENTED_EDGE('',*,*,#2613,.T.);
#3424=ORIENTED_EDGE('',*,*,#2614,.T.);
#3425=ORIENTED_EDGE('',*,*,#2615,.T.);
#3426=ORIENTED_EDGE('',*,*,#2616,.T.);
#3427=ORIENTED_EDGE('',*,*,#2617,.T.);
#3428=ORIENTED_EDGE('',*,*,#2618,.T.);
#3429=ORIENTED_EDGE('',*,*,#2619,.T.);
#3430=ORIENTED_EDGE('',*,*,#2620,.T.);
#3431=ORIENTED_EDGE('',*,*,#2621,.T.);
#3432=ORIENTED_EDGE('',*,*,#2622,.T.);
#3433=ORIENTED_EDGE('',*,*,#2623,.T.);
#3434=ORIENTED_EDGE('',*,*,#2624,.T.);
#3435=ORIENTED_EDGE('',*,*,#2625,.T.);
#3436=ORIENTED_EDGE('',*,*,#2626,.T.);
#3437=ORIENTED_EDGE('',*,*,#2627,.T.);
#3438=ORIENTED_EDGE('',*,*,#2628,.T.);
#3439=ORIENTED_EDGE('',*,*,#2629,.T.);
#3440=ORIENTED_EDGE('',*,*,#2630,.T.);
#3441=ORIENTED_EDGE('',*,*,#2631,.T.);
#3442=ORIENTED_EDGE('',*,*,#2632,.T.);
#3443=ORIENTED_EDGE('',*,*,#2633,.T.);
#3444=ORIENTED_EDGE('',*,*,#2634,.T.);
#3445=ORIENTED_EDGE('',*,*,#2635,.T.);
#3446=ORIENTED_EDGE('',*,*,#2543,.F.);
#3447=ORIENTED_EDGE('',*,*,#2636,.T.);
#3448=ORIENTED_EDGE('',*,*,#2637,.F.);
#3449=ORIENTED_EDGE('',*,*,#2548,.T.);
#3450=ORIENTED_EDGE('',*,*,#2542,.F.);
#3451=ORIENTED_EDGE('',*,*,#2638,.F.);
#3452=ORIENTED_EDGE('',*,*,#2639,.F.);
#3453=ORIENTED_EDGE('',*,*,#2636,.F.);
#3454=ORIENTED_EDGE('',*,*,#2545,.F.);
#3455=ORIENTED_EDGE('',*,*,#2547,.T.);
#3456=ORIENTED_EDGE('',*,*,#2640,.T.);
#3457=ORIENTED_EDGE('',*,*,#2535,.T.);
#3458=ORIENTED_EDGE('',*,*,#2641,.F.);
#3459=ORIENTED_EDGE('',*,*,#2642,.T.);
#3460=ORIENTED_EDGE('',*,*,#2638,.T.);
#3461=ORIENTED_EDGE('',*,*,#2541,.T.);
#3462=ORIENTED_EDGE('',*,*,#2531,.T.);
#3463=ORIENTED_EDGE('',*,*,#2460,.T.);
#3464=ORIENTED_EDGE('',*,*,#2536,.F.);
#3465=ORIENTED_EDGE('',*,*,#2640,.F.);
#3466=ORIENTED_EDGE('',*,*,#2546,.F.);
#3467=ORIENTED_EDGE('',*,*,#2475,.F.);
#3468=ORIENTED_EDGE('',*,*,#2637,.T.);
#3469=ORIENTED_EDGE('',*,*,#2639,.T.);
#3470=ORIENTED_EDGE('',*,*,#2642,.F.);
#3471=ORIENTED_EDGE('',*,*,#2643,.T.);
#3472=ORIENTED_EDGE('',*,*,#2644,.F.);
#3473=ORIENTED_EDGE('',*,*,#2645,.T.);
#3474=ORIENTED_EDGE('',*,*,#2549,.T.);
#3475=ORIENTED_EDGE('',*,*,#2641,.T.);
#3476=ORIENTED_EDGE('',*,*,#2534,.T.);
#3477=ORIENTED_EDGE('',*,*,#2646,.T.);
#3478=ORIENTED_EDGE('',*,*,#2643,.F.);
#3479=ORIENTED_EDGE('',*,*,#2645,.F.);
#3480=ORIENTED_EDGE('',*,*,#2647,.F.);
#3481=ORIENTED_EDGE('',*,*,#2648,.T.);
#3482=ORIENTED_EDGE('',*,*,#2550,.F.);
#3483=ORIENTED_EDGE('',*,*,#2646,.F.);
#3484=ORIENTED_EDGE('',*,*,#2533,.T.);
#3485=ORIENTED_EDGE('',*,*,#2527,.T.);
#3486=ORIENTED_EDGE('',*,*,#2495,.F.);
#3487=ORIENTED_EDGE('',*,*,#2649,.F.);
#3488=ORIENTED_EDGE('',*,*,#2650,.F.);
#3489=ORIENTED_EDGE('',*,*,#2647,.T.);
#3490=ORIENTED_EDGE('',*,*,#2644,.T.);
#3491=ORIENTED_EDGE('',*,*,#2493,.T.);
#3492=ORIENTED_EDGE('',*,*,#2500,.T.);
#3493=ORIENTED_EDGE('',*,*,#2519,.T.);
#3494=ORIENTED_EDGE('',*,*,#2651,.T.);
#3495=ORIENTED_EDGE('',*,*,#2652,.T.);
#3496=ORIENTED_EDGE('',*,*,#2569,.T.);
#3497=ORIENTED_EDGE('',*,*,#2653,.T.);
#3498=ORIENTED_EDGE('',*,*,#2654,.T.);
#3499=ORIENTED_EDGE('',*,*,#2655,.T.);
#3500=ORIENTED_EDGE('',*,*,#2656,.T.);
#3501=ORIENTED_EDGE('',*,*,#2517,.T.);
#3502=ORIENTED_EDGE('',*,*,#2657,.T.);
#3503=ORIENTED_EDGE('',*,*,#2654,.F.);
#3504=ORIENTED_EDGE('',*,*,#2539,.F.);
#3505=ORIENTED_EDGE('',*,*,#2570,.F.);
#3506=ORIENTED_EDGE('',*,*,#2652,.F.);
#3507=ORIENTED_EDGE('',*,*,#2657,.F.);
#3508=ORIENTED_EDGE('',*,*,#2516,.F.);
#3509=ORIENTED_EDGE('',*,*,#2648,.F.);
#3510=ORIENTED_EDGE('',*,*,#2650,.T.);
#3511=ORIENTED_EDGE('',*,*,#2658,.T.);
#3512=ORIENTED_EDGE('',*,*,#2659,.T.);
#3513=ORIENTED_EDGE('',*,*,#2551,.T.);
#3514=ORIENTED_EDGE('',*,*,#2659,.F.);
#3515=ORIENTED_EDGE('',*,*,#2660,.F.);
#3516=ORIENTED_EDGE('',*,*,#2661,.F.);
#3517=ORIENTED_EDGE('',*,*,#2552,.F.);
#3518=ORIENTED_EDGE('',*,*,#2491,.F.);
#3519=ORIENTED_EDGE('',*,*,#2496,.F.);
#3520=ORIENTED_EDGE('',*,*,#2526,.T.);
#3521=ORIENTED_EDGE('',*,*,#2508,.F.);
#3522=ORIENTED_EDGE('',*,*,#2635,.F.);
#3523=ORIENTED_EDGE('',*,*,#2662,.T.);
#3524=ORIENTED_EDGE('',*,*,#2663,.T.);
#3525=ORIENTED_EDGE('',*,*,#2662,.F.);
#3526=ORIENTED_EDGE('',*,*,#2663,.F.);
#3527=ORIENTED_EDGE('',*,*,#2664,.F.);
#3528=ORIENTED_EDGE('',*,*,#2665,.F.);
#3529=ORIENTED_EDGE('',*,*,#2666,.F.);
#3530=ORIENTED_EDGE('',*,*,#2667,.T.);
#3531=ORIENTED_EDGE('',*,*,#2668,.T.);
#3532=ORIENTED_EDGE('',*,*,#2669,.T.);
#3533=ORIENTED_EDGE('',*,*,#2670,.F.);
#3534=ORIENTED_EDGE('',*,*,#2671,.T.);
#3535=ORIENTED_EDGE('',*,*,#2672,.T.);
#3536=ORIENTED_EDGE('',*,*,#2673,.T.);
#3537=ORIENTED_EDGE('',*,*,#2668,.F.);
#3538=ORIENTED_EDGE('',*,*,#2674,.T.);
#3539=ORIENTED_EDGE('',*,*,#2675,.T.);
#3540=ORIENTED_EDGE('',*,*,#2676,.T.);
#3541=ORIENTED_EDGE('',*,*,#2677,.T.);
#3542=ORIENTED_EDGE('',*,*,#2678,.T.);
#3543=ORIENTED_EDGE('',*,*,#2679,.T.);
#3544=ORIENTED_EDGE('',*,*,#2676,.F.);
#3545=ORIENTED_EDGE('',*,*,#2680,.T.);
#3546=ORIENTED_EDGE('',*,*,#2681,.T.);
#3547=ORIENTED_EDGE('',*,*,#2682,.T.);
#3548=ORIENTED_EDGE('',*,*,#2681,.F.);
#3549=ORIENTED_EDGE('',*,*,#2683,.T.);
#3550=ORIENTED_EDGE('',*,*,#2684,.T.);
#3551=ORIENTED_EDGE('',*,*,#2672,.F.);
#3552=ORIENTED_EDGE('',*,*,#2685,.T.);
#3553=ORIENTED_EDGE('',*,*,#2678,.F.);
#3554=ORIENTED_EDGE('',*,*,#2686,.T.);
#3555=ORIENTED_EDGE('',*,*,#2687,.T.);
#3556=ORIENTED_EDGE('',*,*,#2688,.T.);
#3557=ORIENTED_EDGE('',*,*,#2687,.F.);
#3558=ORIENTED_EDGE('',*,*,#2689,.T.);
#3559=ORIENTED_EDGE('',*,*,#2690,.T.);
#3560=ORIENTED_EDGE('',*,*,#2691,.T.);
#3561=ORIENTED_EDGE('',*,*,#2690,.F.);
#3562=ORIENTED_EDGE('',*,*,#2692,.T.);
#3563=ORIENTED_EDGE('',*,*,#2670,.T.);
#3564=ORIENTED_EDGE('',*,*,#2684,.F.);
#3565=ORIENTED_EDGE('',*,*,#2693,.T.);
#3566=ORIENTED_EDGE('',*,*,#2694,.T.);
#3567=ORIENTED_EDGE('',*,*,#2695,.T.);
#3568=ORIENTED_EDGE('',*,*,#2696,.F.);
#3569=ORIENTED_EDGE('',*,*,#2697,.F.);
#3570=ORIENTED_EDGE('',*,*,#2698,.F.);
#3571=ORIENTED_EDGE('',*,*,#2699,.T.);
#3572=ORIENTED_EDGE('',*,*,#2683,.F.);
#3573=ORIENTED_EDGE('',*,*,#2680,.F.);
#3574=ORIENTED_EDGE('',*,*,#2675,.F.);
#3575=ORIENTED_EDGE('',*,*,#2700,.F.);
#3576=ORIENTED_EDGE('',*,*,#2701,.T.);
#3577=ORIENTED_EDGE('',*,*,#2693,.F.);
#3578=ORIENTED_EDGE('',*,*,#2674,.F.);
#3579=ORIENTED_EDGE('',*,*,#2702,.F.);
#3580=ORIENTED_EDGE('',*,*,#2703,.F.);
#3581=ORIENTED_EDGE('',*,*,#2704,.T.);
#3582=ORIENTED_EDGE('',*,*,#2705,.F.);
#3583=ORIENTED_EDGE('',*,*,#2706,.T.);
#3584=ORIENTED_EDGE('',*,*,#2707,.T.);
#3585=ORIENTED_EDGE('',*,*,#2700,.T.);
#3586=ORIENTED_EDGE('',*,*,#2677,.F.);
#3587=ORIENTED_EDGE('',*,*,#2679,.F.);
#3588=ORIENTED_EDGE('',*,*,#2682,.F.);
#3589=ORIENTED_EDGE('',*,*,#2671,.F.);
#3590=ORIENTED_EDGE('',*,*,#2667,.F.);
#3591=ORIENTED_EDGE('',*,*,#2692,.F.);
#3592=ORIENTED_EDGE('',*,*,#2689,.F.);
#3593=ORIENTED_EDGE('',*,*,#2686,.F.);
#3594=ORIENTED_EDGE('',*,*,#2708,.T.);
#3595=ORIENTED_EDGE('',*,*,#2709,.T.);
#3596=ORIENTED_EDGE('',*,*,#2710,.T.);
#3597=ORIENTED_EDGE('',*,*,#2711,.F.);
#3598=ORIENTED_EDGE('',*,*,#2712,.T.);
#3599=ORIENTED_EDGE('',*,*,#2713,.T.);
#3600=ORIENTED_EDGE('',*,*,#2714,.T.);
#3601=ORIENTED_EDGE('',*,*,#2709,.F.);
#3602=ORIENTED_EDGE('',*,*,#2715,.T.);
#3603=ORIENTED_EDGE('',*,*,#2716,.T.);
#3604=ORIENTED_EDGE('',*,*,#2717,.T.);
#3605=ORIENTED_EDGE('',*,*,#2718,.T.);
#3606=ORIENTED_EDGE('',*,*,#2713,.F.);
#3607=ORIENTED_EDGE('',*,*,#2719,.T.);
#3608=ORIENTED_EDGE('',*,*,#2720,.T.);
#3609=ORIENTED_EDGE('',*,*,#2721,.T.);
#3610=ORIENTED_EDGE('',*,*,#2722,.T.);
#3611=ORIENTED_EDGE('',*,*,#2723,.T.);
#3612=ORIENTED_EDGE('',*,*,#2724,.T.);
#3613=ORIENTED_EDGE('',*,*,#2721,.F.);
#3614=ORIENTED_EDGE('',*,*,#2725,.T.);
#3615=ORIENTED_EDGE('',*,*,#2716,.F.);
#3616=ORIENTED_EDGE('',*,*,#2726,.T.);
#3617=ORIENTED_EDGE('',*,*,#2723,.F.);
#3618=ORIENTED_EDGE('',*,*,#2727,.T.);
#3619=ORIENTED_EDGE('',*,*,#2728,.T.);
#3620=ORIENTED_EDGE('',*,*,#2729,.T.);
#3621=ORIENTED_EDGE('',*,*,#2728,.F.);
#3622=ORIENTED_EDGE('',*,*,#2730,.T.);
#3623=ORIENTED_EDGE('',*,*,#2731,.T.);
#3624=ORIENTED_EDGE('',*,*,#2732,.T.);
#3625=ORIENTED_EDGE('',*,*,#2731,.F.);
#3626=ORIENTED_EDGE('',*,*,#2733,.T.);
#3627=ORIENTED_EDGE('',*,*,#2711,.T.);
#3628=ORIENTED_EDGE('',*,*,#2718,.F.);
#3629=ORIENTED_EDGE('',*,*,#2734,.T.);
#3630=ORIENTED_EDGE('',*,*,#2735,.T.);
#3631=ORIENTED_EDGE('',*,*,#2736,.T.);
#3632=ORIENTED_EDGE('',*,*,#2737,.F.);
#3633=ORIENTED_EDGE('',*,*,#2738,.F.);
#3634=ORIENTED_EDGE('',*,*,#2739,.F.);
#3635=ORIENTED_EDGE('',*,*,#2740,.T.);
#3636=ORIENTED_EDGE('',*,*,#2717,.F.);
#3637=ORIENTED_EDGE('',*,*,#2725,.F.);
#3638=ORIENTED_EDGE('',*,*,#2720,.F.);
#3639=ORIENTED_EDGE('',*,*,#2741,.F.);
#3640=ORIENTED_EDGE('',*,*,#2742,.T.);
#3641=ORIENTED_EDGE('',*,*,#2734,.F.);
#3642=ORIENTED_EDGE('',*,*,#2719,.F.);
#3643=ORIENTED_EDGE('',*,*,#2743,.F.);
#3644=ORIENTED_EDGE('',*,*,#2744,.F.);
#3645=ORIENTED_EDGE('',*,*,#2745,.T.);
#3646=ORIENTED_EDGE('',*,*,#2746,.F.);
#3647=ORIENTED_EDGE('',*,*,#2747,.T.);
#3648=ORIENTED_EDGE('',*,*,#2748,.T.);
#3649=ORIENTED_EDGE('',*,*,#2741,.T.);
#3650=ORIENTED_EDGE('',*,*,#2722,.F.);
#3651=ORIENTED_EDGE('',*,*,#2724,.F.);
#3652=ORIENTED_EDGE('',*,*,#2715,.F.);
#3653=ORIENTED_EDGE('',*,*,#2712,.F.);
#3654=ORIENTED_EDGE('',*,*,#2708,.F.);
#3655=ORIENTED_EDGE('',*,*,#2733,.F.);
#3656=ORIENTED_EDGE('',*,*,#2730,.F.);
#3657=ORIENTED_EDGE('',*,*,#2727,.F.);
#3658=ORIENTED_EDGE('',*,*,#2749,.T.);
#3659=ORIENTED_EDGE('',*,*,#2750,.T.);
#3660=ORIENTED_EDGE('',*,*,#2751,.T.);
#3661=ORIENTED_EDGE('',*,*,#2752,.T.);
#3662=ORIENTED_EDGE('',*,*,#2753,.T.);
#3663=ORIENTED_EDGE('',*,*,#2751,.F.);
#3664=ORIENTED_EDGE('',*,*,#2754,.F.);
#3665=ORIENTED_EDGE('',*,*,#2755,.F.);
#3666=ORIENTED_EDGE('',*,*,#2756,.T.);
#3667=ORIENTED_EDGE('',*,*,#2757,.F.);
#3668=ORIENTED_EDGE('',*,*,#2758,.F.);
#3669=ORIENTED_EDGE('',*,*,#2759,.F.);
#3670=ORIENTED_EDGE('',*,*,#2760,.F.);
#3671=ORIENTED_EDGE('',*,*,#2761,.F.);
#3672=ORIENTED_EDGE('',*,*,#2762,.F.);
#3673=ORIENTED_EDGE('',*,*,#2763,.F.);
#3674=ORIENTED_EDGE('',*,*,#2764,.F.);
#3675=ORIENTED_EDGE('',*,*,#2765,.F.);
#3676=ORIENTED_EDGE('',*,*,#2766,.F.);
#3677=ORIENTED_EDGE('',*,*,#2767,.F.);
#3678=ORIENTED_EDGE('',*,*,#2768,.F.);
#3679=ORIENTED_EDGE('',*,*,#2769,.F.);
#3680=ORIENTED_EDGE('',*,*,#2770,.F.);
#3681=ORIENTED_EDGE('',*,*,#2771,.F.);
#3682=ORIENTED_EDGE('',*,*,#2772,.F.);
#3683=ORIENTED_EDGE('',*,*,#2773,.F.);
#3684=ORIENTED_EDGE('',*,*,#2774,.F.);
#3685=ORIENTED_EDGE('',*,*,#2775,.F.);
#3686=ORIENTED_EDGE('',*,*,#2776,.F.);
#3687=ORIENTED_EDGE('',*,*,#2777,.F.);
#3688=ORIENTED_EDGE('',*,*,#2778,.F.);
#3689=ORIENTED_EDGE('',*,*,#2779,.F.);
#3690=ORIENTED_EDGE('',*,*,#2753,.F.);
#3691=ORIENTED_EDGE('',*,*,#2780,.F.);
#3692=ORIENTED_EDGE('',*,*,#2781,.F.);
#3693=ORIENTED_EDGE('',*,*,#2782,.F.);
#3694=ORIENTED_EDGE('',*,*,#2777,.T.);
#3695=ORIENTED_EDGE('',*,*,#2783,.T.);
#3696=ORIENTED_EDGE('',*,*,#2784,.T.);
#3697=ORIENTED_EDGE('',*,*,#2785,.T.);
#3698=ORIENTED_EDGE('',*,*,#2786,.T.);
#3699=ORIENTED_EDGE('',*,*,#2783,.F.);
#3700=ORIENTED_EDGE('',*,*,#2779,.T.);
#3701=ORIENTED_EDGE('',*,*,#2787,.F.);
#3702=ORIENTED_EDGE('',*,*,#2778,.T.);
#3703=ORIENTED_EDGE('',*,*,#2785,.F.);
#3704=ORIENTED_EDGE('',*,*,#2788,.T.);
#3705=ORIENTED_EDGE('',*,*,#2787,.T.);
#3706=ORIENTED_EDGE('',*,*,#2788,.F.);
#3707=ORIENTED_EDGE('',*,*,#2789,.F.);
#3708=ORIENTED_EDGE('',*,*,#2790,.F.);
#3709=ORIENTED_EDGE('',*,*,#2791,.T.);
#3710=ORIENTED_EDGE('',*,*,#2784,.F.);
#3711=ORIENTED_EDGE('',*,*,#2792,.F.);
#3712=ORIENTED_EDGE('',*,*,#2793,.F.);
#3713=ORIENTED_EDGE('',*,*,#2789,.T.);
#3714=ORIENTED_EDGE('',*,*,#2781,.T.);
#3715=ORIENTED_EDGE('',*,*,#2794,.T.);
#3716=ORIENTED_EDGE('',*,*,#2795,.T.);
#3717=ORIENTED_EDGE('',*,*,#2796,.T.);
#3718=ORIENTED_EDGE('',*,*,#2797,.F.);
#3719=ORIENTED_EDGE('',*,*,#2798,.T.);
#3720=ORIENTED_EDGE('',*,*,#2794,.F.);
#3721=ORIENTED_EDGE('',*,*,#2780,.T.);
#3722=ORIENTED_EDGE('',*,*,#2752,.F.);
#3723=ORIENTED_EDGE('',*,*,#2799,.T.);
#3724=ORIENTED_EDGE('',*,*,#2750,.F.);
#3725=ORIENTED_EDGE('',*,*,#2749,.F.);
#3726=ORIENTED_EDGE('',*,*,#2782,.T.);
#3727=ORIENTED_EDGE('',*,*,#2796,.F.);
#3728=ORIENTED_EDGE('',*,*,#2800,.T.);
#3729=ORIENTED_EDGE('',*,*,#2797,.T.);
#3730=ORIENTED_EDGE('',*,*,#2800,.F.);
#3731=ORIENTED_EDGE('',*,*,#2801,.F.);
#3732=ORIENTED_EDGE('',*,*,#2802,.F.);
#3733=ORIENTED_EDGE('',*,*,#2803,.T.);
#3734=ORIENTED_EDGE('',*,*,#2795,.F.);
#3735=ORIENTED_EDGE('',*,*,#2804,.F.);
#3736=ORIENTED_EDGE('',*,*,#2805,.F.);
#3737=ORIENTED_EDGE('',*,*,#2801,.T.);
#3738=ORIENTED_EDGE('',*,*,#2767,.T.);
#3739=ORIENTED_EDGE('',*,*,#2806,.T.);
#3740=ORIENTED_EDGE('',*,*,#2807,.T.);
#3741=ORIENTED_EDGE('',*,*,#2808,.F.);
#3742=ORIENTED_EDGE('',*,*,#2696,.T.);
#3743=ORIENTED_EDGE('',*,*,#2809,.T.);
#3744=ORIENTED_EDGE('',*,*,#2810,.T.);
#3745=ORIENTED_EDGE('',*,*,#2769,.T.);
#3746=ORIENTED_EDGE('',*,*,#2811,.T.);
#3747=ORIENTED_EDGE('',*,*,#2766,.T.);
#3748=ORIENTED_EDGE('',*,*,#2812,.T.);
#3749=ORIENTED_EDGE('',*,*,#2813,.T.);
#3750=ORIENTED_EDGE('',*,*,#2806,.F.);
#3751=ORIENTED_EDGE('',*,*,#2765,.T.);
#3752=ORIENTED_EDGE('',*,*,#2814,.T.);
#3753=ORIENTED_EDGE('',*,*,#2815,.T.);
#3754=ORIENTED_EDGE('',*,*,#2812,.F.);
#3755=ORIENTED_EDGE('',*,*,#2764,.T.);
#3756=ORIENTED_EDGE('',*,*,#2816,.T.);
#3757=ORIENTED_EDGE('',*,*,#2817,.T.);
#3758=ORIENTED_EDGE('',*,*,#2814,.F.);
#3759=ORIENTED_EDGE('',*,*,#2763,.T.);
#3760=ORIENTED_EDGE('',*,*,#2818,.T.);
#3761=ORIENTED_EDGE('',*,*,#2819,.T.);
#3762=ORIENTED_EDGE('',*,*,#2816,.F.);
#3763=ORIENTED_EDGE('',*,*,#2762,.T.);
#3764=ORIENTED_EDGE('',*,*,#2820,.T.);
#3765=ORIENTED_EDGE('',*,*,#2821,.T.);
#3766=ORIENTED_EDGE('',*,*,#2818,.F.);
#3767=ORIENTED_EDGE('',*,*,#2761,.T.);
#3768=ORIENTED_EDGE('',*,*,#2822,.T.);
#3769=ORIENTED_EDGE('',*,*,#2823,.T.);
#3770=ORIENTED_EDGE('',*,*,#2820,.F.);
#3771=ORIENTED_EDGE('',*,*,#2760,.T.);
#3772=ORIENTED_EDGE('',*,*,#2824,.T.);
#3773=ORIENTED_EDGE('',*,*,#2825,.T.);
#3774=ORIENTED_EDGE('',*,*,#2822,.F.);
#3775=ORIENTED_EDGE('',*,*,#2737,.T.);
#3776=ORIENTED_EDGE('',*,*,#2826,.T.);
#3777=ORIENTED_EDGE('',*,*,#2827,.T.);
#3778=ORIENTED_EDGE('',*,*,#2757,.T.);
#3779=ORIENTED_EDGE('',*,*,#2828,.T.);
#3780=ORIENTED_EDGE('',*,*,#2758,.T.);
#3781=ORIENTED_EDGE('',*,*,#2827,.F.);
#3782=ORIENTED_EDGE('',*,*,#2829,.T.);
#3783=ORIENTED_EDGE('',*,*,#2830,.T.);
#3784=ORIENTED_EDGE('',*,*,#2759,.T.);
#3785=ORIENTED_EDGE('',*,*,#2830,.F.);
#3786=ORIENTED_EDGE('',*,*,#2831,.T.);
#3787=ORIENTED_EDGE('',*,*,#2746,.T.);
#3788=ORIENTED_EDGE('',*,*,#2824,.F.);
#3789=ORIENTED_EDGE('',*,*,#2832,.T.);
#3790=ORIENTED_EDGE('',*,*,#2828,.F.);
#3791=ORIENTED_EDGE('',*,*,#2776,.T.);
#3792=ORIENTED_EDGE('',*,*,#2833,.T.);
#3793=ORIENTED_EDGE('',*,*,#2834,.T.);
#3794=ORIENTED_EDGE('',*,*,#2833,.F.);
#3795=ORIENTED_EDGE('',*,*,#2775,.T.);
#3796=ORIENTED_EDGE('',*,*,#2835,.T.);
#3797=ORIENTED_EDGE('',*,*,#2836,.T.);
#3798=ORIENTED_EDGE('',*,*,#2835,.F.);
#3799=ORIENTED_EDGE('',*,*,#2774,.T.);
#3800=ORIENTED_EDGE('',*,*,#2837,.T.);
#3801=ORIENTED_EDGE('',*,*,#2838,.T.);
#3802=ORIENTED_EDGE('',*,*,#2837,.F.);
#3803=ORIENTED_EDGE('',*,*,#2773,.T.);
#3804=ORIENTED_EDGE('',*,*,#2839,.T.);
#3805=ORIENTED_EDGE('',*,*,#2840,.T.);
#3806=ORIENTED_EDGE('',*,*,#2839,.F.);
#3807=ORIENTED_EDGE('',*,*,#2772,.T.);
#3808=ORIENTED_EDGE('',*,*,#2841,.T.);
#3809=ORIENTED_EDGE('',*,*,#2705,.T.);
#3810=ORIENTED_EDGE('',*,*,#2841,.F.);
#3811=ORIENTED_EDGE('',*,*,#2771,.T.);
#3812=ORIENTED_EDGE('',*,*,#2842,.T.);
#3813=ORIENTED_EDGE('',*,*,#2843,.T.);
#3814=ORIENTED_EDGE('',*,*,#2844,.T.);
#3815=ORIENTED_EDGE('',*,*,#2842,.F.);
#3816=ORIENTED_EDGE('',*,*,#2770,.T.);
#3817=ORIENTED_EDGE('',*,*,#2810,.F.);
#3818=ORIENTED_EDGE('',*,*,#2845,.T.);
#3819=ORIENTED_EDGE('',*,*,#2811,.F.);
#3820=ORIENTED_EDGE('',*,*,#2768,.T.);
#3821=ORIENTED_EDGE('',*,*,#2808,.T.);
#3822=ORIENTED_EDGE('',*,*,#2831,.F.);
#3823=ORIENTED_EDGE('',*,*,#2829,.F.);
#3824=ORIENTED_EDGE('',*,*,#2826,.F.);
#3825=ORIENTED_EDGE('',*,*,#2736,.F.);
#3826=ORIENTED_EDGE('',*,*,#2846,.T.);
#3827=ORIENTED_EDGE('',*,*,#2747,.F.);
#3828=ORIENTED_EDGE('',*,*,#2832,.F.);
#3829=ORIENTED_EDGE('',*,*,#2847,.F.);
#3830=ORIENTED_EDGE('',*,*,#2848,.F.);
#3831=ORIENTED_EDGE('',*,*,#2738,.T.);
#3832=ORIENTED_EDGE('',*,*,#2834,.F.);
#3833=ORIENTED_EDGE('',*,*,#2849,.F.);
#3834=ORIENTED_EDGE('',*,*,#2850,.F.);
#3835=ORIENTED_EDGE('',*,*,#2847,.T.);
#3836=ORIENTED_EDGE('',*,*,#2836,.F.);
#3837=ORIENTED_EDGE('',*,*,#2851,.F.);
#3838=ORIENTED_EDGE('',*,*,#2852,.T.);
#3839=ORIENTED_EDGE('',*,*,#2849,.T.);
#3840=ORIENTED_EDGE('',*,*,#2838,.F.);
#3841=ORIENTED_EDGE('',*,*,#2853,.F.);
#3842=ORIENTED_EDGE('',*,*,#2854,.F.);
#3843=ORIENTED_EDGE('',*,*,#2851,.T.);
#3844=ORIENTED_EDGE('',*,*,#2840,.F.);
#3845=ORIENTED_EDGE('',*,*,#2704,.F.);
#3846=ORIENTED_EDGE('',*,*,#2855,.F.);
#3847=ORIENTED_EDGE('',*,*,#2853,.T.);
#3848=ORIENTED_EDGE('',*,*,#2856,.F.);
#3849=ORIENTED_EDGE('',*,*,#2857,.F.);
#3850=ORIENTED_EDGE('',*,*,#2575,.F.);
#3851=ORIENTED_EDGE('',*,*,#2858,.T.);
#3852=ORIENTED_EDGE('',*,*,#2859,.F.);
#3853=ORIENTED_EDGE('',*,*,#2858,.F.);
#3854=ORIENTED_EDGE('',*,*,#2574,.F.);
#3855=ORIENTED_EDGE('',*,*,#2860,.T.);
#3856=ORIENTED_EDGE('',*,*,#2861,.F.);
#3857=ORIENTED_EDGE('',*,*,#2860,.F.);
#3858=ORIENTED_EDGE('',*,*,#2573,.F.);
#3859=ORIENTED_EDGE('',*,*,#2862,.T.);
#3860=ORIENTED_EDGE('',*,*,#2863,.F.);
#3861=ORIENTED_EDGE('',*,*,#2862,.F.);
#3862=ORIENTED_EDGE('',*,*,#2572,.F.);
#3863=ORIENTED_EDGE('',*,*,#2864,.T.);
#3864=ORIENTED_EDGE('',*,*,#2865,.F.);
#3865=ORIENTED_EDGE('',*,*,#2864,.F.);
#3866=ORIENTED_EDGE('',*,*,#2571,.F.);
#3867=ORIENTED_EDGE('',*,*,#2866,.T.);
#3868=ORIENTED_EDGE('',*,*,#2867,.F.);
#3869=ORIENTED_EDGE('',*,*,#2866,.F.);
#3870=ORIENTED_EDGE('',*,*,#2578,.F.);
#3871=ORIENTED_EDGE('',*,*,#2868,.T.);
#3872=ORIENTED_EDGE('',*,*,#2869,.F.);
#3873=ORIENTED_EDGE('',*,*,#2868,.F.);
#3874=ORIENTED_EDGE('',*,*,#2577,.F.);
#3875=ORIENTED_EDGE('',*,*,#2870,.T.);
#3876=ORIENTED_EDGE('',*,*,#2871,.F.);
#3877=ORIENTED_EDGE('',*,*,#2870,.F.);
#3878=ORIENTED_EDGE('',*,*,#2576,.F.);
#3879=ORIENTED_EDGE('',*,*,#2857,.T.);
#3880=ORIENTED_EDGE('',*,*,#2872,.F.);
#3881=ORIENTED_EDGE('',*,*,#2873,.F.);
#3882=ORIENTED_EDGE('',*,*,#2583,.F.);
#3883=ORIENTED_EDGE('',*,*,#2874,.T.);
#3884=ORIENTED_EDGE('',*,*,#2875,.F.);
#3885=ORIENTED_EDGE('',*,*,#2874,.F.);
#3886=ORIENTED_EDGE('',*,*,#2582,.F.);
#3887=ORIENTED_EDGE('',*,*,#2876,.T.);
#3888=ORIENTED_EDGE('',*,*,#2877,.F.);
#3889=ORIENTED_EDGE('',*,*,#2876,.F.);
#3890=ORIENTED_EDGE('',*,*,#2581,.F.);
#3891=ORIENTED_EDGE('',*,*,#2878,.T.);
#3892=ORIENTED_EDGE('',*,*,#2879,.F.);
#3893=ORIENTED_EDGE('',*,*,#2878,.F.);
#3894=ORIENTED_EDGE('',*,*,#2580,.F.);
#3895=ORIENTED_EDGE('',*,*,#2880,.T.);
#3896=ORIENTED_EDGE('',*,*,#2881,.F.);
#3897=ORIENTED_EDGE('',*,*,#2880,.F.);
#3898=ORIENTED_EDGE('',*,*,#2579,.F.);
#3899=ORIENTED_EDGE('',*,*,#2882,.T.);
#3900=ORIENTED_EDGE('',*,*,#2883,.F.);
#3901=ORIENTED_EDGE('',*,*,#2882,.F.);
#3902=ORIENTED_EDGE('',*,*,#2587,.F.);
#3903=ORIENTED_EDGE('',*,*,#2884,.T.);
#3904=ORIENTED_EDGE('',*,*,#2885,.F.);
#3905=ORIENTED_EDGE('',*,*,#2884,.F.);
#3906=ORIENTED_EDGE('',*,*,#2586,.F.);
#3907=ORIENTED_EDGE('',*,*,#2886,.T.);
#3908=ORIENTED_EDGE('',*,*,#2887,.F.);
#3909=ORIENTED_EDGE('',*,*,#2886,.F.);
#3910=ORIENTED_EDGE('',*,*,#2585,.F.);
#3911=ORIENTED_EDGE('',*,*,#2888,.T.);
#3912=ORIENTED_EDGE('',*,*,#2889,.F.);
#3913=ORIENTED_EDGE('',*,*,#2888,.F.);
#3914=ORIENTED_EDGE('',*,*,#2584,.F.);
#3915=ORIENTED_EDGE('',*,*,#2873,.T.);
#3916=ORIENTED_EDGE('',*,*,#2890,.F.);
#3917=ORIENTED_EDGE('',*,*,#2891,.F.);
#3918=ORIENTED_EDGE('',*,*,#2593,.F.);
#3919=ORIENTED_EDGE('',*,*,#2892,.T.);
#3920=ORIENTED_EDGE('',*,*,#2893,.F.);
#3921=ORIENTED_EDGE('',*,*,#2892,.F.);
#3922=ORIENTED_EDGE('',*,*,#2592,.F.);
#3923=ORIENTED_EDGE('',*,*,#2894,.T.);
#3924=ORIENTED_EDGE('',*,*,#2895,.F.);
#3925=ORIENTED_EDGE('',*,*,#2894,.F.);
#3926=ORIENTED_EDGE('',*,*,#2591,.F.);
#3927=ORIENTED_EDGE('',*,*,#2896,.T.);
#3928=ORIENTED_EDGE('',*,*,#2897,.F.);
#3929=ORIENTED_EDGE('',*,*,#2896,.F.);
#3930=ORIENTED_EDGE('',*,*,#2590,.F.);
#3931=ORIENTED_EDGE('',*,*,#2898,.T.);
#3932=ORIENTED_EDGE('',*,*,#2899,.F.);
#3933=ORIENTED_EDGE('',*,*,#2898,.F.);
#3934=ORIENTED_EDGE('',*,*,#2589,.F.);
#3935=ORIENTED_EDGE('',*,*,#2900,.T.);
#3936=ORIENTED_EDGE('',*,*,#2901,.F.);
#3937=ORIENTED_EDGE('',*,*,#2900,.F.);
#3938=ORIENTED_EDGE('',*,*,#2588,.F.);
#3939=ORIENTED_EDGE('',*,*,#2902,.T.);
#3940=ORIENTED_EDGE('',*,*,#2903,.F.);
#3941=ORIENTED_EDGE('',*,*,#2902,.F.);
#3942=ORIENTED_EDGE('',*,*,#2597,.F.);
#3943=ORIENTED_EDGE('',*,*,#2904,.T.);
#3944=ORIENTED_EDGE('',*,*,#2905,.F.);
#3945=ORIENTED_EDGE('',*,*,#2904,.F.);
#3946=ORIENTED_EDGE('',*,*,#2596,.F.);
#3947=ORIENTED_EDGE('',*,*,#2906,.T.);
#3948=ORIENTED_EDGE('',*,*,#2907,.F.);
#3949=ORIENTED_EDGE('',*,*,#2906,.F.);
#3950=ORIENTED_EDGE('',*,*,#2595,.F.);
#3951=ORIENTED_EDGE('',*,*,#2908,.T.);
#3952=ORIENTED_EDGE('',*,*,#2909,.F.);
#3953=ORIENTED_EDGE('',*,*,#2908,.F.);
#3954=ORIENTED_EDGE('',*,*,#2594,.F.);
#3955=ORIENTED_EDGE('',*,*,#2891,.T.);
#3956=ORIENTED_EDGE('',*,*,#2910,.F.);
#3957=ORIENTED_EDGE('',*,*,#2911,.F.);
#3958=ORIENTED_EDGE('',*,*,#2602,.F.);
#3959=ORIENTED_EDGE('',*,*,#2912,.T.);
#3960=ORIENTED_EDGE('',*,*,#2913,.F.);
#3961=ORIENTED_EDGE('',*,*,#2912,.F.);
#3962=ORIENTED_EDGE('',*,*,#2601,.F.);
#3963=ORIENTED_EDGE('',*,*,#2914,.T.);
#3964=ORIENTED_EDGE('',*,*,#2915,.F.);
#3965=ORIENTED_EDGE('',*,*,#2914,.F.);
#3966=ORIENTED_EDGE('',*,*,#2600,.F.);
#3967=ORIENTED_EDGE('',*,*,#2916,.T.);
#3968=ORIENTED_EDGE('',*,*,#2917,.F.);
#3969=ORIENTED_EDGE('',*,*,#2916,.F.);
#3970=ORIENTED_EDGE('',*,*,#2599,.F.);
#3971=ORIENTED_EDGE('',*,*,#2918,.T.);
#3972=ORIENTED_EDGE('',*,*,#2919,.F.);
#3973=ORIENTED_EDGE('',*,*,#2918,.F.);
#3974=ORIENTED_EDGE('',*,*,#2598,.F.);
#3975=ORIENTED_EDGE('',*,*,#2920,.T.);
#3976=ORIENTED_EDGE('',*,*,#2921,.F.);
#3977=ORIENTED_EDGE('',*,*,#2920,.F.);
#3978=ORIENTED_EDGE('',*,*,#2606,.F.);
#3979=ORIENTED_EDGE('',*,*,#2922,.T.);
#3980=ORIENTED_EDGE('',*,*,#2923,.F.);
#3981=ORIENTED_EDGE('',*,*,#2922,.F.);
#3982=ORIENTED_EDGE('',*,*,#2605,.F.);
#3983=ORIENTED_EDGE('',*,*,#2924,.T.);
#3984=ORIENTED_EDGE('',*,*,#2925,.F.);
#3985=ORIENTED_EDGE('',*,*,#2924,.F.);
#3986=ORIENTED_EDGE('',*,*,#2604,.F.);
#3987=ORIENTED_EDGE('',*,*,#2926,.T.);
#3988=ORIENTED_EDGE('',*,*,#2927,.F.);
#3989=ORIENTED_EDGE('',*,*,#2926,.F.);
#3990=ORIENTED_EDGE('',*,*,#2603,.F.);
#3991=ORIENTED_EDGE('',*,*,#2911,.T.);
#3992=ORIENTED_EDGE('',*,*,#2666,.T.);
#3993=ORIENTED_EDGE('',*,*,#2928,.T.);
#3994=ORIENTED_EDGE('',*,*,#2929,.F.);
#3995=ORIENTED_EDGE('',*,*,#2928,.F.);
#3996=ORIENTED_EDGE('',*,*,#2665,.T.);
#3997=ORIENTED_EDGE('',*,*,#2930,.T.);
#3998=ORIENTED_EDGE('',*,*,#2931,.F.);
#3999=ORIENTED_EDGE('',*,*,#2930,.F.);
#4000=ORIENTED_EDGE('',*,*,#2664,.T.);
#4001=ORIENTED_EDGE('',*,*,#2932,.T.);
#4002=ORIENTED_EDGE('',*,*,#2933,.F.);
#4003=ORIENTED_EDGE('',*,*,#2932,.F.);
#4004=ORIENTED_EDGE('',*,*,#2809,.F.);
#4005=ORIENTED_EDGE('',*,*,#2695,.F.);
#4006=ORIENTED_EDGE('',*,*,#2934,.T.);
#4007=ORIENTED_EDGE('',*,*,#2706,.F.);
#4008=ORIENTED_EDGE('',*,*,#2843,.F.);
#4009=ORIENTED_EDGE('',*,*,#2844,.F.);
#4010=ORIENTED_EDGE('',*,*,#2694,.F.);
#4011=ORIENTED_EDGE('',*,*,#2701,.F.);
#4012=ORIENTED_EDGE('',*,*,#2707,.F.);
#4013=ORIENTED_EDGE('',*,*,#2934,.F.);
#4014=ORIENTED_EDGE('',*,*,#2748,.F.);
#4015=ORIENTED_EDGE('',*,*,#2846,.F.);
#4016=ORIENTED_EDGE('',*,*,#2735,.F.);
#4017=ORIENTED_EDGE('',*,*,#2742,.F.);
#4018=ORIENTED_EDGE('',*,*,#2935,.F.);
#4019=ORIENTED_EDGE('',*,*,#2936,.T.);
#4020=ORIENTED_EDGE('',*,*,#2937,.F.);
#4021=ORIENTED_EDGE('',*,*,#2936,.F.);
#4022=ORIENTED_EDGE('',*,*,#2938,.F.);
#4023=ORIENTED_EDGE('',*,*,#2939,.T.);
#4024=ORIENTED_EDGE('',*,*,#2940,.F.);
#4025=ORIENTED_EDGE('',*,*,#2939,.F.);
#4026=ORIENTED_EDGE('',*,*,#2938,.T.);
#4027=ORIENTED_EDGE('',*,*,#2935,.T.);
#4028=ORIENTED_EDGE('',*,*,#2518,.T.);
#4029=ORIENTED_EDGE('',*,*,#2656,.F.);
#4030=ORIENTED_EDGE('',*,*,#2941,.T.);
#4031=ORIENTED_EDGE('',*,*,#2942,.T.);
#4032=ORIENTED_EDGE('',*,*,#2943,.T.);
#4033=ORIENTED_EDGE('',*,*,#2944,.T.);
#4034=ORIENTED_EDGE('',*,*,#2945,.T.);
#4035=ORIENTED_EDGE('',*,*,#2698,.T.);
#4036=ORIENTED_EDGE('',*,*,#2946,.T.);
#4037=ORIENTED_EDGE('',*,*,#2947,.T.);
#4038=ORIENTED_EDGE('',*,*,#2948,.T.);
#4039=ORIENTED_EDGE('',*,*,#2949,.T.);
#4040=ORIENTED_EDGE('',*,*,#2950,.T.);
#4041=ORIENTED_EDGE('',*,*,#2951,.T.);
#4042=ORIENTED_EDGE('',*,*,#2952,.T.);
#4043=ORIENTED_EDGE('',*,*,#2953,.T.);
#4044=ORIENTED_EDGE('',*,*,#2954,.T.);
#4045=ORIENTED_EDGE('',*,*,#2744,.T.);
#4046=ORIENTED_EDGE('',*,*,#2955,.T.);
#4047=ORIENTED_EDGE('',*,*,#2956,.T.);
#4048=ORIENTED_EDGE('',*,*,#2957,.T.);
#4049=ORIENTED_EDGE('',*,*,#2958,.T.);
#4050=ORIENTED_EDGE('',*,*,#2660,.T.);
#4051=ORIENTED_EDGE('',*,*,#2658,.F.);
#4052=ORIENTED_EDGE('',*,*,#2649,.T.);
#4053=ORIENTED_EDGE('',*,*,#2494,.T.);
#4054=ORIENTED_EDGE('',*,*,#2651,.F.);
#4055=ORIENTED_EDGE('',*,*,#2865,.T.);
#4056=ORIENTED_EDGE('',*,*,#2867,.T.);
#4057=ORIENTED_EDGE('',*,*,#2869,.T.);
#4058=ORIENTED_EDGE('',*,*,#2871,.T.);
#4059=ORIENTED_EDGE('',*,*,#2856,.T.);
#4060=ORIENTED_EDGE('',*,*,#2859,.T.);
#4061=ORIENTED_EDGE('',*,*,#2861,.T.);
#4062=ORIENTED_EDGE('',*,*,#2863,.T.);
#4063=ORIENTED_EDGE('',*,*,#2881,.T.);
#4064=ORIENTED_EDGE('',*,*,#2883,.T.);
#4065=ORIENTED_EDGE('',*,*,#2885,.T.);
#4066=ORIENTED_EDGE('',*,*,#2887,.T.);
#4067=ORIENTED_EDGE('',*,*,#2889,.T.);
#4068=ORIENTED_EDGE('',*,*,#2872,.T.);
#4069=ORIENTED_EDGE('',*,*,#2875,.T.);
#4070=ORIENTED_EDGE('',*,*,#2877,.T.);
#4071=ORIENTED_EDGE('',*,*,#2879,.T.);
#4072=ORIENTED_EDGE('',*,*,#2901,.T.);
#4073=ORIENTED_EDGE('',*,*,#2903,.T.);
#4074=ORIENTED_EDGE('',*,*,#2905,.T.);
#4075=ORIENTED_EDGE('',*,*,#2907,.T.);
#4076=ORIENTED_EDGE('',*,*,#2909,.T.);
#4077=ORIENTED_EDGE('',*,*,#2890,.T.);
#4078=ORIENTED_EDGE('',*,*,#2893,.T.);
#4079=ORIENTED_EDGE('',*,*,#2895,.T.);
#4080=ORIENTED_EDGE('',*,*,#2897,.T.);
#4081=ORIENTED_EDGE('',*,*,#2899,.T.);
#4082=ORIENTED_EDGE('',*,*,#2919,.T.);
#4083=ORIENTED_EDGE('',*,*,#2921,.T.);
#4084=ORIENTED_EDGE('',*,*,#2923,.T.);
#4085=ORIENTED_EDGE('',*,*,#2925,.T.);
#4086=ORIENTED_EDGE('',*,*,#2927,.T.);
#4087=ORIENTED_EDGE('',*,*,#2910,.T.);
#4088=ORIENTED_EDGE('',*,*,#2913,.T.);
#4089=ORIENTED_EDGE('',*,*,#2915,.T.);
#4090=ORIENTED_EDGE('',*,*,#2917,.T.);
#4091=ORIENTED_EDGE('',*,*,#2929,.T.);
#4092=ORIENTED_EDGE('',*,*,#2931,.T.);
#4093=ORIENTED_EDGE('',*,*,#2933,.T.);
#4094=ORIENTED_EDGE('',*,*,#2959,.T.);
#4095=ORIENTED_EDGE('',*,*,#2960,.T.);
#4096=ORIENTED_EDGE('',*,*,#2961,.T.);
#4097=ORIENTED_EDGE('',*,*,#2962,.T.);
#4098=ORIENTED_EDGE('',*,*,#2963,.T.);
#4099=ORIENTED_EDGE('',*,*,#2964,.T.);
#4100=ORIENTED_EDGE('',*,*,#2965,.T.);
#4101=ORIENTED_EDGE('',*,*,#2966,.T.);
#4102=ORIENTED_EDGE('',*,*,#2967,.T.);
#4103=ORIENTED_EDGE('',*,*,#2968,.T.);
#4104=ORIENTED_EDGE('',*,*,#2969,.T.);
#4105=ORIENTED_EDGE('',*,*,#2970,.T.);
#4106=ORIENTED_EDGE('',*,*,#2971,.T.);
#4107=ORIENTED_EDGE('',*,*,#2972,.T.);
#4108=ORIENTED_EDGE('',*,*,#2973,.T.);
#4109=ORIENTED_EDGE('',*,*,#2974,.T.);
#4110=ORIENTED_EDGE('',*,*,#2975,.T.);
#4111=ORIENTED_EDGE('',*,*,#2940,.T.);
#4112=ORIENTED_EDGE('',*,*,#2976,.F.);
#4113=ORIENTED_EDGE('',*,*,#2977,.T.);
#4114=ORIENTED_EDGE('',*,*,#2975,.F.);
#4115=ORIENTED_EDGE('',*,*,#2977,.F.);
#4116=ORIENTED_EDGE('',*,*,#2976,.T.);
#4117=ORIENTED_EDGE('',*,*,#2978,.T.);
#4118=ORIENTED_EDGE('',*,*,#2979,.F.);
#4119=ORIENTED_EDGE('',*,*,#2980,.T.);
#4120=ORIENTED_EDGE('',*,*,#2974,.F.);
#4121=ORIENTED_EDGE('',*,*,#2980,.F.);
#4122=ORIENTED_EDGE('',*,*,#2979,.T.);
#4123=ORIENTED_EDGE('',*,*,#2981,.T.);
#4124=ORIENTED_EDGE('',*,*,#2982,.F.);
#4125=ORIENTED_EDGE('',*,*,#2983,.T.);
#4126=ORIENTED_EDGE('',*,*,#2973,.F.);
#4127=ORIENTED_EDGE('',*,*,#2983,.F.);
#4128=ORIENTED_EDGE('',*,*,#2982,.T.);
#4129=ORIENTED_EDGE('',*,*,#2984,.T.);
#4130=ORIENTED_EDGE('',*,*,#2985,.F.);
#4131=ORIENTED_EDGE('',*,*,#2986,.T.);
#4132=ORIENTED_EDGE('',*,*,#2972,.F.);
#4133=ORIENTED_EDGE('',*,*,#2986,.F.);
#4134=ORIENTED_EDGE('',*,*,#2985,.T.);
#4135=ORIENTED_EDGE('',*,*,#2987,.T.);
#4136=ORIENTED_EDGE('',*,*,#2988,.F.);
#4137=ORIENTED_EDGE('',*,*,#2989,.T.);
#4138=ORIENTED_EDGE('',*,*,#2971,.F.);
#4139=ORIENTED_EDGE('',*,*,#2989,.F.);
#4140=ORIENTED_EDGE('',*,*,#2988,.T.);
#4141=ORIENTED_EDGE('',*,*,#2990,.T.);
#4142=ORIENTED_EDGE('',*,*,#2991,.F.);
#4143=ORIENTED_EDGE('',*,*,#2992,.T.);
#4144=ORIENTED_EDGE('',*,*,#2970,.F.);
#4145=ORIENTED_EDGE('',*,*,#2992,.F.);
#4146=ORIENTED_EDGE('',*,*,#2991,.T.);
#4147=ORIENTED_EDGE('',*,*,#2993,.T.);
#4148=ORIENTED_EDGE('',*,*,#2994,.F.);
#4149=ORIENTED_EDGE('',*,*,#2995,.T.);
#4150=ORIENTED_EDGE('',*,*,#2969,.F.);
#4151=ORIENTED_EDGE('',*,*,#2995,.F.);
#4152=ORIENTED_EDGE('',*,*,#2994,.T.);
#4153=ORIENTED_EDGE('',*,*,#2996,.T.);
#4154=ORIENTED_EDGE('',*,*,#2997,.F.);
#4155=ORIENTED_EDGE('',*,*,#2998,.T.);
#4156=ORIENTED_EDGE('',*,*,#2968,.F.);
#4157=ORIENTED_EDGE('',*,*,#2998,.F.);
#4158=ORIENTED_EDGE('',*,*,#2997,.T.);
#4159=ORIENTED_EDGE('',*,*,#2999,.T.);
#4160=ORIENTED_EDGE('',*,*,#3000,.F.);
#4161=ORIENTED_EDGE('',*,*,#3001,.T.);
#4162=ORIENTED_EDGE('',*,*,#2967,.F.);
#4163=ORIENTED_EDGE('',*,*,#3001,.F.);
#4164=ORIENTED_EDGE('',*,*,#3000,.T.);
#4165=ORIENTED_EDGE('',*,*,#3002,.T.);
#4166=ORIENTED_EDGE('',*,*,#3003,.F.);
#4167=ORIENTED_EDGE('',*,*,#3004,.T.);
#4168=ORIENTED_EDGE('',*,*,#3005,.F.);
#4169=ORIENTED_EDGE('',*,*,#3004,.F.);
#4170=ORIENTED_EDGE('',*,*,#3006,.F.);
#4171=ORIENTED_EDGE('',*,*,#3007,.T.);
#4172=ORIENTED_EDGE('',*,*,#2959,.F.);
#4173=ORIENTED_EDGE('',*,*,#3007,.F.);
#4174=ORIENTED_EDGE('',*,*,#3006,.T.);
#4175=ORIENTED_EDGE('',*,*,#3003,.T.);
#4176=ORIENTED_EDGE('',*,*,#2937,.T.);
#4177=ORIENTED_EDGE('',*,*,#3008,.F.);
#4178=ORIENTED_EDGE('',*,*,#3009,.T.);
#4179=ORIENTED_EDGE('',*,*,#2960,.F.);
#4180=ORIENTED_EDGE('',*,*,#3009,.F.);
#4181=ORIENTED_EDGE('',*,*,#3008,.T.);
#4182=ORIENTED_EDGE('',*,*,#3010,.T.);
#4183=ORIENTED_EDGE('',*,*,#3011,.F.);
#4184=ORIENTED_EDGE('',*,*,#3012,.T.);
#4185=ORIENTED_EDGE('',*,*,#2961,.F.);
#4186=ORIENTED_EDGE('',*,*,#3012,.F.);
#4187=ORIENTED_EDGE('',*,*,#3011,.T.);
#4188=ORIENTED_EDGE('',*,*,#3013,.T.);
#4189=ORIENTED_EDGE('',*,*,#3014,.F.);
#4190=ORIENTED_EDGE('',*,*,#3015,.T.);
#4191=ORIENTED_EDGE('',*,*,#2962,.F.);
#4192=ORIENTED_EDGE('',*,*,#3015,.F.);
#4193=ORIENTED_EDGE('',*,*,#3014,.T.);
#4194=ORIENTED_EDGE('',*,*,#3016,.T.);
#4195=ORIENTED_EDGE('',*,*,#2726,.F.);
#4196=ORIENTED_EDGE('',*,*,#3017,.F.);
#4197=ORIENTED_EDGE('',*,*,#2955,.F.);
#4198=ORIENTED_EDGE('',*,*,#2743,.T.);
#4199=ORIENTED_EDGE('',*,*,#2825,.F.);
#4200=ORIENTED_EDGE('',*,*,#2745,.F.);
#4201=ORIENTED_EDGE('',*,*,#2954,.F.);
#4202=ORIENTED_EDGE('',*,*,#3018,.T.);
#4203=ORIENTED_EDGE('',*,*,#2823,.F.);
#4204=ORIENTED_EDGE('',*,*,#3018,.F.);
#4205=ORIENTED_EDGE('',*,*,#2953,.F.);
#4206=ORIENTED_EDGE('',*,*,#3019,.T.);
#4207=ORIENTED_EDGE('',*,*,#2821,.F.);
#4208=ORIENTED_EDGE('',*,*,#3019,.F.);
#4209=ORIENTED_EDGE('',*,*,#2952,.F.);
#4210=ORIENTED_EDGE('',*,*,#3020,.T.);
#4211=ORIENTED_EDGE('',*,*,#2819,.F.);
#4212=ORIENTED_EDGE('',*,*,#3020,.F.);
#4213=ORIENTED_EDGE('',*,*,#2951,.F.);
#4214=ORIENTED_EDGE('',*,*,#3021,.T.);
#4215=ORIENTED_EDGE('',*,*,#2817,.F.);
#4216=ORIENTED_EDGE('',*,*,#3021,.F.);
#4217=ORIENTED_EDGE('',*,*,#2950,.F.);
#4218=ORIENTED_EDGE('',*,*,#3022,.T.);
#4219=ORIENTED_EDGE('',*,*,#2815,.F.);
#4220=ORIENTED_EDGE('',*,*,#3022,.F.);
#4221=ORIENTED_EDGE('',*,*,#2949,.F.);
#4222=ORIENTED_EDGE('',*,*,#3023,.T.);
#4223=ORIENTED_EDGE('',*,*,#2813,.F.);
#4224=ORIENTED_EDGE('',*,*,#3023,.F.);
#4225=ORIENTED_EDGE('',*,*,#2948,.F.);
#4226=ORIENTED_EDGE('',*,*,#3024,.T.);
#4227=ORIENTED_EDGE('',*,*,#2807,.F.);
#4228=ORIENTED_EDGE('',*,*,#3024,.F.);
#4229=ORIENTED_EDGE('',*,*,#2947,.F.);
#4230=ORIENTED_EDGE('',*,*,#3025,.T.);
#4231=ORIENTED_EDGE('',*,*,#2845,.F.);
#4232=ORIENTED_EDGE('',*,*,#3025,.F.);
#4233=ORIENTED_EDGE('',*,*,#2946,.F.);
#4234=ORIENTED_EDGE('',*,*,#2697,.T.);
#4235=ORIENTED_EDGE('',*,*,#2673,.F.);
#4236=ORIENTED_EDGE('',*,*,#2699,.F.);
#4237=ORIENTED_EDGE('',*,*,#2945,.F.);
#4238=ORIENTED_EDGE('',*,*,#3026,.T.);
#4239=ORIENTED_EDGE('',*,*,#2669,.F.);
#4240=ORIENTED_EDGE('',*,*,#3026,.F.);
#4241=ORIENTED_EDGE('',*,*,#2944,.F.);
#4242=ORIENTED_EDGE('',*,*,#3027,.T.);
#4243=ORIENTED_EDGE('',*,*,#2691,.F.);
#4244=ORIENTED_EDGE('',*,*,#3027,.F.);
#4245=ORIENTED_EDGE('',*,*,#2943,.F.);
#4246=ORIENTED_EDGE('',*,*,#3028,.F.);
#4247=ORIENTED_EDGE('',*,*,#3029,.F.);
#4248=ORIENTED_EDGE('',*,*,#3030,.T.);
#4249=ORIENTED_EDGE('',*,*,#3031,.F.);
#4250=ORIENTED_EDGE('',*,*,#3032,.T.);
#4251=ORIENTED_EDGE('',*,*,#3033,.F.);
#4252=ORIENTED_EDGE('',*,*,#3034,.F.);
#4253=ORIENTED_EDGE('',*,*,#2802,.T.);
#4254=ORIENTED_EDGE('',*,*,#3035,.T.);
#4255=ORIENTED_EDGE('',*,*,#2630,.F.);
#4256=ORIENTED_EDGE('',*,*,#3036,.F.);
#4257=ORIENTED_EDGE('',*,*,#3037,.T.);
#4258=ORIENTED_EDGE('',*,*,#3036,.T.);
#4259=ORIENTED_EDGE('',*,*,#2629,.F.);
#4260=ORIENTED_EDGE('',*,*,#3038,.F.);
#4261=ORIENTED_EDGE('',*,*,#2805,.T.);
#4262=ORIENTED_EDGE('',*,*,#3038,.T.);
#4263=ORIENTED_EDGE('',*,*,#2628,.F.);
#4264=ORIENTED_EDGE('',*,*,#3035,.F.);
#4265=ORIENTED_EDGE('',*,*,#2790,.T.);
#4266=ORIENTED_EDGE('',*,*,#3039,.T.);
#4267=ORIENTED_EDGE('',*,*,#2627,.F.);
#4268=ORIENTED_EDGE('',*,*,#3040,.F.);
#4269=ORIENTED_EDGE('',*,*,#3041,.T.);
#4270=ORIENTED_EDGE('',*,*,#3040,.T.);
#4271=ORIENTED_EDGE('',*,*,#2626,.F.);
#4272=ORIENTED_EDGE('',*,*,#3042,.F.);
#4273=ORIENTED_EDGE('',*,*,#2793,.T.);
#4274=ORIENTED_EDGE('',*,*,#3042,.T.);
#4275=ORIENTED_EDGE('',*,*,#2625,.F.);
#4276=ORIENTED_EDGE('',*,*,#3039,.F.);
#4277=ORIENTED_EDGE('',*,*,#2755,.T.);
#4278=ORIENTED_EDGE('',*,*,#3043,.T.);
#4279=ORIENTED_EDGE('',*,*,#2624,.F.);
#4280=ORIENTED_EDGE('',*,*,#3044,.F.);
#4281=ORIENTED_EDGE('',*,*,#3045,.T.);
#4282=ORIENTED_EDGE('',*,*,#3044,.T.);
#4283=ORIENTED_EDGE('',*,*,#2623,.F.);
#4284=ORIENTED_EDGE('',*,*,#3043,.F.);
#4285=ORIENTED_EDGE('',*,*,#3032,.F.);
#4286=ORIENTED_EDGE('',*,*,#3046,.F.);
#4287=ORIENTED_EDGE('',*,*,#2634,.F.);
#4288=ORIENTED_EDGE('',*,*,#3047,.F.);
#4289=ORIENTED_EDGE('',*,*,#3029,.T.);
#4290=ORIENTED_EDGE('',*,*,#3048,.F.);
#4291=ORIENTED_EDGE('',*,*,#2566,.F.);
#4292=ORIENTED_EDGE('',*,*,#3049,.F.);
#4293=ORIENTED_EDGE('',*,*,#3050,.T.);
#4294=ORIENTED_EDGE('',*,*,#3049,.T.);
#4295=ORIENTED_EDGE('',*,*,#2565,.F.);
#4296=ORIENTED_EDGE('',*,*,#3051,.F.);
#4297=ORIENTED_EDGE('',*,*,#3052,.T.);
#4298=ORIENTED_EDGE('',*,*,#3051,.T.);
#4299=ORIENTED_EDGE('',*,*,#2564,.F.);
#4300=ORIENTED_EDGE('',*,*,#3053,.F.);
#4301=ORIENTED_EDGE('',*,*,#2703,.T.);
#4302=ORIENTED_EDGE('',*,*,#3053,.T.);
#4303=ORIENTED_EDGE('',*,*,#2563,.F.);
#4304=ORIENTED_EDGE('',*,*,#3054,.F.);
#4305=ORIENTED_EDGE('',*,*,#2855,.T.);
#4306=ORIENTED_EDGE('',*,*,#3054,.T.);
#4307=ORIENTED_EDGE('',*,*,#2562,.F.);
#4308=ORIENTED_EDGE('',*,*,#3055,.F.);
#4309=ORIENTED_EDGE('',*,*,#2854,.T.);
#4310=ORIENTED_EDGE('',*,*,#3055,.T.);
#4311=ORIENTED_EDGE('',*,*,#2561,.F.);
#4312=ORIENTED_EDGE('',*,*,#3056,.F.);
#4313=ORIENTED_EDGE('',*,*,#2852,.F.);
#4314=ORIENTED_EDGE('',*,*,#3056,.T.);
#4315=ORIENTED_EDGE('',*,*,#2560,.F.);
#4316=ORIENTED_EDGE('',*,*,#3057,.F.);
#4317=ORIENTED_EDGE('',*,*,#2850,.T.);
#4318=ORIENTED_EDGE('',*,*,#3057,.T.);
#4319=ORIENTED_EDGE('',*,*,#2559,.F.);
#4320=ORIENTED_EDGE('',*,*,#3058,.F.);
#4321=ORIENTED_EDGE('',*,*,#2848,.T.);
#4322=ORIENTED_EDGE('',*,*,#3058,.T.);
#4323=ORIENTED_EDGE('',*,*,#2558,.F.);
#4324=ORIENTED_EDGE('',*,*,#3059,.F.);
#4325=ORIENTED_EDGE('',*,*,#2739,.T.);
#4326=ORIENTED_EDGE('',*,*,#3059,.T.);
#4327=ORIENTED_EDGE('',*,*,#2557,.F.);
#4328=ORIENTED_EDGE('',*,*,#3060,.F.);
#4329=ORIENTED_EDGE('',*,*,#3061,.T.);
#4330=ORIENTED_EDGE('',*,*,#3060,.T.);
#4331=ORIENTED_EDGE('',*,*,#2556,.F.);
#4332=ORIENTED_EDGE('',*,*,#3062,.F.);
#4333=ORIENTED_EDGE('',*,*,#3063,.T.);
#4334=ORIENTED_EDGE('',*,*,#3062,.T.);
#4335=ORIENTED_EDGE('',*,*,#2555,.F.);
#4336=ORIENTED_EDGE('',*,*,#3064,.F.);
#4337=ORIENTED_EDGE('',*,*,#3065,.F.);
#4338=ORIENTED_EDGE('',*,*,#3064,.T.);
#4339=ORIENTED_EDGE('',*,*,#2554,.F.);
#4340=ORIENTED_EDGE('',*,*,#3066,.F.);
#4341=ORIENTED_EDGE('',*,*,#2798,.F.);
#4342=ORIENTED_EDGE('',*,*,#2803,.F.);
#4343=ORIENTED_EDGE('',*,*,#3037,.F.);
#4344=ORIENTED_EDGE('',*,*,#2804,.T.);
#4345=ORIENTED_EDGE('',*,*,#2786,.F.);
#4346=ORIENTED_EDGE('',*,*,#2791,.F.);
#4347=ORIENTED_EDGE('',*,*,#3041,.F.);
#4348=ORIENTED_EDGE('',*,*,#2792,.T.);
#4349=ORIENTED_EDGE('',*,*,#2799,.F.);
#4350=ORIENTED_EDGE('',*,*,#2756,.F.);
#4351=ORIENTED_EDGE('',*,*,#3045,.F.);
#4352=ORIENTED_EDGE('',*,*,#2754,.T.);
#4353=ORIENTED_EDGE('',*,*,#2710,.F.);
#4354=ORIENTED_EDGE('',*,*,#3067,.F.);
#4355=ORIENTED_EDGE('',*,*,#3063,.F.);
#4356=ORIENTED_EDGE('',*,*,#3068,.T.);
#4357=ORIENTED_EDGE('',*,*,#2714,.F.);
#4358=ORIENTED_EDGE('',*,*,#2740,.F.);
#4359=ORIENTED_EDGE('',*,*,#3061,.F.);
#4360=ORIENTED_EDGE('',*,*,#3067,.T.);
#4361=ORIENTED_EDGE('',*,*,#2685,.F.);
#4362=ORIENTED_EDGE('',*,*,#3069,.F.);
#4363=ORIENTED_EDGE('',*,*,#3052,.F.);
#4364=ORIENTED_EDGE('',*,*,#2702,.T.);
#4365=ORIENTED_EDGE('',*,*,#2688,.F.);
#4366=ORIENTED_EDGE('',*,*,#3030,.F.);
#4367=ORIENTED_EDGE('',*,*,#3050,.F.);
#4368=ORIENTED_EDGE('',*,*,#3069,.T.);
#4369=ORIENTED_EDGE('',*,*,#2729,.F.);
#4370=ORIENTED_EDGE('',*,*,#3070,.F.);
#4371=ORIENTED_EDGE('',*,*,#2956,.F.);
#4372=ORIENTED_EDGE('',*,*,#3017,.T.);
#4373=ORIENTED_EDGE('',*,*,#2732,.F.);
#4374=ORIENTED_EDGE('',*,*,#3068,.F.);
#4375=ORIENTED_EDGE('',*,*,#3065,.T.);
#4376=ORIENTED_EDGE('',*,*,#3071,.F.);
#4377=ORIENTED_EDGE('',*,*,#2957,.F.);
#4378=ORIENTED_EDGE('',*,*,#3070,.T.);
#4379=ORIENTED_EDGE('',*,*,#3046,.T.);
#4380=ORIENTED_EDGE('',*,*,#3031,.T.);
#4381=ORIENTED_EDGE('',*,*,#3072,.F.);
#4382=ORIENTED_EDGE('',*,*,#2631,.F.);
#4383=ORIENTED_EDGE('',*,*,#3034,.T.);
#4384=ORIENTED_EDGE('',*,*,#3073,.F.);
#4385=ORIENTED_EDGE('',*,*,#2632,.F.);
#4386=ORIENTED_EDGE('',*,*,#3072,.T.);
#4387=ORIENTED_EDGE('',*,*,#3033,.T.);
#4388=ORIENTED_EDGE('',*,*,#3047,.T.);
#4389=ORIENTED_EDGE('',*,*,#2633,.F.);
#4390=ORIENTED_EDGE('',*,*,#3073,.T.);
#4391=ORIENTED_EDGE('',*,*,#2622,.F.);
#4392=ORIENTED_EDGE('',*,*,#3074,.T.);
#4393=ORIENTED_EDGE('',*,*,#3013,.F.);
#4394=ORIENTED_EDGE('',*,*,#3074,.F.);
#4395=ORIENTED_EDGE('',*,*,#2621,.F.);
#4396=ORIENTED_EDGE('',*,*,#3075,.T.);
#4397=ORIENTED_EDGE('',*,*,#2996,.F.);
#4398=ORIENTED_EDGE('',*,*,#3075,.F.);
#4399=ORIENTED_EDGE('',*,*,#2620,.F.);
#4400=ORIENTED_EDGE('',*,*,#3076,.T.);
#4401=ORIENTED_EDGE('',*,*,#3016,.F.);
#4402=ORIENTED_EDGE('',*,*,#3076,.F.);
#4403=ORIENTED_EDGE('',*,*,#2619,.F.);
#4404=ORIENTED_EDGE('',*,*,#3077,.T.);
#4405=ORIENTED_EDGE('',*,*,#3010,.F.);
#4406=ORIENTED_EDGE('',*,*,#3077,.F.);
#4407=ORIENTED_EDGE('',*,*,#2618,.F.);
#4408=ORIENTED_EDGE('',*,*,#3078,.T.);
#4409=ORIENTED_EDGE('',*,*,#2999,.F.);
#4410=ORIENTED_EDGE('',*,*,#3078,.F.);
#4411=ORIENTED_EDGE('',*,*,#2617,.F.);
#4412=ORIENTED_EDGE('',*,*,#3079,.T.);
#4413=ORIENTED_EDGE('',*,*,#2981,.F.);
#4414=ORIENTED_EDGE('',*,*,#3079,.F.);
#4415=ORIENTED_EDGE('',*,*,#2616,.F.);
#4416=ORIENTED_EDGE('',*,*,#3080,.T.);
#4417=ORIENTED_EDGE('',*,*,#2984,.F.);
#4418=ORIENTED_EDGE('',*,*,#3080,.F.);
#4419=ORIENTED_EDGE('',*,*,#2615,.F.);
#4420=ORIENTED_EDGE('',*,*,#3081,.T.);
#4421=ORIENTED_EDGE('',*,*,#2993,.F.);
#4422=ORIENTED_EDGE('',*,*,#3081,.F.);
#4423=ORIENTED_EDGE('',*,*,#2614,.F.);
#4424=ORIENTED_EDGE('',*,*,#3082,.T.);
#4425=ORIENTED_EDGE('',*,*,#2987,.F.);
#4426=ORIENTED_EDGE('',*,*,#3082,.F.);
#4427=ORIENTED_EDGE('',*,*,#2613,.F.);
#4428=ORIENTED_EDGE('',*,*,#3083,.T.);
#4429=ORIENTED_EDGE('',*,*,#3002,.F.);
#4430=ORIENTED_EDGE('',*,*,#3083,.F.);
#4431=ORIENTED_EDGE('',*,*,#2612,.F.);
#4432=ORIENTED_EDGE('',*,*,#3084,.T.);
#4433=ORIENTED_EDGE('',*,*,#2990,.F.);
#4434=ORIENTED_EDGE('',*,*,#3084,.F.);
#4435=ORIENTED_EDGE('',*,*,#2611,.F.);
#4436=ORIENTED_EDGE('',*,*,#3085,.T.);
#4437=ORIENTED_EDGE('',*,*,#2978,.F.);
#4438=ORIENTED_EDGE('',*,*,#3085,.F.);
#4439=ORIENTED_EDGE('',*,*,#2609,.F.);
#4440=ORIENTED_EDGE('',*,*,#3086,.T.);
#4441=ORIENTED_EDGE('',*,*,#2965,.F.);
#4442=ORIENTED_EDGE('',*,*,#3087,.F.);
#4443=ORIENTED_EDGE('',*,*,#2610,.F.);
#4444=ORIENTED_EDGE('',*,*,#3087,.T.);
#4445=ORIENTED_EDGE('',*,*,#2964,.F.);
#4446=ORIENTED_EDGE('',*,*,#3088,.F.);
#4447=ORIENTED_EDGE('',*,*,#2607,.F.);
#4448=ORIENTED_EDGE('',*,*,#3088,.T.);
#4449=ORIENTED_EDGE('',*,*,#2963,.F.);
#4450=ORIENTED_EDGE('',*,*,#3089,.T.);
#4451=ORIENTED_EDGE('',*,*,#2608,.F.);
#4452=ORIENTED_EDGE('',*,*,#3089,.F.);
#4453=ORIENTED_EDGE('',*,*,#2966,.F.);
#4454=ORIENTED_EDGE('',*,*,#3086,.F.);
#4455=ORIENTED_EDGE('',*,*,#3028,.T.);
#4456=ORIENTED_EDGE('',*,*,#2942,.F.);
#4457=ORIENTED_EDGE('',*,*,#3090,.F.);
#4458=ORIENTED_EDGE('',*,*,#2567,.F.);
#4459=ORIENTED_EDGE('',*,*,#3048,.T.);
#4460=ORIENTED_EDGE('',*,*,#2653,.F.);
#4461=ORIENTED_EDGE('',*,*,#2568,.F.);
#4462=ORIENTED_EDGE('',*,*,#3090,.T.);
#4463=ORIENTED_EDGE('',*,*,#2941,.F.);
#4464=ORIENTED_EDGE('',*,*,#2655,.F.);
#4465=ORIENTED_EDGE('',*,*,#3066,.T.);
#4466=ORIENTED_EDGE('',*,*,#2553,.F.);
#4467=ORIENTED_EDGE('',*,*,#2661,.T.);
#4468=ORIENTED_EDGE('',*,*,#2958,.F.);
#4469=ORIENTED_EDGE('',*,*,#3071,.T.);
#4470=ORIENTED_EDGE('',*,*,#3005,.T.);
#4471=ORIENTED_EDGE('',*,*,#3091,.T.);
#4472=ORIENTED_EDGE('',*,*,#3092,.T.);
#4473=ORIENTED_EDGE('',*,*,#3093,.T.);
#4474=ORIENTED_EDGE('',*,*,#3094,.T.);
#4475=ORIENTED_EDGE('',*,*,#3091,.F.);
#4476=ORIENTED_EDGE('',*,*,#3095,.T.);
#4477=ORIENTED_EDGE('',*,*,#3093,.F.);
#4478=ORIENTED_EDGE('',*,*,#3096,.T.);
#4479=ORIENTED_EDGE('',*,*,#3097,.F.);
#4480=ORIENTED_EDGE('',*,*,#3097,.T.);
#4481=ORIENTED_EDGE('',*,*,#3098,.T.);
#4482=ORIENTED_EDGE('',*,*,#3095,.F.);
#4483=ORIENTED_EDGE('',*,*,#3099,.F.);
#4484=ORIENTED_EDGE('',*,*,#3100,.T.);
#4485=ORIENTED_EDGE('',*,*,#3101,.T.);
#4486=ORIENTED_EDGE('',*,*,#3094,.F.);
#4487=ORIENTED_EDGE('',*,*,#3102,.F.);
#4488=ORIENTED_EDGE('',*,*,#3103,.T.);
#4489=ORIENTED_EDGE('',*,*,#3099,.T.);
#4490=ORIENTED_EDGE('',*,*,#3096,.F.);
#4491=ORIENTED_EDGE('',*,*,#3104,.F.);
#4492=ORIENTED_EDGE('',*,*,#3105,.T.);
#4493=ORIENTED_EDGE('',*,*,#3102,.T.);
#4494=ORIENTED_EDGE('',*,*,#3098,.F.);
#4495=ORIENTED_EDGE('',*,*,#3092,.F.);
#4496=ORIENTED_EDGE('',*,*,#3101,.F.);
#4497=ORIENTED_EDGE('',*,*,#3106,.T.);
#4498=ORIENTED_EDGE('',*,*,#3104,.T.);
#4499=ORIENTED_EDGE('',*,*,#3100,.F.);
#4500=ORIENTED_EDGE('',*,*,#3103,.F.);
#4501=ORIENTED_EDGE('',*,*,#3105,.F.);
#4502=ORIENTED_EDGE('',*,*,#3106,.F.);
#4503=ORIENTED_EDGE('',*,*,#3107,.T.);
#4504=ORIENTED_EDGE('',*,*,#3108,.T.);
#4505=ORIENTED_EDGE('',*,*,#3109,.T.);
#4506=ORIENTED_EDGE('',*,*,#3110,.T.);
#4507=ORIENTED_EDGE('',*,*,#3109,.F.);
#4508=ORIENTED_EDGE('',*,*,#3111,.T.);
#4509=ORIENTED_EDGE('',*,*,#3107,.F.);
#4510=ORIENTED_EDGE('',*,*,#3112,.T.);
#4511=ORIENTED_EDGE('',*,*,#3113,.F.);
#4512=ORIENTED_EDGE('',*,*,#3113,.T.);
#4513=ORIENTED_EDGE('',*,*,#3114,.T.);
#4514=ORIENTED_EDGE('',*,*,#3112,.F.);
#4515=ORIENTED_EDGE('',*,*,#3115,.F.);
#4516=ORIENTED_EDGE('',*,*,#3116,.T.);
#4517=ORIENTED_EDGE('',*,*,#3117,.T.);
#4518=ORIENTED_EDGE('',*,*,#3114,.F.);
#4519=ORIENTED_EDGE('',*,*,#3110,.F.);
#4520=ORIENTED_EDGE('',*,*,#3118,.F.);
#4521=ORIENTED_EDGE('',*,*,#3119,.T.);
#4522=ORIENTED_EDGE('',*,*,#3115,.T.);
#4523=ORIENTED_EDGE('',*,*,#3111,.F.);
#4524=ORIENTED_EDGE('',*,*,#3120,.F.);
#4525=ORIENTED_EDGE('',*,*,#3121,.T.);
#4526=ORIENTED_EDGE('',*,*,#3118,.T.);
#4527=ORIENTED_EDGE('',*,*,#3108,.F.);
#4528=ORIENTED_EDGE('',*,*,#3117,.F.);
#4529=ORIENTED_EDGE('',*,*,#3122,.T.);
#4530=ORIENTED_EDGE('',*,*,#3120,.T.);
#4531=ORIENTED_EDGE('',*,*,#3122,.F.);
#4532=ORIENTED_EDGE('',*,*,#3116,.F.);
#4533=ORIENTED_EDGE('',*,*,#3119,.F.);
#4534=ORIENTED_EDGE('',*,*,#3121,.F.);
#4535=CYLINDRICAL_SURFACE('',#4960,1.5);
#4536=CYLINDRICAL_SURFACE('',#4962,1.5);
#4537=CYLINDRICAL_SURFACE('',#4968,1.);
#4538=CYLINDRICAL_SURFACE('',#4974,1.);
#4539=CYLINDRICAL_SURFACE('',#4981,1.);
#4540=CYLINDRICAL_SURFACE('',#4986,1.);
#4541=CYLINDRICAL_SURFACE('',#4990,1.);
#4542=CYLINDRICAL_SURFACE('',#4999,1.);
#4543=CYLINDRICAL_SURFACE('',#5001,1.);
#4544=CYLINDRICAL_SURFACE('',#5003,0.1);
#4545=CYLINDRICAL_SURFACE('',#5011,0.1);
#4546=CYLINDRICAL_SURFACE('',#5024,50.0798264325019);
#4547=CYLINDRICAL_SURFACE('',#5025,1.);
#4548=CYLINDRICAL_SURFACE('',#5028,3.5);
#4549=CYLINDRICAL_SURFACE('',#5031,3.5);
#4550=CYLINDRICAL_SURFACE('',#5034,3.5);
#4551=CYLINDRICAL_SURFACE('',#5036,3.5);
#4552=CYLINDRICAL_SURFACE('',#5085,1.);
#4553=CYLINDRICAL_SURFACE('',#5089,3.5);
#4554=CYLINDRICAL_SURFACE('',#5091,3.5);
#4555=CYLINDRICAL_SURFACE('',#5097,0.5);
#4556=CYLINDRICAL_SURFACE('',#5101,50.2500349227016);
#4557=CYLINDRICAL_SURFACE('',#5111,0.48);
#4558=CYLINDRICAL_SURFACE('',#5114,0.48);
#4559=CYLINDRICAL_SURFACE('',#5116,0.48);
#4560=CYLINDRICAL_SURFACE('',#5120,0.48);
#4561=CYLINDRICAL_SURFACE('',#5122,0.48);
#4562=CYLINDRICAL_SURFACE('',#5124,0.48);
#4563=CYLINDRICAL_SURFACE('',#5126,0.48);
#4564=CYLINDRICAL_SURFACE('',#5128,0.48);
#4565=CYLINDRICAL_SURFACE('',#5133,0.48);
#4566=CYLINDRICAL_SURFACE('',#5136,0.48);
#4567=CYLINDRICAL_SURFACE('',#5138,0.48);
#4568=CYLINDRICAL_SURFACE('',#5141,0.48);
#4569=CYLINDRICAL_SURFACE('',#5145,0.48);
#4570=CYLINDRICAL_SURFACE('',#5146,0.48);
#4571=CYLINDRICAL_SURFACE('',#5148,0.48);
#4572=CYLINDRICAL_SURFACE('',#5150,0.48);
#4573=CYLINDRICAL_SURFACE('',#5155,0.48);
#4574=CYLINDRICAL_SURFACE('',#5162,0.48);
#4575=CYLINDRICAL_SURFACE('',#5166,0.48);
#4576=CYLINDRICAL_SURFACE('',#5169,0.48);
#4577=CYLINDRICAL_SURFACE('',#5174,0.48);
#4578=CYLINDRICAL_SURFACE('',#5177,0.48);
#4579=CYLINDRICAL_SURFACE('',#5180,0.48);
#4580=CYLINDRICAL_SURFACE('',#5184,0.48);
#4581=CYLINDRICAL_SURFACE('',#5186,0.48);
#4582=CYLINDRICAL_SURFACE('',#5188,0.48);
#4583=CYLINDRICAL_SURFACE('',#5190,0.48);
#4584=CYLINDRICAL_SURFACE('',#5192,0.48);
#4585=CYLINDRICAL_SURFACE('',#5194,0.48);
#4586=CYLINDRICAL_SURFACE('',#5196,0.48);
#4587=CYLINDRICAL_SURFACE('',#5198,0.48);
#4588=CYLINDRICAL_SURFACE('',#5202,0.48);
#4589=CYLINDRICAL_SURFACE('',#5204,0.48);
#4590=CYLINDRICAL_SURFACE('',#5206,0.48);
#4591=CYLINDRICAL_SURFACE('',#5208,0.48);
#4592=CYLINDRICAL_SURFACE('',#5211,0.48);
#4593=CYLINDRICAL_SURFACE('',#5213,0.48);
#4594=CYLINDRICAL_SURFACE('',#5215,0.48);
#4595=CYLINDRICAL_SURFACE('',#5218,0.48);
#4596=CYLINDRICAL_SURFACE('',#5219,0.48);
#4597=CYLINDRICAL_SURFACE('',#5228,3.);
#4598=CYLINDRICAL_SURFACE('',#5231,3.);
#4599=CYLINDRICAL_SURFACE('',#5234,24.9999999999999);
#4600=CYLINDRICAL_SURFACE('',#5236,13.1793735346211);
#4601=CYLINDRICAL_SURFACE('',#5238,25.0000000000001);
#4602=CYLINDRICAL_SURFACE('',#5240,20.);
#4603=CYLINDRICAL_SURFACE('',#5242,0.100000000000006);
#4604=CYLINDRICAL_SURFACE('',#5244,18.1793735346211);
#4605=CYLINDRICAL_SURFACE('',#5246,0.0999999999999995);
#4606=CYLINDRICAL_SURFACE('',#5248,35.);
#4607=CYLINDRICAL_SURFACE('',#5251,0.0999999999999934);
#4608=CYLINDRICAL_SURFACE('',#5253,24.8763983699498);
#4609=CYLINDRICAL_SURFACE('',#5255,0.999999999999999);
#4610=CYLINDRICAL_SURFACE('',#5257,2.4999999999998);
#4611=CYLINDRICAL_SURFACE('',#5260,5.);
#4612=CYLINDRICAL_SURFACE('',#5263,5.);
#4613=CYLINDRICAL_SURFACE('',#5266,5.00000000000001);
#4614=CYLINDRICAL_SURFACE('',#5269,2.49999999999955);
#4615=CYLINDRICAL_SURFACE('',#5272,0.0999999999999894);
#4616=CYLINDRICAL_SURFACE('',#5274,20.);
#4617=CYLINDRICAL_SURFACE('',#5276,0.999999999999995);
#4618=CYLINDRICAL_SURFACE('',#5278,24.876815244804);
#4619=CYLINDRICAL_SURFACE('',#5280,0.0999999999999891);
#4620=CYLINDRICAL_SURFACE('',#5283,35.);
#4621=CYLINDRICAL_SURFACE('',#5285,0.100000000000007);
#4622=CYLINDRICAL_SURFACE('',#5287,18.1793735346211);
#4623=CYLINDRICAL_SURFACE('',#5289,1.5);
#4624=CYLINDRICAL_SURFACE('',#5291,1.5);
#4625=CYLINDRICAL_SURFACE('',#5293,1.5);
#4626=CYLINDRICAL_SURFACE('',#5298,1.5);
#4627=CYLINDRICAL_SURFACE('',#5301,2.5);
#4628=CYLINDRICAL_SURFACE('',#5320,2.5);
#4629=CYLINDRICAL_SURFACE('',#5324,2.55);
#4630=CYLINDRICAL_SURFACE('',#5328,2.5);
#4631=CYLINDRICAL_SURFACE('',#5332,2.55);
#4632=CYLINDRICAL_SURFACE('',#5336,2.5);
#4633=CYLINDRICAL_SURFACE('',#5340,2.55);
#4634=CYLINDRICAL_SURFACE('',#5344,2.5);
#4635=CYLINDRICAL_SURFACE('',#5348,2.55);
#4636=CYLINDRICAL_SURFACE('',#5352,2.55);
#4637=CYLINDRICAL_SURFACE('',#5356,1.5);
#4638=CYLINDRICAL_SURFACE('',#5359,2.5);
#4639=CYLINDRICAL_SURFACE('',#5363,2.55);
#4640=CYLINDRICAL_SURFACE('',#5367,2.5);
#4641=CYLINDRICAL_SURFACE('',#5371,2.55);
#4642=CYLINDRICAL_SURFACE('',#5390,187.243575941316);
#4643=CYLINDRICAL_SURFACE('',#5394,187.014219801238);
#4644=CYLINDRICAL_SURFACE('',#5398,187.243575941316);
#4645=CYLINDRICAL_SURFACE('',#5407,188.243575941316);
#4646=CYLINDRICAL_SURFACE('',#5426,1.5);
#4647=CYLINDRICAL_SURFACE('',#5427,1.5);
#4648=CYLINDRICAL_SURFACE('',#5428,1.55);
#4649=CYLINDRICAL_SURFACE('',#5429,1.55);
#4650=CYLINDRICAL_SURFACE('',#5430,1.55);
#4651=CYLINDRICAL_SURFACE('',#5431,1.55);
#4652=CYLINDRICAL_SURFACE('',#5432,1.5);
#4653=CYLINDRICAL_SURFACE('',#5433,1.55);
#4654=CYLINDRICAL_SURFACE('',#5434,1.55);
#4655=CYLINDRICAL_SURFACE('',#5435,1.55);
#4656=CYLINDRICAL_SURFACE('',#5436,1.5);
#4657=CYLINDRICAL_SURFACE('',#5437,1.5);
#4658=CYLINDRICAL_SURFACE('',#5443,50.2500349227016);
#4659=CYLINDRICAL_SURFACE('',#5446,1.);
#4660=CYLINDRICAL_SURFACE('',#5455,0.999999999999996);
#4661=CYLINDRICAL_SURFACE('',#5458,0.999999999999996);
#4662=CYLINDRICAL_SURFACE('',#5462,1.);
#4663=CYLINDRICAL_SURFACE('',#5471,0.999999999999996);
#4664=CYLINDRICAL_SURFACE('',#5474,0.999999999999996);
#4665=ADVANCED_FACE('',(#293),#4535,.F.);
#4666=ADVANCED_FACE('',(#294),#4536,.F.);
#4667=ADVANCED_FACE('',(#295),#287,.T.);
#4668=ADVANCED_FACE('',(#296),#288,.T.);
#4669=ADVANCED_FACE('',(#297),#4537,.T.);
#4670=ADVANCED_FACE('',(#298),#289,.T.);
#4671=ADVANCED_FACE('',(#299),#274,.T.);
#4672=ADVANCED_FACE('',(#300),#4538,.F.);
#4673=ADVANCED_FACE('',(#301),#275,.F.);
#4674=ADVANCED_FACE('',(#302),#290,.T.);
#4675=ADVANCED_FACE('',(#303),#4539,.T.);
#4676=ADVANCED_FACE('',(#304),#276,.F.);
#4677=ADVANCED_FACE('',(#305),#4540,.F.);
#4678=ADVANCED_FACE('',(#306),#277,.T.);
#4679=ADVANCED_FACE('',(#307),#4541,.F.);
#4680=ADVANCED_FACE('',(#308),#278,.F.);
#4681=ADVANCED_FACE('',(#309),#279,.F.);
#4682=ADVANCED_FACE('',(#310),#4542,.F.);
#4683=ADVANCED_FACE('',(#311),#153,.F.);
#4684=ADVANCED_FACE('',(#312),#4543,.T.);
#4685=ADVANCED_FACE('',(#313),#154,.F.);
#4686=ADVANCED_FACE('',(#314),#4544,.T.);
#4687=ADVANCED_FACE('',(#315),#155,.T.);
#4688=ADVANCED_FACE('',(#316),#91,.F.);
#4689=ADVANCED_FACE('',(#317),#280,.T.);
#4690=ADVANCED_FACE('',(#318),#4545,.T.);
#4691=ADVANCED_FACE('',(#319),#281,.T.);
#4692=ADVANCED_FACE('',(#320),#156,.T.);
#4693=ADVANCED_FACE('',(#321),#157,.T.);
#4694=ADVANCED_FACE('',(#322),#158,.T.);
#4695=ADVANCED_FACE('',(#323),#159,.T.);
#4696=ADVANCED_FACE('',(#324,#23,#24,#25),#4546,.F.);
#4697=ADVANCED_FACE('',(#325),#4547,.T.);
#4698=ADVANCED_FACE('',(#326),#160,.F.);
#4699=ADVANCED_FACE('',(#327),#161,.F.);
#4700=ADVANCED_FACE('',(#328),#4548,.T.);
#4701=ADVANCED_FACE('',(#329,#26,#27),#162,.T.);
#4702=ADVANCED_FACE('',(#330),#4549,.T.);
#4703=ADVANCED_FACE('',(#331),#4550,.T.);
#4704=ADVANCED_FACE('',(#332),#4551,.T.);
#4705=ADVANCED_FACE('',(#333,#28,#29,#30,#31,#32,#33,#34,#35,#36,#37,#38,
#39,#40,#41,#42,#43,#44,#45,#46,#47,#48,#49),#163,.F.);
#4706=ADVANCED_FACE('',(#334),#4552,.T.);
#4707=ADVANCED_FACE('',(#335),#164,.T.);
#4708=ADVANCED_FACE('',(#336),#165,.T.);
#4709=ADVANCED_FACE('',(#337),#166,.T.);
#4710=ADVANCED_FACE('',(#338),#4553,.T.);
#4711=ADVANCED_FACE('',(#339),#4554,.T.);
#4712=ADVANCED_FACE('',(#340),#167,.T.);
#4713=ADVANCED_FACE('',(#341),#168,.T.);
#4714=ADVANCED_FACE('',(#342),#282,.F.);
#4715=ADVANCED_FACE('',(#343),#4555,.F.);
#4716=ADVANCED_FACE('',(#344),#291,.T.);
#4717=ADVANCED_FACE('',(#345),#169,.T.);
#4718=ADVANCED_FACE('',(#346),#292,.T.);
#4719=ADVANCED_FACE('',(#347),#4556,.T.);
#4720=ADVANCED_FACE('',(#348),#170,.T.);
#4721=ADVANCED_FACE('',(#349),#283,.F.);
#4722=ADVANCED_FACE('',(#350,#50,#51,#52),#171,.T.);
#4723=ADVANCED_FACE('',(#351),#4557,.T.);
#4724=ADVANCED_FACE('',(#352),#4558,.T.);
#4725=ADVANCED_FACE('',(#353),#4559,.T.);
#4726=ADVANCED_FACE('',(#354),#4560,.T.);
#4727=ADVANCED_FACE('',(#355),#4561,.T.);
#4728=ADVANCED_FACE('',(#356),#4562,.T.);
#4729=ADVANCED_FACE('',(#357),#4563,.T.);
#4730=ADVANCED_FACE('',(#358),#4564,.T.);
#4731=ADVANCED_FACE('',(#359),#172,.T.);
#4732=ADVANCED_FACE('',(#360),#173,.F.);
#4733=ADVANCED_FACE('',(#361),#174,.T.);
#4734=ADVANCED_FACE('',(#362),#175,.T.);
#4735=ADVANCED_FACE('',(#363),#4565,.T.);
#4736=ADVANCED_FACE('',(#364),#4566,.T.);
#4737=ADVANCED_FACE('',(#365),#4567,.T.);
#4738=ADVANCED_FACE('',(#366),#4568,.T.);
#4739=ADVANCED_FACE('',(#367),#4569,.T.);
#4740=ADVANCED_FACE('',(#368),#4570,.T.);
#4741=ADVANCED_FACE('',(#369),#4571,.T.);
#4742=ADVANCED_FACE('',(#370),#4572,.T.);
#4743=ADVANCED_FACE('',(#371),#176,.T.);
#4744=ADVANCED_FACE('',(#372),#177,.F.);
#4745=ADVANCED_FACE('',(#373),#178,.T.);
#4746=ADVANCED_FACE('',(#374),#179,.T.);
#4747=ADVANCED_FACE('',(#375),#4573,.T.);
#4748=ADVANCED_FACE('',(#376),#180,.F.);
#4749=ADVANCED_FACE('',(#377,#53,#54),#181,.T.);
#4750=ADVANCED_FACE('',(#378),#4574,.T.);
#4751=ADVANCED_FACE('',(#379),#284,.T.);
#4752=ADVANCED_FACE('',(#380),#4575,.T.);
#4753=ADVANCED_FACE('',(#381),#182,.F.);
#4754=ADVANCED_FACE('',(#382),#183,.F.);
#4755=ADVANCED_FACE('',(#383),#4576,.T.);
#4756=ADVANCED_FACE('',(#384),#285,.T.);
#4757=ADVANCED_FACE('',(#385),#4577,.T.);
#4758=ADVANCED_FACE('',(#386),#184,.F.);
#4759=ADVANCED_FACE('',(#387),#185,.F.);
#4760=ADVANCED_FACE('',(#388),#4578,.T.);
#4761=ADVANCED_FACE('',(#389),#4579,.T.);
#4762=ADVANCED_FACE('',(#390),#4580,.T.);
#4763=ADVANCED_FACE('',(#391),#4581,.T.);
#4764=ADVANCED_FACE('',(#392),#4582,.T.);
#4765=ADVANCED_FACE('',(#393),#4583,.T.);
#4766=ADVANCED_FACE('',(#394),#4584,.T.);
#4767=ADVANCED_FACE('',(#395),#4585,.T.);
#4768=ADVANCED_FACE('',(#396),#4586,.T.);
#4769=ADVANCED_FACE('',(#397),#4587,.T.);
#4770=ADVANCED_FACE('',(#398),#4588,.T.);
#4771=ADVANCED_FACE('',(#399),#4589,.T.);
#4772=ADVANCED_FACE('',(#400),#4590,.T.);
#4773=ADVANCED_FACE('',(#401),#4591,.T.);
#4774=ADVANCED_FACE('',(#402),#286,.T.);
#4775=ADVANCED_FACE('',(#403),#4592,.T.);
#4776=ADVANCED_FACE('',(#404),#4593,.T.);
#4777=ADVANCED_FACE('',(#405),#4594,.T.);
#4778=ADVANCED_FACE('',(#406),#4595,.T.);
#4779=ADVANCED_FACE('',(#407),#4596,.T.);
#4780=ADVANCED_FACE('',(#408),#186,.F.);
#4781=ADVANCED_FACE('',(#409),#187,.T.);
#4782=ADVANCED_FACE('',(#410),#188,.T.);
#4783=ADVANCED_FACE('',(#411),#92,.T.);
#4784=ADVANCED_FACE('',(#412),#189,.T.);
#4785=ADVANCED_FACE('',(#413),#190,.T.);
#4786=ADVANCED_FACE('',(#414),#191,.F.);
#4787=ADVANCED_FACE('',(#415),#4597,.F.);
#4788=ADVANCED_FACE('',(#416),#192,.F.);
#4789=ADVANCED_FACE('',(#417),#4598,.F.);
#4790=ADVANCED_FACE('',(#418),#193,.F.);
#4791=ADVANCED_FACE('',(#419),#4599,.T.);
#4792=ADVANCED_FACE('',(#420),#4600,.F.);
#4793=ADVANCED_FACE('',(#421),#4601,.T.);
#4794=ADVANCED_FACE('',(#422),#4602,.T.);
#4795=ADVANCED_FACE('',(#423),#4603,.F.);
#4796=ADVANCED_FACE('',(#424),#4604,.T.);
#4797=ADVANCED_FACE('',(#425),#4605,.F.);
#4798=ADVANCED_FACE('',(#426),#4606,.T.);
#4799=ADVANCED_FACE('',(#427),#194,.F.);
#4800=ADVANCED_FACE('',(#428),#4607,.F.);
#4801=ADVANCED_FACE('',(#429),#4608,.F.);
#4802=ADVANCED_FACE('',(#430),#4609,.F.);
#4803=ADVANCED_FACE('',(#431),#4610,.F.);
#4804=ADVANCED_FACE('',(#432),#195,.F.);
#4805=ADVANCED_FACE('',(#433),#4611,.T.);
#4806=ADVANCED_FACE('',(#434),#196,.F.);
#4807=ADVANCED_FACE('',(#435),#4612,.F.);
#4808=ADVANCED_FACE('',(#436),#197,.F.);
#4809=ADVANCED_FACE('',(#437),#4613,.T.);
#4810=ADVANCED_FACE('',(#438),#198,.F.);
#4811=ADVANCED_FACE('',(#439),#4614,.F.);
#4812=ADVANCED_FACE('',(#440),#199,.F.);
#4813=ADVANCED_FACE('',(#441),#4615,.F.);
#4814=ADVANCED_FACE('',(#442),#4616,.T.);
#4815=ADVANCED_FACE('',(#443),#4617,.F.);
#4816=ADVANCED_FACE('',(#444),#4618,.F.);
#4817=ADVANCED_FACE('',(#445),#4619,.F.);
#4818=ADVANCED_FACE('',(#446),#200,.F.);
#4819=ADVANCED_FACE('',(#447),#4620,.T.);
#4820=ADVANCED_FACE('',(#448),#4621,.F.);
#4821=ADVANCED_FACE('',(#449),#4622,.T.);
#4822=ADVANCED_FACE('',(#450),#4623,.F.);
#4823=ADVANCED_FACE('',(#451),#4624,.F.);
#4824=ADVANCED_FACE('',(#452),#4625,.F.);
#4825=ADVANCED_FACE('',(#453),#201,.F.);
#4826=ADVANCED_FACE('',(#454),#202,.F.);
#4827=ADVANCED_FACE('',(#455),#203,.F.);
#4828=ADVANCED_FACE('',(#456),#4626,.F.);
#4829=ADVANCED_FACE('',(#457),#4627,.T.);
#4830=ADVANCED_FACE('',(#458,#55),#204,.T.);
#4831=ADVANCED_FACE('',(#459,#56,#57,#58,#59,#60,#61,#62,#63,#64,#65,#66,
#67,#68,#69,#70,#71,#72,#73,#74,#75,#76,#77),#205,.T.);
#4832=ADVANCED_FACE('',(#460),#4628,.T.);
#4833=ADVANCED_FACE('',(#461,#78),#206,.T.);
#4834=ADVANCED_FACE('',(#462),#4629,.T.);
#4835=ADVANCED_FACE('',(#463,#79),#207,.T.);
#4836=ADVANCED_FACE('',(#464),#4630,.T.);
#4837=ADVANCED_FACE('',(#465,#80),#208,.T.);
#4838=ADVANCED_FACE('',(#466),#4631,.T.);
#4839=ADVANCED_FACE('',(#467,#81),#209,.T.);
#4840=ADVANCED_FACE('',(#468),#4632,.T.);
#4841=ADVANCED_FACE('',(#469,#82),#210,.T.);
#4842=ADVANCED_FACE('',(#470),#4633,.T.);
#4843=ADVANCED_FACE('',(#471,#83),#211,.T.);
#4844=ADVANCED_FACE('',(#472),#4634,.T.);
#4845=ADVANCED_FACE('',(#473,#84),#212,.T.);
#4846=ADVANCED_FACE('',(#474),#4635,.T.);
#4847=ADVANCED_FACE('',(#475,#85),#213,.T.);
#4848=ADVANCED_FACE('',(#476),#4636,.T.);
#4849=ADVANCED_FACE('',(#477,#86),#214,.T.);
#4850=ADVANCED_FACE('',(#478),#4637,.F.);
#4851=ADVANCED_FACE('',(#479),#4638,.T.);
#4852=ADVANCED_FACE('',(#480,#87),#215,.T.);
#4853=ADVANCED_FACE('',(#481),#216,.T.);
#4854=ADVANCED_FACE('',(#482),#4639,.T.);
#4855=ADVANCED_FACE('',(#483,#88),#217,.T.);
#4856=ADVANCED_FACE('',(#484),#4640,.T.);
#4857=ADVANCED_FACE('',(#485,#89),#218,.T.);
#4858=ADVANCED_FACE('',(#486),#4641,.T.);
#4859=ADVANCED_FACE('',(#487,#90),#219,.T.);
#4860=ADVANCED_FACE('',(#488),#220,.T.);
#4861=ADVANCED_FACE('',(#489),#221,.T.);
#4862=ADVANCED_FACE('',(#490),#222,.T.);
#4863=ADVANCED_FACE('',(#491),#223,.T.);
#4864=ADVANCED_FACE('',(#492),#224,.T.);
#4865=ADVANCED_FACE('',(#493),#225,.T.);
#4866=ADVANCED_FACE('',(#494),#226,.T.);
#4867=ADVANCED_FACE('',(#495),#227,.T.);
#4868=ADVANCED_FACE('',(#496),#228,.T.);
#4869=ADVANCED_FACE('',(#497),#229,.T.);
#4870=ADVANCED_FACE('',(#498),#230,.T.);
#4871=ADVANCED_FACE('',(#499),#231,.T.);
#4872=ADVANCED_FACE('',(#500),#232,.T.);
#4873=ADVANCED_FACE('',(#501),#233,.T.);
#4874=ADVANCED_FACE('',(#502),#234,.T.);
#4875=ADVANCED_FACE('',(#503),#4642,.F.);
#4876=ADVANCED_FACE('',(#504),#235,.T.);
#4877=ADVANCED_FACE('',(#505),#236,.T.);
#4878=ADVANCED_FACE('',(#506),#4643,.F.);
#4879=ADVANCED_FACE('',(#507),#237,.T.);
#4880=ADVANCED_FACE('',(#508),#238,.T.);
#4881=ADVANCED_FACE('',(#509),#4644,.F.);
#4882=ADVANCED_FACE('',(#510),#239,.T.);
#4883=ADVANCED_FACE('',(#511),#240,.T.);
#4884=ADVANCED_FACE('',(#512),#241,.T.);
#4885=ADVANCED_FACE('',(#513),#242,.T.);
#4886=ADVANCED_FACE('',(#514),#243,.T.);
#4887=ADVANCED_FACE('',(#515),#244,.T.);
#4888=ADVANCED_FACE('',(#516),#245,.T.);
#4889=ADVANCED_FACE('',(#517),#4645,.T.);
#4890=ADVANCED_FACE('',(#518),#246,.T.);
#4891=ADVANCED_FACE('',(#519),#247,.T.);
#4892=ADVANCED_FACE('',(#520),#248,.T.);
#4893=ADVANCED_FACE('',(#521),#249,.T.);
#4894=ADVANCED_FACE('',(#522),#250,.T.);
#4895=ADVANCED_FACE('',(#523),#251,.T.);
#4896=ADVANCED_FACE('',(#524),#93,.F.);
#4897=ADVANCED_FACE('',(#525),#94,.F.);
#4898=ADVANCED_FACE('',(#526),#95,.F.);
#4899=ADVANCED_FACE('',(#527),#252,.T.);
#4900=ADVANCED_FACE('',(#528),#253,.T.);
#4901=ADVANCED_FACE('',(#529),#254,.T.);
#4902=ADVANCED_FACE('',(#530),#255,.T.);
#4903=ADVANCED_FACE('',(#531),#256,.T.);
#4904=ADVANCED_FACE('',(#532),#257,.T.);
#4905=ADVANCED_FACE('',(#533),#258,.T.);
#4906=ADVANCED_FACE('',(#534),#259,.T.);
#4907=ADVANCED_FACE('',(#535),#260,.T.);
#4908=ADVANCED_FACE('',(#536),#4646,.F.);
#4909=ADVANCED_FACE('',(#537),#4647,.F.);
#4910=ADVANCED_FACE('',(#538),#4648,.F.);
#4911=ADVANCED_FACE('',(#539),#4649,.F.);
#4912=ADVANCED_FACE('',(#540),#4650,.F.);
#4913=ADVANCED_FACE('',(#541),#4651,.F.);
#4914=ADVANCED_FACE('',(#542),#4652,.F.);
#4915=ADVANCED_FACE('',(#543),#4653,.F.);
#4916=ADVANCED_FACE('',(#544),#4654,.F.);
#4917=ADVANCED_FACE('',(#545),#4655,.F.);
#4918=ADVANCED_FACE('',(#546),#4656,.F.);
#4919=ADVANCED_FACE('',(#547),#4657,.F.);
#4920=ADVANCED_FACE('',(#548),#261,.F.);
#4921=ADVANCED_FACE('',(#549),#262,.F.);
#4922=ADVANCED_FACE('',(#550),#263,.F.);
#4923=ADVANCED_FACE('',(#551),#264,.F.);
#4924=ADVANCED_FACE('',(#552),#265,.T.);
#4925=ADVANCED_FACE('',(#553),#4658,.T.);
#4926=ADVANCED_FACE('',(#554),#266,.T.);
#4927=ADVANCED_FACE('',(#555),#267,.T.);
#4928=ADVANCED_FACE('',(#556),#4659,.T.);
#4929=ADVANCED_FACE('',(#557),#13,.T.);
#4930=ADVANCED_FACE('',(#558),#14,.T.);
#4931=ADVANCED_FACE('',(#559),#4660,.T.);
#4932=ADVANCED_FACE('',(#560),#268,.T.);
#4933=ADVANCED_FACE('',(#561),#4661,.T.);
#4934=ADVANCED_FACE('',(#562),#269,.T.);
#4935=ADVANCED_FACE('',(#563),#270,.F.);
#4936=ADVANCED_FACE('',(#564),#4662,.T.);
#4937=ADVANCED_FACE('',(#565),#15,.T.);
#4938=ADVANCED_FACE('',(#566),#16,.T.);
#4939=ADVANCED_FACE('',(#567),#4663,.T.);
#4940=ADVANCED_FACE('',(#568),#271,.T.);
#4941=ADVANCED_FACE('',(#569),#4664,.T.);
#4942=ADVANCED_FACE('',(#570),#272,.T.);
#4943=ADVANCED_FACE('',(#571),#273,.F.);
#4944=CLOSED_SHELL('',(#4665,#4666,#4667,#4668,#4669,#4670,#4671,#4672,
#4673,#4674,#4675,#4676,#4677,#4678,#4679,#4680,#4681,#4682,#4683,#4684,
#4685,#4686,#4687,#4688,#4689,#4690,#4691,#4692,#4693,#4694,#4695,#4696,
#4697,#4698,#4699,#4700,#4701,#4702,#4703,#4704,#4705,#4706,#4707,#4708,
#4709,#4710,#4711,#4712,#4713,#4714,#4715,#4716,#4717,#4718,#4719,#4720,
#4721,#4722,#4723,#4724,#4725,#4726,#4727,#4728,#4729,#4730,#4731,#4732,
#4733,#4734,#4735,#4736,#4737,#4738,#4739,#4740,#4741,#4742,#4743,#4744,
#4745,#4746,#4747,#4748,#4749,#4750,#4751,#4752,#4753,#4754,#4755,#4756,
#4757,#4758,#4759,#4760,#4761,#4762,#4763,#4764,#4765,#4766,#4767,#4768,
#4769,#4770,#4771,#4772,#4773,#4774,#4775,#4776,#4777,#4778,#4779,#4780,
#4781,#4782,#4783,#4784,#4785,#4786,#4787,#4788,#4789,#4790,#4791,#4792,
#4793,#4794,#4795,#4796,#4797,#4798,#4799,#4800,#4801,#4802,#4803,#4804,
#4805,#4806,#4807,#4808,#4809,#4810,#4811,#4812,#4813,#4814,#4815,#4816,
#4817,#4818,#4819,#4820,#4821,#4822,#4823,#4824,#4825,#4826,#4827,#4828,
#4829,#4830,#4831,#4832,#4833,#4834,#4835,#4836,#4837,#4838,#4839,#4840,
#4841,#4842,#4843,#4844,#4845,#4846,#4847,#4848,#4849,#4850,#4851,#4852,
#4853,#4854,#4855,#4856,#4857,#4858,#4859,#4860,#4861,#4862,#4863,#4864,
#4865,#4866,#4867,#4868,#4869,#4870,#4871,#4872,#4873,#4874,#4875,#4876,
#4877,#4878,#4879,#4880,#4881,#4882,#4883,#4884,#4885,#4886,#4887,#4888,
#4889,#4890,#4891,#4892,#4893,#4894,#4895,#4896,#4897,#4898,#4899,#4900,
#4901,#4902,#4903,#4904,#4905,#4906,#4907,#4908,#4909,#4910,#4911,#4912,
#4913,#4914,#4915,#4916,#4917,#4918,#4919,#4920,#4921,#4922,#4923,#4924,
#4925,#4926,#4927));
#4945=CLOSED_SHELL('',(#4928,#4929,#4930,#4931,#4932,#4933,#4934,#4935));
#4946=CLOSED_SHELL('',(#4936,#4937,#4938,#4939,#4940,#4941,#4942,#4943));
#4947=DERIVED_UNIT_ELEMENT(#4949,1.);
#4948=DERIVED_UNIT_ELEMENT(#9311,-3.);
#4949=(
MASS_UNIT()
NAMED_UNIT(*)
SI_UNIT(.KILO.,.GRAM.)
);
#4950=DERIVED_UNIT((#4947,#4948));
#4951=MEASURE_REPRESENTATION_ITEM('density measure',
POSITIVE_RATIO_MEASURE(7850.),#4950);
#4952=PROPERTY_DEFINITION_REPRESENTATION(#4957,#4954);
#4953=PROPERTY_DEFINITION_REPRESENTATION(#4958,#4955);
#4954=REPRESENTATION('material name',(#4956),#9308);
#4955=REPRESENTATION('density',(#4951),#9308);
#4956=DESCRIPTIVE_REPRESENTATION_ITEM('Steel','Steel');
#4957=PROPERTY_DEFINITION('material property','material name',#9318);
#4958=PROPERTY_DEFINITION('material property','density of part',#9318);
#4959=AXIS2_PLACEMENT_3D('',#6916,#5478,#5479);
#4960=AXIS2_PLACEMENT_3D('',#6917,#5480,#5481);
#4961=AXIS2_PLACEMENT_3D('',#6919,#5482,#5483);
#4962=AXIS2_PLACEMENT_3D('',#6956,#5485,#5486);
#4963=AXIS2_PLACEMENT_3D('',#6958,#5487,#5488);
#4964=AXIS2_PLACEMENT_3D('',#7099,#5490,#5491);
#4965=AXIS2_PLACEMENT_3D('',#7116,#5492,#5493);
#4966=AXIS2_PLACEMENT_3D('',#7209,#5494,#5495);
#4967=AXIS2_PLACEMENT_3D('',#7224,#5496,#5497);
#4968=AXIS2_PLACEMENT_3D('',#7235,#5498,#5499);
#4969=AXIS2_PLACEMENT_3D('',#7330,#5502,#5503);
#4970=AXIS2_PLACEMENT_3D('',#7346,#5504,#5505);
#4971=AXIS2_PLACEMENT_3D('',#7358,#5506,#5507);
#4972=AXIS2_PLACEMENT_3D('',#7359,#5508,#5509);
#4973=AXIS2_PLACEMENT_3D('',#7360,#5510,#5511);
#4974=AXIS2_PLACEMENT_3D('',#7361,#5512,#5513);
#4975=AXIS2_PLACEMENT_3D('',#7364,#5514,#5515);
#4976=AXIS2_PLACEMENT_3D('',#7367,#5518,#5519);
#4977=AXIS2_PLACEMENT_3D('',#7380,#5520,#5521);
#4978=AXIS2_PLACEMENT_3D('',#7382,#5522,#5523);
#4979=AXIS2_PLACEMENT_3D('',#7491,#5524,#5525);
#4980=AXIS2_PLACEMENT_3D('',#7508,#5526,#5527);
#4981=AXIS2_PLACEMENT_3D('',#7515,#5528,#5529);
#4982=AXIS2_PLACEMENT_3D('',#7518,#5532,#5533);
#4983=AXIS2_PLACEMENT_3D('',#7526,#5534,#5535);
#4984=AXIS2_PLACEMENT_3D('',#7528,#5536,#5537);
#4985=AXIS2_PLACEMENT_3D('',#7530,#5538,#5539);
#4986=AXIS2_PLACEMENT_3D('',#7541,#5540,#5541);
#4987=AXIS2_PLACEMENT_3D('',#7544,#5544,#5545);
#4988=AXIS2_PLACEMENT_3D('',#7545,#5546,#5547);
#4989=AXIS2_PLACEMENT_3D('',#7546,#5548,#5549);
#4990=AXIS2_PLACEMENT_3D('',#7547,#5550,#5551);
#4991=AXIS2_PLACEMENT_3D('',#7550,#5552,#5553);
#4992=AXIS2_PLACEMENT_3D('',#7553,#5556,#5557);
#4993=AXIS2_PLACEMENT_3D('',#7566,#5558,#5559);
#4994=AXIS2_PLACEMENT_3D('',#7568,#5560,#5561);
#4995=AXIS2_PLACEMENT_3D('',#7573,#5562,#5563);
#4996=AXIS2_PLACEMENT_3D('',#7581,#5564,#5565);
#4997=AXIS2_PLACEMENT_3D('',#7583,#5566,#5567);
#4998=AXIS2_PLACEMENT_3D('',#7585,#5568,#5569);
#4999=AXIS2_PLACEMENT_3D('',#7596,#5570,#5571);
#5000=AXIS2_PLACEMENT_3D('',#7599,#5574,#5575);
#5001=AXIS2_PLACEMENT_3D('',#7601,#5577,#5578);
#5002=AXIS2_PLACEMENT_3D('',#7603,#5580,#5581);
#5003=AXIS2_PLACEMENT_3D('',#7605,#5583,#5584);
#5004=AXIS2_PLACEMENT_3D('',#7635,#5586,#5587);
#5005=AXIS2_PLACEMENT_3D('',#7637,#5589,#5590);
#5006=AXIS2_PLACEMENT_3D('',#7663,#5594,#5595);
#5007=AXIS2_PLACEMENT_3D('',#7665,#5596,#5597);
#5008=AXIS2_PLACEMENT_3D('',#7691,#5598,#5599);
#5009=AXIS2_PLACEMENT_3D('',#7692,#5600,#5601);
#5010=AXIS2_PLACEMENT_3D('',#7694,#5602,#5603);
#5011=AXIS2_PLACEMENT_3D('',#7701,#5604,#5605);
#5012=AXIS2_PLACEMENT_3D('',#7705,#5607,#5608);
#5013=AXIS2_PLACEMENT_3D('',#7723,#5610,#5611);
#5014=AXIS2_PLACEMENT_3D('',#7724,#5612,#5613);
#5015=AXIS2_PLACEMENT_3D('',#7739,#5614,#5615);
#5016=AXIS2_PLACEMENT_3D('',#7740,#5616,#5617);
#5017=AXIS2_PLACEMENT_3D('',#7741,#5618,#5619);
#5018=AXIS2_PLACEMENT_3D('',#7753,#5625,#5626);
#5019=AXIS2_PLACEMENT_3D('',#7769,#5628,#5629);
#5020=AXIS2_PLACEMENT_3D('',#7773,#5632,#5633);
#5021=AXIS2_PLACEMENT_3D('',#7777,#5635,#5636);
#5022=AXIS2_PLACEMENT_3D('',#7780,#5638,#5639);
#5023=AXIS2_PLACEMENT_3D('',#7781,#5640,#5641);
#5024=AXIS2_PLACEMENT_3D('',#7786,#5645,#5646);
#5025=AXIS2_PLACEMENT_3D('',#7787,#5647,#5648);
#5026=AXIS2_PLACEMENT_3D('',#7790,#5651,#5652);
#5027=AXIS2_PLACEMENT_3D('',#7791,#5653,#5654);
#5028=AXIS2_PLACEMENT_3D('',#7793,#5656,#5657);
#5029=AXIS2_PLACEMENT_3D('',#7798,#5660,#5661);
#5030=AXIS2_PLACEMENT_3D('',#7802,#5664,#5665);
#5031=AXIS2_PLACEMENT_3D('',#7804,#5667,#5668);
#5032=AXIS2_PLACEMENT_3D('',#7807,#5669,#5670);
#5033=AXIS2_PLACEMENT_3D('',#7810,#5672,#5673);
#5034=AXIS2_PLACEMENT_3D('',#7823,#5676,#5677);
#5035=AXIS2_PLACEMENT_3D('',#7825,#5678,#5679);
#5036=AXIS2_PLACEMENT_3D('',#7827,#5681,#5682);
#5037=AXIS2_PLACEMENT_3D('',#7831,#5685,#5686);
#5038=AXIS2_PLACEMENT_3D('',#7835,#5688,#5689);
#5039=AXIS2_PLACEMENT_3D('',#7862,#5691,#5692);
#5040=AXIS2_PLACEMENT_3D('',#7878,#5700,#5701);
#5041=AXIS2_PLACEMENT_3D('',#7894,#5709,#5710);
#5042=AXIS2_PLACEMENT_3D('',#7896,#5711,#5712);
#5043=AXIS2_PLACEMENT_3D('',#7902,#5715,#5716);
#5044=AXIS2_PLACEMENT_3D('',#7906,#5718,#5719);
#5045=AXIS2_PLACEMENT_3D('',#7910,#5721,#5722);
#5046=AXIS2_PLACEMENT_3D('',#7912,#5723,#5724);
#5047=AXIS2_PLACEMENT_3D('',#7913,#5725,#5726);
#5048=AXIS2_PLACEMENT_3D('',#7916,#5727,#5728);
#5049=AXIS2_PLACEMENT_3D('',#7918,#5729,#5730);
#5050=AXIS2_PLACEMENT_3D('',#7920,#5731,#5732);
#5051=AXIS2_PLACEMENT_3D('',#7922,#5733,#5734);
#5052=AXIS2_PLACEMENT_3D('',#7924,#5735,#5736);
#5053=AXIS2_PLACEMENT_3D('',#7926,#5737,#5738);
#5054=AXIS2_PLACEMENT_3D('',#7928,#5739,#5740);
#5055=AXIS2_PLACEMENT_3D('',#7930,#5741,#5742);
#5056=AXIS2_PLACEMENT_3D('',#7936,#5745,#5746);
#5057=AXIS2_PLACEMENT_3D('',#7940,#5748,#5749);
#5058=AXIS2_PLACEMENT_3D('',#7944,#5751,#5752);
#5059=AXIS2_PLACEMENT_3D('',#7948,#5754,#5755);
#5060=AXIS2_PLACEMENT_3D('',#7951,#5757,#5758);
#5061=AXIS2_PLACEMENT_3D('',#7954,#5759,#5760);
#5062=AXIS2_PLACEMENT_3D('',#7956,#5761,#5762);
#5063=AXIS2_PLACEMENT_3D('',#7958,#5763,#5764);
#5064=AXIS2_PLACEMENT_3D('',#7960,#5765,#5766);
#5065=AXIS2_PLACEMENT_3D('',#7962,#5767,#5768);
#5066=AXIS2_PLACEMENT_3D('',#7964,#5769,#5770);
#5067=AXIS2_PLACEMENT_3D('',#7966,#5771,#5772);
#5068=AXIS2_PLACEMENT_3D('',#7968,#5773,#5774);
#5069=AXIS2_PLACEMENT_3D('',#7979,#5780,#5781);
#5070=AXIS2_PLACEMENT_3D('',#7981,#5782,#5783);
#5071=AXIS2_PLACEMENT_3D('',#7983,#5784,#5785);
#5072=AXIS2_PLACEMENT_3D('',#7985,#5786,#5787);
#5073=AXIS2_PLACEMENT_3D('',#7987,#5788,#5789);
#5074=AXIS2_PLACEMENT_3D('',#7989,#5790,#5791);
#5075=AXIS2_PLACEMENT_3D('',#7991,#5792,#5793);
#5076=AXIS2_PLACEMENT_3D('',#7993,#5794,#5795);
#5077=AXIS2_PLACEMENT_3D('',#7995,#5796,#5797);
#5078=AXIS2_PLACEMENT_3D('',#7997,#5798,#5799);
#5079=AXIS2_PLACEMENT_3D('',#7999,#5800,#5801);
#5080=AXIS2_PLACEMENT_3D('',#8001,#5802,#5803);
#5081=AXIS2_PLACEMENT_3D('',#8004,#5804,#5805);
#5082=AXIS2_PLACEMENT_3D('',#8010,#5808,#5809);
#5083=AXIS2_PLACEMENT_3D('',#8016,#5812,#5813);
#5084=AXIS2_PLACEMENT_3D('',#8027,#5819,#5820);
#5085=AXIS2_PLACEMENT_3D('',#8028,#5821,#5822);
#5086=AXIS2_PLACEMENT_3D('',#8039,#5824,#5825);
#5087=AXIS2_PLACEMENT_3D('',#8043,#5828,#5829);
#5088=AXIS2_PLACEMENT_3D('',#8048,#5833,#5834);
#5089=AXIS2_PLACEMENT_3D('',#8049,#5835,#5836);
#5090=AXIS2_PLACEMENT_3D('',#8051,#5837,#5838);
#5091=AXIS2_PLACEMENT_3D('',#8055,#5841,#5842);
#5092=AXIS2_PLACEMENT_3D('',#8057,#5844,#5845);
#5093=AXIS2_PLACEMENT_3D('',#8094,#5847,#5848);
#5094=AXIS2_PLACEMENT_3D('',#8097,#5850,#5851);
#5095=AXIS2_PLACEMENT_3D('',#8098,#5852,#5853);
#5096=AXIS2_PLACEMENT_3D('',#8099,#5854,#5855);
#5097=AXIS2_PLACEMENT_3D('',#8100,#5856,#5857);
#5098=AXIS2_PLACEMENT_3D('',#8138,#5860,#5861);
#5099=AXIS2_PLACEMENT_3D('',#8171,#5863,#5864);
#5100=AXIS2_PLACEMENT_3D('',#8224,#5865,#5866);
#5101=AXIS2_PLACEMENT_3D('',#8225,#5867,#5868);
#5102=AXIS2_PLACEMENT_3D('',#8227,#5869,#5870);
#5103=AXIS2_PLACEMENT_3D('',#8229,#5872,#5873);
#5104=AXIS2_PLACEMENT_3D('',#8230,#5874,#5875);
#5105=AXIS2_PLACEMENT_3D('',#8232,#5876,#5877);
#5106=AXIS2_PLACEMENT_3D('',#8233,#5878,#5879);
#5107=AXIS2_PLACEMENT_3D('',#8234,#5880,#5881);
#5108=AXIS2_PLACEMENT_3D('',#8236,#5882,#5883);
#5109=AXIS2_PLACEMENT_3D('',#8238,#5884,#5885);
#5110=AXIS2_PLACEMENT_3D('',#8240,#5886,#5887);
#5111=AXIS2_PLACEMENT_3D('',#8241,#5888,#5889);
#5112=AXIS2_PLACEMENT_3D('',#8246,#5891,#5892);
#5113=AXIS2_PLACEMENT_3D('',#8249,#5894,#5895);
#5114=AXIS2_PLACEMENT_3D('',#8250,#5896,#5897);
#5115=AXIS2_PLACEMENT_3D('',#8254,#5899,#5900);
#5116=AXIS2_PLACEMENT_3D('',#8256,#5902,#5903);
#5117=AXIS2_PLACEMENT_3D('',#8261,#5905,#5906);
#5118=AXIS2_PLACEMENT_3D('',#8263,#5907,#5908);
#5119=AXIS2_PLACEMENT_3D('',#8266,#5910,#5911);
#5120=AXIS2_PLACEMENT_3D('',#8267,#5912,#5913);
#5121=AXIS2_PLACEMENT_3D('',#8272,#5916,#5917);
#5122=AXIS2_PLACEMENT_3D('',#8273,#5918,#5919);
#5123=AXIS2_PLACEMENT_3D('',#8276,#5921,#5922);
#5124=AXIS2_PLACEMENT_3D('',#8278,#5924,#5925);
#5125=AXIS2_PLACEMENT_3D('',#8283,#5928,#5929);
#5126=AXIS2_PLACEMENT_3D('',#8284,#5930,#5931);
#5127=AXIS2_PLACEMENT_3D('',#8289,#5934,#5935);
#5128=AXIS2_PLACEMENT_3D('',#8290,#5936,#5937);
#5129=AXIS2_PLACEMENT_3D('',#8293,#5940,#5941);
#5130=AXIS2_PLACEMENT_3D('',#8307,#5949,#5950);
#5131=AXIS2_PLACEMENT_3D('',#8311,#5953,#5954);
#5132=AXIS2_PLACEMENT_3D('',#8323,#5961,#5962);
#5133=AXIS2_PLACEMENT_3D('',#8324,#5963,#5964);
#5134=AXIS2_PLACEMENT_3D('',#8329,#5966,#5967);
#5135=AXIS2_PLACEMENT_3D('',#8332,#5969,#5970);
#5136=AXIS2_PLACEMENT_3D('',#8333,#5971,#5972);
#5137=AXIS2_PLACEMENT_3D('',#8337,#5974,#5975);
#5138=AXIS2_PLACEMENT_3D('',#8339,#5977,#5978);
#5139=AXIS2_PLACEMENT_3D('',#8343,#5980,#5981);
#5140=AXIS2_PLACEMENT_3D('',#8345,#5982,#5983);
#5141=AXIS2_PLACEMENT_3D('',#8347,#5985,#5986);
#5142=AXIS2_PLACEMENT_3D('',#8352,#5988,#5989);
#5143=AXIS2_PLACEMENT_3D('',#8354,#5990,#5991);
#5144=AXIS2_PLACEMENT_3D('',#8357,#5993,#5994);
#5145=AXIS2_PLACEMENT_3D('',#8358,#5995,#5996);
#5146=AXIS2_PLACEMENT_3D('',#8361,#5999,#6000);
#5147=AXIS2_PLACEMENT_3D('',#8366,#6003,#6004);
#5148=AXIS2_PLACEMENT_3D('',#8367,#6005,#6006);
#5149=AXIS2_PLACEMENT_3D('',#8372,#6009,#6010);
#5150=AXIS2_PLACEMENT_3D('',#8373,#6011,#6012);
#5151=AXIS2_PLACEMENT_3D('',#8376,#6015,#6016);
#5152=AXIS2_PLACEMENT_3D('',#8390,#6024,#6025);
#5153=AXIS2_PLACEMENT_3D('',#8394,#6028,#6029);
#5154=AXIS2_PLACEMENT_3D('',#8406,#6036,#6037);
#5155=AXIS2_PLACEMENT_3D('',#8407,#6038,#6039);
#5156=AXIS2_PLACEMENT_3D('',#8410,#6040,#6041);
#5157=AXIS2_PLACEMENT_3D('',#8450,#6044,#6045);
#5158=AXIS2_PLACEMENT_3D('',#8460,#6047,#6048);
#5159=AXIS2_PLACEMENT_3D('',#8497,#6066,#6067);
#5160=AXIS2_PLACEMENT_3D('',#8506,#6072,#6073);
#5161=AXIS2_PLACEMENT_3D('',#8508,#6074,#6075);
#5162=AXIS2_PLACEMENT_3D('',#8512,#6078,#6079);
#5163=AXIS2_PLACEMENT_3D('',#8532,#6081,#6082);
#5164=AXIS2_PLACEMENT_3D('',#8533,#6083,#6084);
#5165=AXIS2_PLACEMENT_3D('',#8535,#6085,#6086);
#5166=AXIS2_PLACEMENT_3D('',#8552,#6087,#6088);
#5167=AXIS2_PLACEMENT_3D('',#8554,#6090,#6091);
#5168=AXIS2_PLACEMENT_3D('',#8562,#6094,#6095);
#5169=AXIS2_PLACEMENT_3D('',#8568,#6097,#6098);
#5170=AXIS2_PLACEMENT_3D('',#8590,#6100,#6101);
#5171=AXIS2_PLACEMENT_3D('',#8591,#6102,#6103);
#5172=AXIS2_PLACEMENT_3D('',#8605,#6104,#6105);
#5173=AXIS2_PLACEMENT_3D('',#8606,#6106,#6107);
#5174=AXIS2_PLACEMENT_3D('',#8607,#6108,#6109);
#5175=AXIS2_PLACEMENT_3D('',#8609,#6111,#6112);
#5176=AXIS2_PLACEMENT_3D('',#8617,#6115,#6116);
#5177=AXIS2_PLACEMENT_3D('',#8623,#6118,#6119);
#5178=AXIS2_PLACEMENT_3D('',#8625,#6120,#6121);
#5179=AXIS2_PLACEMENT_3D('',#8628,#6123,#6124);
#5180=AXIS2_PLACEMENT_3D('',#8629,#6125,#6126);
#5181=AXIS2_PLACEMENT_3D('',#8631,#6127,#6128);
#5182=AXIS2_PLACEMENT_3D('',#8632,#6129,#6130);
#5183=AXIS2_PLACEMENT_3D('',#8633,#6131,#6132);
#5184=AXIS2_PLACEMENT_3D('',#8634,#6133,#6134);
#5185=AXIS2_PLACEMENT_3D('',#8636,#6135,#6136);
#5186=AXIS2_PLACEMENT_3D('',#8638,#6138,#6139);
#5187=AXIS2_PLACEMENT_3D('',#8640,#6140,#6141);
#5188=AXIS2_PLACEMENT_3D('',#8642,#6143,#6144);
#5189=AXIS2_PLACEMENT_3D('',#8644,#6145,#6146);
#5190=AXIS2_PLACEMENT_3D('',#8646,#6148,#6149);
#5191=AXIS2_PLACEMENT_3D('',#8648,#6150,#6151);
#5192=AXIS2_PLACEMENT_3D('',#8650,#6153,#6154);
#5193=AXIS2_PLACEMENT_3D('',#8652,#6155,#6156);
#5194=AXIS2_PLACEMENT_3D('',#8654,#6158,#6159);
#5195=AXIS2_PLACEMENT_3D('',#8656,#6160,#6161);
#5196=AXIS2_PLACEMENT_3D('',#8658,#6163,#6164);
#5197=AXIS2_PLACEMENT_3D('',#8659,#6165,#6166);
#5198=AXIS2_PLACEMENT_3D('',#8661,#6168,#6169);
#5199=AXIS2_PLACEMENT_3D('',#8663,#6170,#6171);
#5200=AXIS2_PLACEMENT_3D('',#8664,#6172,#6173);
#5201=AXIS2_PLACEMENT_3D('',#8665,#6174,#6175);
#5202=AXIS2_PLACEMENT_3D('',#8666,#6176,#6177);
#5203=AXIS2_PLACEMENT_3D('',#8669,#6179,#6180);
#5204=AXIS2_PLACEMENT_3D('',#8670,#6181,#6182);
#5205=AXIS2_PLACEMENT_3D('',#8671,#6183,#6184);
#5206=AXIS2_PLACEMENT_3D('',#8672,#6185,#6186);
#5207=AXIS2_PLACEMENT_3D('',#8675,#6188,#6189);
#5208=AXIS2_PLACEMENT_3D('',#8676,#6190,#6191);
#5209=AXIS2_PLACEMENT_3D('',#8693,#6193,#6194);
#5210=AXIS2_PLACEMENT_3D('',#8695,#6195,#6196);
#5211=AXIS2_PLACEMENT_3D('',#8710,#6197,#6198);
#5212=AXIS2_PLACEMENT_3D('',#8713,#6200,#6201);
#5213=AXIS2_PLACEMENT_3D('',#8714,#6202,#6203);
#5214=AXIS2_PLACEMENT_3D('',#8716,#6205,#6206);
#5215=AXIS2_PLACEMENT_3D('',#8717,#6207,#6208);
#5216=AXIS2_PLACEMENT_3D('',#8719,#6209,#6210);
#5217=AXIS2_PLACEMENT_3D('',#8720,#6211,#6212);
#5218=AXIS2_PLACEMENT_3D('',#8721,#6213,#6214);
#5219=AXIS2_PLACEMENT_3D('',#8723,#6216,#6217);
#5220=AXIS2_PLACEMENT_3D('',#8725,#6219,#6220);
#5221=AXIS2_PLACEMENT_3D('',#8727,#6222,#6223);
#5222=AXIS2_PLACEMENT_3D('',#8731,#6226,#6227);
#5223=AXIS2_PLACEMENT_3D('',#8737,#6229,#6230);
#5224=AXIS2_PLACEMENT_3D('',#8742,#6231,#6232);
#5225=AXIS2_PLACEMENT_3D('',#8743,#6233,#6234);
#5226=AXIS2_PLACEMENT_3D('',#8747,#6237,#6238);
#5227=AXIS2_PLACEMENT_3D('',#8749,#6240,#6241);
#5228=AXIS2_PLACEMENT_3D('',#8755,#6245,#6246);
#5229=AXIS2_PLACEMENT_3D('',#8757,#6247,#6248);
#5230=AXIS2_PLACEMENT_3D('',#8759,#6250,#6251);
#5231=AXIS2_PLACEMENT_3D('',#8763,#6254,#6255);
#5232=AXIS2_PLACEMENT_3D('',#8765,#6256,#6257);
#5233=AXIS2_PLACEMENT_3D('',#8767,#6259,#6260);
#5234=AXIS2_PLACEMENT_3D('',#8771,#6263,#6264);
#5235=AXIS2_PLACEMENT_3D('',#8773,#6265,#6266);
#5236=AXIS2_PLACEMENT_3D('',#8775,#6268,#6269);
#5237=AXIS2_PLACEMENT_3D('',#8777,#6270,#6271);
#5238=AXIS2_PLACEMENT_3D('',#8779,#6273,#6274);
#5239=AXIS2_PLACEMENT_3D('',#8780,#6275,#6276);
#5240=AXIS2_PLACEMENT_3D('',#8781,#6277,#6278);
#5241=AXIS2_PLACEMENT_3D('',#8784,#6279,#6280);
#5242=AXIS2_PLACEMENT_3D('',#8787,#6283,#6284);
#5243=AXIS2_PLACEMENT_3D('',#8789,#6285,#6286);
#5244=AXIS2_PLACEMENT_3D('',#8791,#6288,#6289);
#5245=AXIS2_PLACEMENT_3D('',#8793,#6290,#6291);
#5246=AXIS2_PLACEMENT_3D('',#8795,#6293,#6294);
#5247=AXIS2_PLACEMENT_3D('',#8797,#6295,#6296);
#5248=AXIS2_PLACEMENT_3D('',#8799,#6298,#6299);
#5249=AXIS2_PLACEMENT_3D('',#8801,#6300,#6301);
#5250=AXIS2_PLACEMENT_3D('',#8803,#6303,#6304);
#5251=AXIS2_PLACEMENT_3D('',#8807,#6307,#6308);
#5252=AXIS2_PLACEMENT_3D('',#8809,#6309,#6310);
#5253=AXIS2_PLACEMENT_3D('',#8811,#6312,#6313);
#5254=AXIS2_PLACEMENT_3D('',#8813,#6314,#6315);
#5255=AXIS2_PLACEMENT_3D('',#8815,#6317,#6318);
#5256=AXIS2_PLACEMENT_3D('',#8816,#6319,#6320);
#5257=AXIS2_PLACEMENT_3D('',#8817,#6321,#6322);
#5258=AXIS2_PLACEMENT_3D('',#8820,#6323,#6324);
#5259=AXIS2_PLACEMENT_3D('',#8823,#6327,#6328);
#5260=AXIS2_PLACEMENT_3D('',#8827,#6331,#6332);
#5261=AXIS2_PLACEMENT_3D('',#8829,#6333,#6334);
#5262=AXIS2_PLACEMENT_3D('',#8831,#6336,#6337);
#5263=AXIS2_PLACEMENT_3D('',#8835,#6340,#6341);
#5264=AXIS2_PLACEMENT_3D('',#8837,#6342,#6343);
#5265=AXIS2_PLACEMENT_3D('',#8839,#6345,#6346);
#5266=AXIS2_PLACEMENT_3D('',#8843,#6349,#6350);
#5267=AXIS2_PLACEMENT_3D('',#8845,#6351,#6352);
#5268=AXIS2_PLACEMENT_3D('',#8847,#6354,#6355);
#5269=AXIS2_PLACEMENT_3D('',#8851,#6358,#6359);
#5270=AXIS2_PLACEMENT_3D('',#8853,#6360,#6361);
#5271=AXIS2_PLACEMENT_3D('',#8855,#6363,#6364);
#5272=AXIS2_PLACEMENT_3D('',#8857,#6366,#6367);
#5273=AXIS2_PLACEMENT_3D('',#8860,#6368,#6369);
#5274=AXIS2_PLACEMENT_3D('',#8863,#6372,#6373);
#5275=AXIS2_PLACEMENT_3D('',#8865,#6374,#6375);
#5276=AXIS2_PLACEMENT_3D('',#8867,#6377,#6378);
#5277=AXIS2_PLACEMENT_3D('',#8869,#6379,#6380);
#5278=AXIS2_PLACEMENT_3D('',#8871,#6382,#6383);
#5279=AXIS2_PLACEMENT_3D('',#8873,#6384,#6385);
#5280=AXIS2_PLACEMENT_3D('',#8875,#6387,#6388);
#5281=AXIS2_PLACEMENT_3D('',#8877,#6389,#6390);
#5282=AXIS2_PLACEMENT_3D('',#8879,#6392,#6393);
#5283=AXIS2_PLACEMENT_3D('',#8883,#6396,#6397);
#5284=AXIS2_PLACEMENT_3D('',#8885,#6398,#6399);
#5285=AXIS2_PLACEMENT_3D('',#8887,#6401,#6402);
#5286=AXIS2_PLACEMENT_3D('',#8889,#6403,#6404);
#5287=AXIS2_PLACEMENT_3D('',#8891,#6406,#6407);
#5288=AXIS2_PLACEMENT_3D('',#8892,#6408,#6409);
#5289=AXIS2_PLACEMENT_3D('',#8893,#6410,#6411);
#5290=AXIS2_PLACEMENT_3D('',#8896,#6413,#6414);
#5291=AXIS2_PLACEMENT_3D('',#8897,#6415,#6416);
#5292=AXIS2_PLACEMENT_3D('',#8900,#6418,#6419);
#5293=AXIS2_PLACEMENT_3D('',#8901,#6420,#6421);
#5294=AXIS2_PLACEMENT_3D('',#8904,#6423,#6424);
#5295=AXIS2_PLACEMENT_3D('',#8905,#6425,#6426);
#5296=AXIS2_PLACEMENT_3D('',#8907,#6428,#6429);
#5297=AXIS2_PLACEMENT_3D('',#8908,#6430,#6431);
#5298=AXIS2_PLACEMENT_3D('',#8909,#6432,#6433);
#5299=AXIS2_PLACEMENT_3D('',#8911,#6434,#6435);
#5300=AXIS2_PLACEMENT_3D('',#8914,#6437,#6438);
#5301=AXIS2_PLACEMENT_3D('',#8915,#6439,#6440);
#5302=AXIS2_PLACEMENT_3D('',#8917,#6441,#6442);
#5303=AXIS2_PLACEMENT_3D('',#8920,#6444,#6445);
#5304=AXIS2_PLACEMENT_3D('',#8921,#6446,#6447);
#5305=AXIS2_PLACEMENT_3D('',#8922,#6448,#6449);
#5306=AXIS2_PLACEMENT_3D('',#8924,#6450,#6451);
#5307=AXIS2_PLACEMENT_3D('',#8957,#6469,#6470);
#5308=AXIS2_PLACEMENT_3D('',#8959,#6471,#6472);
#5309=AXIS2_PLACEMENT_3D('',#8961,#6473,#6474);
#5310=AXIS2_PLACEMENT_3D('',#8963,#6475,#6476);
#5311=AXIS2_PLACEMENT_3D('',#8973,#6481,#6482);
#5312=AXIS2_PLACEMENT_3D('',#8975,#6483,#6484);
#5313=AXIS2_PLACEMENT_3D('',#8977,#6485,#6486);
#5314=AXIS2_PLACEMENT_3D('',#8979,#6487,#6488);
#5315=AXIS2_PLACEMENT_3D('',#8981,#6489,#6490);
#5316=AXIS2_PLACEMENT_3D('',#8983,#6491,#6492);
#5317=AXIS2_PLACEMENT_3D('',#8985,#6493,#6494);
#5318=AXIS2_PLACEMENT_3D('',#8987,#6495,#6496);
#5319=AXIS2_PLACEMENT_3D('',#8989,#6497,#6498);
#5320=AXIS2_PLACEMENT_3D('',#8990,#6499,#6500);
#5321=AXIS2_PLACEMENT_3D('',#8992,#6501,#6502);
#5322=AXIS2_PLACEMENT_3D('',#8994,#6504,#6505);
#5323=AXIS2_PLACEMENT_3D('',#8996,#6506,#6507);
#5324=AXIS2_PLACEMENT_3D('',#8997,#6508,#6509);
#5325=AXIS2_PLACEMENT_3D('',#8999,#6510,#6511);
#5326=AXIS2_PLACEMENT_3D('',#9001,#6513,#6514);
#5327=AXIS2_PLACEMENT_3D('',#9003,#6515,#6516);
#5328=AXIS2_PLACEMENT_3D('',#9004,#6517,#6518);
#5329=AXIS2_PLACEMENT_3D('',#9006,#6519,#6520);
#5330=AXIS2_PLACEMENT_3D('',#9008,#6522,#6523);
#5331=AXIS2_PLACEMENT_3D('',#9010,#6524,#6525);
#5332=AXIS2_PLACEMENT_3D('',#9011,#6526,#6527);
#5333=AXIS2_PLACEMENT_3D('',#9013,#6528,#6529);
#5334=AXIS2_PLACEMENT_3D('',#9015,#6531,#6532);
#5335=AXIS2_PLACEMENT_3D('',#9017,#6533,#6534);
#5336=AXIS2_PLACEMENT_3D('',#9018,#6535,#6536);
#5337=AXIS2_PLACEMENT_3D('',#9020,#6537,#6538);
#5338=AXIS2_PLACEMENT_3D('',#9022,#6540,#6541);
#5339=AXIS2_PLACEMENT_3D('',#9024,#6542,#6543);
#5340=AXIS2_PLACEMENT_3D('',#9025,#6544,#6545);
#5341=AXIS2_PLACEMENT_3D('',#9027,#6546,#6547);
#5342=AXIS2_PLACEMENT_3D('',#9029,#6549,#6550);
#5343=AXIS2_PLACEMENT_3D('',#9031,#6551,#6552);
#5344=AXIS2_PLACEMENT_3D('',#9032,#6553,#6554);
#5345=AXIS2_PLACEMENT_3D('',#9034,#6555,#6556);
#5346=AXIS2_PLACEMENT_3D('',#9036,#6558,#6559);
#5347=AXIS2_PLACEMENT_3D('',#9038,#6560,#6561);
#5348=AXIS2_PLACEMENT_3D('',#9039,#6562,#6563);
#5349=AXIS2_PLACEMENT_3D('',#9041,#6564,#6565);
#5350=AXIS2_PLACEMENT_3D('',#9043,#6567,#6568);
#5351=AXIS2_PLACEMENT_3D('',#9045,#6569,#6570);
#5352=AXIS2_PLACEMENT_3D('',#9046,#6571,#6572);
#5353=AXIS2_PLACEMENT_3D('',#9048,#6573,#6574);
#5354=AXIS2_PLACEMENT_3D('',#9050,#6576,#6577);
#5355=AXIS2_PLACEMENT_3D('',#9052,#6578,#6579);
#5356=AXIS2_PLACEMENT_3D('',#9053,#6580,#6581);
#5357=AXIS2_PLACEMENT_3D('',#9055,#6582,#6583);
#5358=AXIS2_PLACEMENT_3D('',#9058,#6585,#6586);
#5359=AXIS2_PLACEMENT_3D('',#9059,#6587,#6588);
#5360=AXIS2_PLACEMENT_3D('',#9061,#6589,#6590);
#5361=AXIS2_PLACEMENT_3D('',#9063,#6592,#6593);
#5362=AXIS2_PLACEMENT_3D('',#9064,#6594,#6595);
#5363=AXIS2_PLACEMENT_3D('',#9065,#6596,#6597);
#5364=AXIS2_PLACEMENT_3D('',#9067,#6598,#6599);
#5365=AXIS2_PLACEMENT_3D('',#9069,#6601,#6602);
#5366=AXIS2_PLACEMENT_3D('',#9071,#6603,#6604);
#5367=AXIS2_PLACEMENT_3D('',#9072,#6605,#6606);
#5368=AXIS2_PLACEMENT_3D('',#9074,#6607,#6608);
#5369=AXIS2_PLACEMENT_3D('',#9076,#6610,#6611);
#5370=AXIS2_PLACEMENT_3D('',#9078,#6612,#6613);
#5371=AXIS2_PLACEMENT_3D('',#9079,#6614,#6615);
#5372=AXIS2_PLACEMENT_3D('',#9081,#6616,#6617);
#5373=AXIS2_PLACEMENT_3D('',#9083,#6619,#6620);
#5374=AXIS2_PLACEMENT_3D('',#9085,#6621,#6622);
#5375=AXIS2_PLACEMENT_3D('',#9086,#6623,#6624);
#5376=AXIS2_PLACEMENT_3D('',#9088,#6626,#6627);
#5377=AXIS2_PLACEMENT_3D('',#9090,#6629,#6630);
#5378=AXIS2_PLACEMENT_3D('',#9092,#6632,#6633);
#5379=AXIS2_PLACEMENT_3D('',#9094,#6635,#6636);
#5380=AXIS2_PLACEMENT_3D('',#9096,#6638,#6639);
#5381=AXIS2_PLACEMENT_3D('',#9098,#6641,#6642);
#5382=AXIS2_PLACEMENT_3D('',#9100,#6644,#6645);
#5383=AXIS2_PLACEMENT_3D('',#9102,#6647,#6648);
#5384=AXIS2_PLACEMENT_3D('',#9104,#6650,#6651);
#5385=AXIS2_PLACEMENT_3D('',#9105,#6652,#6653);
#5386=AXIS2_PLACEMENT_3D('',#9107,#6655,#6656);
#5387=AXIS2_PLACEMENT_3D('',#9109,#6658,#6659);
#5388=AXIS2_PLACEMENT_3D('',#9115,#6663,#6664);
#5389=AXIS2_PLACEMENT_3D('',#9124,#6669,#6670);
#5390=AXIS2_PLACEMENT_3D('',#9127,#6673,#6674);
#5391=AXIS2_PLACEMENT_3D('',#9128,#6675,#6676);
#5392=AXIS2_PLACEMENT_3D('',#9130,#6678,#6679);
#5393=AXIS2_PLACEMENT_3D('',#9131,#6680,#6681);
#5394=AXIS2_PLACEMENT_3D('',#9134,#6684,#6685);
#5395=AXIS2_PLACEMENT_3D('',#9135,#6686,#6687);
#5396=AXIS2_PLACEMENT_3D('',#9137,#6689,#6690);
#5397=AXIS2_PLACEMENT_3D('',#9138,#6691,#6692);
#5398=AXIS2_PLACEMENT_3D('',#9141,#6695,#6696);
#5399=AXIS2_PLACEMENT_3D('',#9142,#6697,#6698);
#5400=AXIS2_PLACEMENT_3D('',#9143,#6699,#6700);
#5401=AXIS2_PLACEMENT_3D('',#9146,#6703,#6704);
#5402=AXIS2_PLACEMENT_3D('',#9149,#6707,#6708);
#5403=AXIS2_PLACEMENT_3D('',#9153,#6711,#6712);
#5404=AXIS2_PLACEMENT_3D('',#9156,#6715,#6716);
#5405=AXIS2_PLACEMENT_3D('',#9158,#6718,#6719);
#5406=AXIS2_PLACEMENT_3D('',#9160,#6721,#6722);
#5407=AXIS2_PLACEMENT_3D('',#9162,#6724,#6725);
#5408=AXIS2_PLACEMENT_3D('',#9164,#6727,#6728);
#5409=AXIS2_PLACEMENT_3D('',#9166,#6730,#6731);
#5410=AXIS2_PLACEMENT_3D('',#9168,#6733,#6734);
#5411=AXIS2_PLACEMENT_3D('',#9170,#6736,#6737);
#5412=AXIS2_PLACEMENT_3D('',#9174,#6740,#6741);
#5413=AXIS2_PLACEMENT_3D('',#9178,#6744,#6745);
#5414=AXIS2_PLACEMENT_3D('',#9182,#6748,#6749);
#5415=AXIS2_PLACEMENT_3D('',#9183,#6750,#6751);
#5416=AXIS2_PLACEMENT_3D('',#9184,#6752,#6753);
#5417=AXIS2_PLACEMENT_3D('',#9185,#6754,#6755);
#5418=AXIS2_PLACEMENT_3D('',#9188,#6758,#6759);
#5419=AXIS2_PLACEMENT_3D('',#9189,#6760,#6761);
#5420=AXIS2_PLACEMENT_3D('',#9191,#6763,#6764);
#5421=AXIS2_PLACEMENT_3D('',#9192,#6765,#6766);
#5422=AXIS2_PLACEMENT_3D('',#9194,#6768,#6769);
#5423=AXIS2_PLACEMENT_3D('',#9196,#6771,#6772);
#5424=AXIS2_PLACEMENT_3D('',#9198,#6774,#6775);
#5425=AXIS2_PLACEMENT_3D('',#9200,#6777,#6778);
#5426=AXIS2_PLACEMENT_3D('',#9201,#6779,#6780);
#5427=AXIS2_PLACEMENT_3D('',#9203,#6782,#6783);
#5428=AXIS2_PLACEMENT_3D('',#9205,#6785,#6786);
#5429=AXIS2_PLACEMENT_3D('',#9207,#6788,#6789);
#5430=AXIS2_PLACEMENT_3D('',#9209,#6791,#6792);
#5431=AXIS2_PLACEMENT_3D('',#9211,#6794,#6795);
#5432=AXIS2_PLACEMENT_3D('',#9213,#6797,#6798);
#5433=AXIS2_PLACEMENT_3D('',#9215,#6800,#6801);
#5434=AXIS2_PLACEMENT_3D('',#9217,#6803,#6804);
#5435=AXIS2_PLACEMENT_3D('',#9219,#6806,#6807);
#5436=AXIS2_PLACEMENT_3D('',#9221,#6809,#6810);
#5437=AXIS2_PLACEMENT_3D('',#9223,#6812,#6813);
#5438=AXIS2_PLACEMENT_3D('',#9225,#6815,#6816);
#5439=AXIS2_PLACEMENT_3D('',#9228,#6819,#6820);
#5440=AXIS2_PLACEMENT_3D('',#9230,#6822,#6823);
#5441=AXIS2_PLACEMENT_3D('',#9232,#6825,#6826);
#5442=AXIS2_PLACEMENT_3D('',#9233,#6827,#6828);
#5443=AXIS2_PLACEMENT_3D('',#9235,#6830,#6831);
#5444=AXIS2_PLACEMENT_3D('',#9236,#6832,#6833);
#5445=AXIS2_PLACEMENT_3D('',#9237,#6834,#6835);
#5446=AXIS2_PLACEMENT_3D('',#9238,#6836,#6837);
#5447=AXIS2_PLACEMENT_3D('',#9241,#6838,#6839);
#5448=AXIS2_PLACEMENT_3D('',#9245,#6841,#6842);
#5449=AXIS2_PLACEMENT_3D('',#9247,#6844,#6845);
#5450=AXIS2_PLACEMENT_3D('',#9248,#6846,#6847);
#5451=AXIS2_PLACEMENT_3D('',#9249,#6848,#6849);
#5452=AXIS2_PLACEMENT_3D('',#9251,#6850,#6851);
#5453=AXIS2_PLACEMENT_3D('',#9253,#6852,#6853);
#5454=AXIS2_PLACEMENT_3D('',#9254,#6854,#6855);
#5455=AXIS2_PLACEMENT_3D('',#9255,#6856,#6857);
#5456=AXIS2_PLACEMENT_3D('',#9259,#6859,#6860);
#5457=AXIS2_PLACEMENT_3D('',#9261,#6862,#6863);
#5458=AXIS2_PLACEMENT_3D('',#9265,#6866,#6867);
#5459=AXIS2_PLACEMENT_3D('',#9268,#6869,#6870);
#5460=AXIS2_PLACEMENT_3D('',#9269,#6871,#6872);
#5461=AXIS2_PLACEMENT_3D('',#9271,#6874,#6875);
#5462=AXIS2_PLACEMENT_3D('',#9272,#6876,#6877);
#5463=AXIS2_PLACEMENT_3D('',#9275,#6878,#6879);
#5464=AXIS2_PLACEMENT_3D('',#9279,#6881,#6882);
#5465=AXIS2_PLACEMENT_3D('',#9281,#6884,#6885);
#5466=AXIS2_PLACEMENT_3D('',#9282,#6886,#6887);
#5467=AXIS2_PLACEMENT_3D('',#9283,#6888,#6889);
#5468=AXIS2_PLACEMENT_3D('',#9285,#6890,#6891);
#5469=AXIS2_PLACEMENT_3D('',#9287,#6892,#6893);
#5470=AXIS2_PLACEMENT_3D('',#9288,#6894,#6895);
#5471=AXIS2_PLACEMENT_3D('',#9289,#6896,#6897);
#5472=AXIS2_PLACEMENT_3D('',#9293,#6899,#6900);
#5473=AXIS2_PLACEMENT_3D('',#9295,#6902,#6903);
#5474=AXIS2_PLACEMENT_3D('',#9299,#6906,#6907);
#5475=AXIS2_PLACEMENT_3D('',#9302,#6909,#6910);
#5476=AXIS2_PLACEMENT_3D('',#9303,#6911,#6912);
#5477=AXIS2_PLACEMENT_3D('',#9305,#6914,#6915);
#5478=DIRECTION('axis',(0.,0.,1.));
#5479=DIRECTION('refdir',(1.,0.,0.));
#5480=DIRECTION('center_axis',(0.,-1.,0.));
#5481=DIRECTION('ref_axis',(-1.,0.,-4.20773124342107E-76));
#5482=DIRECTION('center_axis',(0.,-1.,0.));
#5483=DIRECTION('ref_axis',(-1.,0.,-4.20773124342107E-76));
#5484=DIRECTION('',(0.,-1.,0.));
#5485=DIRECTION('center_axis',(0.,-1.,0.));
#5486=DIRECTION('ref_axis',(-1.,0.,-4.20773124342107E-76));
#5487=DIRECTION('center_axis',(0.,-1.,0.));
#5488=DIRECTION('ref_axis',(-1.,0.,-4.20773124342107E-76));
#5489=DIRECTION('',(0.,-1.,0.));
#5490=DIRECTION('center_axis',(0.,0.,-1.));
#5491=DIRECTION('ref_axis',(1.,0.,0.));
#5492=DIRECTION('center_axis',(0.975677498692632,0.21921089969454,-2.16643924731453E-14));
#5493=DIRECTION('ref_axis',(0.21921089969454,-0.975677498692632,0.));
#5494=DIRECTION('center_axis',(0.975677498692627,0.219210899694561,0.));
#5495=DIRECTION('ref_axis',(0.,0.,1.));
#5496=DIRECTION('center_axis',(0.,0.,1.));
#5497=DIRECTION('ref_axis',(0.254502918406806,-0.967072005862241,0.));
#5498=DIRECTION('center_axis',(0.,0.,1.));
#5499=DIRECTION('ref_axis',(0.791992082790856,-0.610531359388363,0.));
#5500=DIRECTION('',(0.,0.,-1.));
#5501=DIRECTION('',(-4.2077311335514E-76,0.,1.));
#5502=DIRECTION('center_axis',(-0.975677184366623,0.21921229871159,0.));
#5503=DIRECTION('ref_axis',(0.,0.,-1.));
#5504=DIRECTION('center_axis',(0.,0.,-1.));
#5505=DIRECTION('ref_axis',(-0.254504292773856,-0.967071644171041,0.));
#5506=DIRECTION('center_axis',(4.20773124342107E-76,0.,-1.));
#5507=DIRECTION('ref_axis',(-1.,0.,0.));
#5508=DIRECTION('center_axis',(-4.20773124342107E-76,0.,1.));
#5509=DIRECTION('ref_axis',(7.21937205595497E-7,0.99999999999974,0.));
#5510=DIRECTION('center_axis',(4.20773124342107E-76,0.,-1.));
#5511=DIRECTION('ref_axis',(7.21937205595496E-7,0.999999999999739,3.03771773577227E-82));
#5512=DIRECTION('center_axis',(0.,-1.,0.));
#5513=DIRECTION('ref_axis',(0.707106781186548,0.,0.707106781186548));
#5514=DIRECTION('center_axis',(0.,1.,0.));
#5515=DIRECTION('ref_axis',(0.,0.,1.));
#5516=DIRECTION('',(0.,-1.,0.));
#5517=DIRECTION('',(0.,1.,0.));
#5518=DIRECTION('center_axis',(4.20773124342107E-76,0.,-1.));
#5519=DIRECTION('ref_axis',(-1.,0.,0.));
#5520=DIRECTION('center_axis',(-4.20773124342107E-76,0.,1.));
#5521=DIRECTION('ref_axis',(-0.483778526060414,0.875190457970614,0.));
#5522=DIRECTION('center_axis',(4.20773124342107E-76,0.,-1.));
#5523=DIRECTION('ref_axis',(-0.483778526060414,0.875190457970614,-2.0356100190006E-76));
#5524=DIRECTION('center_axis',(0.,0.,1.));
#5525=DIRECTION('ref_axis',(-1.,0.,0.));
#5526=DIRECTION('center_axis',(-0.975677184366632,0.219212298711548,4.33287709874111E-14));
#5527=DIRECTION('ref_axis',(-0.219212298711548,-0.975677184366632,0.));
#5528=DIRECTION('center_axis',(0.,0.,-1.));
#5529=DIRECTION('ref_axis',(-0.791992516623065,-0.610530796613131,0.));
#5530=DIRECTION('',(0.,0.,1.));
#5531=DIRECTION('',(1.32121724818152E-74,0.,-1.));
#5532=DIRECTION('center_axis',(1.83262558500773E-69,0.,1.));
#5533=DIRECTION('ref_axis',(1.,0.,0.));
#5534=DIRECTION('center_axis',(1.83262558500773E-69,0.,1.));
#5535=DIRECTION('ref_axis',(-0.483778526060414,0.875190457970614,8.86584904335641E-70));
#5536=DIRECTION('center_axis',(0.,-1.,0.));
#5537=DIRECTION('ref_axis',(0.,0.,-1.));
#5538=DIRECTION('center_axis',(-1.83262558500773E-69,0.,-1.));
#5539=DIRECTION('ref_axis',(-0.483778526060414,0.875190457970614,0.));
#5540=DIRECTION('center_axis',(0.,-1.,0.));
#5541=DIRECTION('ref_axis',(0.707106781186548,0.,-0.707106781186548));
#5542=DIRECTION('',(0.,1.,0.));
#5543=DIRECTION('',(0.,-1.,0.));
#5544=DIRECTION('center_axis',(1.83262558500773E-69,0.,1.));
#5545=DIRECTION('ref_axis',(1.,0.,0.));
#5546=DIRECTION('center_axis',(-1.83262558500773E-69,0.,-1.));
#5547=DIRECTION('ref_axis',(7.21937205595497E-7,0.99999999999974,0.));
#5548=DIRECTION('center_axis',(1.83262558500773E-69,0.,1.));
#5549=DIRECTION('ref_axis',(7.21937205595496E-7,0.999999999999739,-1.32304059374329E-75));
#5550=DIRECTION('center_axis',(0.,-1.,0.));
#5551=DIRECTION('ref_axis',(-0.707106781186548,0.,-0.707106781186548));
#5552=DIRECTION('center_axis',(0.,1.,0.));
#5553=DIRECTION('ref_axis',(0.,0.,-1.));
#5554=DIRECTION('',(0.,-1.,0.));
#5555=DIRECTION('',(0.,1.,0.));
#5556=DIRECTION('center_axis',(1.83262558500773E-69,0.,1.));
#5557=DIRECTION('ref_axis',(1.,0.,0.));
#5558=DIRECTION('center_axis',(-1.83262558500773E-69,0.,-1.));
#5559=DIRECTION('ref_axis',(0.483778599984228,0.875190417107786,0.));
#5560=DIRECTION('center_axis',(1.83262558500773E-69,0.,1.));
#5561=DIRECTION('ref_axis',(0.483778599984228,0.875190417107786,-8.86585039810314E-70));
#5562=DIRECTION('center_axis',(4.20773124342107E-76,0.,-1.));
#5563=DIRECTION('ref_axis',(-1.,0.,0.));
#5564=DIRECTION('center_axis',(4.20773124342107E-76,0.,-1.));
#5565=DIRECTION('ref_axis',(0.483778599984228,0.875190417107786,2.03561033005214E-76));
#5566=DIRECTION('center_axis',(0.,-1.,0.));
#5567=DIRECTION('ref_axis',(0.,0.,1.));
#5568=DIRECTION('center_axis',(-4.20773124342107E-76,0.,1.));
#5569=DIRECTION('ref_axis',(0.483778599984228,0.875190417107786,0.));
#5570=DIRECTION('center_axis',(0.,-1.,0.));
#5571=DIRECTION('ref_axis',(-0.707106781186548,0.,0.707106781186548));
#5572=DIRECTION('',(0.,1.,0.));
#5573=DIRECTION('',(0.,-1.,0.));
#5574=DIRECTION('center_axis',(1.,0.,1.32121724818152E-74));
#5575=DIRECTION('ref_axis',(-1.32121724818152E-74,-2.70466595843466E-30,
1.));
#5576=DIRECTION('',(-1.32121724818152E-74,8.29924687425787E-75,1.));
#5577=DIRECTION('center_axis',(-1.32121724818152E-74,8.29924687425787E-75,
1.));
#5578=DIRECTION('ref_axis',(-0.483778526060418,0.875190457970612,0.));
#5579=DIRECTION('',(0.,0.,-1.));
#5580=DIRECTION('center_axis',(-4.20773124342107E-76,0.,1.));
#5581=DIRECTION('ref_axis',(-1.,4.72938231709626E-45,-4.20773124342107E-76));
#5582=DIRECTION('',(-1.,0.,-4.20773124342107E-76));
#5583=DIRECTION('center_axis',(0.,0.,1.));
#5584=DIRECTION('ref_axis',(-0.151089721025353,-0.988520053514587,0.));
#5585=DIRECTION('',(0.,0.,-1.));
#5586=DIRECTION('center_axis',(0.,0.999657324975557,0.0261769483078728));
#5587=DIRECTION('ref_axis',(5.67622084488728E-19,-0.0261769483078728,0.999657324975557));
#5588=DIRECTION('',(0.,0.,1.));
#5589=DIRECTION('center_axis',(0.,-0.999657324975557,-0.0261769483078728));
#5590=DIRECTION('ref_axis',(1.,0.,0.));
#5591=DIRECTION('',(-1.,0.,0.));
#5592=DIRECTION('',(0.0261679842649793,-0.0261679842649789,0.99931500198837));
#5593=DIRECTION('',(-1.,0.,0.));
#5594=DIRECTION('center_axis',(0.,0.,-1.));
#5595=DIRECTION('ref_axis',(0.298506560256077,0.954407582474115,0.));
#5596=DIRECTION('center_axis',(0.,0.,-1.));
#5597=DIRECTION('ref_axis',(-0.00205440028276273,0.999997889717512,0.));
#5598=DIRECTION('center_axis',(2.61270091402845E-21,-5.52929366066962E-18,
1.));
#5599=DIRECTION('ref_axis',(-0.000472519779684718,0.999999888362523,5.52929427794608E-18));
#5600=DIRECTION('center_axis',(0.,0.,1.));
#5601=DIRECTION('ref_axis',(1.,0.,0.));
#5602=DIRECTION('center_axis',(0.,0.,1.));
#5603=DIRECTION('ref_axis',(-0.00205440028276265,0.999997889717512,0.));
#5604=DIRECTION('center_axis',(0.,0.,1.));
#5605=DIRECTION('ref_axis',(-0.591471322287145,-0.806326035119725,0.));
#5606=DIRECTION('',(0.,0.,-1.));
#5607=DIRECTION('center_axis',(0.99965732497553,0.,0.0261769483089034));
#5608=DIRECTION('ref_axis',(-0.0261769483089034,0.,0.99965732497553));
#5609=DIRECTION('',(0.,0.,1.));
#5610=DIRECTION('center_axis',(0.,0.,-1.));
#5611=DIRECTION('ref_axis',(-0.591471322287145,-0.806326035119725,0.));
#5612=DIRECTION('center_axis',(0.,0.,-1.));
#5613=DIRECTION('ref_axis',(-1.,0.,0.));
#5614=DIRECTION('center_axis',(0.,0.,1.));
#5615=DIRECTION('ref_axis',(-0.00205440028276265,0.999997889717512,0.));
#5616=DIRECTION('center_axis',(0.,0.,-1.));
#5617=DIRECTION('ref_axis',(-0.00205440028276265,0.999997889717512,0.));
#5618=DIRECTION('center_axis',(-0.99965732497553,0.,-0.0261769483089034));
#5619=DIRECTION('ref_axis',(0.,-1.,0.));
#5620=DIRECTION('',(0.,1.,0.));
#5621=DIRECTION('',(0.,1.,0.));
#5622=DIRECTION('',(-0.0261679842660092,0.0261679842649782,0.999315001988343));
#5623=DIRECTION('',(0.,-1.,0.));
#5624=DIRECTION('',(0.,-1.,0.));
#5625=DIRECTION('center_axis',(-0.99965732497553,0.,-0.0261769483089034));
#5626=DIRECTION('ref_axis',(-0.0261769483089034,-6.99041494966004E-23,0.99965732497553));
#5627=DIRECTION('',(0.,1.,0.));
#5628=DIRECTION('center_axis',(-1.,0.,0.));
#5629=DIRECTION('ref_axis',(0.,-1.,0.));
#5630=DIRECTION('',(0.,-1.,0.));
#5631=DIRECTION('',(0.,0.,1.));
#5632=DIRECTION('center_axis',(0.,0.,1.));
#5633=DIRECTION('ref_axis',(1.,0.,0.));
#5634=DIRECTION('',(0.,1.,0.));
#5635=DIRECTION('center_axis',(0.,0.,-1.));
#5636=DIRECTION('ref_axis',(0.707106781186548,0.707106781186547,0.));
#5637=DIRECTION('',(-1.,0.,0.));
#5638=DIRECTION('center_axis',(0.,0.,-1.));
#5639=DIRECTION('ref_axis',(-0.707106781186548,0.707106781186547,0.));
#5640=DIRECTION('center_axis',(1.,0.,0.));
#5641=DIRECTION('ref_axis',(0.,1.,0.));
#5642=DIRECTION('',(0.,0.,1.));
#5643=DIRECTION('',(0.,-1.,0.));
#5644=DIRECTION('',(0.,0.,-1.));
#5645=DIRECTION('center_axis',(0.,0.,1.));
#5646=DIRECTION('ref_axis',(0.298506560256077,0.954407582474115,0.));
#5647=DIRECTION('center_axis',(4.2077311335514E-76,2.64309192214931E-76,
-1.));
#5648=DIRECTION('ref_axis',(0.483778599984229,0.875190417107785,0.));
#5649=DIRECTION('',(0.,0.,1.));
#5650=DIRECTION('',(4.2077311335514E-76,2.64309192214931E-76,-1.));
#5651=DIRECTION('center_axis',(-1.,0.,-4.2077311335514E-76));
#5652=DIRECTION('ref_axis',(4.2077311335514E-76,-2.32312945622193E-39,-1.));
#5653=DIRECTION('center_axis',(-1.83262558500773E-69,0.,-1.));
#5654=DIRECTION('ref_axis',(1.,7.88860905221017E-31,-1.83262558500773E-69));
#5655=DIRECTION('',(1.,0.,-1.83262558500773E-69));
#5656=DIRECTION('center_axis',(0.,0.,1.));
#5657=DIRECTION('ref_axis',(0.707106781186548,0.707106781186547,0.));
#5658=DIRECTION('',(0.,0.,1.));
#5659=DIRECTION('',(0.,-1.,0.));
#5660=DIRECTION('center_axis',(-0.0130862333353745,-0.013086233335338,-0.999828735831385));
#5661=DIRECTION('ref_axis',(-0.706985679130569,-0.706985679132522,0.0185067286632397));
#5662=DIRECTION('',(1.,0.,0.));
#5663=DIRECTION('',(0.,0.,1.));
#5664=DIRECTION('center_axis',(0.,1.,0.));
#5665=DIRECTION('ref_axis',(-1.,0.,0.));
#5666=DIRECTION('',(0.,0.,1.));
#5667=DIRECTION('center_axis',(0.,0.,-1.));
#5668=DIRECTION('ref_axis',(-0.707106781186548,0.707106781186547,0.));
#5669=DIRECTION('center_axis',(0.,0.,1.));
#5670=DIRECTION('ref_axis',(-0.707106781186548,0.707106781186547,0.));
#5671=DIRECTION('',(0.,0.,1.));
#5672=DIRECTION('center_axis',(0.0130862332622658,-0.0130862333353367,-0.999828735832342));
#5673=DIRECTION('ref_axis',(0.706985677158391,-0.706985681106053,0.0185067286115431));
#5674=DIRECTION('',(-1.,0.,0.));
#5675=DIRECTION('',(0.,0.,-1.));
#5676=DIRECTION('center_axis',(-0.0261679842660092,0.0261679842649782,0.999315001988343));
#5677=DIRECTION('ref_axis',(-0.706622414447397,0.706622414447414,-0.037007118248227));
#5678=DIRECTION('center_axis',(0.0130862333354196,-0.0130862333353225,-0.999828735831385));
#5679=DIRECTION('ref_axis',(0.706985679156776,-0.706985679106315,0.0185067286632607));
#5680=DIRECTION('',(0.0261679842660092,-0.0261679842649782,-0.999315001988343));
#5681=DIRECTION('center_axis',(0.,0.,1.));
#5682=DIRECTION('ref_axis',(-0.707106781186548,0.707106781186547,0.));
#5683=DIRECTION('',(0.,0.,-1.));
#5684=DIRECTION('',(1.,0.,0.));
#5685=DIRECTION('center_axis',(0.,0.,1.));
#5686=DIRECTION('ref_axis',(1.,0.,0.));
#5687=DIRECTION('',(-1.,0.,0.));
#5688=DIRECTION('center_axis',(0.,0.,1.));
#5689=DIRECTION('ref_axis',(0.707106781186548,0.707106781186547,0.));
#5690=DIRECTION('',(0.,-1.,0.));
#5691=DIRECTION('center_axis',(0.,0.,-1.));
#5692=DIRECTION('ref_axis',(0.999999999862518,1.65820347041791E-5,0.));
#5693=DIRECTION('',(1.65820347057474E-5,-0.999999999862518,0.));
#5694=DIRECTION('',(0.999999999999988,1.55826892223032E-7,0.));
#5695=DIRECTION('',(1.65820347031E-5,-0.999999999862518,0.));
#5696=DIRECTION('',(-0.999999999999988,-1.55815914676129E-7,0.));
#5697=DIRECTION('',(0.,-1.,0.));
#5698=DIRECTION('',(1.,4.06024420434346E-15,0.));
#5699=DIRECTION('',(3.94745964311167E-15,-1.,0.));
#5700=DIRECTION('center_axis',(0.,0.,-1.));
#5701=DIRECTION('ref_axis',(-0.266941380329835,-0.963712768135611,0.));
#5702=DIRECTION('',(0.,1.,0.));
#5703=DIRECTION('',(1.,4.57031808590952E-15,0.));
#5704=DIRECTION('',(-8.64080157735467E-5,0.999999996266827,0.));
#5705=DIRECTION('',(-0.999999999999988,1.55826732483635E-7,0.));
#5706=DIRECTION('',(1.55827313275124E-7,0.999999999999988,0.));
#5707=DIRECTION('',(0.999999999999988,-1.55827331038683E-7,0.));
#5708=DIRECTION('',(1.55827613317729E-7,0.999999999999988,0.));
#5709=DIRECTION('center_axis',(0.,0.,-1.));
#5710=DIRECTION('ref_axis',(0.999999999862518,1.65820347041791E-5,0.));
#5711=DIRECTION('center_axis',(0.,0.,-1.));
#5712=DIRECTION('ref_axis',(0.807904023049119,-0.589314083949339,0.));
#5713=DIRECTION('',(0.,1.,0.));
#5714=DIRECTION('',(1.7508554197507E-15,1.,0.));
#5715=DIRECTION('center_axis',(0.,0.,1.));
#5716=DIRECTION('ref_axis',(1.11022302462516E-15,-1.,0.));
#5717=DIRECTION('',(1.,7.88860905221017E-31,0.));
#5718=DIRECTION('center_axis',(0.,0.,1.));
#5719=DIRECTION('ref_axis',(0.99291766056798,-0.118804542557129,0.));
#5720=DIRECTION('',(7.88860905221017E-31,-1.,0.));
#5721=DIRECTION('center_axis',(0.,0.,-1.));
#5722=DIRECTION('ref_axis',(-1.,1.06581410364015E-15,0.));
#5723=DIRECTION('center_axis',(0.,0.,1.));
#5724=DIRECTION('ref_axis',(-0.792257155625979,-0.610187347754305,0.));
#5725=DIRECTION('center_axis',(0.,0.,-1.));
#5726=DIRECTION('ref_axis',(0.792257155625978,0.610187347754306,0.));
#5727=DIRECTION('center_axis',(0.,0.,-1.));
#5728=DIRECTION('ref_axis',(-7.88860905221017E-31,1.,0.));
#5729=DIRECTION('center_axis',(0.,0.,1.));
#5730=DIRECTION('ref_axis',(0.999180817491535,-0.0404684316096862,0.));
#5731=DIRECTION('center_axis',(0.,0.,-1.));
#5732=DIRECTION('ref_axis',(-0.999180817491536,0.0404684316096684,0.));
#5733=DIRECTION('center_axis',(0.,0.,1.));
#5734=DIRECTION('ref_axis',(0.479128686894587,0.877744667539865,0.));
#5735=DIRECTION('center_axis',(0.,0.,-1.));
#5736=DIRECTION('ref_axis',(-0.479128686894535,-0.877744667539894,0.));
#5737=DIRECTION('center_axis',(0.,0.,1.));
#5738=DIRECTION('ref_axis',(-0.0356650101593159,0.99936380115068,0.));
#5739=DIRECTION('center_axis',(0.,0.,1.));
#5740=DIRECTION('ref_axis',(-0.999999534348123,-0.000965040691706244,0.));
#5741=DIRECTION('center_axis',(0.,0.,1.));
#5742=DIRECTION('ref_axis',(7.88860905221017E-31,-1.,0.));
#5743=DIRECTION('',(1.,7.88860905221017E-31,0.));
#5744=DIRECTION('',(-8.88178419700053E-16,1.,0.));
#5745=DIRECTION('center_axis',(0.,0.,1.));
#5746=DIRECTION('ref_axis',(-1.,-8.88178419700126E-16,0.));
#5747=DIRECTION('',(-2.22044604925006E-16,-1.,0.));
#5748=DIRECTION('center_axis',(0.,0.,-1.));
#5749=DIRECTION('ref_axis',(1.,7.88860905221017E-31,0.));
#5750=DIRECTION('',(-1.,9.64307998531567E-15,0.));
#5751=DIRECTION('center_axis',(0.,0.,1.));
#5752=DIRECTION('ref_axis',(7.88860905221017E-31,-1.,0.));
#5753=DIRECTION('',(1.,1.80865423648026E-14,0.));
#5754=DIRECTION('center_axis',(0.,0.,1.));
#5755=DIRECTION('ref_axis',(7.10542735760229E-15,1.,0.));
#5756=DIRECTION('',(-1.,-2.89292399559471E-14,0.));
#5757=DIRECTION('center_axis',(0.,0.,-1.));
#5758=DIRECTION('ref_axis',(2.66453525910037E-14,-1.,0.));
#5759=DIRECTION('center_axis',(0.,0.,1.));
#5760=DIRECTION('ref_axis',(0.999999550538908,-0.000948114962562411,0.));
#5761=DIRECTION('center_axis',(0.,0.,1.));
#5762=DIRECTION('ref_axis',(0.0356819003975512,0.999363198233765,0.));
#5763=DIRECTION('center_axis',(0.,0.,1.));
#5764=DIRECTION('ref_axis',(-0.998831495839856,0.0483284897168936,0.));
#5765=DIRECTION('center_axis',(0.,0.,-1.));
#5766=DIRECTION('ref_axis',(0.998831495839856,-0.0483284897168983,0.));
#5767=DIRECTION('center_axis',(0.,0.,1.));
#5768=DIRECTION('ref_axis',(-0.526849926685916,-0.849958325302508,0.));
#5769=DIRECTION('center_axis',(0.,0.,-1.));
#5770=DIRECTION('ref_axis',(0.526849926685946,0.84995832530249,0.));
#5771=DIRECTION('center_axis',(0.,0.,1.));
#5772=DIRECTION('ref_axis',(0.619247880582384,-0.785195556784566,0.));
#5773=DIRECTION('center_axis',(0.,0.,-1.));
#5774=DIRECTION('ref_axis',(-0.619247880582455,0.785195556784511,0.));
#5775=DIRECTION('',(1.,-1.35937482010986E-15,0.));
#5776=DIRECTION('',(1.,4.2294210461911E-15,0.));
#5777=DIRECTION('',(0.,1.,0.));
#5778=DIRECTION('',(-1.,-4.2294210461911E-15,0.));
#5779=DIRECTION('',(0.,-1.,0.));
#5780=DIRECTION('center_axis',(0.,0.,1.));
#5781=DIRECTION('ref_axis',(1.,0.,0.));
#5782=DIRECTION('center_axis',(0.,0.,1.));
#5783=DIRECTION('ref_axis',(1.,0.,0.));
#5784=DIRECTION('center_axis',(0.,0.,1.));
#5785=DIRECTION('ref_axis',(1.,0.,0.));
#5786=DIRECTION('center_axis',(0.,0.,1.));
#5787=DIRECTION('ref_axis',(1.,0.,0.));
#5788=DIRECTION('center_axis',(0.,0.,1.));
#5789=DIRECTION('ref_axis',(1.,0.,0.));
#5790=DIRECTION('center_axis',(0.,0.,1.));
#5791=DIRECTION('ref_axis',(1.,0.,0.));
#5792=DIRECTION('center_axis',(0.,0.,1.));
#5793=DIRECTION('ref_axis',(1.,0.,0.));
#5794=DIRECTION('center_axis',(0.,0.,1.));
#5795=DIRECTION('ref_axis',(1.,0.,0.));
#5796=DIRECTION('center_axis',(0.,0.,1.));
#5797=DIRECTION('ref_axis',(1.,0.,0.));
#5798=DIRECTION('center_axis',(0.,0.,1.));
#5799=DIRECTION('ref_axis',(1.,0.,0.));
#5800=DIRECTION('center_axis',(0.,0.,1.));
#5801=DIRECTION('ref_axis',(1.,0.,0.));
#5802=DIRECTION('center_axis',(0.,0.,1.));
#5803=DIRECTION('ref_axis',(1.,0.,0.));
#5804=DIRECTION('center_axis',(0.,0.,1.));
#5805=DIRECTION('ref_axis',(0.157293885523394,-0.98755183842518,0.));
#5806=DIRECTION('',(-1.,-3.46800160584646E-15,0.));
#5807=DIRECTION('',(4.666759151089E-15,-1.,0.));
#5808=DIRECTION('center_axis',(0.,0.,1.));
#5809=DIRECTION('ref_axis',(0.2474659804891,-0.968896582974968,0.));
#5810=DIRECTION('',(-0.999985819286347,-0.00532552590957958,0.));
#5811=DIRECTION('',(-1.,-4.56696878065145E-15,0.));
#5812=DIRECTION('center_axis',(0.,0.,1.));
#5813=DIRECTION('ref_axis',(-0.174905867052353,-0.984585160192182,0.));
#5814=DIRECTION('',(-1.80983359750739E-14,1.,0.));
#5815=DIRECTION('',(1.,4.06024420434345E-15,0.));
#5816=DIRECTION('',(-9.7602024233241E-17,1.,0.));
#5817=DIRECTION('',(-0.999999999999988,1.55826733016452E-7,0.));
#5818=DIRECTION('',(8.64080157750589E-5,-0.999999996266827,0.));
#5819=DIRECTION('center_axis',(0.,0.,1.));
#5820=DIRECTION('ref_axis',(1.,7.88860905221017E-31,0.));
#5821=DIRECTION('center_axis',(1.,0.,0.));
#5822=DIRECTION('ref_axis',(0.,0.707106781186546,-0.707106781186549));
#5823=DIRECTION('',(1.,0.,0.));
#5824=DIRECTION('center_axis',(0.,1.,0.));
#5825=DIRECTION('ref_axis',(1.,0.,0.));
#5826=DIRECTION('',(-1.,0.,0.));
#5827=DIRECTION('',(0.,0.,1.));
#5828=DIRECTION('center_axis',(0.,0.999657324975557,-0.0261769483078728));
#5829=DIRECTION('ref_axis',(-1.,0.,0.));
#5830=DIRECTION('',(1.,0.,0.));
#5831=DIRECTION('',(0.0261679842649793,0.0261679842649789,0.99931500198837));
#5832=DIRECTION('',(-1.,0.,0.));
#5833=DIRECTION('center_axis',(0.,1.,0.));
#5834=DIRECTION('ref_axis',(-1.,0.,0.));
#5835=DIRECTION('center_axis',(0.,0.,-1.));
#5836=DIRECTION('ref_axis',(0.707106781186548,0.707106781186547,0.));
#5837=DIRECTION('center_axis',(-0.0130862333353745,-0.0130862333353499,
-0.999828735831385));
#5838=DIRECTION('ref_axis',(-0.70698567913221,-0.706985679130881,0.0185067286632482));
#5839=DIRECTION('',(0.,1.,0.));
#5840=DIRECTION('',(0.,0.,-1.));
#5841=DIRECTION('center_axis',(0.0261679842649793,0.0261679842649789,0.99931500198837));
#5842=DIRECTION('ref_axis',(0.706622414447425,0.706622414447424,-0.0370071182474992));
#5843=DIRECTION('',(-0.0261679842649793,-0.0261679842649789,-0.99931500198837));
#5844=DIRECTION('center_axis',(1.,0.,0.));
#5845=DIRECTION('ref_axis',(0.,-1.,0.));
#5846=DIRECTION('',(0.,1.,0.));
#5847=DIRECTION('center_axis',(0.999657324975557,0.,-0.0261769483078731));
#5848=DIRECTION('ref_axis',(0.,1.,0.));
#5849=DIRECTION('',(0.,-1.,0.));
#5850=DIRECTION('center_axis',(0.999657324975557,0.,-0.0261769483078731));
#5851=DIRECTION('ref_axis',(0.0261769483078731,0.,0.999657324975557));
#5852=DIRECTION('center_axis',(0.,0.,1.));
#5853=DIRECTION('ref_axis',(1.,0.,0.));
#5854=DIRECTION('center_axis',(0.,0.,-1.));
#5855=DIRECTION('ref_axis',(-0.000472519779684692,0.999999888362523,0.));
#5856=DIRECTION('center_axis',(0.,0.,-1.));
#5857=DIRECTION('ref_axis',(0.807904023049119,-0.589314083949339,0.));
#5858=DIRECTION('',(0.,0.,-1.));
#5859=DIRECTION('',(0.,0.,1.));
#5860=DIRECTION('center_axis',(0.999664040540447,4.91987024284938E-17,0.0259192216385255));
#5861=DIRECTION('ref_axis',(-0.0259192216385255,0.,0.999664040540447));
#5862=DIRECTION('',(0.,-1.,0.));
#5863=DIRECTION('center_axis',(-1.,0.,0.));
#5864=DIRECTION('ref_axis',(0.,1.,0.));
#5865=DIRECTION('center_axis',(-0.999664040540474,-6.07517563900347E-17,
0.0259192216375054));
#5866=DIRECTION('ref_axis',(0.0259192216375054,0.,0.999664040540474));
#5867=DIRECTION('center_axis',(0.,0.,1.));
#5868=DIRECTION('ref_axis',(0.999999999862518,1.65820347041791E-5,0.));
#5869=DIRECTION('center_axis',(0.,0.,1.));
#5870=DIRECTION('ref_axis',(0.999999999862518,1.65820347041791E-5,0.));
#5871=DIRECTION('',(0.,0.,1.));
#5872=DIRECTION('center_axis',(0.,-1.,0.));
#5873=DIRECTION('ref_axis',(1.,0.,0.));
#5874=DIRECTION('center_axis',(0.,0.,-1.));
#5875=DIRECTION('ref_axis',(-1.,0.,0.));
#5876=DIRECTION('center_axis',(0.,-1.,0.));
#5877=DIRECTION('ref_axis',(1.,0.,0.));
#5878=DIRECTION('center_axis',(0.,0.,1.));
#5879=DIRECTION('ref_axis',(-1.,0.,0.));
#5880=DIRECTION('center_axis',(8.63616855509444E-78,6.81273574401308E-108,
-1.));
#5881=DIRECTION('ref_axis',(1.,7.88860905221017E-31,8.63616855509444E-78));
#5882=DIRECTION('center_axis',(-5.47382212626882E-48,9.48093803429229E-48,
-1.));
#5883=DIRECTION('ref_axis',(-1.,-7.88860905221017E-31,5.47382212626883E-48));
#5884=DIRECTION('center_axis',(5.47382212626882E-48,9.48093803429229E-48,
-1.));
#5885=DIRECTION('ref_axis',(-1.,-7.88860905221017E-31,-5.47382212626882E-48));
#5886=DIRECTION('center_axis',(1.72723371101889E-77,1.36254714880262E-107,
-1.));
#5887=DIRECTION('ref_axis',(-1.,-7.88860905221017E-31,-1.72723371101889E-77));
#5888=DIRECTION('center_axis',(-1.55827356943895E-7,-0.999999999999988,
0.));
#5889=DIRECTION('ref_axis',(0.716301943424653,-1.11619438436019E-7,0.697790459841672));
#5890=DIRECTION('',(-1.55827356943895E-7,-0.999999999999988,0.));
#5891=DIRECTION('center_axis',(-0.707106671000175,0.707106891372903,-8.79087954779387E-15));
#5892=DIRECTION('ref_axis',(0.707106891372903,0.707106671000175,8.79087954778848E-15));
#5893=DIRECTION('',(1.55827356943895E-7,0.999999999999988,0.));
#5894=DIRECTION('center_axis',(-0.707106670999946,0.707106891373132,1.22663451671764E-14));
#5895=DIRECTION('ref_axis',(-0.707106891373132,-0.707106670999946,-1.22663451671754E-14));
#5896=DIRECTION('center_axis',(0.999999999999988,-1.55826733099002E-7,0.));
#5897=DIRECTION('ref_axis',(1.1161899426649E-7,0.716301943424642,0.697790459841684));
#5898=DIRECTION('',(0.999999999999988,-1.55826733099002E-7,0.));
#5899=DIRECTION('center_axis',(-0.707137275282898,0.707076285775078,-1.43101213761393E-15));
#5900=DIRECTION('ref_axis',(-0.707076285775077,-0.707137275282898,1.4311360168852E-15));
#5901=DIRECTION('',(-0.999999999999988,1.55826733099002E-7,-6.92898052354415E-25));
#5902=DIRECTION('center_axis',(-8.64080157735467E-5,0.999999996266827,0.));
#5903=DIRECTION('ref_axis',(-0.716301940750575,-6.18942296295152E-5,0.697790459841681));
#5904=DIRECTION('',(8.64080157735467E-5,-0.999999996266827,0.));
#5905=DIRECTION('center_axis',(0.,1.,0.));
#5906=DIRECTION('ref_axis',(-1.,0.,8.52184964376381E-9));
#5907=DIRECTION('center_axis',(-0.707137330373586,0.707076230679633,0.));
#5908=DIRECTION('ref_axis',(-0.707076230679633,-0.707137330373586,0.));
#5909=DIRECTION('',(-8.64080157735467E-5,0.999999996266827,0.));
#5910=DIRECTION('center_axis',(0.707137275282897,-0.707076285775078,-3.2708848859747E-15));
#5911=DIRECTION('ref_axis',(-0.707076285775078,-0.707137275282897,3.27116803859475E-15));
#5912=DIRECTION('center_axis',(1.,0.,0.));
#5913=DIRECTION('ref_axis',(0.,-0.707106781186548,0.707106781186548));
#5914=DIRECTION('',(-1.,0.,0.));
#5915=DIRECTION('',(1.,0.,0.));
#5916=DIRECTION('center_axis',(-0.707076230679628,-0.707137330373591,6.54176926221407E-15));
#5917=DIRECTION('ref_axis',(-0.707137330373591,0.707076230679628,-6.54120402533188E-15));
#5918=DIRECTION('center_axis',(8.64080157750589E-5,-0.999999996266827,0.));
#5919=DIRECTION('ref_axis',(0.716301940750569,6.18942296295158E-5,0.697790459841687));
#5920=DIRECTION('',(8.64080157750589E-5,-0.999999996266827,0.));
#5921=DIRECTION('center_axis',(0.,1.,0.));
#5922=DIRECTION('ref_axis',(1.,0.,-3.74905523338684E-9));
#5923=DIRECTION('',(-8.64080157750589E-5,0.999999996266827,0.));
#5924=DIRECTION('center_axis',(-0.999999999999988,1.55826732483635E-7,0.));
#5925=DIRECTION('ref_axis',(-1.1161899426649E-7,-0.716301943424643,0.697790459841682));
#5926=DIRECTION('',(0.999999999999988,-1.55826732483635E-7,0.));
#5927=DIRECTION('',(-0.999999999999988,1.55826732483635E-7,0.));
#5928=DIRECTION('center_axis',(0.707106671000186,-0.707106891372892,2.86214815714225E-15));
#5929=DIRECTION('ref_axis',(0.707106891372892,0.707106671000185,-2.86214815714051E-15));
#5930=DIRECTION('center_axis',(1.55827313275124E-7,0.999999999999988,0.));
#5931=DIRECTION('ref_axis',(-0.71630194342464,1.11619405289041E-7,0.697790459841686));
#5932=DIRECTION('',(-1.55827313275124E-7,-0.999999999999988,-6.92898052354407E-25));
#5933=DIRECTION('',(1.55827313275124E-7,0.999999999999988,0.));
#5934=DIRECTION('center_axis',(-0.707106891373095,-0.707106670999983,-1.22663454220347E-15));
#5935=DIRECTION('ref_axis',(0.707106670999983,-0.707106891373095,1.22663454220345E-15));
#5936=DIRECTION('center_axis',(0.999999999999988,-1.55827331038683E-7,0.));
#5937=DIRECTION('ref_axis',(1.11619418547833E-7,0.716301943424642,0.697790459841684));
#5938=DIRECTION('',(-0.999999999999988,1.55827331038683E-7,0.));
#5939=DIRECTION('',(0.999999999999988,-1.55827331038683E-7,0.));
#5940=DIRECTION('center_axis',(0.999657321243664,8.63784059061411E-5,-0.0261769483078727));
#5941=DIRECTION('ref_axis',(-8.64080157750589E-5,0.999999996266827,0.));
#5942=DIRECTION('',(-0.0261769484055288,0.,-0.999657324973));
#5943=DIRECTION('',(8.64080157750589E-5,-0.999999996266827,0.));
#5944=DIRECTION('',(0.0261769484055288,0.,0.999657324973));
#5945=DIRECTION('',(-8.64080157750589E-5,0.999999996266827,0.));
#5946=DIRECTION('',(0.0261702439376719,-0.0261679827165106,0.99931494285475));
#5947=DIRECTION('',(8.64080157750589E-5,-0.999999996266827,0.));
#5948=DIRECTION('',(0.026165724790274,0.026167981738653,0.999315061218395));
#5949=DIRECTION('center_axis',(0.,1.,0.));
#5950=DIRECTION('ref_axis',(0.,0.,1.));
#5951=DIRECTION('',(-0.0261769484055292,0.,0.999657324973));
#5952=DIRECTION('',(1.,0.,0.));
#5953=DIRECTION('center_axis',(-0.999657321243664,-8.63784059046295E-5,
-0.0261769483078731));
#5954=DIRECTION('ref_axis',(8.64080157735467E-5,-0.999999996266827,0.));
#5955=DIRECTION('',(-0.0261657247902744,-0.0261679817386533,0.999315061218395));
#5956=DIRECTION('',(-8.64080157735467E-5,0.999999996266827,0.));
#5957=DIRECTION('',(-0.0261702439376723,0.0261679827165106,0.99931494285475));
#5958=DIRECTION('',(8.64080157735467E-5,-0.999999996266827,0.));
#5959=DIRECTION('',(0.0261769484055292,0.,-0.999657324973));
#5960=DIRECTION('',(-8.64080157735467E-5,0.999999996266827,0.));
#5961=DIRECTION('center_axis',(0.,0.,1.));
#5962=DIRECTION('ref_axis',(1.,0.,0.));
#5963=DIRECTION('center_axis',(1.65820347031E-5,-0.999999999862518,0.));
#5964=DIRECTION('ref_axis',(0.716301943326177,1.18777436795572E-5,0.697790459841679));
#5965=DIRECTION('',(1.65820347031E-5,-0.999999999862518,0.));
#5966=DIRECTION('center_axis',(0.707100863437946,0.707112698885624,-1.63552666522428E-15));
#5967=DIRECTION('ref_axis',(-0.707112698885624,0.707100863437946,1.63549979992609E-15));
#5968=DIRECTION('',(-1.65820347031E-5,0.999999999862518,0.));
#5969=DIRECTION('center_axis',(-0.707112698889511,0.707100863434059,-1.14487140316228E-14));
#5970=DIRECTION('ref_axis',(-0.707100863434059,-0.707112698889511,1.14489020921234E-14));
#5971=DIRECTION('center_axis',(-0.999999999999988,-1.55815914676129E-7,
0.));
#5972=DIRECTION('ref_axis',(1.11611251131985E-7,-0.716301943424649,0.697790459841677));
#5973=DIRECTION('',(-0.999999999999988,-1.55815914676129E-7,0.));
#5974=DIRECTION('center_axis',(0.707106726097308,0.707106836275783,-8.17756552607524E-16));
#5975=DIRECTION('ref_axis',(0.707106836275783,-0.707106726097307,8.17756680027035E-16));
#5976=DIRECTION('',(0.999999999999988,1.55815914676129E-7,0.));
#5977=DIRECTION('center_axis',(0.,-1.,0.));
#5978=DIRECTION('ref_axis',(0.716301943424653,0.,0.697790459841682));
#5979=DIRECTION('',(0.,-1.,0.));
#5980=DIRECTION('center_axis',(0.707106781186548,0.707106781186548,0.));
#5981=DIRECTION('ref_axis',(-0.707106781186548,0.707106781186548,0.));
#5982=DIRECTION('center_axis',(0.,1.,0.));
#5983=DIRECTION('ref_axis',(0.716301943424653,0.,0.697790459841682));
#5984=DIRECTION('',(0.,1.,0.));
#5985=DIRECTION('center_axis',(0.,1.,0.));
#5986=DIRECTION('ref_axis',(-0.716301943424657,0.,0.697790459841677));
#5987=DIRECTION('',(0.,-1.,0.));
#5988=DIRECTION('center_axis',(0.,1.,0.));
#5989=DIRECTION('ref_axis',(-0.716301943424657,0.,0.697790459841677));
#5990=DIRECTION('center_axis',(-0.707106781186548,0.707106781186548,0.));
#5991=DIRECTION('ref_axis',(-0.707106781186548,-0.707106781186548,0.));
#5992=DIRECTION('',(0.,1.,0.));
#5993=DIRECTION('center_axis',(-0.707106726097299,-0.707106836275792,4.49766103934144E-15));
#5994=DIRECTION('ref_axis',(0.707106836275791,-0.707106726097299,-4.49766174014868E-15));
#5995=DIRECTION('center_axis',(1.,0.,0.));
#5996=DIRECTION('ref_axis',(0.,-0.707106781186548,0.707106781186548));
#5997=DIRECTION('',(-1.,0.,0.));
#5998=DIRECTION('',(1.,0.,0.));
#5999=DIRECTION('center_axis',(0.999999999999988,1.55815914698607E-7,0.));
#6000=DIRECTION('ref_axis',(-1.11611237873194E-7,0.716301943424642,0.697790459841684));
#6001=DIRECTION('',(-0.999999999999988,-1.55815914698607E-7,0.));
#6002=DIRECTION('',(0.999999999999988,1.55815914698607E-7,0.));
#6003=DIRECTION('center_axis',(-0.707100863453828,-0.707112698869742,2.24884916463287E-15));
#6004=DIRECTION('ref_axis',(-0.707112698869742,0.707100863453828,-2.24881222494887E-15));
#6005=DIRECTION('center_axis',(-1.65819897879781E-5,0.999999999862519,0.));
#6006=DIRECTION('ref_axis',(-0.716301943326177,-1.18777115137279E-5,0.697790459841679));
#6007=DIRECTION('',(1.65819897879781E-5,-0.999999999862519,0.));
#6008=DIRECTION('',(-1.65819897879781E-5,0.999999999862519,0.));
#6009=DIRECTION('center_axis',(-0.707100863449943,-0.707112698873627,-4.08881666299133E-16));
#6010=DIRECTION('ref_axis',(0.707112698873627,-0.707100863449943,4.08874949997442E-16));
#6011=DIRECTION('center_axis',(0.999999999999988,1.55826892223032E-7,0.));
#6012=DIRECTION('ref_axis',(-1.11619113595618E-7,0.716301943424644,0.697790459841682));
#6013=DIRECTION('',(-0.999999999999988,-1.55826892223032E-7,0.));
#6014=DIRECTION('',(0.999999999999988,1.55826892223032E-7,0.));
#6015=DIRECTION('center_axis',(0.999657324975557,0.,-0.0261769483078734));
#6016=DIRECTION('ref_axis',(0.,1.,0.));
#6017=DIRECTION('',(-0.0261769483078734,0.,-0.999657324975557));
#6018=DIRECTION('',(0.,-1.,0.));
#6019=DIRECTION('',(0.0261769483078734,0.,0.999657324975557));
#6020=DIRECTION('',(0.,1.,0.));
#6021=DIRECTION('',(0.0261679842649796,0.0261679842649789,0.99931500198837));
#6022=DIRECTION('',(0.,-1.,0.));
#6023=DIRECTION('',(0.0261679842677717,-0.0261679801903833,0.999315002094994));
#6024=DIRECTION('center_axis',(0.,1.,0.));
#6025=DIRECTION('ref_axis',(0.,0.,1.));
#6026=DIRECTION('',(-0.0261769483078734,0.,0.999657324975557));
#6027=DIRECTION('',(1.,0.,0.));
#6028=DIRECTION('center_axis',(-0.999657324975557,0.,-0.0261769483078734));
#6029=DIRECTION('ref_axis',(0.,-1.,0.));
#6030=DIRECTION('',(-0.0261679842677717,0.0261679801903833,0.999315002094994));
#6031=DIRECTION('',(0.,1.,0.));
#6032=DIRECTION('',(-0.0261679842649796,-0.0261679842649789,0.99931500198837));
#6033=DIRECTION('',(0.,-1.,0.));
#6034=DIRECTION('',(0.0261769483078734,0.,-0.999657324975557));
#6035=DIRECTION('',(0.,1.,0.));
#6036=DIRECTION('center_axis',(0.,0.,1.));
#6037=DIRECTION('ref_axis',(1.,0.,0.));
#6038=DIRECTION('center_axis',(1.,3.46800160584646E-15,0.));
#6039=DIRECTION('ref_axis',(6.6293959798777E-15,-0.716301943424657,0.697790459841677));
#6040=DIRECTION('center_axis',(0.707106781186554,-0.707106781186541,0.));
#6041=DIRECTION('ref_axis',(-0.707106781186541,-0.707106781186554,-1.53329341668338E-16));
#6042=DIRECTION('',(1.,3.46800160584646E-15,0.));
#6043=DIRECTION('',(-1.,-3.46800160584646E-15,0.));
#6044=DIRECTION('center_axis',(-3.46681320831141E-15,0.999657324975557,
0.0261769483078712));
#6045=DIRECTION('ref_axis',(-1.,-3.46800160584646E-15,0.));
#6046=DIRECTION('',(-1.,-3.46800160584646E-15,0.));
#6047=DIRECTION('center_axis',(0.,0.,1.));
#6048=DIRECTION('ref_axis',(1.,0.,0.));
#6049=DIRECTION('',(0.,-1.,0.));
#6050=DIRECTION('',(1.,0.,0.));
#6051=DIRECTION('',(0.,1.,0.));
#6052=DIRECTION('',(-1.,-4.06024420434346E-15,0.));
#6053=DIRECTION('',(0.,1.,0.));
#6054=DIRECTION('',(1.,0.,0.));
#6055=DIRECTION('',(0.,1.,0.));
#6056=DIRECTION('',(1.,4.19611851826833E-15,0.));
#6057=DIRECTION('',(0.,-1.,0.));
#6058=DIRECTION('',(1.,0.,0.));
#6059=DIRECTION('',(-1.26882631385734E-15,-1.,0.));
#6060=DIRECTION('',(-1.,-3.04686367071581E-15,0.));
#6061=DIRECTION('',(8.64080157750589E-5,-0.999999996266827,0.));
#6062=DIRECTION('',(1.,0.,0.));
#6063=DIRECTION('',(-8.64080157735467E-5,0.999999996266827,0.));
#6064=DIRECTION('',(1.,4.57031808590952E-15,0.));
#6065=DIRECTION('',(0.,1.,0.));
#6066=DIRECTION('center_axis',(0.,0.,-1.));
#6067=DIRECTION('ref_axis',(1.59538690241913E-15,-1.,0.));
#6068=DIRECTION('',(3.94745964311167E-15,-1.,0.));
#6069=DIRECTION('',(1.,4.06024420434346E-15,0.));
#6070=DIRECTION('',(4.666759151089E-15,-1.,0.));
#6071=DIRECTION('',(-0.999985819286347,-0.00532552590957958,0.));
#6072=DIRECTION('center_axis',(0.,0.,1.));
#6073=DIRECTION('ref_axis',(0.208293110403706,-0.978066449766246,0.));
#6074=DIRECTION('center_axis',(0.,0.,1.));
#6075=DIRECTION('ref_axis',(-0.208347081480171,-0.978054954304049,0.));
#6076=DIRECTION('',(-1.,-4.56696878065145E-15,0.));
#6077=DIRECTION('',(-1.80983359750739E-14,1.,0.));
#6078=DIRECTION('center_axis',(-4.666759151089E-15,1.,0.));
#6079=DIRECTION('ref_axis',(0.716301943424651,0.,0.697790459841683));
#6080=DIRECTION('',(-4.666759151089E-15,1.,0.));
#6081=DIRECTION('center_axis',(-0.705221409945281,-0.708987138779534,1.31188974272692E-14));
#6082=DIRECTION('ref_axis',(0.708987138779534,-0.70522140994528,-1.31889494841391E-14));
#6083=DIRECTION('center_axis',(0.,0.,-1.));
#6084=DIRECTION('ref_axis',(-1.,0.,0.));
#6085=DIRECTION('center_axis',(0.,0.,-1.));
#6086=DIRECTION('ref_axis',(0.208293110403706,-0.978066449766246,0.));
#6087=DIRECTION('center_axis',(0.999985819286347,0.00532552590957958,0.));
#6088=DIRECTION('ref_axis',(0.00381468455879447,-0.716291785751899,0.697790459841687));
#6089=DIRECTION('',(0.999985819286347,0.00532552590957958,0.));
#6090=DIRECTION('center_axis',(-0.00532370098485834,0.999643149121281,0.0261769483078722));
#6091=DIRECTION('ref_axis',(-0.999985819286347,-0.00532552590957958,0.));
#6092=DIRECTION('',(0.0261680791874349,-0.0260290895147825,0.999318626930706));
#6093=DIRECTION('',(-0.999985819286347,-0.00532552590957958,0.));
#6094=DIRECTION('center_axis',(-0.999657324975557,-4.66515996928284E-15,
0.0261769483078729));
#6095=DIRECTION('ref_axis',(4.666759151089E-15,-1.,0.));
#6096=DIRECTION('',(4.666759151089E-15,-1.,0.));
#6097=DIRECTION('center_axis',(1.,4.56696878065145E-15,0.));
#6098=DIRECTION('ref_axis',(0.,-0.716301943424645,0.69779045984169));
#6099=DIRECTION('',(1.,4.56696878065145E-15,0.));
#6100=DIRECTION('center_axis',(-0.707106781186561,0.707106781186534,0.));
#6101=DIRECTION('ref_axis',(-0.707106781186534,-0.707106781186561,0.));
#6102=DIRECTION('center_axis',(0.,0.,-1.));
#6103=DIRECTION('ref_axis',(-1.,0.,0.));
#6104=DIRECTION('center_axis',(7.04044656370486E-18,4.56766507880896E-18,
-1.));
#6105=DIRECTION('ref_axis',(-0.208347081480171,-0.978054954304049,-5.93428395379571E-18));
#6106=DIRECTION('center_axis',(0.,0.,-1.));
#6107=DIRECTION('ref_axis',(3.47456961654078E-15,-1.,0.));
#6108=DIRECTION('center_axis',(1.80983359750739E-14,-1.,0.));
#6109=DIRECTION('ref_axis',(-0.716301943424657,-2.65175839195108E-14,0.697790459841677));
#6110=DIRECTION('',(1.80983359750739E-14,-1.,0.));
#6111=DIRECTION('center_axis',(0.999657324975557,1.80921341273512E-14,0.0261769483078732));
#6112=DIRECTION('ref_axis',(-1.80983359750739E-14,1.,0.));
#6113=DIRECTION('',(-0.0261679842649789,-0.0261679842649773,0.99931500198837));
#6114=DIRECTION('',(-1.80983359750739E-14,1.,0.));
#6115=DIRECTION('center_axis',(-4.56540379451291E-15,0.999657324975557,
0.026176948307871));
#6116=DIRECTION('ref_axis',(-1.,-4.56696878065145E-15,0.));
#6117=DIRECTION('',(-1.,-4.56696878065145E-15,0.));
#6118=DIRECTION('center_axis',(-1.26882631385734E-15,-1.,0.));
#6119=DIRECTION('ref_axis',(0.716301943424645,0.,0.69779045984169));
#6120=DIRECTION('center_axis',(-0.707106781186554,0.707106781186541,0.));
#6121=DIRECTION('ref_axis',(0.707106781186541,0.707106781186554,0.));
#6122=DIRECTION('',(1.26882631385734E-15,1.,0.));
#6123=DIRECTION('center_axis',(0.707106781186548,0.707106781186547,1.30841038223648E-14));
#6124=DIRECTION('ref_axis',(0.707106781186547,-0.707106781186548,-1.30841038223649E-14));
#6125=DIRECTION('center_axis',(8.64080157750589E-5,-0.999999996266827,0.));
#6126=DIRECTION('ref_axis',(0.716301940750569,6.18942296295158E-5,0.697790459841687));
#6127=DIRECTION('center_axis',(0.,-1.,0.));
#6128=DIRECTION('ref_axis',(1.,0.,-3.74905523338684E-9));
#6129=DIRECTION('center_axis',(0.707137330373592,-0.707076230679627,0.));
#6130=DIRECTION('ref_axis',(0.707076230679627,0.707137330373592,0.));
#6131=DIRECTION('center_axis',(0.707076230679634,0.707137330373585,1.30846690958787E-14));
#6132=DIRECTION('ref_axis',(-0.707137330373585,0.707076230679634,-1.30835385244279E-14));
#6133=DIRECTION('center_axis',(1.,0.,0.));
#6134=DIRECTION('ref_axis',(0.,0.716301943424659,0.697790459841675));
#6135=DIRECTION('center_axis',(-0.707106781186551,0.707106781186544,0.));
#6136=DIRECTION('ref_axis',(-0.707106781186544,-0.707106781186551,0.));
#6137=DIRECTION('',(-1.,0.,0.));
#6138=DIRECTION('center_axis',(0.,-1.,0.));
#6139=DIRECTION('ref_axis',(0.716301943424657,0.,0.697790459841677));
#6140=DIRECTION('center_axis',(-0.707106781186544,0.707106781186551,0.));
#6141=DIRECTION('ref_axis',(0.707106781186551,0.707106781186544,0.));
#6142=DIRECTION('',(0.,1.,0.));
#6143=DIRECTION('center_axis',(1.,4.19611851826833E-15,0.));
#6144=DIRECTION('ref_axis',(0.,0.716301943424646,0.697790459841688));
#6145=DIRECTION('center_axis',(-0.707106781186541,-0.707106781186554,0.));
#6146=DIRECTION('ref_axis',(-0.707106781186554,0.707106781186541,0.));
#6147=DIRECTION('',(-1.,-4.19611851826833E-15,0.));
#6148=DIRECTION('center_axis',(0.,1.,0.));
#6149=DIRECTION('ref_axis',(-0.716301943424657,0.,0.697790459841677));
#6150=DIRECTION('center_axis',(-0.707106781186551,-0.707106781186544,0.));
#6151=DIRECTION('ref_axis',(0.707106781186544,-0.707106781186551,0.));
#6152=DIRECTION('',(0.,-1.,0.));
#6153=DIRECTION('center_axis',(1.,0.,0.));
#6154=DIRECTION('ref_axis',(0.,0.716301943424659,0.697790459841675));
#6155=DIRECTION('center_axis',(-0.707106781186548,-0.707106781186548,0.));
#6156=DIRECTION('ref_axis',(-0.707106781186547,0.707106781186547,0.));
#6157=DIRECTION('',(-1.,0.,0.));
#6158=DIRECTION('center_axis',(0.,1.,0.));
#6159=DIRECTION('ref_axis',(-0.716301943424657,0.,0.697790459841677));
#6160=DIRECTION('center_axis',(0.707106781186541,-0.707106781186554,0.));
#6161=DIRECTION('ref_axis',(-0.707106781186554,-0.707106781186541,0.));
#6162=DIRECTION('',(0.,-1.,0.));
#6163=DIRECTION('center_axis',(-1.,-4.06024420434346E-15,0.));
#6164=DIRECTION('ref_axis',(0.,-0.716301943424645,0.69779045984169));
#6165=DIRECTION('center_axis',(0.707106781186544,-0.707106781186551,0.));
#6166=DIRECTION('ref_axis',(0.707106781186551,0.707106781186544,0.));
#6167=DIRECTION('',(1.,4.06024420434346E-15,0.));
#6168=DIRECTION('center_axis',(0.,-1.,0.));
#6169=DIRECTION('ref_axis',(0.716301943424653,0.,0.697790459841682));
#6170=DIRECTION('center_axis',(0.,-1.,0.));
#6171=DIRECTION('ref_axis',(0.716301943424653,0.,0.697790459841682));
#6172=DIRECTION('center_axis',(0.707106781186548,-0.707106781186548,0.));
#6173=DIRECTION('ref_axis',(0.707106781186548,0.707106781186548,0.));
#6174=DIRECTION('center_axis',(-0.707106781186557,0.707106781186538,0.));
#6175=DIRECTION('ref_axis',(0.707106781186538,0.707106781186557,0.));
#6176=DIRECTION('center_axis',(-1.,0.,0.));
#6177=DIRECTION('ref_axis',(0.,0.707106781186548,0.707106781186548));
#6178=DIRECTION('',(-1.,0.,0.));
#6179=DIRECTION('center_axis',(0.707106781186548,0.707106781186548,0.));
#6180=DIRECTION('ref_axis',(0.707106781186547,-0.707106781186547,0.));
#6181=DIRECTION('center_axis',(0.,1.,0.));
#6182=DIRECTION('ref_axis',(-0.716301943424657,0.,0.697790459841677));
#6183=DIRECTION('center_axis',(0.,-1.,0.));
#6184=DIRECTION('ref_axis',(-0.716301943424657,0.,0.697790459841677));
#6185=DIRECTION('center_axis',(1.,4.06024420434346E-15,0.));
#6186=DIRECTION('ref_axis',(0.,0.716301943424657,0.697790459841677));
#6187=DIRECTION('',(-1.,-4.06024420434346E-15,0.));
#6188=DIRECTION('center_axis',(-0.707106781186561,0.707106781186534,0.));
#6189=DIRECTION('ref_axis',(-0.707106781186534,-0.707106781186561,0.));
#6190=DIRECTION('center_axis',(3.94745964311167E-15,-1.,0.));
#6191=DIRECTION('ref_axis',(0.716301943424657,0.,0.697790459841677));
#6192=DIRECTION('',(-3.94745964311167E-15,1.,0.));
#6193=DIRECTION('center_axis',(0.,0.,-1.));
#6194=DIRECTION('ref_axis',(-1.,0.,0.));
#6195=DIRECTION('center_axis',(-8.88985223928966E-33,5.89287580979994E-18,
1.));
#6196=DIRECTION('ref_axis',(1.6513863695119E-15,-1.,5.89287580979994E-18));
#6197=DIRECTION('center_axis',(0.,1.,0.));
#6198=DIRECTION('ref_axis',(-0.716301943424646,0.,0.697790459841688));
#6199=DIRECTION('',(0.,-1.,0.));
#6200=DIRECTION('center_axis',(-0.707106781186554,-0.707106781186541,0.));
#6201=DIRECTION('ref_axis',(0.707106781186541,-0.707106781186554,0.));
#6202=DIRECTION('center_axis',(1.,4.57031808590952E-15,0.));
#6203=DIRECTION('ref_axis',(0.,0.716301943424645,0.69779045984169));
#6204=DIRECTION('',(-1.,-4.57031808590952E-15,0.));
#6205=DIRECTION('center_axis',(-0.707076230679621,-0.707137330373598,0.));
#6206=DIRECTION('ref_axis',(-0.707137330373598,0.707076230679621,0.));
#6207=DIRECTION('center_axis',(-8.64080157735467E-5,0.999999996266827,0.));
#6208=DIRECTION('ref_axis',(-0.716301940750575,-6.18942296295152E-5,0.697790459841681));
#6209=DIRECTION('center_axis',(-0.707076230679625,-0.707137330373595,0.));
#6210=DIRECTION('ref_axis',(0.707137330373595,-0.707076230679625,0.));
#6211=DIRECTION('center_axis',(0.,-1.,0.));
#6212=DIRECTION('ref_axis',(-1.,0.,8.52184964376381E-9));
#6213=DIRECTION('center_axis',(-1.,0.,0.));
#6214=DIRECTION('ref_axis',(0.,0.707106781186548,0.707106781186548));
#6215=DIRECTION('',(-1.,0.,0.));
#6216=DIRECTION('center_axis',(-1.,-3.04686367071581E-15,0.));
#6217=DIRECTION('ref_axis',(6.62939597987771E-15,-0.716301943424659,0.697790459841675));
#6218=DIRECTION('',(1.,3.04686367071581E-15,0.));
#6219=DIRECTION('center_axis',(0.,-1.,0.));
#6220=DIRECTION('ref_axis',(0.,0.,-1.));
#6221=DIRECTION('',(-1.,0.,0.));
#6222=DIRECTION('center_axis',(-4.05885286006149E-15,0.999657324975557,
-0.0261769483078727));
#6223=DIRECTION('ref_axis',(-1.,-4.06024420434346E-15,0.));
#6224=DIRECTION('',(0.0261679842649789,0.0261679842649789,0.99931500198837));
#6225=DIRECTION('',(1.,4.06024420434346E-15,0.));
#6226=DIRECTION('center_axis',(0.999657324975557,3.94610694728198E-15,-0.0261769483078729));
#6227=DIRECTION('ref_axis',(-3.94745964311167E-15,1.,0.));
#6228=DIRECTION('',(3.94745964311167E-15,-1.,0.));
#6229=DIRECTION('center_axis',(0.,0.,1.));
#6230=DIRECTION('ref_axis',(-0.266941380329835,-0.963712768135611,0.));
#6231=DIRECTION('center_axis',(0.,0.,1.));
#6232=DIRECTION('ref_axis',(-0.266941380329835,-0.963712768135611,0.));
#6233=DIRECTION('center_axis',(-0.999657324975557,0.,-0.0261769483078728));
#6234=DIRECTION('ref_axis',(0.,-1.,0.));
#6235=DIRECTION('',(-0.026167984264979,0.0261679842649789,0.99931500198837));
#6236=DIRECTION('',(0.,1.,0.));
#6237=DIRECTION('center_axis',(-4.56875195204772E-15,0.999657324975557,
-0.0261769483078729));
#6238=DIRECTION('ref_axis',(-1.,-4.57031808590952E-15,0.));
#6239=DIRECTION('',(1.,4.57031808590952E-15,0.));
#6240=DIRECTION('center_axis',(-1.,-7.88860905221017E-31,0.));
#6241=DIRECTION('ref_axis',(7.88860905221017E-31,-1.,6.4742877718863E-48));
#6242=DIRECTION('',(-7.88860905221017E-31,1.,0.));
#6243=DIRECTION('',(0.,0.,1.));
#6244=DIRECTION('',(0.,0.,1.));
#6245=DIRECTION('center_axis',(0.,0.,1.));
#6246=DIRECTION('ref_axis',(0.99291766056798,-0.118804542557129,0.));
#6247=DIRECTION('center_axis',(0.,0.,-1.));
#6248=DIRECTION('ref_axis',(0.99291766056798,-0.118804542557129,0.));
#6249=DIRECTION('',(0.,0.,1.));
#6250=DIRECTION('center_axis',(7.88860905221017E-31,-1.,0.));
#6251=DIRECTION('ref_axis',(1.,7.88860905221017E-31,-1.07472123036546E-49));
#6252=DIRECTION('',(-1.,-7.88860905221017E-31,0.));
#6253=DIRECTION('',(0.,0.,1.));
#6254=DIRECTION('center_axis',(0.,0.,1.));
#6255=DIRECTION('ref_axis',(1.11022302462516E-15,-1.,0.));
#6256=DIRECTION('center_axis',(0.,0.,-1.));
#6257=DIRECTION('ref_axis',(1.11022302462516E-15,-1.,0.));
#6258=DIRECTION('',(0.,0.,1.));
#6259=DIRECTION('center_axis',(1.,-1.7508554197507E-15,0.));
#6260=DIRECTION('ref_axis',(1.7508554197507E-15,1.,-8.81584946082439E-32));
#6261=DIRECTION('',(-1.7508554197507E-15,-1.,0.));
#6262=DIRECTION('',(0.,0.,1.));
#6263=DIRECTION('center_axis',(0.,0.,1.));
#6264=DIRECTION('ref_axis',(0.792257155625978,0.610187347754306,0.));
#6265=DIRECTION('center_axis',(0.,0.,1.));
#6266=DIRECTION('ref_axis',(0.792257155625978,0.610187347754306,0.));
#6267=DIRECTION('',(0.,0.,1.));
#6268=DIRECTION('center_axis',(0.,0.,1.));
#6269=DIRECTION('ref_axis',(-8.42394383700178E-17,1.,0.));
#6270=DIRECTION('center_axis',(0.,0.,-1.));
#6271=DIRECTION('ref_axis',(-0.792257155625979,-0.610187347754305,0.));
#6272=DIRECTION('',(0.,0.,1.));
#6273=DIRECTION('center_axis',(0.,0.,1.));
#6274=DIRECTION('ref_axis',(-1.,1.06581410364015E-15,0.));
#6275=DIRECTION('center_axis',(0.,0.,1.));
#6276=DIRECTION('ref_axis',(-1.,1.06581410364015E-15,0.));
#6277=DIRECTION('center_axis',(0.,0.,1.));
#6278=DIRECTION('ref_axis',(-0.479128686894535,-0.877744667539894,0.));
#6279=DIRECTION('center_axis',(0.,0.,1.));
#6280=DIRECTION('ref_axis',(-0.479128686894535,-0.877744667539894,0.));
#6281=DIRECTION('',(0.,0.,1.));
#6282=DIRECTION('',(0.,0.,1.));
#6283=DIRECTION('center_axis',(0.,0.,1.));
#6284=DIRECTION('ref_axis',(0.479128686894587,0.877744667539865,0.));
#6285=DIRECTION('center_axis',(0.,0.,-1.));
#6286=DIRECTION('ref_axis',(0.479128686894587,0.877744667539865,0.));
#6287=DIRECTION('',(0.,0.,1.));
#6288=DIRECTION('center_axis',(0.,0.,1.));
#6289=DIRECTION('ref_axis',(-0.999180817491536,0.0404684316096684,0.));
#6290=DIRECTION('center_axis',(0.,0.,1.));
#6291=DIRECTION('ref_axis',(-0.999180817491536,0.0404684316096684,0.));
#6292=DIRECTION('',(0.,0.,1.));
#6293=DIRECTION('center_axis',(0.,0.,1.));
#6294=DIRECTION('ref_axis',(0.999180817491535,-0.0404684316096862,0.));
#6295=DIRECTION('center_axis',(0.,0.,-1.));
#6296=DIRECTION('ref_axis',(0.999180817491535,-0.0404684316096862,0.));
#6297=DIRECTION('',(0.,0.,1.));
#6298=DIRECTION('center_axis',(0.,0.,1.));
#6299=DIRECTION('ref_axis',(-7.88860905221017E-31,1.,0.));
#6300=DIRECTION('center_axis',(0.,0.,1.));
#6301=DIRECTION('ref_axis',(-7.88860905221017E-31,1.,0.));
#6302=DIRECTION('',(0.,0.,1.));
#6303=DIRECTION('center_axis',(7.88860905221017E-31,-1.,0.));
#6304=DIRECTION('ref_axis',(1.,7.88860905221017E-31,-7.81927184669506E-47));
#6305=DIRECTION('',(-1.,-7.88860905221017E-31,0.));
#6306=DIRECTION('',(0.,0.,1.));
#6307=DIRECTION('center_axis',(0.,0.,1.));
#6308=DIRECTION('ref_axis',(7.88860905221017E-31,-1.,0.));
#6309=DIRECTION('center_axis',(0.,0.,-1.));
#6310=DIRECTION('ref_axis',(7.88860905221017E-31,-1.,0.));
#6311=DIRECTION('',(0.,0.,1.));
#6312=DIRECTION('center_axis',(0.,0.,1.));
#6313=DIRECTION('ref_axis',(-0.999999534348123,-0.000965040691706244,0.));
#6314=DIRECTION('center_axis',(0.,0.,-1.));
#6315=DIRECTION('ref_axis',(-0.999999534348123,-0.000965040691706244,0.));
#6316=DIRECTION('',(0.,0.,1.));
#6317=DIRECTION('center_axis',(0.,0.,1.));
#6318=DIRECTION('ref_axis',(-0.0356650101593159,0.99936380115068,0.));
#6319=DIRECTION('center_axis',(0.,0.,-1.));
#6320=DIRECTION('ref_axis',(-0.0356650101593159,0.99936380115068,0.));
#6321=DIRECTION('center_axis',(0.,0.,1.));
#6322=DIRECTION('ref_axis',(7.88860905221017E-31,-1.,0.));
#6323=DIRECTION('center_axis',(0.,0.,-1.));
#6324=DIRECTION('ref_axis',(7.88860905221017E-31,-1.,0.));
#6325=DIRECTION('',(0.,0.,1.));
#6326=DIRECTION('',(0.,0.,1.));
#6327=DIRECTION('center_axis',(9.64307998531567E-15,1.,0.));
#6328=DIRECTION('ref_axis',(-1.,9.64307998531567E-15,-8.63616855509444E-78));
#6329=DIRECTION('',(1.,-9.64307998531567E-15,0.));
#6330=DIRECTION('',(0.,0.,1.));
#6331=DIRECTION('center_axis',(0.,0.,1.));
#6332=DIRECTION('ref_axis',(1.,7.88860905221017E-31,0.));
#6333=DIRECTION('center_axis',(0.,0.,1.));
#6334=DIRECTION('ref_axis',(1.,7.88860905221017E-31,0.));
#6335=DIRECTION('',(0.,0.,1.));
#6336=DIRECTION('center_axis',(-1.,2.22044604925006E-16,0.));
#6337=DIRECTION('ref_axis',(-2.22044604925006E-16,-1.,8.81584946082439E-32));
#6338=DIRECTION('',(2.22044604925006E-16,1.,0.));
#6339=DIRECTION('',(0.,0.,1.));
#6340=DIRECTION('center_axis',(0.,0.,1.));
#6341=DIRECTION('ref_axis',(-1.,-8.88178419700126E-16,0.));
#6342=DIRECTION('center_axis',(0.,0.,-1.));
#6343=DIRECTION('ref_axis',(-1.,-8.88178419700126E-16,0.));
#6344=DIRECTION('',(0.,0.,1.));
#6345=DIRECTION('center_axis',(1.,8.88178419700053E-16,0.));
#6346=DIRECTION('ref_axis',(-8.88178419700053E-16,1.,-8.81584946082439E-32));
#6347=DIRECTION('',(8.88178419700053E-16,-1.,0.));
#6348=DIRECTION('',(0.,0.,1.));
#6349=DIRECTION('center_axis',(0.,0.,1.));
#6350=DIRECTION('ref_axis',(2.66453525910037E-14,-1.,0.));
#6351=DIRECTION('center_axis',(0.,0.,1.));
#6352=DIRECTION('ref_axis',(2.66453525910037E-14,-1.,0.));
#6353=DIRECTION('',(0.,0.,1.));
#6354=DIRECTION('center_axis',(-2.89292399559471E-14,1.,0.));
#6355=DIRECTION('ref_axis',(-1.,-2.89292399559471E-14,-8.63616855509444E-78));
#6356=DIRECTION('',(1.,2.89292399559471E-14,0.));
#6357=DIRECTION('',(0.,0.,1.));
#6358=DIRECTION('center_axis',(0.,0.,1.));
#6359=DIRECTION('ref_axis',(7.10542735760229E-15,1.,0.));
#6360=DIRECTION('center_axis',(0.,0.,-1.));
#6361=DIRECTION('ref_axis',(7.10542735760229E-15,1.,0.));
#6362=DIRECTION('',(0.,0.,1.));
#6363=DIRECTION('center_axis',(1.80865423648026E-14,-1.,0.));
#6364=DIRECTION('ref_axis',(1.,1.80865423648026E-14,-1.59448234754922E-45));
#6365=DIRECTION('',(-1.,-1.80865423648026E-14,0.));
#6366=DIRECTION('center_axis',(0.,0.,1.));
#6367=DIRECTION('ref_axis',(-0.526849926685916,-0.849958325302508,0.));
#6368=DIRECTION('center_axis',(0.,0.,-1.));
#6369=DIRECTION('ref_axis',(-0.526849926685916,-0.849958325302508,0.));
#6370=DIRECTION('',(0.,0.,1.));
#6371=DIRECTION('',(0.,0.,1.));
#6372=DIRECTION('center_axis',(0.,0.,1.));
#6373=DIRECTION('ref_axis',(0.998831495839856,-0.0483284897168983,0.));
#6374=DIRECTION('center_axis',(0.,0.,1.));
#6375=DIRECTION('ref_axis',(0.998831495839856,-0.0483284897168983,0.));
#6376=DIRECTION('',(0.,0.,1.));
#6377=DIRECTION('center_axis',(0.,0.,1.));
#6378=DIRECTION('ref_axis',(-0.998831495839856,0.0483284897168936,0.));
#6379=DIRECTION('center_axis',(0.,0.,-1.));
#6380=DIRECTION('ref_axis',(-0.998831495839856,0.0483284897168936,0.));
#6381=DIRECTION('',(0.,0.,1.));
#6382=DIRECTION('center_axis',(0.,0.,1.));
#6383=DIRECTION('ref_axis',(0.0356819003975512,0.999363198233765,0.));
#6384=DIRECTION('center_axis',(0.,0.,-1.));
#6385=DIRECTION('ref_axis',(0.0356819003975512,0.999363198233765,0.));
#6386=DIRECTION('',(0.,0.,1.));
#6387=DIRECTION('center_axis',(0.,0.,1.));
#6388=DIRECTION('ref_axis',(0.999999550538908,-0.000948114962562411,0.));
#6389=DIRECTION('center_axis',(0.,0.,-1.));
#6390=DIRECTION('ref_axis',(0.999999550538908,-0.000948114962562411,0.));
#6391=DIRECTION('',(0.,0.,1.));
#6392=DIRECTION('center_axis',(-1.35937482010986E-15,-1.,0.));
#6393=DIRECTION('ref_axis',(1.,-1.35937482010986E-15,1.19840437749238E-46));
#6394=DIRECTION('',(-1.,1.35937482010986E-15,0.));
#6395=DIRECTION('',(0.,0.,1.));
#6396=DIRECTION('center_axis',(0.,0.,1.));
#6397=DIRECTION('ref_axis',(-0.619247880582455,0.785195556784511,0.));
#6398=DIRECTION('center_axis',(0.,0.,1.));
#6399=DIRECTION('ref_axis',(-0.619247880582455,0.785195556784511,0.));
#6400=DIRECTION('',(0.,0.,1.));
#6401=DIRECTION('center_axis',(0.,0.,1.));
#6402=DIRECTION('ref_axis',(0.619247880582384,-0.785195556784566,0.));
#6403=DIRECTION('center_axis',(0.,0.,-1.));
#6404=DIRECTION('ref_axis',(0.619247880582384,-0.785195556784566,0.));
#6405=DIRECTION('',(0.,0.,1.));
#6406=DIRECTION('center_axis',(0.,0.,1.));
#6407=DIRECTION('ref_axis',(0.526849926685946,0.84995832530249,0.));
#6408=DIRECTION('center_axis',(0.,0.,1.));
#6409=DIRECTION('ref_axis',(0.526849926685946,0.84995832530249,0.));
#6410=DIRECTION('center_axis',(0.,0.,1.));
#6411=DIRECTION('ref_axis',(-1.,-7.88860905221017E-31,0.));
#6412=DIRECTION('',(0.,0.,1.));
#6413=DIRECTION('center_axis',(0.,0.,-1.));
#6414=DIRECTION('ref_axis',(-1.,-7.88860905221017E-31,0.));
#6415=DIRECTION('center_axis',(0.,0.,1.));
#6416=DIRECTION('ref_axis',(-1.,-7.88860905221017E-31,0.));
#6417=DIRECTION('',(0.,0.,1.));
#6418=DIRECTION('center_axis',(0.,0.,-1.));
#6419=DIRECTION('ref_axis',(-1.,-7.88860905221017E-31,0.));
#6420=DIRECTION('center_axis',(0.,0.,1.));
#6421=DIRECTION('ref_axis',(-1.,-7.88860905221017E-31,0.));
#6422=DIRECTION('',(0.,0.,1.));
#6423=DIRECTION('center_axis',(0.,0.,-1.));
#6424=DIRECTION('ref_axis',(-1.,-7.88860905221017E-31,0.));
#6425=DIRECTION('center_axis',(0.,-1.,0.));
#6426=DIRECTION('ref_axis',(0.,0.,-1.));
#6427=DIRECTION('',(-1.,0.,0.));
#6428=DIRECTION('center_axis',(0.,0.,-1.));
#6429=DIRECTION('ref_axis',(0.,1.,0.));
#6430=DIRECTION('center_axis',(0.,0.,-1.));
#6431=DIRECTION('ref_axis',(0.,1.,0.));
#6432=DIRECTION('center_axis',(0.,0.,1.));
#6433=DIRECTION('ref_axis',(-1.,0.,0.));
#6434=DIRECTION('center_axis',(0.,0.,-1.));
#6435=DIRECTION('ref_axis',(-1.,0.,0.));
#6436=DIRECTION('',(0.,0.,-1.));
#6437=DIRECTION('center_axis',(0.,0.,1.));
#6438=DIRECTION('ref_axis',(-1.,0.,0.));
#6439=DIRECTION('center_axis',(0.,0.,1.));
#6440=DIRECTION('ref_axis',(1.,0.,0.));
#6441=DIRECTION('center_axis',(0.,0.,1.));
#6442=DIRECTION('ref_axis',(1.,0.,0.));
#6443=DIRECTION('',(0.,0.,-1.));
#6444=DIRECTION('center_axis',(0.,0.,-1.));
#6445=DIRECTION('ref_axis',(1.,0.,0.));
#6446=DIRECTION('center_axis',(0.,0.,1.));
#6447=DIRECTION('ref_axis',(1.,0.,0.));
#6448=DIRECTION('center_axis',(0.,0.,1.));
#6449=DIRECTION('ref_axis',(1.,0.,0.));
#6450=DIRECTION('center_axis',(0.,0.,1.));
#6451=DIRECTION('ref_axis',(0.999999999862518,1.65820347041791E-5,0.));
#6452=DIRECTION('',(-1.55827613317729E-7,-0.999999999999988,0.));
#6453=DIRECTION('',(0.999999999999988,-1.55827331038683E-7,0.));
#6454=DIRECTION('',(-1.55827356943895E-7,-0.999999999999988,0.));
#6455=DIRECTION('',(0.999999999999988,-1.55826733099002E-7,0.));
#6456=DIRECTION('',(-1.,-3.04686367071581E-15,0.));
#6457=DIRECTION('',(-1.26882631385734E-15,-1.,0.));
#6458=DIRECTION('',(1.,0.,0.));
#6459=DIRECTION('',(0.,-1.,0.));
#6460=DIRECTION('',(1.,4.19611851826833E-15,0.));
#6461=DIRECTION('',(0.,1.,0.));
#6462=DIRECTION('',(1.,0.,0.));
#6463=DIRECTION('',(0.,1.,0.));
#6464=DIRECTION('',(-1.,-4.06024420434346E-15,0.));
#6465=DIRECTION('',(0.999999999999988,1.55815914698607E-7,0.));
#6466=DIRECTION('',(-1.65819897879781E-5,0.999999999862519,0.));
#6467=DIRECTION('',(0.999999999999988,1.55826892223032E-7,0.));
#6468=DIRECTION('',(-1.65820347057474E-5,0.999999999862518,0.));
#6469=DIRECTION('center_axis',(0.,0.,-1.));
#6470=DIRECTION('ref_axis',(1.,0.,0.));
#6471=DIRECTION('center_axis',(0.,0.,-1.));
#6472=DIRECTION('ref_axis',(1.,0.,0.));
#6473=DIRECTION('center_axis',(0.,0.,-1.));
#6474=DIRECTION('ref_axis',(1.,0.,0.));
#6475=DIRECTION('center_axis',(0.,0.,-1.));
#6476=DIRECTION('ref_axis',(1.,0.,0.));
#6477=DIRECTION('',(-1.,-4.2294210461911E-15,0.));
#6478=DIRECTION('',(0.,1.,0.));
#6479=DIRECTION('',(1.,4.2294210461911E-15,0.));
#6480=DIRECTION('',(0.,-1.,0.));
#6481=DIRECTION('center_axis',(0.,0.,-1.));
#6482=DIRECTION('ref_axis',(1.,0.,0.));
#6483=DIRECTION('center_axis',(0.,0.,-1.));
#6484=DIRECTION('ref_axis',(1.,0.,0.));
#6485=DIRECTION('center_axis',(0.,0.,-1.));
#6486=DIRECTION('ref_axis',(1.,0.,0.));
#6487=DIRECTION('center_axis',(0.,0.,-1.));
#6488=DIRECTION('ref_axis',(1.,0.,0.));
#6489=DIRECTION('center_axis',(0.,0.,-1.));
#6490=DIRECTION('ref_axis',(1.,0.,0.));
#6491=DIRECTION('center_axis',(0.,0.,-1.));
#6492=DIRECTION('ref_axis',(1.,0.,0.));
#6493=DIRECTION('center_axis',(0.,0.,-1.));
#6494=DIRECTION('ref_axis',(1.,0.,0.));
#6495=DIRECTION('center_axis',(0.,0.,-1.));
#6496=DIRECTION('ref_axis',(1.,0.,0.));
#6497=DIRECTION('center_axis',(0.,0.,-1.));
#6498=DIRECTION('ref_axis',(1.,0.,0.));
#6499=DIRECTION('center_axis',(0.,0.,1.));
#6500=DIRECTION('ref_axis',(1.,0.,0.));
#6501=DIRECTION('center_axis',(0.,0.,1.));
#6502=DIRECTION('ref_axis',(1.,0.,0.));
#6503=DIRECTION('',(0.,0.,-1.));
#6504=DIRECTION('center_axis',(0.,0.,1.));
#6505=DIRECTION('ref_axis',(1.,0.,0.));
#6506=DIRECTION('center_axis',(0.,0.,-1.));
#6507=DIRECTION('ref_axis',(-1.,0.,0.));
#6508=DIRECTION('center_axis',(0.,0.,1.));
#6509=DIRECTION('ref_axis',(1.,0.,0.));
#6510=DIRECTION('center_axis',(0.,0.,1.));
#6511=DIRECTION('ref_axis',(1.,0.,0.));
#6512=DIRECTION('',(0.,0.,-1.));
#6513=DIRECTION('center_axis',(0.,0.,1.));
#6514=DIRECTION('ref_axis',(1.,0.,0.));
#6515=DIRECTION('center_axis',(0.,0.,-1.));
#6516=DIRECTION('ref_axis',(-1.,0.,0.));
#6517=DIRECTION('center_axis',(0.,0.,1.));
#6518=DIRECTION('ref_axis',(1.,0.,0.));
#6519=DIRECTION('center_axis',(0.,0.,1.));
#6520=DIRECTION('ref_axis',(1.,0.,0.));
#6521=DIRECTION('',(0.,0.,-1.));
#6522=DIRECTION('center_axis',(0.,0.,1.));
#6523=DIRECTION('ref_axis',(1.,0.,0.));
#6524=DIRECTION('center_axis',(0.,0.,-1.));
#6525=DIRECTION('ref_axis',(-1.,0.,0.));
#6526=DIRECTION('center_axis',(0.,0.,1.));
#6527=DIRECTION('ref_axis',(1.,0.,0.));
#6528=DIRECTION('center_axis',(0.,0.,1.));
#6529=DIRECTION('ref_axis',(1.,0.,0.));
#6530=DIRECTION('',(0.,0.,-1.));
#6531=DIRECTION('center_axis',(0.,0.,1.));
#6532=DIRECTION('ref_axis',(1.,0.,0.));
#6533=DIRECTION('center_axis',(0.,0.,-1.));
#6534=DIRECTION('ref_axis',(-1.,0.,0.));
#6535=DIRECTION('center_axis',(0.,0.,1.));
#6536=DIRECTION('ref_axis',(1.,0.,0.));
#6537=DIRECTION('center_axis',(0.,0.,1.));
#6538=DIRECTION('ref_axis',(1.,0.,0.));
#6539=DIRECTION('',(0.,0.,-1.));
#6540=DIRECTION('center_axis',(0.,0.,1.));
#6541=DIRECTION('ref_axis',(1.,0.,0.));
#6542=DIRECTION('center_axis',(0.,0.,-1.));
#6543=DIRECTION('ref_axis',(-1.,0.,0.));
#6544=DIRECTION('center_axis',(0.,0.,1.));
#6545=DIRECTION('ref_axis',(1.,0.,0.));
#6546=DIRECTION('center_axis',(0.,0.,1.));
#6547=DIRECTION('ref_axis',(1.,0.,0.));
#6548=DIRECTION('',(0.,0.,-1.));
#6549=DIRECTION('center_axis',(0.,0.,1.));
#6550=DIRECTION('ref_axis',(1.,0.,0.));
#6551=DIRECTION('center_axis',(0.,0.,-1.));
#6552=DIRECTION('ref_axis',(-1.,0.,0.));
#6553=DIRECTION('center_axis',(0.,0.,1.));
#6554=DIRECTION('ref_axis',(1.,0.,0.));
#6555=DIRECTION('center_axis',(0.,0.,1.));
#6556=DIRECTION('ref_axis',(1.,0.,0.));
#6557=DIRECTION('',(0.,0.,-1.));
#6558=DIRECTION('center_axis',(0.,0.,1.));
#6559=DIRECTION('ref_axis',(1.,0.,0.));
#6560=DIRECTION('center_axis',(0.,0.,-1.));
#6561=DIRECTION('ref_axis',(-1.,0.,0.));
#6562=DIRECTION('center_axis',(0.,0.,1.));
#6563=DIRECTION('ref_axis',(1.,0.,0.));
#6564=DIRECTION('center_axis',(0.,0.,1.));
#6565=DIRECTION('ref_axis',(1.,0.,0.));
#6566=DIRECTION('',(0.,0.,-1.));
#6567=DIRECTION('center_axis',(0.,0.,1.));
#6568=DIRECTION('ref_axis',(1.,0.,0.));
#6569=DIRECTION('center_axis',(0.,0.,-1.));
#6570=DIRECTION('ref_axis',(-1.,0.,0.));
#6571=DIRECTION('center_axis',(0.,0.,1.));
#6572=DIRECTION('ref_axis',(1.,0.,0.));
#6573=DIRECTION('center_axis',(0.,0.,1.));
#6574=DIRECTION('ref_axis',(1.,0.,0.));
#6575=DIRECTION('',(0.,0.,-1.));
#6576=DIRECTION('center_axis',(0.,0.,1.));
#6577=DIRECTION('ref_axis',(1.,0.,0.));
#6578=DIRECTION('center_axis',(0.,0.,-1.));
#6579=DIRECTION('ref_axis',(-1.,0.,0.));
#6580=DIRECTION('center_axis',(0.,0.,1.));
#6581=DIRECTION('ref_axis',(-1.,0.,0.));
#6582=DIRECTION('center_axis',(0.,0.,-1.));
#6583=DIRECTION('ref_axis',(-1.,0.,0.));
#6584=DIRECTION('',(0.,0.,-1.));
#6585=DIRECTION('center_axis',(0.,0.,1.));
#6586=DIRECTION('ref_axis',(-1.,0.,0.));
#6587=DIRECTION('center_axis',(0.,0.,1.));
#6588=DIRECTION('ref_axis',(1.,0.,0.));
#6589=DIRECTION('center_axis',(0.,0.,1.));
#6590=DIRECTION('ref_axis',(1.,0.,0.));
#6591=DIRECTION('',(0.,0.,-1.));
#6592=DIRECTION('center_axis',(0.,0.,1.));
#6593=DIRECTION('ref_axis',(1.,0.,0.));
#6594=DIRECTION('center_axis',(0.,0.,1.));
#6595=DIRECTION('ref_axis',(1.,0.,0.));
#6596=DIRECTION('center_axis',(0.,0.,1.));
#6597=DIRECTION('ref_axis',(1.,0.,0.));
#6598=DIRECTION('center_axis',(0.,0.,1.));
#6599=DIRECTION('ref_axis',(1.,0.,0.));
#6600=DIRECTION('',(0.,0.,-1.));
#6601=DIRECTION('center_axis',(0.,0.,1.));
#6602=DIRECTION('ref_axis',(1.,0.,0.));
#6603=DIRECTION('center_axis',(0.,0.,-1.));
#6604=DIRECTION('ref_axis',(-1.,0.,0.));
#6605=DIRECTION('center_axis',(0.,0.,1.));
#6606=DIRECTION('ref_axis',(1.,0.,0.));
#6607=DIRECTION('center_axis',(0.,0.,1.));
#6608=DIRECTION('ref_axis',(1.,0.,0.));
#6609=DIRECTION('',(0.,0.,-1.));
#6610=DIRECTION('center_axis',(0.,0.,1.));
#6611=DIRECTION('ref_axis',(1.,0.,0.));
#6612=DIRECTION('center_axis',(0.,0.,-1.));
#6613=DIRECTION('ref_axis',(-1.,0.,0.));
#6614=DIRECTION('center_axis',(0.,0.,1.));
#6615=DIRECTION('ref_axis',(1.,0.,0.));
#6616=DIRECTION('center_axis',(0.,0.,1.));
#6617=DIRECTION('ref_axis',(1.,0.,0.));
#6618=DIRECTION('',(0.,0.,-1.));
#6619=DIRECTION('center_axis',(0.,0.,1.));
#6620=DIRECTION('ref_axis',(1.,0.,0.));
#6621=DIRECTION('center_axis',(0.,0.,-1.));
#6622=DIRECTION('ref_axis',(-1.,0.,0.));
#6623=DIRECTION('center_axis',(-1.55762520476229E-7,0.999657324975545,-0.0261769483078732));
#6624=DIRECTION('ref_axis',(-0.999999999999988,-1.55815914698607E-7,0.));
#6625=DIRECTION('',(-0.0261684178914096,0.0261679798931802,0.999314990747848));
#6626=DIRECTION('center_axis',(4.05885286006149E-15,-0.999657324975557,
-0.0261769483078727));
#6627=DIRECTION('ref_axis',(1.,4.06024420434346E-15,0.));
#6628=DIRECTION('',(-0.0261679842649789,-0.0261679842649789,0.99931500198837));
#6629=DIRECTION('center_axis',(-0.999657324975557,0.,-0.0261769483078728));
#6630=DIRECTION('ref_axis',(0.,-1.,0.));
#6631=DIRECTION('',(-0.0261679842649789,0.0261679842649789,0.99931500198837));
#6632=DIRECTION('center_axis',(0.,0.999657324975557,-0.0261769483078728));
#6633=DIRECTION('ref_axis',(-1.,0.,0.));
#6634=DIRECTION('',(-0.0261679842649796,0.0261679842649789,0.99931500198837));
#6635=DIRECTION('center_axis',(-0.999657324975557,0.,-0.0261769483078734));
#6636=DIRECTION('ref_axis',(0.,-1.,0.));
#6637=DIRECTION('',(-0.0261679842649796,0.0261679842649787,0.99931500198837));
#6638=DIRECTION('center_axis',(-4.19468061325252E-15,0.999657324975557,
-0.0261769483078727));
#6639=DIRECTION('ref_axis',(-1.,-4.19611851826833E-15,0.));
#6640=DIRECTION('',(0.0261679842649796,0.0261679842649789,0.99931500198837));
#6641=DIRECTION('center_axis',(0.999657324975557,0.,-0.0261769483078734));
#6642=DIRECTION('ref_axis',(0.,1.,0.));
#6643=DIRECTION('',(0.0261679842649796,0.0261679842649789,0.99931500198837));
#6644=DIRECTION('center_axis',(0.,0.999657324975557,-0.0261769483078728));
#6645=DIRECTION('ref_axis',(-1.,0.,0.));
#6646=DIRECTION('',(0.026167984264979,0.0261679842649789,0.99931500198837));
#6647=DIRECTION('center_axis',(0.999657324975557,-1.26839151876922E-15,
-0.0261769483078728));
#6648=DIRECTION('ref_axis',(1.26882631385734E-15,1.,0.));
#6649=DIRECTION('',(0.0261679842649789,-0.026167984264979,0.99931500198837));
#6650=DIRECTION('center_axis',(3.04581958663297E-15,-0.999657324975557,
-0.0261769483078728));
#6651=DIRECTION('ref_axis',(1.,3.04686367071581E-15,0.));
#6652=DIRECTION('center_axis',(1.55773335169429E-7,0.999657324975545,-0.0261769483078732));
#6653=DIRECTION('ref_axis',(-0.999999999999988,1.55826733099002E-7,0.));
#6654=DIRECTION('',(0.0261679883426668,0.0261679801873075,0.999315001988369));
#6655=DIRECTION('center_axis',(0.999657324975545,-1.55773958800546E-7,-0.0261769483078731));
#6656=DIRECTION('ref_axis',(1.55827356943895E-7,0.999999999999988,0.));
#6657=DIRECTION('',(0.0261679883426668,0.0261679801872918,0.99931500198837));
#6658=DIRECTION('center_axis',(1.5577393290421E-7,0.999657324975545,-0.0261769483078731));
#6659=DIRECTION('ref_axis',(-0.999999999999988,1.55827331038683E-7,0.));
#6660=DIRECTION('',(4.07909137875743E-9,0.0261769483078728,0.999657324975557));
#6661=DIRECTION('',(0.999999999999988,-1.55827331038683E-7,0.));
#6662=DIRECTION('',(-0.0261679801872921,0.0261679883426661,0.99931500198837));
#6663=DIRECTION('center_axis',(0.999657321243664,8.63784059061411E-5,-0.0261769483078727));
#6664=DIRECTION('ref_axis',(-8.64080157750589E-5,0.999999996266827,0.));
#6665=DIRECTION('',(0.0261769484055288,1.06284803050946E-16,0.999657324973));
#6666=DIRECTION('',(-8.64080157750589E-5,0.999999996266827,0.));
#6667=DIRECTION('',(-0.026176948405881,4.07906835042872E-9,-0.999657324972991));
#6668=DIRECTION('',(-9.76014928625188E-17,0.99999455574076,0.00329977102845219));
#6669=DIRECTION('center_axis',(-1.,-1.80983359750739E-14,0.));
#6670=DIRECTION('ref_axis',(-1.80983359750739E-14,1.,0.));
#6671=DIRECTION('',(0.,0.,-1.));
#6672=DIRECTION('',(0.,0.,-1.));
#6673=DIRECTION('center_axis',(0.,0.,-1.));
#6674=DIRECTION('ref_axis',(-0.174905867052353,-0.984585160192182,0.));
#6675=DIRECTION('center_axis',(0.,0.,1.));
#6676=DIRECTION('ref_axis',(-0.174905867052353,-0.984585160192182,0.));
#6677=DIRECTION('',(0.,0.,-1.));
#6678=DIRECTION('center_axis',(4.56696878065145E-15,-1.,0.));
#6679=DIRECTION('ref_axis',(-1.,-4.56696878065145E-15,0.));
#6680=DIRECTION('center_axis',(0.00532552590957958,-0.999985819286347,0.));
#6681=DIRECTION('ref_axis',(-0.999985819286347,-0.00532552590957958,0.));
#6682=DIRECTION('',(0.,0.,-1.));
#6683=DIRECTION('',(0.,0.,-1.));
#6684=DIRECTION('center_axis',(0.,0.,-1.));
#6685=DIRECTION('ref_axis',(0.2474659804891,-0.968896582974968,0.));
#6686=DIRECTION('center_axis',(0.,0.,1.));
#6687=DIRECTION('ref_axis',(0.2474659804891,-0.968896582974968,0.));
#6688=DIRECTION('',(0.,0.,-1.));
#6689=DIRECTION('center_axis',(1.,4.666759151089E-15,0.));
#6690=DIRECTION('ref_axis',(4.666759151089E-15,-1.,0.));
#6691=DIRECTION('center_axis',(3.46800160584646E-15,-1.,0.));
#6692=DIRECTION('ref_axis',(-1.,-3.46800160584646E-15,0.));
#6693=DIRECTION('',(0.,0.,-1.));
#6694=DIRECTION('',(0.,0.,-1.));
#6695=DIRECTION('center_axis',(0.,0.,-1.));
#6696=DIRECTION('ref_axis',(0.157293885523394,-0.98755183842518,0.));
#6697=DIRECTION('center_axis',(0.,0.,1.));
#6698=DIRECTION('ref_axis',(0.157293885523394,-0.98755183842518,0.));
#6699=DIRECTION('center_axis',(0.999999996266827,8.64080157750589E-5,0.));
#6700=DIRECTION('ref_axis',(8.64080157750589E-5,-0.999999996266827,0.));
#6701=DIRECTION('',(0.,0.,1.));
#6702=DIRECTION('',(0.,0.,-1.));
#6703=DIRECTION('center_axis',(1.55827331038683E-7,0.999999999999988,0.));
#6704=DIRECTION('ref_axis',(0.999999999999988,-1.55827331038683E-7,0.));
#6705=DIRECTION('',(0.,0.,1.));
#6706=DIRECTION('',(0.,0.,-1.));
#6707=DIRECTION('center_axis',(-0.999999999999988,1.55827313275124E-7,0.));
#6708=DIRECTION('ref_axis',(1.55827313275124E-7,0.999999999999988,0.));
#6709=DIRECTION('',(1.55827313275124E-7,0.999999999999988,0.));
#6710=DIRECTION('',(0.,0.,-1.));
#6711=DIRECTION('center_axis',(-1.55826732483635E-7,-0.999999999999988,
0.));
#6712=DIRECTION('ref_axis',(-0.999999999999988,1.55826732483635E-7,0.));
#6713=DIRECTION('',(-0.999999999999988,1.55826732483635E-7,0.));
#6714=DIRECTION('',(0.,0.,-1.));
#6715=DIRECTION('center_axis',(-0.999999996266827,-8.64080157735467E-5,
0.));
#6716=DIRECTION('ref_axis',(-8.64080157735467E-5,0.999999996266827,0.));
#6717=DIRECTION('',(0.,0.,-1.));
#6718=DIRECTION('center_axis',(-4.57031808590952E-15,1.,0.));
#6719=DIRECTION('ref_axis',(1.,4.57031808590952E-15,0.));
#6720=DIRECTION('',(0.,0.,-1.));
#6721=DIRECTION('center_axis',(-1.,0.,0.));
#6722=DIRECTION('ref_axis',(0.,1.,0.));
#6723=DIRECTION('',(0.,0.,-1.));
#6724=DIRECTION('center_axis',(0.,0.,-1.));
#6725=DIRECTION('ref_axis',(-0.266941380329835,-0.963712768135611,0.));
#6726=DIRECTION('',(0.,0.,-1.));
#6727=DIRECTION('center_axis',(1.,3.94745964311167E-15,0.));
#6728=DIRECTION('ref_axis',(3.94745964311167E-15,-1.,0.));
#6729=DIRECTION('',(0.,0.,-1.));
#6730=DIRECTION('center_axis',(-4.06024420434346E-15,1.,0.));
#6731=DIRECTION('ref_axis',(1.,4.06024420434346E-15,0.));
#6732=DIRECTION('',(0.,0.,-1.));
#6733=DIRECTION('center_axis',(1.,0.,0.));
#6734=DIRECTION('ref_axis',(0.,-1.,0.));
#6735=DIRECTION('',(0.,0.,-1.));
#6736=DIRECTION('center_axis',(1.55815914676129E-7,-0.999999999999988,0.));
#6737=DIRECTION('ref_axis',(-0.999999999999988,-1.55815914676129E-7,0.));
#6738=DIRECTION('',(-0.999999999999988,-1.55815914676129E-7,0.));
#6739=DIRECTION('',(0.,0.,-1.));
#6740=DIRECTION('center_axis',(0.999999999862518,1.65820347031E-5,0.));
#6741=DIRECTION('ref_axis',(1.65820347031E-5,-0.999999999862518,0.));
#6742=DIRECTION('',(1.65820347031E-5,-0.999999999862518,0.));
#6743=DIRECTION('',(0.,0.,-1.));
#6744=DIRECTION('center_axis',(-1.55826892223032E-7,0.999999999999988,0.));
#6745=DIRECTION('ref_axis',(0.999999999999988,1.55826892223032E-7,0.));
#6746=DIRECTION('',(-0.999999999999988,-1.55826892223032E-7,0.));
#6747=DIRECTION('',(0.,0.,-1.));
#6748=DIRECTION('center_axis',(0.,0.,-1.));
#6749=DIRECTION('ref_axis',(-0.174905867052353,-0.984585160192182,0.));
#6750=DIRECTION('center_axis',(0.,0.,-1.));
#6751=DIRECTION('ref_axis',(0.2474659804891,-0.968896582974968,0.));
#6752=DIRECTION('center_axis',(0.,0.,-1.));
#6753=DIRECTION('ref_axis',(0.157293885523394,-0.98755183842518,0.));
#6754=DIRECTION('center_axis',(0.999657324838122,1.65763524539528E-5,-0.0261769483078736));
#6755=DIRECTION('ref_axis',(-1.65820347031E-5,0.999999999862518,0.));
#6756=DIRECTION('',(0.026168417892584,-0.0261679798931795,0.999314990747817));
#6757=DIRECTION('',(0.0261675506444161,0.0261679886369222,0.999315013228546));
#6758=DIRECTION('center_axis',(1.55762520453759E-7,-0.999657324975545,-0.0261769483078732));
#6759=DIRECTION('ref_axis',(0.999999999999988,1.55815914676129E-7,0.));
#6760=DIRECTION('center_axis',(-1.55773334554272E-7,-0.999657324975545,
-0.0261769483078734));
#6761=DIRECTION('ref_axis',(0.999999999999988,-1.55826732483635E-7,0.));
#6762=DIRECTION('',(-0.0261679883426654,-0.0261679801873078,0.999315001988369));
#6763=DIRECTION('center_axis',(-0.999657324975545,1.55773915146738E-7,-0.0261769483078729));
#6764=DIRECTION('ref_axis',(-1.55827313275124E-7,-0.999999999999988,0.));
#6765=DIRECTION('center_axis',(-0.999657324838123,-1.65763075542221E-5,
-0.0261769483078739));
#6766=DIRECTION('ref_axis',(1.65819897879781E-5,-0.999999999862519,0.));
#6767=DIRECTION('',(-0.0261684178914098,0.0261679798928932,0.999314990747855));
#6768=DIRECTION('center_axis',(-1.55773494238931E-7,0.999657324975545,-0.0261769483078732));
#6769=DIRECTION('ref_axis',(-0.999999999999988,-1.55826892223032E-7,0.));
#6770=DIRECTION('',(4.34067065390228E-7,-0.0261769483078034,-0.999657324975465));
#6771=DIRECTION('center_axis',(-4.06024420434345E-15,1.,0.));
#6772=DIRECTION('ref_axis',(-1.,-4.06024420434345E-15,0.));
#6773=DIRECTION('',(0.,0.,1.));
#6774=DIRECTION('center_axis',(-1.,-9.7602024233241E-17,0.));
#6775=DIRECTION('ref_axis',(9.7602024233241E-17,-1.,0.));
#6776=DIRECTION('',(0.,0.,1.));
#6777=DIRECTION('center_axis',(-1.55826733016452E-7,-0.999999999999988,
0.));
#6778=DIRECTION('ref_axis',(0.999999999999988,-1.55826733016452E-7,0.));
#6779=DIRECTION('center_axis',(0.,0.,1.));
#6780=DIRECTION('ref_axis',(1.,0.,0.));
#6781=DIRECTION('',(0.,0.,1.));
#6782=DIRECTION('center_axis',(0.,0.,1.));
#6783=DIRECTION('ref_axis',(1.,0.,0.));
#6784=DIRECTION('',(0.,0.,1.));
#6785=DIRECTION('center_axis',(0.,0.,1.));
#6786=DIRECTION('ref_axis',(1.,0.,0.));
#6787=DIRECTION('',(0.,0.,1.));
#6788=DIRECTION('center_axis',(0.,0.,1.));
#6789=DIRECTION('ref_axis',(1.,0.,0.));
#6790=DIRECTION('',(0.,0.,1.));
#6791=DIRECTION('center_axis',(0.,0.,1.));
#6792=DIRECTION('ref_axis',(1.,0.,0.));
#6793=DIRECTION('',(0.,0.,1.));
#6794=DIRECTION('center_axis',(0.,0.,1.));
#6795=DIRECTION('ref_axis',(1.,0.,0.));
#6796=DIRECTION('',(0.,0.,1.));
#6797=DIRECTION('center_axis',(0.,0.,1.));
#6798=DIRECTION('ref_axis',(1.,0.,0.));
#6799=DIRECTION('',(0.,0.,1.));
#6800=DIRECTION('center_axis',(0.,0.,1.));
#6801=DIRECTION('ref_axis',(1.,0.,0.));
#6802=DIRECTION('',(0.,0.,1.));
#6803=DIRECTION('center_axis',(0.,0.,1.));
#6804=DIRECTION('ref_axis',(1.,0.,0.));
#6805=DIRECTION('',(0.,0.,1.));
#6806=DIRECTION('center_axis',(0.,0.,1.));
#6807=DIRECTION('ref_axis',(1.,0.,0.));
#6808=DIRECTION('',(0.,0.,1.));
#6809=DIRECTION('center_axis',(0.,0.,1.));
#6810=DIRECTION('ref_axis',(1.,0.,0.));
#6811=DIRECTION('',(0.,0.,1.));
#6812=DIRECTION('center_axis',(0.,0.,1.));
#6813=DIRECTION('ref_axis',(1.,0.,0.));
#6814=DIRECTION('',(0.,0.,1.));
#6815=DIRECTION('center_axis',(-4.2294210461911E-15,1.,0.));
#6816=DIRECTION('ref_axis',(-1.,-4.2294210461911E-15,0.));
#6817=DIRECTION('',(0.,0.,1.));
#6818=DIRECTION('',(0.,0.,1.));
#6819=DIRECTION('center_axis',(-1.,0.,0.));
#6820=DIRECTION('ref_axis',(0.,-1.,0.));
#6821=DIRECTION('',(0.,0.,1.));
#6822=DIRECTION('center_axis',(4.2294210461911E-15,-1.,0.));
#6823=DIRECTION('ref_axis',(1.,4.2294210461911E-15,0.));
#6824=DIRECTION('',(0.,0.,-1.));
#6825=DIRECTION('center_axis',(1.,0.,0.));
#6826=DIRECTION('ref_axis',(0.,1.,0.));
#6827=DIRECTION('center_axis',(-0.999999999999988,1.55827613317729E-7,0.));
#6828=DIRECTION('ref_axis',(-1.55827613317729E-7,-0.999999999999988,0.));
#6829=DIRECTION('',(0.,0.,1.));
#6830=DIRECTION('center_axis',(0.,0.,1.));
#6831=DIRECTION('ref_axis',(0.999999999862518,1.65820347041791E-5,0.));
#6832=DIRECTION('center_axis',(0.999999999862518,1.65820347057474E-5,0.));
#6833=DIRECTION('ref_axis',(-1.65820347057474E-5,0.999999999862518,0.));
#6834=DIRECTION('center_axis',(0.,0.,1.));
#6835=DIRECTION('ref_axis',(1.,0.,0.));
#6836=DIRECTION('center_axis',(1.,4.44089209850067E-15,-3.91502362121464E-46));
#6837=DIRECTION('ref_axis',(3.14018491736755E-15,-0.707106781186546,0.707106781186549));
#6838=DIRECTION('center_axis',(1.,4.44089209850068E-15,0.));
#6839=DIRECTION('ref_axis',(0.,0.,1.));
#6840=DIRECTION('',(1.,4.44089209850067E-15,-3.91502362121464E-46));
#6841=DIRECTION('center_axis',(-1.,-6.66133814775096E-15,0.));
#6842=DIRECTION('ref_axis',(0.,0.,1.));
#6843=DIRECTION('',(-1.,-6.66133814775099E-15,5.87253543182195E-46));
#6844=DIRECTION('center_axis',(0.577350269189627,0.577350269189623,0.577350269189627));
#6845=DIRECTION('ref_axis',(-0.707106781186548,0.,0.707106781186548));
#6846=DIRECTION('center_axis',(0.,0.,1.));
#6847=DIRECTION('ref_axis',(4.44089209850064E-15,1.,0.));
#6848=DIRECTION('center_axis',(0.577350269189627,0.577350269189623,0.577350269189627));
#6849=DIRECTION('ref_axis',(-0.707106781186548,0.,0.707106781186548));
#6850=DIRECTION('center_axis',(0.,0.,1.));
#6851=DIRECTION('ref_axis',(-4.44089209850064E-15,-1.,0.));
#6852=DIRECTION('center_axis',(-0.408248290463863,0.816496580927726,-0.408248290463863));
#6853=DIRECTION('ref_axis',(0.707106781186548,0.,-0.707106781186548));
#6854=DIRECTION('center_axis',(0.,0.,1.));
#6855=DIRECTION('ref_axis',(-4.44089209850064E-15,-1.,0.));
#6856=DIRECTION('center_axis',(0.,0.,1.));
#6857=DIRECTION('ref_axis',(4.44089209850064E-15,1.,0.));
#6858=DIRECTION('',(0.,0.,1.));
#6859=DIRECTION('center_axis',(0.,8.81584946082439E-32,1.));
#6860=DIRECTION('ref_axis',(4.44089209850064E-15,1.,-8.81584946082439E-32));
#6861=DIRECTION('',(0.,0.,1.));
#6862=DIRECTION('center_axis',(-6.66133814775099E-15,1.,0.));
#6863=DIRECTION('ref_axis',(-1.,-6.66133814775099E-15,5.87253543182195E-46));
#6864=DIRECTION('',(0.,0.,1.));
#6865=DIRECTION('',(-1.,-6.66133814775099E-15,5.87253543182195E-46));
#6866=DIRECTION('center_axis',(0.,0.,1.));
#6867=DIRECTION('ref_axis',(-4.44089209850064E-15,-1.,0.));
#6868=DIRECTION('',(0.,0.,1.));
#6869=DIRECTION('center_axis',(0.,8.81584946082439E-32,1.));
#6870=DIRECTION('ref_axis',(-4.44089209850064E-15,-1.,8.81584946082439E-32));
#6871=DIRECTION('center_axis',(4.44089209850067E-15,-1.,0.));
#6872=DIRECTION('ref_axis',(1.,4.44089209850067E-15,-3.91502362121464E-46));
#6873=DIRECTION('',(1.,4.44089209850067E-15,-3.91502362121464E-46));
#6874=DIRECTION('center_axis',(0.,8.81584946082439E-32,1.));
#6875=DIRECTION('ref_axis',(1.,7.88860905221017E-31,-6.95447898595813E-62));
#6876=DIRECTION('center_axis',(-1.,-4.44089209850066E-15,3.91502362121463E-46));
#6877=DIRECTION('ref_axis',(-3.14018491736755E-15,0.707106781186546,0.707106781186549));
#6878=DIRECTION('center_axis',(-1.,-4.44089209850064E-15,0.));
#6879=DIRECTION('ref_axis',(0.,0.,1.));
#6880=DIRECTION('',(-1.,-4.44089209850066E-15,3.91502362121463E-46));
#6881=DIRECTION('center_axis',(1.,2.22044604925032E-15,0.));
#6882=DIRECTION('ref_axis',(0.,0.,1.));
#6883=DIRECTION('',(1.,2.22044604925033E-15,-1.95751181060732E-46));
#6884=DIRECTION('center_axis',(0.577350269189627,0.577350269189623,0.577350269189627));
#6885=DIRECTION('ref_axis',(-0.707106781186548,0.,0.707106781186548));
#6886=DIRECTION('center_axis',(0.,0.,1.));
#6887=DIRECTION('ref_axis',(4.44089209850064E-15,1.,0.));
#6888=DIRECTION('center_axis',(0.577350269189627,0.577350269189623,0.577350269189627));
#6889=DIRECTION('ref_axis',(-0.707106781186548,0.,0.707106781186548));
#6890=DIRECTION('center_axis',(0.,0.,1.));
#6891=DIRECTION('ref_axis',(-4.44089209850064E-15,-1.,0.));
#6892=DIRECTION('center_axis',(-0.408248290463863,0.816496580927726,-0.408248290463863));
#6893=DIRECTION('ref_axis',(0.707106781186548,0.,-0.707106781186547));
#6894=DIRECTION('center_axis',(0.,0.,1.));
#6895=DIRECTION('ref_axis',(-4.44089209850064E-15,-1.,0.));
#6896=DIRECTION('center_axis',(0.,0.,1.));
#6897=DIRECTION('ref_axis',(-4.44089209850064E-15,-1.,0.));
#6898=DIRECTION('',(0.,0.,1.));
#6899=DIRECTION('center_axis',(0.,8.81584946082439E-32,1.));
#6900=DIRECTION('ref_axis',(-4.44089209850064E-15,-1.,8.81584946082439E-32));
#6901=DIRECTION('',(0.,0.,1.));
#6902=DIRECTION('center_axis',(2.22044604925033E-15,-1.,0.));
#6903=DIRECTION('ref_axis',(1.,2.22044604925033E-15,-1.95751181060732E-46));
#6904=DIRECTION('',(0.,0.,1.));
#6905=DIRECTION('',(1.,2.22044604925033E-15,-1.95751181060732E-46));
#6906=DIRECTION('center_axis',(0.,0.,1.));
#6907=DIRECTION('ref_axis',(4.44089209850064E-15,1.,0.));
#6908=DIRECTION('',(0.,0.,1.));
#6909=DIRECTION('center_axis',(0.,8.81584946082439E-32,1.));
#6910=DIRECTION('ref_axis',(4.44089209850064E-15,1.,-8.81584946082439E-32));
#6911=DIRECTION('center_axis',(-4.44089209850066E-15,1.,0.));
#6912=DIRECTION('ref_axis',(-1.,-4.44089209850066E-15,3.91502362121463E-46));
#6913=DIRECTION('',(-1.,-4.44089209850066E-15,3.91502362121463E-46));
#6914=DIRECTION('center_axis',(0.,8.81584946082439E-32,1.));
#6915=DIRECTION('ref_axis',(1.,7.88860905221017E-31,-6.95447898595813E-62));
#6916=CARTESIAN_POINT('',(0.,0.,0.));
#6917=CARTESIAN_POINT('Origin',(-9.99388859224151,58.6454043466556,21.));
#6918=CARTESIAN_POINT('',(-8.49388859224151,58.6454043466556,21.));
#6919=CARTESIAN_POINT('Origin',(-9.99388859224151,58.6454043466556,21.));
#6920=CARTESIAN_POINT('',(-8.49388859224151,55.8704464220949,21.));
#6921=CARTESIAN_POINT('',(-8.49388859224151,58.6454043466556,21.));
#6922=CARTESIAN_POINT('Ctrl Pts',(-8.49388859224151,55.8704464220949,21.));
#6923=CARTESIAN_POINT('Ctrl Pts',(-8.49388859224151,55.8704464220949,20.8118889883479));
#6924=CARTESIAN_POINT('Ctrl Pts',(-8.53145694277807,55.8640266125561,20.6114276786231));
#6925=CARTESIAN_POINT('Ctrl Pts',(-8.68359684784908,55.8374824889679,20.2431444619443));
#6926=CARTESIAN_POINT('Ctrl Pts',(-8.7981522603091,55.8172971723203,20.0753202860939));
#6927=CARTESIAN_POINT('Ctrl Pts',(-9.06383975484015,55.7691515295826,19.8078301587603));
#6928=CARTESIAN_POINT('Ctrl Pts',(-9.23362678251166,55.7377770300135,19.6914395244177));
#6929=CARTESIAN_POINT('Ctrl Pts',(-9.60461045017978,55.6667340308929,19.5375393823325));
#6930=CARTESIAN_POINT('Ctrl Pts',(-9.80578344938722,55.6270068145312,19.5));
#6931=CARTESIAN_POINT('Ctrl Pts',(-10.1829078723075,55.5502036150145,19.5));
#6932=CARTESIAN_POINT('Ctrl Pts',(-10.3845066218218,55.5078932432709,19.5378676414785));
#6933=CARTESIAN_POINT('Ctrl Pts',(-10.7557188343789,55.4277377581825,19.6923195523891));
#6934=CARTESIAN_POINT('Ctrl Pts',(-10.9253410414345,55.3899536197585,19.8089144439833));
#6935=CARTESIAN_POINT('Ctrl Pts',(-11.1902386737671,55.3299740902935,20.0762621948896));
#6936=CARTESIAN_POINT('Ctrl Pts',(-11.3044362729141,55.3035323611815,20.2436670396432));
#6937=CARTESIAN_POINT('Ctrl Pts',(-11.4562775328125,55.2681004285444,20.6114213940923));
#6938=CARTESIAN_POINT('Ctrl Pts',(-11.4938885922415,55.2591845258002,20.8117915183473));
#6939=CARTESIAN_POINT('Ctrl Pts',(-11.4938885922415,55.2591845258002,21.1882084816527));
#6940=CARTESIAN_POINT('Ctrl Pts',(-11.4562775328125,55.2681004285444,21.3885786059077));
#6941=CARTESIAN_POINT('Ctrl Pts',(-11.3044362729141,55.3035323611815,21.7563329603568));
#6942=CARTESIAN_POINT('Ctrl Pts',(-11.1902386737671,55.3299740902935,21.9237378051104));
#6943=CARTESIAN_POINT('Ctrl Pts',(-10.9253410414345,55.3899536197585,22.1910855560167));
#6944=CARTESIAN_POINT('Ctrl Pts',(-10.7557188343789,55.4277377581825,22.3076804476109));
#6945=CARTESIAN_POINT('Ctrl Pts',(-10.3845066218218,55.5078932432709,22.4621323585215));
#6946=CARTESIAN_POINT('Ctrl Pts',(-10.1829078723075,55.5502036150145,22.5));
#6947=CARTESIAN_POINT('Ctrl Pts',(-9.80578344938722,55.6270068145312,22.5));
#6948=CARTESIAN_POINT('Ctrl Pts',(-9.60461045017978,55.6667340308929,22.4624606176675));
#6949=CARTESIAN_POINT('Ctrl Pts',(-9.23362678251166,55.7377770300135,22.3085604755823));
#6950=CARTESIAN_POINT('Ctrl Pts',(-9.06383975484015,55.7691515295826,22.1921698412397));
#6951=CARTESIAN_POINT('Ctrl Pts',(-8.7981522603091,55.8172971723203,21.9246797139061));
#6952=CARTESIAN_POINT('Ctrl Pts',(-8.68359684784908,55.8374824889679,21.7568555380558));
#6953=CARTESIAN_POINT('Ctrl Pts',(-8.53145694277807,55.8640266125561,21.3885723213769));
#6954=CARTESIAN_POINT('Ctrl Pts',(-8.49388859224151,55.8704464220949,21.1881110116521));
#6955=CARTESIAN_POINT('Ctrl Pts',(-8.49388859224151,55.8704464220949,21.));
#6956=CARTESIAN_POINT('Origin',(10.0061114077583,58.6454043466556,21.));
#6957=CARTESIAN_POINT('',(11.5061114077584,58.6454043466556,21.));
#6958=CARTESIAN_POINT('Origin',(10.0061114077583,58.6454043466556,21.));
#6959=CARTESIAN_POINT('',(11.5061114077584,55.2562842162005,21.));
#6960=CARTESIAN_POINT('',(11.5061114077584,58.6454043466556,21.));
#6961=CARTESIAN_POINT('Ctrl Pts',(11.5061114077584,55.2562842162005,21.));
#6962=CARTESIAN_POINT('Ctrl Pts',(11.5061114077584,55.2562842162005,20.8117919280896));
#6963=CARTESIAN_POINT('Ctrl Pts',(11.468500455957,55.2652101130768,20.6114230960776));
#6964=CARTESIAN_POINT('Ctrl Pts',(11.3166621464901,55.3006817216451,20.243673004873));
#6965=CARTESIAN_POINT('Ctrl Pts',(11.2024674643691,55.3271530931558,20.0762710886901));
#6966=CARTESIAN_POINT('Ctrl Pts',(10.9375729687725,55.3872020688773,19.8089207053454));
#6967=CARTESIAN_POINT('Ctrl Pts',(10.7679482736962,55.4250315640593,19.6923230366165));
#6968=CARTESIAN_POINT('Ctrl Pts',(10.3967320770404,55.5052855197663,19.5378680115757));
#6969=CARTESIAN_POINT('Ctrl Pts',(10.1951318286278,55.547649002583,19.5));
#6970=CARTESIAN_POINT('Ctrl Pts',(9.81800635068593,55.6245508125504,19.5));
#6971=CARTESIAN_POINT('Ctrl Pts',(9.61683243347905,55.6643305144281,19.5375393080636));
#6972=CARTESIAN_POINT('Ctrl Pts',(9.24584508345121,55.7354703225833,19.6914418167756));
#6973=CARTESIAN_POINT('Ctrl Pts',(9.07605533189043,55.7668891380302,19.8078349562663));
#6974=CARTESIAN_POINT('Ctrl Pts',(8.81036992389663,55.8151028070562,20.0753279130888));
#6975=CARTESIAN_POINT('Ctrl Pts',(8.69581694451326,55.8353171329872,20.2431497280627));
#6976=CARTESIAN_POINT('Ctrl Pts',(8.54367958973623,55.8618998714709,20.6114294020514));
#6977=CARTESIAN_POINT('Ctrl Pts',(8.50611140775835,55.8683292827953,20.8118895449608));
#6978=CARTESIAN_POINT('Ctrl Pts',(8.50611140775835,55.8683292827953,21.1881104550392));
#6979=CARTESIAN_POINT('Ctrl Pts',(8.54367958973623,55.8618998714709,21.3885705979486));
#6980=CARTESIAN_POINT('Ctrl Pts',(8.69581694451327,55.8353171329872,21.7568502719373));
#6981=CARTESIAN_POINT('Ctrl Pts',(8.81036992389663,55.8151028070562,21.9246720869112));
#6982=CARTESIAN_POINT('Ctrl Pts',(9.07605533189043,55.7668891380302,22.1921650437337));
#6983=CARTESIAN_POINT('Ctrl Pts',(9.24584508345121,55.7354703225833,22.3085581832245));
#6984=CARTESIAN_POINT('Ctrl Pts',(9.61683243347905,55.6643305144281,22.4624606919364));
#6985=CARTESIAN_POINT('Ctrl Pts',(9.81800635068593,55.6245508125504,22.5));
#6986=CARTESIAN_POINT('Ctrl Pts',(10.1951318286278,55.547649002583,22.5));
#6987=CARTESIAN_POINT('Ctrl Pts',(10.3967320770404,55.5052855197663,22.4621319884243));
#6988=CARTESIAN_POINT('Ctrl Pts',(10.7679482736962,55.4250315640593,22.3076769633835));
#6989=CARTESIAN_POINT('Ctrl Pts',(10.9375729687725,55.3872020688773,22.1910792946546));
#6990=CARTESIAN_POINT('Ctrl Pts',(11.2024674643691,55.3271530931558,21.9237289113099));
#6991=CARTESIAN_POINT('Ctrl Pts',(11.3166621464901,55.3006817216451,21.756326995127));
#6992=CARTESIAN_POINT('Ctrl Pts',(11.468500455957,55.2652101130768,21.3885769039224));
#6993=CARTESIAN_POINT('Ctrl Pts',(11.5061114077584,55.2562842162005,21.1882080719104));
#6994=CARTESIAN_POINT('Ctrl Pts',(11.5061114077584,55.2562842162005,21.));
#6995=CARTESIAN_POINT('Ctrl Pts',(-12.7454969027794,54.9469797079529,16.0000003278255));
#6996=CARTESIAN_POINT('Ctrl Pts',(-12.7454969027794,54.9469797079529,16.0138353818025));
#6997=CARTESIAN_POINT('Ctrl Pts',(-12.7447962789181,54.9471641128189,16.0412190108803));
#6998=CARTESIAN_POINT('Ctrl Pts',(-12.7407187068667,54.948237086759,16.0948082849835));
#6999=CARTESIAN_POINT('Ctrl Pts',(-12.7268689818476,54.9518799315055,16.1854778332395));
#7000=CARTESIAN_POINT('Ctrl Pts',(-12.6895944735203,54.9616686659425,16.3060251525926));
#7001=CARTESIAN_POINT('Ctrl Pts',(-12.6212019626411,54.9795430801283,16.437617813753));
#7002=CARTESIAN_POINT('Ctrl Pts',(-12.5024097816782,55.0103795272248,16.5979590374599));
#7003=CARTESIAN_POINT('Ctrl Pts',(-12.3075805380136,55.0603731149751,16.7743647911012));
#7004=CARTESIAN_POINT('Ctrl Pts',(-12.0117392729119,55.1345379187016,16.9453595362105));
#7005=CARTESIAN_POINT('Ctrl Pts',(-11.6715800331809,55.2173991991455,17.0583476313244));
#7006=CARTESIAN_POINT('Ctrl Pts',(-11.3142418229703,55.3016504535811,17.1034685208952));
#7007=CARTESIAN_POINT('Ctrl Pts',(-11.0858519352546,55.353727289047,17.1000003278255));
#7008=CARTESIAN_POINT('Ctrl Pts',(-10.9780787312168,55.377941295265,17.1000003278255));
#7009=CARTESIAN_POINT('Ctrl Pts',(-12.6330344672812,54.9765762818088,16.0000003278255));
#7010=CARTESIAN_POINT('Ctrl Pts',(-12.6330344672812,54.9765762818088,16.0117670292433));
#7011=CARTESIAN_POINT('Ctrl Pts',(-12.6325018044751,54.9767145697163,16.0350220892422));
#7012=CARTESIAN_POINT('Ctrl Pts',(-12.6294154454939,54.9775190465073,16.0804790639456));
#7013=CARTESIAN_POINT('Ctrl Pts',(-12.6189333045809,54.9802514030265,16.1574340756548));
#7014=CARTESIAN_POINT('Ctrl Pts',(-12.5906035234797,54.9876302679323,16.2610755614785));
#7015=CARTESIAN_POINT('Ctrl Pts',(-12.5365707645618,55.0016683290246,16.3791553814006));
#7016=CARTESIAN_POINT('Ctrl Pts',(-12.438009572764,55.0271186309021,16.5306678469916));
#7017=CARTESIAN_POINT('Ctrl Pts',(-12.2662096791878,55.0709865411064,16.7096499498076));
#7018=CARTESIAN_POINT('Ctrl Pts',(-11.9917813783379,55.1395327548171,16.8940322691558));
#7019=CARTESIAN_POINT('Ctrl Pts',(-11.6657264391143,55.2188203861584,17.0246419850547));
#7020=CARTESIAN_POINT('Ctrl Pts',(-11.3140591300608,55.301679771976,17.0854836906646));
#7021=CARTESIAN_POINT('Ctrl Pts',(-11.0860411370014,55.3536798130727,17.0866718827057));
#7022=CARTESIAN_POINT('Ctrl Pts',(-10.9780787312168,55.377941295265,17.0865316272315));
#7023=CARTESIAN_POINT('Ctrl Pts',(-12.4047435727158,55.0796808557822,16.0000003278255));
#7024=CARTESIAN_POINT('Ctrl Pts',(-12.4047435727158,55.0796808557822,16.0079293638912));
#7025=CARTESIAN_POINT('Ctrl Pts',(-12.4044773398674,55.0797231580208,16.0235380027304));
#7026=CARTESIAN_POINT('Ctrl Pts',(-12.4029681767314,55.0799620726664,16.05391192094));
#7027=CARTESIAN_POINT('Ctrl Pts',(-12.3978516537387,55.0807689858104,16.1053185446933));
#7028=CARTESIAN_POINT('Ctrl Pts',(-12.3839171491743,55.082964521419,16.1765385334037));
#7029=CARTESIAN_POINT('Ctrl Pts',(-12.3543964425353,55.0880209390238,16.2663501601125));
#7030=CARTESIAN_POINT('Ctrl Pts',(-12.2931728768156,55.0994277846848,16.3962517813082));
#7031=CARTESIAN_POINT('Ctrl Pts',(-12.1690225869828,55.1244968480746,16.5754551141896));
#7032=CARTESIAN_POINT('Ctrl Pts',(-11.9431899200364,55.1725206842802,16.7846462428126));
#7033=CARTESIAN_POINT('Ctrl Pts',(-11.6508796737354,55.2358093331092,16.9514605599005));
#7034=CARTESIAN_POINT('Ctrl Pts',(-11.3137997095174,55.3091104480879,17.046282398196));
#7035=CARTESIAN_POINT('Ctrl Pts',(-11.0870744023141,55.3590160081215,17.0576895470066));
#7036=CARTESIAN_POINT('Ctrl Pts',(-10.9792944703828,55.3833523827166,17.0571514881516));
#7037=CARTESIAN_POINT('Ctrl Pts',(-12.0833114339972,55.4191672222428,16.0000003278255));
#7038=CARTESIAN_POINT('Ctrl Pts',(-12.0833114339972,55.4191672222428,16.0042742996591));
#7039=CARTESIAN_POINT('Ctrl Pts',(-12.0832594827051,55.4190747086568,16.0126235081312));
#7040=CARTESIAN_POINT('Ctrl Pts',(-12.0829789214095,55.4185390158302,16.0287394617123));
#7041=CARTESIAN_POINT('Ctrl Pts',(-12.0820383398667,55.4167033679054,16.0559829373311));
#7042=CARTESIAN_POINT('Ctrl Pts',(-12.0793890562264,55.4116925710011,16.0954919351262));
#7043=CARTESIAN_POINT('Ctrl Pts',(-12.0714027294194,55.4020156926911,16.1537182905363));
#7044=CARTESIAN_POINT('Ctrl Pts',(-12.0488514297206,55.3847767128947,16.2522158409858));
#7045=CARTESIAN_POINT('Ctrl Pts',(-11.9885143203212,55.357903261316,16.4145000780982));
#7046=CARTESIAN_POINT('Ctrl Pts',(-11.8440099940836,55.333590546036,16.6368088018001));
#7047=CARTESIAN_POINT('Ctrl Pts',(-11.6168037675874,55.3305824434549,16.8430396156437));
#7048=CARTESIAN_POINT('Ctrl Pts',(-11.3130828194788,55.3561035412563,16.9851204572186));
#7049=CARTESIAN_POINT('Ctrl Pts',(-11.0915332315971,55.3932978918252,17.0126028630911));
#7050=CARTESIAN_POINT('Ctrl Pts',(-10.9870569512811,55.417902115221,17.0116279869687));
#7051=CARTESIAN_POINT('Ctrl Pts',(-11.9999998211862,55.7396141825614,16.0000003278255));
#7052=CARTESIAN_POINT('Ctrl Pts',(-11.9999998211862,55.7396141825614,16.0053463075855));
#7053=CARTESIAN_POINT('Ctrl Pts',(-11.9999139260097,55.7393836015975,16.0158857020936));
#7054=CARTESIAN_POINT('Ctrl Pts',(-11.9994504345282,55.7380465011147,16.0364551405327));
#7055=CARTESIAN_POINT('Ctrl Pts',(-11.9978911965724,55.7334672873955,16.071504963795));
#7056=CARTESIAN_POINT('Ctrl Pts',(-11.9935937097375,55.7209149226127,16.1210025222466));
#7057=CARTESIAN_POINT('Ctrl Pts',(-11.9840411922536,55.6966248760743,16.1853805888525));
#7058=CARTESIAN_POINT('Ctrl Pts',(-11.9624250263198,55.6528308364759,16.2821700044069));
#7059=CARTESIAN_POINT('Ctrl Pts',(-11.9124159679716,55.581329937568,16.4260378419975));
#7060=CARTESIAN_POINT('Ctrl Pts',(-11.7941637847769,55.494304516574,16.6244349372528));
#7061=CARTESIAN_POINT('Ctrl Pts',(-11.5964349994317,55.4301572578153,16.8209177254479));
#7062=CARTESIAN_POINT('Ctrl Pts',(-11.312992404009,55.4076918682906,16.9685046536457));
#7063=CARTESIAN_POINT('Ctrl Pts',(-11.095904567271,55.4312481980298,17.0004512213648));
#7064=CARTESIAN_POINT('Ctrl Pts',(-10.9955710922238,55.4557973829749,17.0000003278255));
#7065=CARTESIAN_POINT('Ctrl Pts',(-11.9999998211862,55.9140517138152,16.0000003278255));
#7066=CARTESIAN_POINT('Ctrl Pts',(-11.9999998211862,55.9140517138152,16.006917854814));
#7067=CARTESIAN_POINT('Ctrl Pts',(-11.9998570081448,55.9136847248822,16.0206089167646));
#7068=CARTESIAN_POINT('Ctrl Pts',(-11.9990298606525,55.9115279014636,16.0474717134156));
#7069=CARTESIAN_POINT('Ctrl Pts',(-11.9962354201357,55.9041410719765,16.0932683777364));
#7070=CARTESIAN_POINT('Ctrl Pts',(-11.9886960021994,55.8839842381775,16.1560340212644));
#7071=CARTESIAN_POINT('Ctrl Pts',(-11.9742254657541,55.8469753278864,16.229892658975));
#7072=CARTESIAN_POINT('Ctrl Pts',(-11.9465999545819,55.7843742776213,16.3297524187282));
#7073=CARTESIAN_POINT('Ctrl Pts',(-11.8930564439729,55.6889759267837,16.4629531759559));
#7074=CARTESIAN_POINT('Ctrl Pts',(-11.7779659901863,55.5730655968732,16.6427928716762));
#7075=CARTESIAN_POINT('Ctrl Pts',(-11.5883034294275,55.4805983639841,16.8255016955928));
#7076=CARTESIAN_POINT('Ctrl Pts',(-11.3126051285038,55.4349051692158,16.9679151069887));
#7077=CARTESIAN_POINT('Ctrl Pts',(-11.0981711001575,55.4512466880973,17.0000003278255));
#7078=CARTESIAN_POINT('Ctrl Pts',(-10.9999998211862,55.4755090451342,17.0000003278255));
#7079=CARTESIAN_POINT('',(-11.8382079091426,55.1767063275413,17.0000003278255));
#7080=CARTESIAN_POINT('',(-11.9999998205559,55.1370603340801,16.9376475062198));
#7081=CARTESIAN_POINT('Ctrl Pts',(-11.8382411188864,55.1766987408118,16.9999390148555));
#7082=CARTESIAN_POINT('Ctrl Pts',(-11.8935939440579,55.1632318736089,16.981646506762));
#7083=CARTESIAN_POINT('Ctrl Pts',(-11.9477091269075,55.1499672656025,16.9608039554123));
#7084=CARTESIAN_POINT('Ctrl Pts',(-12.000045308525,55.1370506642314,16.9376080555552));
#7085=CARTESIAN_POINT('',(-12.7454969027794,54.9469797079529,16.0000003278255));
#7086=CARTESIAN_POINT('Ctrl Pts',(-12.000045308525,55.1370506642314,16.9376080555552));
#7087=CARTESIAN_POINT('Ctrl Pts',(-12.001482532283,55.1366959565361,16.9369710641406));
#7088=CARTESIAN_POINT('Ctrl Pts',(-12.1090184598838,55.1101508819372,16.8891326613863));
#7089=CARTESIAN_POINT('Ctrl Pts',(-12.3075805380136,55.0603731149751,16.7743647911012));
#7090=CARTESIAN_POINT('Ctrl Pts',(-12.5024097816782,55.0103795272248,16.5979590374599));
#7091=CARTESIAN_POINT('Ctrl Pts',(-12.6212019626411,54.9795430801283,16.437617813753));
#7092=CARTESIAN_POINT('Ctrl Pts',(-12.6895944735203,54.9616686659425,16.3060251525926));
#7093=CARTESIAN_POINT('Ctrl Pts',(-12.7268689818476,54.9518799315055,16.1854778332395));
#7094=CARTESIAN_POINT('Ctrl Pts',(-12.7407187068667,54.948237086759,16.0948082849835));
#7095=CARTESIAN_POINT('Ctrl Pts',(-12.7447962789181,54.9471641128189,16.0412190108803));
#7096=CARTESIAN_POINT('Ctrl Pts',(-12.7454969027794,54.9469797079529,16.0138353818025));
#7097=CARTESIAN_POINT('Ctrl Pts',(-12.7454969027794,54.9469797079529,16.0000003278255));
#7098=CARTESIAN_POINT('',(-11.9999998211862,55.9140517138152,16.0000003278255));
#7099=CARTESIAN_POINT('Origin',(-12.9999998211862,55.9140517138152,16.0000003278255));
#7100=CARTESIAN_POINT('',(-10.9999998211862,55.4755090451343,17.0000003278255));
#7101=CARTESIAN_POINT('Ctrl Pts',(-11.9999998211862,55.9140517138152,16.0000003278255));
#7102=CARTESIAN_POINT('Ctrl Pts',(-11.9999998211862,55.9140517138152,16.006917854814));
#7103=CARTESIAN_POINT('Ctrl Pts',(-11.9998570081448,55.9136847248822,16.0206089167646));
#7104=CARTESIAN_POINT('Ctrl Pts',(-11.9990298606525,55.9115279014636,16.0474717134156));
#7105=CARTESIAN_POINT('Ctrl Pts',(-11.9962354201357,55.9041410719765,16.0932683777364));
#7106=CARTESIAN_POINT('Ctrl Pts',(-11.9886960021994,55.8839842381775,16.1560340212644));
#7107=CARTESIAN_POINT('Ctrl Pts',(-11.9742254657541,55.8469753278864,16.229892658975));
#7108=CARTESIAN_POINT('Ctrl Pts',(-11.9465999545819,55.7843742776213,16.3297524187282));
#7109=CARTESIAN_POINT('Ctrl Pts',(-11.8930564439729,55.6889759267837,16.4629531759559));
#7110=CARTESIAN_POINT('Ctrl Pts',(-11.7779659901863,55.5730655968732,16.6427928716762));
#7111=CARTESIAN_POINT('Ctrl Pts',(-11.5883034294275,55.4805983639841,16.8255016955928));
#7112=CARTESIAN_POINT('Ctrl Pts',(-11.3126051285038,55.4349051692158,16.9679151069887));
#7113=CARTESIAN_POINT('Ctrl Pts',(-11.0981711001575,55.4512466880973,17.0000003278255));
#7114=CARTESIAN_POINT('Ctrl Pts',(-10.9999998211862,55.4755090451342,17.0000003278255));
#7115=CARTESIAN_POINT('',(-10.9780787312168,55.377941295265,17.1000003278255));
#7116=CARTESIAN_POINT('Origin',(-10.9999998211862,55.4755090451343,17.1000003278255));
#7117=CARTESIAN_POINT('Ctrl Pts',(-10.9780787312168,55.377941295265,17.1000003278255));
#7118=CARTESIAN_POINT('Ctrl Pts',(-11.0858519352546,55.353727289047,17.1000003278255));
#7119=CARTESIAN_POINT('Ctrl Pts',(-11.3142418229703,55.3016504535811,17.1034685208952));
#7120=CARTESIAN_POINT('Ctrl Pts',(-11.6112679142036,55.2316192616418,17.0659632077794));
#7121=CARTESIAN_POINT('Ctrl Pts',(-11.782793538371,55.1901886611763,17.0182628368501));
#7122=CARTESIAN_POINT('Ctrl Pts',(-11.8382411188864,55.1766987408118,16.9999390148555));
#7123=CARTESIAN_POINT('Ctrl Pts',(-10.9780787312168,55.377941295265,9.90000032782554));
#7124=CARTESIAN_POINT('Ctrl Pts',(-11.0858519352546,55.353727289047,9.90000032782554));
#7125=CARTESIAN_POINT('Ctrl Pts',(-11.3142159929804,55.3016594243472,9.89634611718657));
#7126=CARTESIAN_POINT('Ctrl Pts',(-11.6715436502778,55.2174028348154,9.94173935457882));
#7127=CARTESIAN_POINT('Ctrl Pts',(-12.011769961962,55.1345316166039,10.0545650057176));
#7128=CARTESIAN_POINT('Ctrl Pts',(-12.3075409249162,55.0603815818851,10.2255141494874));
#7129=CARTESIAN_POINT('Ctrl Pts',(-12.5024035294324,55.0103809970515,10.4020739259954));
#7130=CARTESIAN_POINT('Ctrl Pts',(-12.6211910445543,54.9795455176008,10.5623947742839));
#7131=CARTESIAN_POINT('Ctrl Pts',(-12.6895915740644,54.9616693660876,10.6939892410381));
#7132=CARTESIAN_POINT('Ctrl Pts',(-12.7343193451897,54.9499231837004,10.8386345097631));
#7133=CARTESIAN_POINT('Ctrl Pts',(-12.7454969027794,54.9469797079529,10.9446601119176));
#7134=CARTESIAN_POINT('Ctrl Pts',(-12.7454969027794,54.9469797079529,11.0000003278255));
#7135=CARTESIAN_POINT('Ctrl Pts',(-10.9780787312168,55.377941295265,9.91346902841958));
#7136=CARTESIAN_POINT('Ctrl Pts',(-11.0860411370014,55.3536798130727,9.91332877294538));
#7137=CARTESIAN_POINT('Ctrl Pts',(-11.3139928929418,55.3016951252147,9.91433003798193));
#7138=CARTESIAN_POINT('Ctrl Pts',(-11.6656227231406,55.2188342852917,9.97545726994041));
#7139=CARTESIAN_POINT('Ctrl Pts',(-11.9917511386806,55.139542222584,10.1058863916866));
#7140=CARTESIAN_POINT('Ctrl Pts',(-12.2661107769882,55.0710016880215,10.2902810934213));
#7141=CARTESIAN_POINT('Ctrl Pts',(-12.4380209472897,55.0271146817268,10.4693609798153));
#7142=CARTESIAN_POINT('Ctrl Pts',(-12.5365646808259,55.0016673566735,10.6208609592723));
#7143=CARTESIAN_POINT('Ctrl Pts',(-12.5906086990529,54.9876273361,10.7389417008226));
#7144=CARTESIAN_POINT('Ctrl Pts',(-12.6245968170088,54.9787687581528,10.8633116941756));
#7145=CARTESIAN_POINT('Ctrl Pts',(-12.6330344672812,54.9765762818088,10.9529335221543));
#7146=CARTESIAN_POINT('Ctrl Pts',(-12.6330344672812,54.9765762818088,11.0000003278255));
#7147=CARTESIAN_POINT('Ctrl Pts',(-10.9792945464979,55.3833527214941,9.94284956264912));
#7148=CARTESIAN_POINT('Ctrl Pts',(-11.0870744784291,55.3590163468991,9.94231150379417));
#7149=CARTESIAN_POINT('Ctrl Pts',(-11.3137837869648,55.3091252787105,9.95351849800465));
#7150=CARTESIAN_POINT('Ctrl Pts',(-11.650719565573,55.2358391137817,10.0486217439751));
#7151=CARTESIAN_POINT('Ctrl Pts',(-11.9431928842418,55.1725311774368,10.2152811400872));
#7152=CARTESIAN_POINT('Ctrl Pts',(-12.1688918911582,55.1245292893671,10.4244876268757));
#7153=CARTESIAN_POINT('Ctrl Pts',(-12.2931831723655,55.0994209890124,10.6037746726104));
#7154=CARTESIAN_POINT('Ctrl Pts',(-12.3543963564445,55.0880179439375,10.7336650704224));
#7155=CARTESIAN_POINT('Ctrl Pts',(-12.3839210944616,55.0829607703101,10.8234756933942));
#7156=CARTESIAN_POINT('Ctrl Pts',(-12.4006162049909,55.0803253561474,10.908908126949));
#7157=CARTESIAN_POINT('Ctrl Pts',(-12.4047410330406,55.079681440795,10.9682841835629));
#7158=CARTESIAN_POINT('Ctrl Pts',(-12.4047410330406,55.079681440795,11.0000003278255));
#7159=CARTESIAN_POINT('Ctrl Pts',(-10.9870571518858,55.4179030080846,9.98837397005764));
#7160=CARTESIAN_POINT('Ctrl Pts',(-11.0915334322017,55.3932987846888,9.98739909393532));
#7161=CARTESIAN_POINT('Ctrl Pts',(-11.313087683365,55.3561204189835,10.0146596452142));
#7162=CARTESIAN_POINT('Ctrl Pts',(-11.616462252017,55.3306281545936,10.1569821260348));
#7163=CARTESIAN_POINT('Ctrl Pts',(-11.8439456674246,55.3335791102873,10.3631037917768));
#7164=CARTESIAN_POINT('Ctrl Pts',(-11.988315815562,55.3579292099431,10.5854052268654));
#7165=CARTESIAN_POINT('Ctrl Pts',(-12.0488582053637,55.3847910690663,10.7478324910999));
#7166=CARTESIAN_POINT('Ctrl Pts',(-12.0713835882681,55.4020301765255,10.8463095519194));
#7167=CARTESIAN_POINT('Ctrl Pts',(-12.0793857044381,55.4117015167916,10.9045321970946));
#7168=CARTESIAN_POINT('Ctrl Pts',(-12.0825602913865,55.4177071026209,10.9519386477758));
#7169=CARTESIAN_POINT('Ctrl Pts',(-12.083304804523,55.4191704040177,10.9829044404915));
#7170=CARTESIAN_POINT('Ctrl Pts',(-12.083304804523,55.4191704040177,11.0000003278255));
#7171=CARTESIAN_POINT('Ctrl Pts',(-10.9955710922238,55.4557973829749,10.0000003278255));
#7172=CARTESIAN_POINT('Ctrl Pts',(-11.095904567271,55.4312481980298,9.99954943428629));
#7173=CARTESIAN_POINT('Ctrl Pts',(-11.3133523659787,55.4076068213181,10.0312986280119));
#7174=CARTESIAN_POINT('Ctrl Pts',(-11.5962663718775,55.4300917957486,10.1790014945625));
#7175=CARTESIAN_POINT('Ctrl Pts',(-11.7944150183695,55.4941974918089,10.3756098943393));
#7176=CARTESIAN_POINT('Ctrl Pts',(-11.9124864502904,55.5812366899066,10.5737863828373));
#7177=CARTESIAN_POINT('Ctrl Pts',(-11.9623647091318,55.6528595799997,10.7178393977866));
#7178=CARTESIAN_POINT('Ctrl Pts',(-11.9840293510427,55.6966246508855,10.814604758848));
#7179=CARTESIAN_POINT('Ctrl Pts',(-11.9935719940174,55.7209219364333,10.8789909573105));
#7180=CARTESIAN_POINT('Ctrl Pts',(-11.9986920751196,55.7359616614825,10.9383241812002));
#7181=CARTESIAN_POINT('Ctrl Pts',(-11.9999998211862,55.7396141825614,10.9786164087859));
#7182=CARTESIAN_POINT('Ctrl Pts',(-11.9999998211862,55.7396141825614,11.0000003278255));
#7183=CARTESIAN_POINT('Ctrl Pts',(-10.9999998211862,55.4755090451343,10.0000003278255));
#7184=CARTESIAN_POINT('Ctrl Pts',(-11.0981711001575,55.4512466880973,10.0000003278255));
#7185=CARTESIAN_POINT('Ctrl Pts',(-11.3128227380362,55.4349150608606,10.0318706462899));
#7186=CARTESIAN_POINT('Ctrl Pts',(-11.5879863150057,55.4806003309013,10.1743724394837));
#7187=CARTESIAN_POINT('Ctrl Pts',(-11.7779963684456,55.5730603376821,10.3572018822179));
#7188=CARTESIAN_POINT('Ctrl Pts',(-11.8930079120997,55.6889827723556,10.5368389027089));
#7189=CARTESIAN_POINT('Ctrl Pts',(-11.9465736732918,55.784376018354,10.6702690284348));
#7190=CARTESIAN_POINT('Ctrl Pts',(-11.9742012459075,55.8469777309002,10.7700991372026));
#7191=CARTESIAN_POINT('Ctrl Pts',(-11.9886841152834,55.8839850167275,10.8439679102055));
#7192=CARTESIAN_POINT('Ctrl Pts',(-11.9977343401514,55.9081734039799,10.9192899422742));
#7193=CARTESIAN_POINT('Ctrl Pts',(-11.9999998211862,55.9140517138152,10.9723302198716));
#7194=CARTESIAN_POINT('Ctrl Pts',(-11.9999998211862,55.9140517138152,11.0000003278255));
#7195=CARTESIAN_POINT('',(-11.9999998211836,55.1370603339252,10.0623531497096));
#7196=CARTESIAN_POINT('',(-11.8382079091426,55.1767063275413,10.0000003278256));
#7197=CARTESIAN_POINT('Ctrl Pts',(-12.0000531118857,55.1370484493338,10.0623373786638));
#7198=CARTESIAN_POINT('Ctrl Pts',(-11.9477168932212,55.1499647084238,10.0391588180077));
#7199=CARTESIAN_POINT('Ctrl Pts',(-11.893596230563,55.1632299581584,10.0183380331608));
#7200=CARTESIAN_POINT('Ctrl Pts',(-11.8382367715482,55.1766978664425,10.0000607150725));
#7201=CARTESIAN_POINT('',(-10.9780787312168,55.377941295265,9.90000032782554));
#7202=CARTESIAN_POINT('Ctrl Pts',(-11.8382367715482,55.1766978664425,10.0000607150725));
#7203=CARTESIAN_POINT('Ctrl Pts',(-11.7827825460551,55.1901888296167,9.98175210915915));
#7204=CARTESIAN_POINT('Ctrl Pts',(-11.6112333124382,55.2316237977778,9.93407781081962));
#7205=CARTESIAN_POINT('Ctrl Pts',(-11.3142159929804,55.3016594243472,9.89634611718657));
#7206=CARTESIAN_POINT('Ctrl Pts',(-11.0858519352546,55.353727289047,9.90000032782554));
#7207=CARTESIAN_POINT('Ctrl Pts',(-10.9780787312168,55.377941295265,9.90000032782554));
#7208=CARTESIAN_POINT('',(-10.9999998211862,55.4755090451342,10.0000003278255));
#7209=CARTESIAN_POINT('Origin',(-10.9999998211862,55.4755090451343,9.90000032782554));
#7210=CARTESIAN_POINT('',(-11.9999998211862,55.9140517138152,11.0000003278255));
#7211=CARTESIAN_POINT('Ctrl Pts',(-10.9999998211862,55.4755090451343,10.0000003278255));
#7212=CARTESIAN_POINT('Ctrl Pts',(-11.0981711001575,55.4512466880973,10.0000003278255));
#7213=CARTESIAN_POINT('Ctrl Pts',(-11.3128227380362,55.4349150608606,10.0318706462899));
#7214=CARTESIAN_POINT('Ctrl Pts',(-11.5879863150057,55.4806003309013,10.1743724394837));
#7215=CARTESIAN_POINT('Ctrl Pts',(-11.7779963684456,55.5730603376821,10.3572018822179));
#7216=CARTESIAN_POINT('Ctrl Pts',(-11.8930079120997,55.6889827723556,10.5368389027089));
#7217=CARTESIAN_POINT('Ctrl Pts',(-11.9465736732918,55.784376018354,10.6702690284348));
#7218=CARTESIAN_POINT('Ctrl Pts',(-11.9742012459075,55.8469777309002,10.7700991372026));
#7219=CARTESIAN_POINT('Ctrl Pts',(-11.9886841152834,55.8839850167275,10.8439679102055));
#7220=CARTESIAN_POINT('Ctrl Pts',(-11.9977343401514,55.9081734039799,10.9192899422742));
#7221=CARTESIAN_POINT('Ctrl Pts',(-11.9999998211862,55.9140517138152,10.9723302198716));
#7222=CARTESIAN_POINT('Ctrl Pts',(-11.9999998211862,55.9140517138152,11.0000003278255));
#7223=CARTESIAN_POINT('',(-12.7454969027794,54.9469797079529,11.0000003278255));
#7224=CARTESIAN_POINT('Origin',(-12.9999998211862,55.9140517138152,11.0000003278255));
#7225=CARTESIAN_POINT('Ctrl Pts',(-12.7454969027794,54.9469797079529,11.0000003278255));
#7226=CARTESIAN_POINT('Ctrl Pts',(-12.7454969027794,54.9469797079529,10.9446601119176));
#7227=CARTESIAN_POINT('Ctrl Pts',(-12.7343193451897,54.9499231837004,10.8386345097631));
#7228=CARTESIAN_POINT('Ctrl Pts',(-12.6895915740644,54.9616693660876,10.6939892410381));
#7229=CARTESIAN_POINT('Ctrl Pts',(-12.6211910445543,54.9795455176008,10.5623947742839));
#7230=CARTESIAN_POINT('Ctrl Pts',(-12.5024035294324,55.0103809970515,10.4020739259954));
#7231=CARTESIAN_POINT('Ctrl Pts',(-12.3075409249162,55.0603815818851,10.2255141494874));
#7232=CARTESIAN_POINT('Ctrl Pts',(-12.1090260322186,55.1101494361691,10.1107768859195));
#7233=CARTESIAN_POINT('Ctrl Pts',(-12.001490336446,55.1366937510911,10.0629738938248));
#7234=CARTESIAN_POINT('Ctrl Pts',(-12.0000531118857,55.1370484493338,10.0623373786638));
#7235=CARTESIAN_POINT('Origin',(-12.9999998211862,55.9140517138152,6.5));
#7236=CARTESIAN_POINT('',(-12.7454969027794,54.9469797079529,6.5));
#7237=CARTESIAN_POINT('',(-11.9999998211862,55.9140517138152,6.5));
#7238=CARTESIAN_POINT('Ctrl Pts',(10.9780789489426,55.3779255538736,17.1000003278255));
#7239=CARTESIAN_POINT('Ctrl Pts',(11.0858520946186,55.353711398432,17.1000003278255));
#7240=CARTESIAN_POINT('Ctrl Pts',(11.3139486252547,55.3016908991811,17.1032735406196));
#7241=CARTESIAN_POINT('Ctrl Pts',(11.7911675764094,55.1892059398874,17.0436131158466));
#7242=CARTESIAN_POINT('Ctrl Pts',(12.1758237536529,55.0937669310404,16.8707597812381));
#7243=CARTESIAN_POINT('Ctrl Pts',(12.4658567525155,55.0198056341953,16.63460704773));
#7244=CARTESIAN_POINT('Ctrl Pts',(12.5984598089191,54.9854745720541,16.4813926851626));
#7245=CARTESIAN_POINT('Ctrl Pts',(12.6896045063785,54.9616474434769,16.3060590752528));
#7246=CARTESIAN_POINT('Ctrl Pts',(12.7268735998022,54.9518610570769,16.1854681977096));
#7247=CARTESIAN_POINT('Ctrl Pts',(12.7407183479134,54.9482188293832,16.0948107137971));
#7248=CARTESIAN_POINT('Ctrl Pts',(12.7447959085299,54.9471458988,16.0412184712047));
#7249=CARTESIAN_POINT('Ctrl Pts',(12.7454958860399,54.9469615945204,16.0138353787676));
#7250=CARTESIAN_POINT('Ctrl Pts',(12.7454958860399,54.9469615945204,16.0000003278255));
#7251=CARTESIAN_POINT('Ctrl Pts',(10.9780789489426,55.3779255538736,17.0865316272315));
#7252=CARTESIAN_POINT('Ctrl Pts',(11.086041297691,55.3536639218443,17.0866718835249));
#7253=CARTESIAN_POINT('Ctrl Pts',(11.3137420349662,55.3017340944367,17.08528820399));
#7254=CARTESIAN_POINT('Ctrl Pts',(11.7834657143036,55.1910786634958,17.0046801439888));
#7255=CARTESIAN_POINT('Ctrl Pts',(12.1465799445983,55.101162425796,16.8101364174278));
#7256=CARTESIAN_POINT('Ctrl Pts',(12.406467208839,55.0352094453847,16.5674249486174));
#7257=CARTESIAN_POINT('Ctrl Pts',(12.5187490417939,55.00628231736,16.4184174036295));
#7258=CARTESIAN_POINT('Ctrl Pts',(12.5905810070668,54.9876188934384,16.2611236046317));
#7259=CARTESIAN_POINT('Ctrl Pts',(12.6189530042765,54.9802296235961,16.1574248508446));
#7260=CARTESIAN_POINT('Ctrl Pts',(12.6294133280335,54.9775020489626,16.0804828661277));
#7261=CARTESIAN_POINT('Ctrl Pts',(12.6325026939998,54.9766963623227,16.0350218002762));
#7262=CARTESIAN_POINT('Ctrl Pts',(12.6330335962689,54.9765583009221,16.0117670295049));
#7263=CARTESIAN_POINT('Ctrl Pts',(12.6330335962689,54.9765583009221,16.0000003278255));
#7264=CARTESIAN_POINT('Ctrl Pts',(10.9792946958678,55.383336639583,17.0571514881503));
#7265=CARTESIAN_POINT('Ctrl Pts',(11.0870745734592,55.3590001141058,17.0576895501478));
#7266=CARTESIAN_POINT('Ctrl Pts',(11.3133963611633,55.3091916660841,17.0461055974795));
#7267=CARTESIAN_POINT('Ctrl Pts',(11.7638428776322,55.2112204044124,16.9201267913696));
#7268=CARTESIAN_POINT('Ctrl Pts',(12.0758878153668,55.1439009978428,16.6821957655537));
#7269=CARTESIAN_POINT('Ctrl Pts',(12.2716567615477,55.1036269357442,16.4319741330046));
#7270=CARTESIAN_POINT('Ctrl Pts',(12.3448965525334,55.0895915401104,16.2960908833915));
#7271=CARTESIAN_POINT('Ctrl Pts',(12.3838442939222,55.0829678714713,16.1766271704999));
#7272=CARTESIAN_POINT('Ctrl Pts',(12.3978916478901,55.0807414633104,16.1052891069581));
#7273=CARTESIAN_POINT('Ctrl Pts',(12.4029652317879,55.0799458034992,16.0539139129722));
#7274=CARTESIAN_POINT('Ctrl Pts',(12.4044802412057,55.0797046714653,16.0235356440838));
#7275=CARTESIAN_POINT('Ctrl Pts',(12.4047430802981,55.0796630591804,16.0079293709407));
#7276=CARTESIAN_POINT('Ctrl Pts',(12.4047430802981,55.0796630591804,16.0000003278255));
#7277=CARTESIAN_POINT('Ctrl Pts',(10.9870572263071,55.4178863609586,17.0116279869645));
#7278=CARTESIAN_POINT('Ctrl Pts',(11.091533454521,55.3932819849292,17.0126028687806));
#7279=CARTESIAN_POINT('Ctrl Pts',(11.3125160524576,55.3562712251465,16.9853397154472));
#7280=CARTESIAN_POINT('Ctrl Pts',(11.7189616295384,55.3217546027028,16.7953805465616));
#7281=CARTESIAN_POINT('Ctrl Pts',(11.9352175440288,55.34329078754,16.51881465622));
#7282=CARTESIAN_POINT('Ctrl Pts',(12.0397477622934,55.3792126470227,16.2831648397756));
#7283=CARTESIAN_POINT('Ctrl Pts',(12.0690676435629,55.3987801649064,16.1726861351698));
#7284=CARTESIAN_POINT('Ctrl Pts',(12.0793449591405,55.4116577521528,16.0956319951256));
#7285=CARTESIAN_POINT('Ctrl Pts',(12.0820741959977,55.416687167743,16.0559316057324));
#7286=CARTESIAN_POINT('Ctrl Pts',(12.0829771427586,55.4185202027635,16.0287455823482));
#7287=CARTESIAN_POINT('Ctrl Pts',(12.0832627338036,55.4190567782404,16.0126197094679));
#7288=CARTESIAN_POINT('Ctrl Pts',(12.0833116215626,55.4191492746898,16.004274310982));
#7289=CARTESIAN_POINT('Ctrl Pts',(12.0833116215626,55.4191492746898,16.0000003278255));
#7290=CARTESIAN_POINT('Ctrl Pts',(10.995571421587,55.4557816165012,17.0000003278255));
#7291=CARTESIAN_POINT('Ctrl Pts',(11.0959048438307,55.4312322799234,17.0004512239983));
#7292=CARTESIAN_POINT('Ctrl Pts',(11.3125385066502,55.4078253079759,16.9691488782435));
#7293=CARTESIAN_POINT('Ctrl Pts',(11.6915167439376,55.437471465723,16.7706664485286));
#7294=CARTESIAN_POINT('Ctrl Pts',(11.8690643732501,55.5375989260382,16.5176612036242));
#7295=CARTESIAN_POINT('Ctrl Pts',(11.9545687656846,55.6387683674049,16.3099188937159));
#7296=CARTESIAN_POINT('Ctrl Pts',(11.9809329247616,55.6885868449169,16.2064508443658));
#7297=CARTESIAN_POINT('Ctrl Pts',(11.9935706354564,55.7208787444588,16.1210827764628));
#7298=CARTESIAN_POINT('Ctrl Pts',(11.9979075798042,55.7334615291185,16.0714431728748));
#7299=CARTESIAN_POINT('Ctrl Pts',(11.9994534313422,55.7380285993734,16.0364505168588));
#7300=CARTESIAN_POINT('Ctrl Pts',(11.9999160881494,55.739366497852,16.0158793779766));
#7301=CARTESIAN_POINT('Ctrl Pts',(12.0000001788138,55.7395958682305,16.0053463116757));
#7302=CARTESIAN_POINT('Ctrl Pts',(12.0000001788138,55.7395958682305,16.0000003278255));
#7303=CARTESIAN_POINT('Ctrl Pts',(11.0000001788138,55.4754932723102,17.0000003278255));
#7304=CARTESIAN_POINT('Ctrl Pts',(11.0981714046229,55.4512307657518,17.0000003278255));
#7305=CARTESIAN_POINT('Ctrl Pts',(11.3122367706387,55.4349360418747,16.9687901071394));
#7306=CARTESIAN_POINT('Ctrl Pts',(11.6808123723728,55.4957344323544,16.7766581162968));
#7307=CARTESIAN_POINT('Ctrl Pts',(11.8491186498621,55.6312506787195,16.5463495287535));
#7308=CARTESIAN_POINT('Ctrl Pts',(11.937735211479,55.7653696544152,16.3556982528116));
#7309=CARTESIAN_POINT('Ctrl Pts',(11.9694449253736,55.8346162495831,16.2540841709769));
#7310=CARTESIAN_POINT('Ctrl Pts',(11.9887140807523,55.8839620166378,16.156101844352));
#7311=CARTESIAN_POINT('Ctrl Pts',(11.9962397279939,55.9041223335004,16.0932189599851));
#7312=CARTESIAN_POINT('Ctrl Pts',(11.9990313171899,55.9115092762909,16.0474729246287));
#7313=CARTESIAN_POINT('Ctrl Pts',(11.9998579244019,55.9136661939166,16.0206044999473));
#7314=CARTESIAN_POINT('Ctrl Pts',(12.0000001788138,55.9140332386914,16.0069178532966));
#7315=CARTESIAN_POINT('Ctrl Pts',(12.0000001788138,55.9140332386914,16.0000003278255));
#7316=CARTESIAN_POINT('',(12.0000001788111,55.1370430074323,16.9376473030291));
#7317=CARTESIAN_POINT('',(11.8382079953123,55.1766893146229,17.0000003278255));
#7318=CARTESIAN_POINT('Ctrl Pts',(11.9996877145237,55.137102421762,16.9373906301189));
#7319=CARTESIAN_POINT('Ctrl Pts',(11.9473263963972,55.1500239778472,16.9605551768683));
#7320=CARTESIAN_POINT('Ctrl Pts',(11.8932839115502,55.1632745602018,16.981438943781));
#7321=CARTESIAN_POINT('Ctrl Pts',(11.8380198421134,55.1767242921005,16.9997872194281));
#7322=CARTESIAN_POINT('',(10.9780789489426,55.3779255538736,17.1000003278255));
#7323=CARTESIAN_POINT('Ctrl Pts',(11.8380198421134,55.1767242921005,16.9997872194281));
#7324=CARTESIAN_POINT('Ctrl Pts',(11.7826611872419,55.1901970434538,17.0181668984742));
#7325=CARTESIAN_POINT('Ctrl Pts',(11.6114536278843,55.2315661943062,17.0660803931429));
#7326=CARTESIAN_POINT('Ctrl Pts',(11.3139486252547,55.3016908991811,17.1032735406196));
#7327=CARTESIAN_POINT('Ctrl Pts',(11.0858520946186,55.353711398432,17.1000003278255));
#7328=CARTESIAN_POINT('Ctrl Pts',(10.9780789489426,55.3779255538736,17.1000003278255));
#7329=CARTESIAN_POINT('',(11.0000001788138,55.4754932723102,17.0000003278255));
#7330=CARTESIAN_POINT('Origin',(11.0000001788138,55.4754932723102,17.1000003278255));
#7331=CARTESIAN_POINT('',(12.0000001788138,55.9140332386914,16.0000003278255));
#7332=CARTESIAN_POINT('Ctrl Pts',(11.0000001788138,55.4754932723102,17.0000003278255));
#7333=CARTESIAN_POINT('Ctrl Pts',(11.0981714046229,55.4512307657518,17.0000003278255));
#7334=CARTESIAN_POINT('Ctrl Pts',(11.3122367706387,55.4349360418747,16.9687901071394));
#7335=CARTESIAN_POINT('Ctrl Pts',(11.6808123723728,55.4957344323544,16.7766581162968));
#7336=CARTESIAN_POINT('Ctrl Pts',(11.8491186498621,55.6312506787195,16.5463495287535));
#7337=CARTESIAN_POINT('Ctrl Pts',(11.937735211479,55.7653696544152,16.3556982528116));
#7338=CARTESIAN_POINT('Ctrl Pts',(11.9694449253736,55.8346162495831,16.2540841709769));
#7339=CARTESIAN_POINT('Ctrl Pts',(11.9887140807523,55.8839620166378,16.156101844352));
#7340=CARTESIAN_POINT('Ctrl Pts',(11.9962397279939,55.9041223335004,16.0932189599851));
#7341=CARTESIAN_POINT('Ctrl Pts',(11.9990313171899,55.9115092762909,16.0474729246287));
#7342=CARTESIAN_POINT('Ctrl Pts',(11.9998579244019,55.9136661939166,16.0206044999473));
#7343=CARTESIAN_POINT('Ctrl Pts',(12.0000001788138,55.9140332386914,16.0069178532966));
#7344=CARTESIAN_POINT('Ctrl Pts',(12.0000001788138,55.9140332386914,16.0000003278255));
#7345=CARTESIAN_POINT('',(12.7454958860399,54.9469615945204,16.0000003278255));
#7346=CARTESIAN_POINT('Origin',(13.0000001788138,55.9140332386914,16.0000003278255));
#7347=CARTESIAN_POINT('Ctrl Pts',(12.7454958860399,54.9469615945204,16.0000003278255));
#7348=CARTESIAN_POINT('Ctrl Pts',(12.7454958860399,54.9469615945204,16.0138353787676));
#7349=CARTESIAN_POINT('Ctrl Pts',(12.7447959085299,54.9471458988,16.0412184712047));
#7350=CARTESIAN_POINT('Ctrl Pts',(12.7407183479134,54.9482188293832,16.0948107137971));
#7351=CARTESIAN_POINT('Ctrl Pts',(12.7268735998022,54.9518610570769,16.1854681977096));
#7352=CARTESIAN_POINT('Ctrl Pts',(12.6896045063785,54.9616474434769,16.3060590752528));
#7353=CARTESIAN_POINT('Ctrl Pts',(12.5984598089191,54.9854745720541,16.4813926851626));
#7354=CARTESIAN_POINT('Ctrl Pts',(12.4658567525155,55.0198056341953,16.63460704773));
#7355=CARTESIAN_POINT('Ctrl Pts',(12.2575690573298,55.0729210662779,16.8042005380125));
#7356=CARTESIAN_POINT('Ctrl Pts',(12.1073753030884,55.1105276282863,16.8897498474022));
#7357=CARTESIAN_POINT('Ctrl Pts',(11.9996877145237,55.137102421762,16.9373906301189));
#7358=CARTESIAN_POINT('Origin',(-3.4922401371338E-5,6.51618150664048,17.1000003278255));
#7359=CARTESIAN_POINT('Origin',(-3.4922401371338E-5,6.51618150664048,17.1000003278255));
#7360=CARTESIAN_POINT('Origin',(-3.4922401371338E-5,6.51618150664048,17.0000003278255));
#7361=CARTESIAN_POINT('Origin',(11.0000001788138,58.6454043466556,16.0000003278255));
#7362=CARTESIAN_POINT('',(11.0000001788138,57.2623960955515,17.0000003278255));
#7363=CARTESIAN_POINT('',(12.0000001788138,57.2623960955515,16.0000003278255));
#7364=CARTESIAN_POINT('Origin',(11.0000001788138,57.2623960955515,16.0000003278255));
#7365=CARTESIAN_POINT('',(12.0000001788138,58.6454043466556,16.0000003278255));
#7366=CARTESIAN_POINT('',(11.0000001788138,58.6454043466556,17.0000003278255));
#7367=CARTESIAN_POINT('Origin',(13.0000001788138,57.2623960955515,16.0000003278255));
#7368=CARTESIAN_POINT('',(13.5319168542594,58.1091927951098,16.0000003278255));
#7369=CARTESIAN_POINT('',(11.670208490201,58.6454043466556,16.9966825183974));
#7370=CARTESIAN_POINT('Ctrl Pts',(11.670208490201,58.6454043466556,16.9966825183974));
#7371=CARTESIAN_POINT('Ctrl Pts',(11.7374891550773,58.6454043466556,16.9928743945377));
#7372=CARTESIAN_POINT('Ctrl Pts',(11.8047303344402,58.6434601645383,16.9858102744564));
#7373=CARTESIAN_POINT('Ctrl Pts',(12.1037873975103,58.6262210339752,16.9401518400237));
#7374=CARTESIAN_POINT('Ctrl Pts',(12.3244973268278,58.5903405962442,16.8682008330489));
#7375=CARTESIAN_POINT('Ctrl Pts',(13.002326350124,58.4182140478172,16.5377883418167));
#7376=CARTESIAN_POINT('Ctrl Pts',(13.3419986037832,58.2281873880711,16.1894125208286));
#7377=CARTESIAN_POINT('Ctrl Pts',(13.5296349118843,58.110625282298,16.0022774312418));
#7378=CARTESIAN_POINT('Ctrl Pts',(13.5307760909235,58.1099093673891,16.0011388785396));
#7379=CARTESIAN_POINT('Ctrl Pts',(13.5319168542594,58.1091927951098,16.0000003278255));
#7380=CARTESIAN_POINT('Origin',(13.0000001788138,57.2623960955515,16.0000003278255));
#7381=CARTESIAN_POINT('',(11.5552551572346,58.6454043466556,17.0000003278255));
#7382=CARTESIAN_POINT('Origin',(13.0000001788138,57.2623960955515,17.0000003278255));
#7383=CARTESIAN_POINT('Ctrl Pts',(11.5552551572346,58.6454043466556,17.0000003278255));
#7384=CARTESIAN_POINT('Ctrl Pts',(11.592193800608,58.6454043466556,17.0000003278255));
#7385=CARTESIAN_POINT('Ctrl Pts',(11.6307850599427,58.6454043466556,16.9989139069498));
#7386=CARTESIAN_POINT('Ctrl Pts',(11.670208490201,58.6454043466556,16.9966825183974));
#7387=CARTESIAN_POINT('Ctrl Pts',(12.7454958860399,54.9469615945204,11.0000003278255));
#7388=CARTESIAN_POINT('Ctrl Pts',(12.7454958860399,54.9469615945204,10.9861652768835));
#7389=CARTESIAN_POINT('Ctrl Pts',(12.7447952559364,54.9471460017569,10.9587816486528));
#7390=CARTESIAN_POINT('Ctrl Pts',(12.7407176785341,54.9482189828012,10.9051923784325));
#7391=CARTESIAN_POINT('Ctrl Pts',(12.7268679412797,54.9518618504142,10.814522822758));
#7392=CARTESIAN_POINT('Ctrl Pts',(12.6895933935922,54.961650647809,10.6939754588234));
#7393=CARTESIAN_POINT('Ctrl Pts',(12.6212009135655,54.9795251556791,10.5623827350776));
#7394=CARTESIAN_POINT('Ctrl Pts',(12.502408764692,55.0103617711732,10.4020414224279));
#7395=CARTESIAN_POINT('Ctrl Pts',(12.3075794561266,55.0603556624514,10.2256351848853));
#7396=CARTESIAN_POINT('Ctrl Pts',(12.0117381339195,55.1345209214806,10.0546399821466));
#7397=CARTESIAN_POINT('Ctrl Pts',(11.6715792413639,55.2173826367896,9.94165215290636));
#7398=CARTESIAN_POINT('Ctrl Pts',(11.3142411045241,55.3016344162244,9.89653106625065));
#7399=CARTESIAN_POINT('Ctrl Pts',(11.0858520946186,55.353711398432,9.90000032782555));
#7400=CARTESIAN_POINT('Ctrl Pts',(10.9780789489426,55.3779255538736,9.90000032782555));
#7401=CARTESIAN_POINT('Ctrl Pts',(12.6330335962689,54.9765583009221,11.0000003278255));
#7402=CARTESIAN_POINT('Ctrl Pts',(12.6330335962689,54.9765583009221,10.9882336261462));
#7403=CARTESIAN_POINT('Ctrl Pts',(12.6325009049023,54.9766965569872,10.9649786289667));
#7404=CARTESIAN_POINT('Ctrl Pts',(12.6294145067907,54.9775009882516,10.9195217449166));
#7405=CARTESIAN_POINT('Ctrl Pts',(12.6189322521468,54.9802332233078,10.8425669863918));
#7406=CARTESIAN_POINT('Ctrl Pts',(12.5906021654704,54.9876117143223,10.7389262185769));
#7407=CARTESIAN_POINT('Ctrl Pts',(12.5365692864648,55.0016496299966,10.620846731141));
#7408=CARTESIAN_POINT('Ctrl Pts',(12.4380079787052,55.0270997137454,10.4693347948082));
#7409=CARTESIAN_POINT('Ctrl Pts',(12.2662079918714,55.0709675132334,10.2903528564413));
#7410=CARTESIAN_POINT('Ctrl Pts',(11.9917797299362,55.1395141359826,10.1059700665332));
#7411=CARTESIAN_POINT('Ctrl Pts',(11.6657253460578,55.2188028662085,9.97535945166305));
#7412=CARTESIAN_POINT('Ctrl Pts',(11.3140581267091,55.301663110226,9.91451700612996));
#7413=CARTESIAN_POINT('Ctrl Pts',(11.086041297691,55.3536639218443,9.91332877212622));
#7414=CARTESIAN_POINT('Ctrl Pts',(10.9780789489426,55.3779255538736,9.91346902841958));
#7415=CARTESIAN_POINT('Ctrl Pts',(12.404740540629,55.0796636441858,11.0000003278255));
#7416=CARTESIAN_POINT('Ctrl Pts',(12.404740540629,55.0796636441858,10.9920712847103));
#7417=CARTESIAN_POINT('Ctrl Pts',(12.40447431754,55.079705915008,10.9764625164711));
#7418=CARTESIAN_POINT('Ctrl Pts',(12.4029651676001,55.0799447843577,10.9460884073068));
#7419=CARTESIAN_POINT('Ctrl Pts',(12.397848682323,55.0807515747782,10.8946812570798));
#7420=CARTESIAN_POINT('Ctrl Pts',(12.3839142683469,55.0829467434785,10.8234599849952));
#7421=CARTESIAN_POINT('Ctrl Pts',(12.3543935724824,55.0880030214417,10.7336476821589));
#7422=CARTESIAN_POINT('Ctrl Pts',(12.2931699792611,55.0994096805268,10.6037452219077));
#7423=CARTESIAN_POINT('Ctrl Pts',(12.1690193286647,55.1244788487579,10.4245409761409));
#7424=CARTESIAN_POINT('Ctrl Pts',(11.9431860087249,55.1725032987513,10.215349568559));
#7425=CARTESIAN_POINT('Ctrl Pts',(11.6508767947963,55.2357927695688,10.0485371548239));
#7426=CARTESIAN_POINT('Ctrl Pts',(11.3137968366863,55.3090946876691,9.9537158573618));
#7427=CARTESIAN_POINT('Ctrl Pts',(11.0870746495748,55.3590004528834,9.94231150065306));
#7428=CARTESIAN_POINT('Ctrl Pts',(10.9792947719834,55.3833369783606,9.94284956265057));
#7429=CARTESIAN_POINT('Ctrl Pts',(12.0833049921125,55.4191524564458,11.0000003278255));
#7430=CARTESIAN_POINT('Ctrl Pts',(12.0833049921125,55.4191524564458,10.9957263446691));
#7431=CARTESIAN_POINT('Ctrl Pts',(12.08325302926,55.4190599472352,10.9873771836192));
#7432=CARTESIAN_POINT('Ctrl Pts',(12.0829724491416,55.4185242625954,10.971261284204));
#7433=CARTESIAN_POINT('Ctrl Pts',(12.0820318130914,55.4166886369417,10.9440180153487));
#7434=CARTESIAN_POINT('Ctrl Pts',(12.0793823837848,55.4116779041837,10.9045096709968));
#7435=CARTESIAN_POINT('Ctrl Pts',(12.0713960076395,55.4020010638319,10.8462835796597));
#7436=CARTESIAN_POINT('Ctrl Pts',(12.0488446127325,55.3847621986897,10.7477865005255));
#7437=CARTESIAN_POINT('Ctrl Pts',(11.9885082691675,55.3578886190567,10.5855025822612));
#7438=CARTESIAN_POINT('Ctrl Pts',(11.8440045154406,55.3335760557195,10.36319368237));
#7439=CARTESIAN_POINT('Ctrl Pts',(11.6168001862571,55.3305678439392,10.1569624565992));
#7440=CARTESIAN_POINT('Ctrl Pts',(11.3130797973023,55.3560893521786,10.0148810156494));
#7441=CARTESIAN_POINT('Ctrl Pts',(11.091533655127,55.3932828777929,9.98739908824632));
#7442=CARTESIAN_POINT('Ctrl Pts',(10.9870574269132,55.4178872538224,9.98837397006244));
#7443=CARTESIAN_POINT('Ctrl Pts',(12.0000001788138,55.7395958682305,11.0000003278255));
#7444=CARTESIAN_POINT('Ctrl Pts',(12.0000001788138,55.7395958682305,10.9946543439754));
#7445=CARTESIAN_POINT('Ctrl Pts',(11.9999143741319,55.7393650691829,10.9841145470849));
#7446=CARTESIAN_POINT('Ctrl Pts',(11.9994510130128,55.7380276455373,10.963544536897));
#7447=CARTESIAN_POINT('Ctrl Pts',(11.9978921521456,55.7334475309305,10.9284930615717));
#7448=CARTESIAN_POINT('Ctrl Pts',(11.9935956745343,55.7208925396583,10.8789912940058));
#7449=CARTESIAN_POINT('Ctrl Pts',(11.9840435765298,55.6966012092947,10.8146110939621));
#7450=CARTESIAN_POINT('Ctrl Pts',(11.9624278363583,55.6528053446926,10.7178188065086));
#7451=CARTESIAN_POINT('Ctrl Pts',(11.912417970304,55.581303192171,10.5739474862852));
#7452=CARTESIAN_POINT('Ctrl Pts',(11.7941636999824,55.4942789495577,10.375549042914));
#7453=CARTESIAN_POINT('Ctrl Pts',(11.596433946528,55.4301359870568,10.1790722359627));
#7454=CARTESIAN_POINT('Ctrl Pts',(11.312990544221,55.4076731401838,10.0314874225035));
#7455=CARTESIAN_POINT('Ctrl Pts',(11.0959048438307,55.4312322799234,9.99954943165283));
#7456=CARTESIAN_POINT('Ctrl Pts',(10.995571421587,55.4557816165012,10.0000003278255));
#7457=CARTESIAN_POINT('Ctrl Pts',(12.0000001788138,55.9140332386914,11.0000003278255));
#7458=CARTESIAN_POINT('Ctrl Pts',(12.0000001788138,55.9140332386914,10.9930828023545));
#7459=CARTESIAN_POINT('Ctrl Pts',(11.9998573542647,55.9136662523276,10.9793917167503));
#7460=CARTESIAN_POINT('Ctrl Pts',(11.999030189751,55.9115094372906,10.9525288863087));
#7461=CARTESIAN_POINT('Ctrl Pts',(11.9962357026211,55.904122635033,10.9067321175434));
#7462=CARTESIAN_POINT('Ctrl Pts',(11.9886961453902,55.8839658760375,10.8439661599337));
#7463=CARTESIAN_POINT('Ctrl Pts',(11.9742255359078,55.8469570812872,10.7701073178965));
#7464=CARTESIAN_POINT('Ctrl Pts',(11.9465998728713,55.7843562365147,10.6702472380261));
#7465=CARTESIAN_POINT('Ctrl Pts',(11.8930560240259,55.68895824515,10.537045359037));
#7466=CARTESIAN_POINT('Ctrl Pts',(11.7779651332928,55.5730484433063,10.3572045110478));
#7467=CARTESIAN_POINT('Ctrl Pts',(11.5883027529766,55.480581710239,10.1744963999354));
#7468=CARTESIAN_POINT('Ctrl Pts',(11.3126046048261,55.4348890869772,10.0320825338747));
#7469=CARTESIAN_POINT('Ctrl Pts',(11.0981714046229,55.4512307657517,10.0000003278255));
#7470=CARTESIAN_POINT('Ctrl Pts',(11.0000001788138,55.4754932723102,10.0000003278255));
#7471=CARTESIAN_POINT('',(11.8382079953122,55.1766893146229,10.0000003278256));
#7472=CARTESIAN_POINT('',(12.0000001781744,55.1370430075894,10.0623533523397));
#7473=CARTESIAN_POINT('Ctrl Pts',(11.8382405165096,55.1766818780675,10.0000607611363));
#7474=CARTESIAN_POINT('Ctrl Pts',(11.893593430253,55.1632149046425,10.0183533061047));
#7475=CARTESIAN_POINT('Ctrl Pts',(11.9477086968412,55.1499501931695,10.0391959115041));
#7476=CARTESIAN_POINT('Ctrl Pts',(12.0000449668683,55.1370334899647,10.0623919047917));
#7477=CARTESIAN_POINT('',(12.7454958860399,54.9469615945204,11.0000003278255));
#7478=CARTESIAN_POINT('Ctrl Pts',(12.0000449668683,55.1370334899647,10.0623919047917));
#7479=CARTESIAN_POINT('Ctrl Pts',(12.0014819468426,55.1366788402384,10.0630287896484));
#7480=CARTESIAN_POINT('Ctrl Pts',(12.1090175649893,55.1101336785164,10.1108671376839));
#7481=CARTESIAN_POINT('Ctrl Pts',(12.3075794561266,55.0603556624514,10.2256351848853));
#7482=CARTESIAN_POINT('Ctrl Pts',(12.502408764692,55.0103617711732,10.4020414224279));
#7483=CARTESIAN_POINT('Ctrl Pts',(12.6212009135655,54.9795251556791,10.5623827350776));
#7484=CARTESIAN_POINT('Ctrl Pts',(12.6895933935922,54.961650647809,10.6939754588234));
#7485=CARTESIAN_POINT('Ctrl Pts',(12.7268679412797,54.9518618504142,10.814522822758));
#7486=CARTESIAN_POINT('Ctrl Pts',(12.7407176785341,54.9482189828012,10.9051923784325));
#7487=CARTESIAN_POINT('Ctrl Pts',(12.7447952559364,54.9471460017569,10.9587816486528));
#7488=CARTESIAN_POINT('Ctrl Pts',(12.7454958860399,54.9469615945204,10.9861652768835));
#7489=CARTESIAN_POINT('Ctrl Pts',(12.7454958860399,54.9469615945204,11.0000003278255));
#7490=CARTESIAN_POINT('',(12.0000001788138,55.9140332386914,11.0000003278255));
#7491=CARTESIAN_POINT('Origin',(13.0000001788138,55.9140332386914,11.0000003278255));
#7492=CARTESIAN_POINT('',(11.0000001788138,55.4754932723102,10.0000003278255));
#7493=CARTESIAN_POINT('Ctrl Pts',(12.0000001788138,55.9140332386914,11.0000003278255));
#7494=CARTESIAN_POINT('Ctrl Pts',(12.0000001788138,55.9140332386914,10.9930828023545));
#7495=CARTESIAN_POINT('Ctrl Pts',(11.9998573542647,55.9136662523276,10.9793917167503));
#7496=CARTESIAN_POINT('Ctrl Pts',(11.999030189751,55.9115094372906,10.9525288863087));
#7497=CARTESIAN_POINT('Ctrl Pts',(11.9962357026211,55.904122635033,10.9067321175434));
#7498=CARTESIAN_POINT('Ctrl Pts',(11.9886961453902,55.8839658760375,10.8439661599337));
#7499=CARTESIAN_POINT('Ctrl Pts',(11.9742255359078,55.8469570812872,10.7701073178965));
#7500=CARTESIAN_POINT('Ctrl Pts',(11.9465998728713,55.7843562365147,10.6702472380261));
#7501=CARTESIAN_POINT('Ctrl Pts',(11.8930560240259,55.68895824515,10.537045359037));
#7502=CARTESIAN_POINT('Ctrl Pts',(11.7779651332928,55.5730484433063,10.3572045110478));
#7503=CARTESIAN_POINT('Ctrl Pts',(11.5883027529766,55.480581710239,10.1744963999354));
#7504=CARTESIAN_POINT('Ctrl Pts',(11.3126046048261,55.4348890869772,10.0320825338747));
#7505=CARTESIAN_POINT('Ctrl Pts',(11.0981714046229,55.4512307657517,10.0000003278255));
#7506=CARTESIAN_POINT('Ctrl Pts',(11.0000001788138,55.4754932723102,10.0000003278255));
#7507=CARTESIAN_POINT('',(10.9780789489426,55.3779255538736,9.90000032782554));
#7508=CARTESIAN_POINT('Origin',(11.0000001788138,55.4754932723102,9.90000032782554));
#7509=CARTESIAN_POINT('Ctrl Pts',(10.9780789489426,55.3779255538736,9.90000032782555));
#7510=CARTESIAN_POINT('Ctrl Pts',(11.0858520946186,55.353711398432,9.90000032782555));
#7511=CARTESIAN_POINT('Ctrl Pts',(11.3142411045241,55.3016344162244,9.89653106625065));
#7512=CARTESIAN_POINT('Ctrl Pts',(11.6112672615474,55.231602758005,9.9340365591952));
#7513=CARTESIAN_POINT('Ctrl Pts',(11.7827928650482,55.1901719005109,9.98173690807859));
#7514=CARTESIAN_POINT('Ctrl Pts',(11.8382405165096,55.1766818780675,10.0000607611363));
#7515=CARTESIAN_POINT('Origin',(13.0000001788138,55.9140332386914,6.5));
#7516=CARTESIAN_POINT('',(12.7454958860399,54.9469615945204,6.5));
#7517=CARTESIAN_POINT('',(12.0000001788138,55.9140332386914,6.5));
#7518=CARTESIAN_POINT('Origin',(13.0000001788138,57.2623960955515,11.0000003278255));
#7519=CARTESIAN_POINT('',(11.5552551572346,58.6454043466556,10.0000003278255));
#7520=CARTESIAN_POINT('',(11.670208490201,58.6454043466556,10.0033181372536));
#7521=CARTESIAN_POINT('Ctrl Pts',(11.670208490201,58.6454043466556,10.0033181372536));
#7522=CARTESIAN_POINT('Ctrl Pts',(11.6307850599427,58.6454043466556,10.0010867487013));
#7523=CARTESIAN_POINT('Ctrl Pts',(11.592193800608,58.6454043466556,10.0000003278255));
#7524=CARTESIAN_POINT('Ctrl Pts',(11.5552551572346,58.6454043466556,10.0000003278255));
#7525=CARTESIAN_POINT('',(11.0000001788138,57.2623960955515,10.0000003278255));
#7526=CARTESIAN_POINT('Origin',(13.0000001788138,57.2623960955515,10.0000003278255));
#7527=CARTESIAN_POINT('',(12.0000001788138,57.2623960955515,11.0000003278255));
#7528=CARTESIAN_POINT('Origin',(11.0000001788138,57.2623960955515,11.0000003278255));
#7529=CARTESIAN_POINT('',(13.5319168542594,58.1091927951098,11.0000003278255));
#7530=CARTESIAN_POINT('Origin',(13.0000001788138,57.2623960955515,11.0000003278255));
#7531=CARTESIAN_POINT('Ctrl Pts',(13.5319168542594,58.1091927951098,11.0000003278255));
#7532=CARTESIAN_POINT('Ctrl Pts',(13.5307760909235,58.1099093673891,10.9988617771115));
#7533=CARTESIAN_POINT('Ctrl Pts',(13.5296349118843,58.110625282298,10.9977232244093));
#7534=CARTESIAN_POINT('Ctrl Pts',(13.3419986037832,58.2281873880711,10.8105881348225));
#7535=CARTESIAN_POINT('Ctrl Pts',(13.002326350124,58.4182140478172,10.4622123138344));
#7536=CARTESIAN_POINT('Ctrl Pts',(12.3244973268278,58.5903405962442,10.1317998226022));
#7537=CARTESIAN_POINT('Ctrl Pts',(12.1037873975103,58.6262210339752,10.0598488156274));
#7538=CARTESIAN_POINT('Ctrl Pts',(11.8047303344402,58.6434601645383,10.0141903811947));
#7539=CARTESIAN_POINT('Ctrl Pts',(11.7374891550773,58.6454043466556,10.0071262611134));
#7540=CARTESIAN_POINT('Ctrl Pts',(11.670208490201,58.6454043466556,10.0033181372536));
#7541=CARTESIAN_POINT('Origin',(11.0000001788138,58.6454043466556,11.0000003278255));
#7542=CARTESIAN_POINT('',(12.0000001788138,58.6454043466556,11.0000003278255));
#7543=CARTESIAN_POINT('',(11.0000001788138,58.6454043466556,10.0000003278255));
#7544=CARTESIAN_POINT('Origin',(-3.4922401371338E-5,6.51618150664048,9.90000032782554));
#7545=CARTESIAN_POINT('Origin',(-3.4922401371338E-5,6.51618150664048,9.90000032782554));
#7546=CARTESIAN_POINT('Origin',(-3.4922401371338E-5,6.51618150664048,10.0000003278255));
#7547=CARTESIAN_POINT('Origin',(-10.9999998211862,58.6454043466556,11.0000003278255));
#7548=CARTESIAN_POINT('',(-10.9999998211862,57.2623963201957,10.0000003278255));
#7549=CARTESIAN_POINT('',(-11.9999998211862,57.2623963201957,11.0000003278255));
#7550=CARTESIAN_POINT('Origin',(-10.9999998211862,57.2623963201957,11.0000003278255));
#7551=CARTESIAN_POINT('',(-11.9999998211862,58.6454043466556,11.0000003278255));
#7552=CARTESIAN_POINT('',(-10.9999998211862,58.6454043466556,10.0000003278255));
#7553=CARTESIAN_POINT('Origin',(-12.9999998211862,57.2623963201957,11.0000003278255));
#7554=CARTESIAN_POINT('',(-13.5319163535808,58.1091931096118,11.0000003278255));
#7555=CARTESIAN_POINT('',(-11.670208490201,58.6454043466556,10.0033181707195));
#7556=CARTESIAN_POINT('Ctrl Pts',(-11.670208490201,58.6454043466556,10.0033181707195));
#7557=CARTESIAN_POINT('Ctrl Pts',(-11.7374889577595,58.6454043466556,10.0071263025018));
#7558=CARTESIAN_POINT('Ctrl Pts',(-11.8047299394832,58.6434601759663,10.0141904111153));
#7559=CARTESIAN_POINT('Ctrl Pts',(-12.1037868094892,58.6262211072205,10.0598488156274));
#7560=CARTESIAN_POINT('Ctrl Pts',(-12.324496744868,58.5903407067745,10.1317998226021));
#7561=CARTESIAN_POINT('Ctrl Pts',(-13.0023257504954,58.4182142847251,10.4622122910475));
#7562=CARTESIAN_POINT('Ctrl Pts',(-13.3419980326348,58.2281877020471,10.8105880844715));
#7563=CARTESIAN_POINT('Ctrl Pts',(-13.5296344109435,58.1106255964271,10.9977232243921));
#7564=CARTESIAN_POINT('Ctrl Pts',(-13.530775590141,58.1099096816876,10.9988617771285));
#7565=CARTESIAN_POINT('Ctrl Pts',(-13.5319163535808,58.1091931096118,11.0000003278255));
#7566=CARTESIAN_POINT('Origin',(-12.9999998211862,57.2623963201957,11.0000003278255));
#7567=CARTESIAN_POINT('',(-11.5552545845623,58.6454043466556,10.0000003278255));
#7568=CARTESIAN_POINT('Origin',(-12.9999998211862,57.2623963201957,10.0000003278255));
#7569=CARTESIAN_POINT('Ctrl Pts',(-11.5552545845623,58.6454043466556,10.0000003278255));
#7570=CARTESIAN_POINT('Ctrl Pts',(-11.5921934071092,58.6454043466556,10.0000003278255));
#7571=CARTESIAN_POINT('Ctrl Pts',(-11.6307848611877,58.6454043466556,10.001086759731));
#7572=CARTESIAN_POINT('Ctrl Pts',(-11.670208490201,58.6454043466556,10.0033181707195));
#7573=CARTESIAN_POINT('Origin',(-12.9999998211862,57.2623963201957,16.0000003278255));
#7574=CARTESIAN_POINT('',(-11.5552545845623,58.6454043466556,17.0000003278255));
#7575=CARTESIAN_POINT('',(-11.670208490201,58.6454043466556,16.9966824849316));
#7576=CARTESIAN_POINT('Ctrl Pts',(-11.670208490201,58.6454043466556,16.9966824849316));
#7577=CARTESIAN_POINT('Ctrl Pts',(-11.6307848611877,58.6454043466556,16.9989138959201));
#7578=CARTESIAN_POINT('Ctrl Pts',(-11.5921934071092,58.6454043466556,17.0000003278255));
#7579=CARTESIAN_POINT('Ctrl Pts',(-11.5552545845623,58.6454043466556,17.0000003278255));
#7580=CARTESIAN_POINT('',(-10.9999998211862,57.2623963201957,17.0000003278255));
#7581=CARTESIAN_POINT('Origin',(-12.9999998211862,57.2623963201957,17.0000003278255));
#7582=CARTESIAN_POINT('',(-11.9999998211862,57.2623963201957,16.0000003278255));
#7583=CARTESIAN_POINT('Origin',(-10.9999998211862,57.2623963201957,16.0000003278255));
#7584=CARTESIAN_POINT('',(-13.5319163535808,58.1091931096118,16.0000003278255));
#7585=CARTESIAN_POINT('Origin',(-12.9999998211862,57.2623963201957,16.0000003278255));
#7586=CARTESIAN_POINT('Ctrl Pts',(-13.5319163535808,58.1091931096118,16.0000003278255));
#7587=CARTESIAN_POINT('Ctrl Pts',(-13.530775590141,58.1099096816876,16.0011388785226));
#7588=CARTESIAN_POINT('Ctrl Pts',(-13.5296344109435,58.1106255964271,16.002277431259));
#7589=CARTESIAN_POINT('Ctrl Pts',(-13.3419980326348,58.2281877020471,16.1894125711796));
#7590=CARTESIAN_POINT('Ctrl Pts',(-13.0023257504954,58.4182142847251,16.5377883646036));
#7591=CARTESIAN_POINT('Ctrl Pts',(-12.324496744868,58.5903407067745,16.8682008330489));
#7592=CARTESIAN_POINT('Ctrl Pts',(-12.1037868094892,58.6262211072205,16.9401518400237));
#7593=CARTESIAN_POINT('Ctrl Pts',(-11.8047299394832,58.6434601759663,16.9858102445357));
#7594=CARTESIAN_POINT('Ctrl Pts',(-11.7374889577595,58.6454043466556,16.9928743531493));
#7595=CARTESIAN_POINT('Ctrl Pts',(-11.670208490201,58.6454043466556,16.9966824849316));
#7596=CARTESIAN_POINT('Origin',(-10.9999998211862,58.6454043466556,16.0000003278255));
#7597=CARTESIAN_POINT('',(-11.9999998211862,58.6454043466556,16.0000003278255));
#7598=CARTESIAN_POINT('',(-10.9999998211862,58.6454043466556,17.0000003278255));
#7599=CARTESIAN_POINT('Origin',(12.0000001788138,58.6454043466556,10.0000003278255));
#7600=CARTESIAN_POINT('',(12.0000001788138,57.2623960955515,6.5));
#7601=CARTESIAN_POINT('Origin',(13.0000001788138,57.2623960955515,6.5));
#7602=CARTESIAN_POINT('',(13.5319168542594,58.1091927951098,6.5));
#7603=CARTESIAN_POINT('Origin',(12.0000001788138,58.6454043466556,17.0000003278255));
#7604=CARTESIAN_POINT('',(13.5851043345067,58.6454043466556,17.0000003278255));
#7605=CARTESIAN_POINT('Origin',(14.989203021405,54.4049873662562,6.5));
#7606=CARTESIAN_POINT('',(14.9892030214581,54.3049873662562,24.4298994882613));
#7607=CARTESIAN_POINT('',(14.9593319775823,54.3095529870162,24.4));
#7608=CARTESIAN_POINT('Ctrl Pts',(14.9892030214835,54.3049873662562,24.4298994882347));
#7609=CARTESIAN_POINT('Ctrl Pts',(14.9795867591032,54.3049873662487,24.420714387258));
#7610=CARTESIAN_POINT('Ctrl Pts',(14.9699803546356,54.3063740787747,24.4111228711088));
#7611=CARTESIAN_POINT('Ctrl Pts',(14.9602317775508,54.3092748341695,24.4009427455087));
#7612=CARTESIAN_POINT('Ctrl Pts',(14.9597813779547,54.3094123243082,24.4004713697896));
#7613=CARTESIAN_POINT('Ctrl Pts',(14.9593319775823,54.3095529870161,24.4));
#7614=CARTESIAN_POINT('',(14.9593319775823,54.3095529870162,6.50130907170793));
#7615=CARTESIAN_POINT('',(14.9593319775823,54.3095529870161,6.5));
#7616=CARTESIAN_POINT('',(14.9618378845157,54.3088044712934,6.49869137687714));
#7617=CARTESIAN_POINT('Ctrl Pts',(14.9593319775823,54.3095529870161,6.50130907170793));
#7618=CARTESIAN_POINT('Ctrl Pts',(14.9597813774752,54.3094123244582,6.50083770242119));
#7619=CARTESIAN_POINT('Ctrl Pts',(14.9602317765897,54.3092748344629,6.50036632720574));
#7620=CARTESIAN_POINT('Ctrl Pts',(14.9610673510767,54.3090262035793,6.49949376363108));
#7621=CARTESIAN_POINT('Ctrl Pts',(14.9614522723525,54.3089141823773,6.49909255482596));
#7622=CARTESIAN_POINT('Ctrl Pts',(14.9618378845157,54.3088044712934,6.49869137687714));
#7623=CARTESIAN_POINT('',(14.974086601008,54.3061364996218,6.45611636724334));
#7624=CARTESIAN_POINT('Ctrl Pts',(14.9618378844798,54.3088044713057,6.49869137683928));
#7625=CARTESIAN_POINT('Ctrl Pts',(14.9623201510249,54.3086672609415,6.49818964290913));
#7626=CARTESIAN_POINT('Ctrl Pts',(14.9627471314485,54.3085496741056,6.49760322750761));
#7627=CARTESIAN_POINT('Ctrl Pts',(14.9651321475969,54.3079050627391,6.4938820524458));
#7628=CARTESIAN_POINT('Ctrl Pts',(14.9663933969963,54.307616033604,6.49002057594917));
#7629=CARTESIAN_POINT('Ctrl Pts',(14.9687462900416,54.3070947174212,6.48216416592119));
#7630=CARTESIAN_POINT('Ctrl Pts',(14.9697221063396,54.3068996879813,6.47813258517142));
#7631=CARTESIAN_POINT('Ctrl Pts',(14.9718807312113,54.3064896935912,6.46843153138484));
#7632=CARTESIAN_POINT('Ctrl Pts',(14.9730264273368,54.3062986229441,6.46231371425125));
#7633=CARTESIAN_POINT('Ctrl Pts',(14.9740866010077,54.3061364996218,6.4561163672433));
#7634=CARTESIAN_POINT('',(14.989203021405,54.3049873662562,6.5));
#7635=CARTESIAN_POINT('Origin',(14.989203021405,54.4049873662562,2.68115407029713));
#7636=CARTESIAN_POINT('',(14.989203021405,54.3049873662562,6.5));
#7637=CARTESIAN_POINT('Origin',(15.,54.4751958564559,0.));
#7638=CARTESIAN_POINT('',(14.9918766290521,54.4224812795599,2.01308847415394));
#7639=CARTESIAN_POINT('Ctrl Pts',(14.9918766290521,54.4224812795599,2.01308847415394));
#7640=CARTESIAN_POINT('Ctrl Pts',(14.9829816150211,54.3642743541491,4.2359212760101));
#7641=CARTESIAN_POINT('Ctrl Pts',(14.974086601008,54.3061364996218,6.45611636724334));
#7642=CARTESIAN_POINT('',(13.1734092871413,54.4359169741022,1.5));
#7643=CARTESIAN_POINT('Ctrl Pts',(13.1734092871413,54.4359169741022,1.5));
#7644=CARTESIAN_POINT('Ctrl Pts',(13.4195775924263,54.4359169741022,1.5));
#7645=CARTESIAN_POINT('Ctrl Pts',(13.6895367975245,54.4355828900725,1.51275815436872));
#7646=CARTESIAN_POINT('Ctrl Pts',(14.2197444017752,54.4337908521906,1.58119332007963));
#7647=CARTESIAN_POINT('Ctrl Pts',(14.4806123986464,54.4324608349149,1.63198463067699));
#7648=CARTESIAN_POINT('Ctrl Pts',(14.7855601955768,54.4289109613119,1.76754883427499));
#7649=CARTESIAN_POINT('Ctrl Pts',(14.8775818370506,54.4275825025388,1.81828062806021));
#7650=CARTESIAN_POINT('Ctrl Pts',(14.9511010901502,54.425411969912,1.90116992493087));
#7651=CARTESIAN_POINT('Ctrl Pts',(14.9670768667499,54.4248134539755,1.92402632640875));
#7652=CARTESIAN_POINT('Ctrl Pts',(14.9840621274603,54.4238324426376,1.96148963795905));
#7653=CARTESIAN_POINT('Ctrl Pts',(14.9898628144245,54.4232909955386,1.98216666846005));
#7654=CARTESIAN_POINT('Ctrl Pts',(14.9913551076858,54.4228240133176,2.));
#7655=CARTESIAN_POINT('Ctrl Pts',(14.9917067857518,54.4227139629618,2.0042026535326));
#7656=CARTESIAN_POINT('Ctrl Pts',(14.9918945949961,54.4225988445642,2.0085988477734));
#7657=CARTESIAN_POINT('Ctrl Pts',(14.9918766290521,54.4224812795599,2.01308847415394));
#7658=CARTESIAN_POINT('',(15.0392788823538,54.4359169741022,1.5));
#7659=CARTESIAN_POINT('',(7.50001231962182,54.4359169741022,1.5));
#7660=CARTESIAN_POINT('',(15.1702084901997,54.3049873662562,6.5));
#7661=CARTESIAN_POINT('',(14.998630473199,54.4765653832569,-0.0523001184955779));
#7662=CARTESIAN_POINT('',(14.999930155122,54.3049873662562,6.5));
#7663=CARTESIAN_POINT('Origin',(-3.4922401371338E-5,6.51618150664048,0.));
#7664=CARTESIAN_POINT('',(-15.0426807931882,54.2834428153856,6.49869137687714));
#7665=CARTESIAN_POINT('Origin',(-3.49224013651735E-5,6.51618150664049,6.49869137687714));
#7666=CARTESIAN_POINT('',(-15.1293232069642,54.2989229400754,4.93865402537254));
#7667=CARTESIAN_POINT('Ctrl Pts',(-15.1293232069641,54.2989229400753,4.93865402537254));
#7668=CARTESIAN_POINT('Ctrl Pts',(-15.1259114524115,54.2964223948571,5.06902044529916));
#7669=CARTESIAN_POINT('Ctrl Pts',(-15.1222065296846,54.2940350073832,5.19863980208013));
#7670=CARTESIAN_POINT('Ctrl Pts',(-15.1134479742458,54.2892535663262,5.47363713651601));
#7671=CARTESIAN_POINT('Ctrl Pts',(-15.1082953548025,54.2869019723755,5.61860718538482));
#7672=CARTESIAN_POINT('Ctrl Pts',(-15.096360843761,54.2828541089272,5.90338621114699));
#7673=CARTESIAN_POINT('Ctrl Pts',(-15.0897483624936,54.281104326213,6.04320149930021));
#7674=CARTESIAN_POINT('Ctrl Pts',(-15.0778952503913,54.2798292711897,6.22592168799558));
#7675=CARTESIAN_POINT('Ctrl Pts',(-15.0743053805898,54.2795632760545,6.27687734780086));
#7676=CARTESIAN_POINT('Ctrl Pts',(-15.0675985502286,54.2795883802451,6.35302769175396));
#7677=CARTESIAN_POINT('Ctrl Pts',(-15.0651482725299,54.2796659531275,6.37835271270347));
#7678=CARTESIAN_POINT('Ctrl Pts',(-15.0594012487077,54.2801231040926,6.42770854397062));
#7679=CARTESIAN_POINT('Ctrl Pts',(-15.0564243986146,54.2804009297941,6.45177696769303));
#7680=CARTESIAN_POINT('Ctrl Pts',(-15.0505617836696,54.2815247063509,6.47813258517143));
#7681=CARTESIAN_POINT('Ctrl Pts',(-15.0495862984672,54.2817213851503,6.48216416592111));
#7682=CARTESIAN_POINT('Ctrl Pts',(-15.0472342900802,54.2822466782038,6.49002057594896));
#7683=CARTESIAN_POINT('Ctrl Pts',(-15.0459735310929,54.2825378390948,6.4938820524455));
#7684=CARTESIAN_POINT('Ctrl Pts',(-15.0435896080817,54.2831864814606,6.49760322750732));
#7685=CARTESIAN_POINT('Ctrl Pts',(-15.0431628270516,54.2833047899479,6.49818964290926));
#7686=CARTESIAN_POINT('Ctrl Pts',(-15.0426807931525,54.2834428153978,6.49869137683948));
#7687=CARTESIAN_POINT('',(-15.0527145768914,54.4034220318443,2.01308847415394));
#7688=CARTESIAN_POINT('Ctrl Pts',(-15.0527145768914,54.4034220318443,2.01308847415393));
#7689=CARTESIAN_POINT('Ctrl Pts',(-15.0910607312476,54.3511724859479,3.47746902892359));
#7690=CARTESIAN_POINT('Ctrl Pts',(-15.1293232069642,54.2989229400754,4.93865402537254));
#7691=CARTESIAN_POINT('Origin',(-3.49224013673809E-5,6.51618150664049,2.01308847415394));
#7692=CARTESIAN_POINT('Origin',(-3.4922401371338E-5,6.51618150664048,6.50130907170793));
#7693=CARTESIAN_POINT('',(-15.0401761552173,54.2841955663276,6.50130907170793));
#7694=CARTESIAN_POINT('Origin',(-3.4922401371338E-5,6.51618150664048,6.50130907170793));
#7695=CARTESIAN_POINT('Ctrl Pts',(-15.0426807931882,54.2834428153856,6.49869137687714));
#7696=CARTESIAN_POINT('Ctrl Pts',(-15.042295367028,54.283553178203,6.49909255484362));
#7697=CARTESIAN_POINT('Ctrl Pts',(-15.0419106359104,54.2836658498958,6.49949376340521));
#7698=CARTESIAN_POINT('Ctrl Pts',(-15.0410754831816,54.2839158928995,6.50036632671816));
#7699=CARTESIAN_POINT('Ctrl Pts',(-15.0406253169075,54.2840541441774,6.50083770217726));
#7700=CARTESIAN_POINT('Ctrl Pts',(-15.0401761552173,54.2841955663276,6.50130907170793));
#7701=CARTESIAN_POINT('Origin',(-15.0702084901997,54.3795793115649,6.5));
#7702=CARTESIAN_POINT('',(-15.1702084901997,54.3795793115649,24.5));
#7703=CARTESIAN_POINT('',(-15.1702084901997,54.3795793115649,6.5));
#7704=CARTESIAN_POINT('',(-15.1702084901997,54.3795793115649,6.5));
#7705=CARTESIAN_POINT('Origin',(-15.0702084901997,54.3795793115649,2.68115407044749));
#7706=CARTESIAN_POINT('',(-15.0401761552173,54.2841955663276,24.4));
#7707=CARTESIAN_POINT('',(-15.0401761552173,54.2841955663276,6.5));
#7708=CARTESIAN_POINT('',(-15.1655622633766,54.349451949567,24.5));
#7709=CARTESIAN_POINT('Ctrl Pts',(-15.0401761552173,54.2841955663275,24.4));
#7710=CARTESIAN_POINT('Ctrl Pts',(-15.0406253399863,54.2840541369109,24.4004713937506));
#7711=CARTESIAN_POINT('Ctrl Pts',(-15.0410755294424,54.2839158786923,24.4009427934294));
#7712=CARTESIAN_POINT('Ctrl Pts',(-15.0514617887853,54.2808062622918,24.4117943017695));
#7713=CARTESIAN_POINT('Ctrl Pts',(-15.0619323873377,54.2793554620121,24.4222275847425));
#7714=CARTESIAN_POINT('Ctrl Pts',(-15.0827080518656,54.2798471139874,24.4419129457259));
#7715=CARTESIAN_POINT('Ctrl Pts',(-15.0931293412958,54.2816354124151,24.4513224404602));
#7716=CARTESIAN_POINT('Ctrl Pts',(-15.1139563019789,54.288961839753,24.468993835476));
#7717=CARTESIAN_POINT('Ctrl Pts',(-15.1244982192893,54.294664139914,24.4773361451995));
#7718=CARTESIAN_POINT('Ctrl Pts',(-15.1414042763856,54.3087277334212,24.4892290427192));
#7719=CARTESIAN_POINT('Ctrl Pts',(-15.1481159965338,54.3160433024628,24.4934273231246));
#7720=CARTESIAN_POINT('Ctrl Pts',(-15.1587404776573,54.332212019806,24.4986890785049));
#7721=CARTESIAN_POINT('Ctrl Pts',(-15.1627444654567,54.3405335562566,24.5));
#7722=CARTESIAN_POINT('Ctrl Pts',(-15.1655622633765,54.349451949567,24.5));
#7723=CARTESIAN_POINT('Origin',(-15.0702084901997,54.3795793115649,24.5));
#7724=CARTESIAN_POINT('Origin',(-3.4922401371338E-5,6.51618150664048,24.4));
#7725=CARTESIAN_POINT('',(15.1702084901997,54.3049873662562,24.4912279710786));
#7726=CARTESIAN_POINT('Ctrl Pts',(14.9892030214835,54.3049873662562,24.4298994882347));
#7727=CARTESIAN_POINT('Ctrl Pts',(14.9999663525076,54.3049873662562,24.440180227065));
#7728=CARTESIAN_POINT('Ctrl Pts',(15.0145697955451,54.3049873662562,24.4483480393767));
#7729=CARTESIAN_POINT('Ctrl Pts',(15.0700704722617,54.3049873662562,24.4740460261199));
#7730=CARTESIAN_POINT('Ctrl Pts',(15.1198138290938,54.3049873662562,24.4843825485594));
#7731=CARTESIAN_POINT('Ctrl Pts',(15.1702084901997,54.3049873662562,24.4912279710786));
#7732=CARTESIAN_POINT('',(15.1702084901997,54.3479564642818,24.5));
#7733=CARTESIAN_POINT('Ctrl Pts',(15.1702084901997,54.3049873662562,24.4912279710786));
#7734=CARTESIAN_POINT('Ctrl Pts',(15.1702084901997,54.3057029279125,24.491534164898));
#7735=CARTESIAN_POINT('Ctrl Pts',(15.1702084901997,54.3064152517017,24.4918297768927));
#7736=CARTESIAN_POINT('Ctrl Pts',(15.1702084901997,54.3193175447329,24.4970258720086));
#7737=CARTESIAN_POINT('Ctrl Pts',(15.1702084901997,54.3348101874568,24.5));
#7738=CARTESIAN_POINT('Ctrl Pts',(15.1702084901997,54.3479564642818,24.5));
#7739=CARTESIAN_POINT('Origin',(-3.4922401371338E-5,6.51618150664048,24.5));
#7740=CARTESIAN_POINT('Origin',(-3.4922401371338E-5,6.51618150664048,24.4));
#7741=CARTESIAN_POINT('Origin',(-14.9999999999933,54.4751958564345,0.));
#7742=CARTESIAN_POINT('',(-15.1702084901997,55.1454043466556,6.5));
#7743=CARTESIAN_POINT('',(-15.1702084901997,58.4751958564559,6.5));
#7744=CARTESIAN_POINT('',(-15.1702082847743,55.1466035038159,6.49999215511947));
#7745=CARTESIAN_POINT('',(-15.1702084901997,58.4751958564559,6.5));
#7746=CARTESIAN_POINT('',(-15.,54.9763952190416,0.));
#7747=CARTESIAN_POINT('',(-15.0010263238145,54.9774215428627,0.039193725468815));
#7748=CARTESIAN_POINT('',(-15.,54.9751958564559,0.));
#7749=CARTESIAN_POINT('',(-15.,58.4751958564559,0.));
#7750=CARTESIAN_POINT('',(-15.,54.8413554708427,-1.04237839385383E-13));
#7751=CARTESIAN_POINT('',(-15.,58.4751958564559,0.));
#7752=CARTESIAN_POINT('',(-15.0392788823486,54.8287395706689,1.49999999999999));
#7753=CARTESIAN_POINT('Origin',(0.499793740086394,6.51618150664048,-591.913242332015));
#7754=CARTESIAN_POINT('',(-15.0392788823486,53.8834890164265,1.5));
#7755=CARTESIAN_POINT('',(-15.0392788823486,26.4125856180544,1.5));
#7756=CARTESIAN_POINT('Ctrl Pts',(-15.0527145768914,54.4034220318443,2.01308847415371));
#7757=CARTESIAN_POINT('Ctrl Pts',(-15.0525990958357,54.4035793835481,2.00867843055753));
#7758=CARTESIAN_POINT('Ctrl Pts',(-15.0524847660059,54.4036738717303,2.00431235050767));
#7759=CARTESIAN_POINT('Ctrl Pts',(-15.0523718431337,54.4037093664237,2.));
#7760=CARTESIAN_POINT('Ctrl Pts',(-15.0507809705407,54.4042094204323,1.93924702673675));
#7761=CARTESIAN_POINT('Ctrl Pts',(-15.0489079841093,54.3900888211879,1.86772056063973));
#7762=CARTESIAN_POINT('Ctrl Pts',(-15.0459428134594,54.3427541887363,1.75448526197098));
#7763=CARTESIAN_POINT('Ctrl Pts',(-15.0443354676462,54.3007621256809,1.69310320181005));
#7764=CARTESIAN_POINT('Ctrl Pts',(-15.0420305357344,54.2108929188015,1.60508140331917));
#7765=CARTESIAN_POINT('Ctrl Pts',(-15.0409398394352,54.146627849794,1.56342939209045));
#7766=CARTESIAN_POINT('Ctrl Pts',(-15.0396679311266,54.0265791722528,1.51485717342293));
#7767=CARTESIAN_POINT('Ctrl Pts',(-15.0392788823486,53.949172671665,1.5));
#7768=CARTESIAN_POINT('Ctrl Pts',(-15.0392788823486,53.8834890164265,1.5));
#7769=CARTESIAN_POINT('Origin',(-15.1702084901997,58.6454043466556,6.5));
#7770=CARTESIAN_POINT('',(-15.1702084901997,55.1454043466556,24.5));
#7771=CARTESIAN_POINT('',(-15.1702084901997,58.4751958564559,24.5));
#7772=CARTESIAN_POINT('',(-15.1702084901997,55.1454043466556,6.5));
#7773=CARTESIAN_POINT('Origin',(-2.22044604925031E-15,56.4751958564452,
24.5));
#7774=CARTESIAN_POINT('',(15.1702084901997,55.1454043466556,24.5));
#7775=CARTESIAN_POINT('',(15.1702084901997,54.4751958564559,24.5));
#7776=CARTESIAN_POINT('',(11.6702084901997,58.6454043466556,24.5));
#7777=CARTESIAN_POINT('Origin',(11.6702084901997,55.1454043466556,24.5));
#7778=CARTESIAN_POINT('',(-11.6702084901997,58.6454043466556,24.5));
#7779=CARTESIAN_POINT('',(15.,58.6454043466556,24.5));
#7780=CARTESIAN_POINT('Origin',(-11.6702084901997,55.1454043466556,24.5));
#7781=CARTESIAN_POINT('Origin',(15.1702084901997,54.3049873662562,6.5));
#7782=CARTESIAN_POINT('',(15.1702084901997,54.3049873662562,6.5));
#7783=CARTESIAN_POINT('',(15.1702084901997,55.1454043466556,6.5));
#7784=CARTESIAN_POINT('',(15.1702084901997,54.4751958564559,6.5));
#7785=CARTESIAN_POINT('',(15.1702084901997,55.1454043466556,6.5));
#7786=CARTESIAN_POINT('Origin',(-3.4922401371338E-5,6.51618150664048,6.5));
#7787=CARTESIAN_POINT('Origin',(-12.9999998211862,57.2623963201957,6.5));
#7788=CARTESIAN_POINT('',(-13.5319163535808,58.1091931096118,6.5));
#7789=CARTESIAN_POINT('',(-11.9999998211862,57.2623963201957,6.5));
#7790=CARTESIAN_POINT('Origin',(-11.9999998211862,58.6454043466556,17.0000003278255));
#7791=CARTESIAN_POINT('Origin',(-11.9999998211862,58.6454043466556,10.0000003278255));
#7792=CARTESIAN_POINT('',(1.58510433450674,58.6454043466556,10.0000003278255));
#7793=CARTESIAN_POINT('Origin',(11.6702084901997,55.1454043466556,6.5));
#7794=CARTESIAN_POINT('',(11.6702084901997,58.6454043466556,6.5));
#7795=CARTESIAN_POINT('',(15.1702084901997,55.1466037092412,6.5));
#7796=CARTESIAN_POINT('',(15.1702084901997,54.4751958564559,6.5));
#7797=CARTESIAN_POINT('',(11.6714076473598,58.6454041412302,6.49999215511993));
#7798=CARTESIAN_POINT('Origin',(11.6702084901997,55.1454043466556,6.54581750979705));
#7799=CARTESIAN_POINT('',(11.6702084901997,58.6454043466556,6.5));
#7800=CARTESIAN_POINT('',(15.,58.6454043466556,6.5));
#7801=CARTESIAN_POINT('',(11.6702084901997,58.6454043466556,6.5));
#7802=CARTESIAN_POINT('Origin',(15.1702084901997,58.6454043466556,6.5));
#7803=CARTESIAN_POINT('',(-11.6702084901997,58.6454043466556,6.5));
#7804=CARTESIAN_POINT('Origin',(-11.5,54.9751958564559,0.));
#7805=CARTESIAN_POINT('',(-13.9494897427832,57.4751958564559,-1.5));
#7806=CARTESIAN_POINT('',(-15.,54.9751958564559,-1.5));
#7807=CARTESIAN_POINT('Origin',(-11.5,54.9751958564559,-1.5));
#7808=CARTESIAN_POINT('',(-15.,54.9751958564559,0.));
#7809=CARTESIAN_POINT('',(-11.5011991571534,58.4751956510305,-7.84488002103834E-6));
#7810=CARTESIAN_POINT('Origin',(-11.5,54.9751958564559,0.0458175097968667));
#7811=CARTESIAN_POINT('',(-11.5,58.4751958564559,0.));
#7812=CARTESIAN_POINT('',(15.,58.4751958564559,0.));
#7813=CARTESIAN_POINT('',(-11.5,58.4751958564559,-0.5));
#7814=CARTESIAN_POINT('',(-11.5,58.4751958564559,0.));
#7815=CARTESIAN_POINT('Ctrl Pts',(-11.5,58.4751958564559,-0.5));
#7816=CARTESIAN_POINT('Ctrl Pts',(-11.9181398255924,58.4751958564559,-0.72350513816172));
#7817=CARTESIAN_POINT('Ctrl Pts',(-12.3670349862276,58.396576321443,-0.965135412491461));
#7818=CARTESIAN_POINT('Ctrl Pts',(-13.0023549738201,58.1445566271417,-1.25383217937423));
#7819=CARTESIAN_POINT('Ctrl Pts',(-13.207853824539,58.0390028936823,-1.33769976035047));
#7820=CARTESIAN_POINT('Ctrl Pts',(-13.5968052413846,57.7871499947783,-1.4603665241345));
#7821=CARTESIAN_POINT('Ctrl Pts',(-13.7801590297573,57.641105394334,-1.5));
#7822=CARTESIAN_POINT('Ctrl Pts',(-13.9494897427832,57.4751958564559,-1.5));
#7823=CARTESIAN_POINT('Origin',(-11.5022256864001,54.9774215428627,0.130813044549977));
#7824=CARTESIAN_POINT('',(-11.6714078527853,58.6454043466556,6.5));
#7825=CARTESIAN_POINT('Origin',(-11.6702084901997,55.1454043466556,6.54581750979687));
#7826=CARTESIAN_POINT('',(-11.5022256864001,58.4762221802772,0.0391937254724222));
#7827=CARTESIAN_POINT('Origin',(-11.6702084901997,55.1454043466556,6.5));
#7828=CARTESIAN_POINT('',(-11.6702084901997,58.6454043466556,6.5));
#7829=CARTESIAN_POINT('',(-11.6702084901997,58.6454043466556,6.5));
#7830=CARTESIAN_POINT('',(15.,58.6454043466556,6.5));
#7831=CARTESIAN_POINT('Origin',(2.46392436498155E-5,-1.65002462032573,-1.5));
#7832=CARTESIAN_POINT('',(13.9494897427832,57.4751958564559,-1.5));
#7833=CARTESIAN_POINT('',(-7.49998768037818,57.4751958564559,-1.5));
#7834=CARTESIAN_POINT('',(15.,54.9751958564559,-1.5));
#7835=CARTESIAN_POINT('Origin',(11.5,54.9751958564559,-1.5));
#7836=CARTESIAN_POINT('',(15.,54.6596726366764,-1.5));
#7837=CARTESIAN_POINT('',(15.,54.4751958564559,-1.5));
#7838=CARTESIAN_POINT('',(15.3085682104715,54.3775717899672,-1.49999999999999));
#7839=CARTESIAN_POINT('Ctrl Pts',(15.3085682104715,54.3775717899672,-1.49999999999988));
#7840=CARTESIAN_POINT('Ctrl Pts',(15.2836895248787,54.3855293111062,-1.50000000000973));
#7841=CARTESIAN_POINT('Ctrl Pts',(15.2595624875592,54.395467708736,-1.50000034467472));
#7842=CARTESIAN_POINT('Ctrl Pts',(15.236360050036,54.4072001666453,-1.50000068809351));
#7843=CARTESIAN_POINT('Ctrl Pts',(15.2127623359827,54.4191324986087,-1.50000103736278));
#7844=CARTESIAN_POINT('Ctrl Pts',(15.190119839081,54.4329212337758,-1.50000134930448));
#7845=CARTESIAN_POINT('Ctrl Pts',(15.1686356593671,54.448418314936,-1.50000140804533));
#7846=CARTESIAN_POINT('Ctrl Pts',(15.1585510773633,54.455692578504,-1.50000143561803));
#7847=CARTESIAN_POINT('Ctrl Pts',(15.1487221184861,54.4633438674268,-1.50000141289009));
#7848=CARTESIAN_POINT('Ctrl Pts',(15.1391724892774,54.4713597890952,-1.5000013638112));
#7849=CARTESIAN_POINT('Ctrl Pts',(15.1188331989436,54.4884325104065,-1.50000125928048));
#7850=CARTESIAN_POINT('Ctrl Pts',(15.0999154477673,54.507025313187,-1.50000094218953));
#7851=CARTESIAN_POINT('Ctrl Pts',(15.0826098862602,54.5269756787265,-1.5000010058169));
#7852=CARTESIAN_POINT('Ctrl Pts',(15.0736343978829,54.5373228884341,-1.50000103881708));
#7853=CARTESIAN_POINT('Ctrl Pts',(15.0650930356457,54.5480360017563,-1.50000118005512));
#7854=CARTESIAN_POINT('Ctrl Pts',(15.0570161842274,54.5590963853559,-1.5000015776033));
#7855=CARTESIAN_POINT('Ctrl Pts',(15.0424688866916,54.5790173524198,-1.50000229363129));
#7856=CARTESIAN_POINT('Ctrl Pts',(15.0294262768502,54.6000641596011,-1.5000037898328));
#7857=CARTESIAN_POINT('Ctrl Pts',(15.0179628413674,54.6220481808698,-1.50000490098787));
#7858=CARTESIAN_POINT('Ctrl Pts',(15.0115408888963,54.6343638902333,-1.50000552347013));
#7859=CARTESIAN_POINT('Ctrl Pts',(15.0056361802059,54.646933727404,-1.50000602990054));
#7860=CARTESIAN_POINT('Ctrl Pts',(15.000256822518,54.659721535608,-1.50000631558226));
#7861=CARTESIAN_POINT('',(50.2499999933917,6.51701475446345,-1.5));
#7862=CARTESIAN_POINT('Origin',(-3.4922401371338E-5,6.51618150664048,-1.5));
#7863=CARTESIAN_POINT('',(50.2500705076225,2.26457545880012,-1.5));
#7864=CARTESIAN_POINT('',(50.2499999933917,6.51701475446346,-1.5));
#7865=CARTESIAN_POINT('',(51.2500705076225,2.26457561462701,-1.5));
#7866=CARTESIAN_POINT('',(51.2500705076225,2.26457561462701,-1.5));
#7867=CARTESIAN_POINT('',(51.2501368357613,-1.73542438536265,-1.5));
#7868=CARTESIAN_POINT('',(51.2500705076225,2.26457561462701,-1.5));
#7869=CARTESIAN_POINT('',(32.7561114077582,-1.73542726702614,-1.5));
#7870=CARTESIAN_POINT('',(51.2501368357613,-1.73542438536265,-1.5));
#7871=CARTESIAN_POINT('',(32.7561114077582,-45.2354273828289,-1.5));
#7872=CARTESIAN_POINT('',(32.7561114077582,-23.485427382829,-1.5));
#7873=CARTESIAN_POINT('',(50.2561114077581,-45.2354273828288,-1.5));
#7874=CARTESIAN_POINT('',(32.7561114077582,-45.2354273828289,-1.5));
#7875=CARTESIAN_POINT('',(50.2561114077582,-54.2354273828288,-1.5));
#7876=CARTESIAN_POINT('',(50.2561114077581,-45.2354273828288,-1.5));
#7877=CARTESIAN_POINT('',(-50.2438885922413,-54.2354273828292,-1.5));
#7878=CARTESIAN_POINT('Origin',(0.00611140775770874,127.177310271322,-1.5));
#7879=CARTESIAN_POINT('',(-50.2438885922413,-45.2354273828293,-1.5));
#7880=CARTESIAN_POINT('',(-50.2438885922413,-54.2354273828292,-1.5));
#7881=CARTESIAN_POINT('',(-32.7536272427179,-45.2354273828292,-1.5));
#7882=CARTESIAN_POINT('',(-50.2438885922413,-45.2354273828293,-1.5));
#7883=CARTESIAN_POINT('',(-32.7573859914281,-1.73542726702724,-1.5));
#7884=CARTESIAN_POINT('',(-32.7536272427179,-45.2354273828292,-1.5));
#7885=CARTESIAN_POINT('',(-51.2500711309318,-1.73542438537254,-1.5));
#7886=CARTESIAN_POINT('',(-32.7573859914281,-1.73542726702724,-1.5));
#7887=CARTESIAN_POINT('',(-51.2500705076225,2.26457561462745,-1.5));
#7888=CARTESIAN_POINT('',(-51.2500711309318,-1.73542438537254,-1.5));
#7889=CARTESIAN_POINT('',(-50.2500705076225,2.26457545880011,-1.5));
#7890=CARTESIAN_POINT('',(-51.2500705076225,2.26457561462745,-1.5));
#7891=CARTESIAN_POINT('',(-50.2500698451023,6.51618933711191,-1.5));
#7892=CARTESIAN_POINT('',(-50.2500709751045,-0.73542454119989,-1.5));
#7893=CARTESIAN_POINT('',(-15.3472910895411,54.3651912965298,-1.5));
#7894=CARTESIAN_POINT('Origin',(-3.4922401371338E-5,6.51618150664048,-1.5));
#7895=CARTESIAN_POINT('',(-15.,54.8413005157919,-1.5));
#7896=CARTESIAN_POINT('Origin',(-15.5,54.8413005157919,-1.5));
#7897=CARTESIAN_POINT('',(-15.,58.4751958564559,-1.5));
#7898=CARTESIAN_POINT('',(-5.24788188012084,-16.4759442106284,-1.5));
#7899=CARTESIAN_POINT('',(-5.24788188012084,-15.8418410105005,-1.5));
#7900=CARTESIAN_POINT('',(-5.24788188012083,-9.06298441547704,-1.5));
#7901=CARTESIAN_POINT('',(-2.26912889841689,-18.4854273828291,-1.5));
#7902=CARTESIAN_POINT('Origin',(-2.2691288984169,-15.4854273828291,-1.5));
#7903=CARTESIAN_POINT('',(2.26912889841656,-18.4854273828291,-1.5));
#7904=CARTESIAN_POINT('',(-1.13455212958662,-18.4854273828291,-1.5));
#7905=CARTESIAN_POINT('',(5.24788188012051,-15.8418410105005,-1.5));
#7906=CARTESIAN_POINT('Origin',(2.26912889841656,-15.4854273828291,-1.5));
#7907=CARTESIAN_POINT('',(5.24788188012051,-16.4759442106283,-1.5));
#7908=CARTESIAN_POINT('',(5.24788188012051,-8.74593281541312,-1.5));
#7909=CARTESIAN_POINT('',(10.441452989471,-1.22126051677072,-1.5));
#7910=CARTESIAN_POINT('Origin',(30.2478818801206,-16.4759442106284,-1.5));
#7911=CARTESIAN_POINT('',(-10.4414529894714,-1.22126051677073,-1.5));
#7912=CARTESIAN_POINT('Origin',(-1.72084568816899E-13,6.820626465383,-1.5));
#7913=CARTESIAN_POINT('Origin',(-30.2478818801208,-16.4759442106283,-1.5));
#7914=CARTESIAN_POINT('',(-40.0000000000002,15.0000000000001,-1.5));
#7915=CARTESIAN_POINT('',(-18.3263241796143,7.48184448745794,-1.5));
#7916=CARTESIAN_POINT('Origin',(-40.0000000000002,-19.9999999999999,-1.5));
#7917=CARTESIAN_POINT('',(-18.1644813098069,7.55631719997542,-1.5));
#7918=CARTESIAN_POINT('Origin',(-18.264399391556,7.56036404313639,-1.5));
#7919=CARTESIAN_POINT('',(-9.57780161391172,22.2723363499179,-1.5));
#7920=CARTESIAN_POINT('Origin',(-1.70974345792274E-13,6.82062646538299,
-1.5));
#7921=CARTESIAN_POINT('',(-9.58257373789086,22.4451066492022,-1.5));
#7922=CARTESIAN_POINT('Origin',(-9.63048660658032,22.3573321824482,-1.5));
#7923=CARTESIAN_POINT('',(-19.9766306886223,39.0334461575257,-1.5));
#7924=CARTESIAN_POINT('Origin',(-1.61051727509687E-13,40.0000000000001,
-1.5));
#7925=CARTESIAN_POINT('',(-21.0111272332127,39.9844822665526,-1.5));
#7926=CARTESIAN_POINT('Origin',(-20.9754622230534,38.9851184654019,-1.5));
#7927=CARTESIAN_POINT('',(-45.0002970188295,15.0999034959309,-1.5));
#7928=CARTESIAN_POINT('Origin',(-20.1239102326212,15.123910232621,-1.5));
#7929=CARTESIAN_POINT('',(-44.9002970653947,15.0000000000001,-1.5));
#7930=CARTESIAN_POINT('Origin',(-44.9002970653947,15.1,-1.5));
#7931=CARTESIAN_POINT('',(-22.4501362130755,15.0000000000001,-1.5));
#7932=CARTESIAN_POINT('',(4.99999999999984,-36.2354273828292,-1.5));
#7933=CARTESIAN_POINT('',(4.99999999999984,-31.2354273828288,-1.5));
#7934=CARTESIAN_POINT('',(4.99999999999983,-18.9427260015775,-1.5));
#7935=CARTESIAN_POINT('',(-5.00000000000016,-31.2354273828288,-1.5));
#7936=CARTESIAN_POINT('Origin',(-1.61709462535124E-13,-31.2354273828288,
-1.5));
#7937=CARTESIAN_POINT('',(-5.00000000000017,-36.2354273828294,-1.5));
#7938=CARTESIAN_POINT('',(-5.00000000000016,-16.4427260015773,-1.5));
#7939=CARTESIAN_POINT('',(-10.0000000000002,-41.2354273828294,-1.5));
#7940=CARTESIAN_POINT('Origin',(-10.0000000000002,-36.2354273828294,-1.5));
#7941=CARTESIAN_POINT('',(-27.5000000000002,-41.2354273828292,-1.5));
#7942=CARTESIAN_POINT('',(-4.99998768037847,-41.2354273828294,-1.5));
#7943=CARTESIAN_POINT('',(-27.5000000000002,-46.2354273828288,-1.5));
#7944=CARTESIAN_POINT('Origin',(-27.5000000000002,-43.735427382829,-1.5));
#7945=CARTESIAN_POINT('',(27.4999999999998,-46.2354273828278,-1.5));
#7946=CARTESIAN_POINT('',(-13.7499876803779,-46.2354273828286,-1.5));
#7947=CARTESIAN_POINT('',(27.4999999999999,-41.2354273828287,-1.5));
#7948=CARTESIAN_POINT('Origin',(27.4999999999998,-43.7354273828283,-1.5));
#7949=CARTESIAN_POINT('',(9.99999999999999,-41.2354273828292,-1.5));
#7950=CARTESIAN_POINT('',(13.7500123196223,-41.2354273828291,-1.5));
#7951=CARTESIAN_POINT('Origin',(9.99999999999985,-36.2354273828292,-1.5));
#7952=CARTESIAN_POINT('',(44.9002953778505,15.0000000000001,-1.5));
#7953=CARTESIAN_POINT('',(45.0002953329044,15.0999051885038,-1.5));
#7954=CARTESIAN_POINT('Origin',(44.9002953778505,15.1,-1.5));
#7955=CARTESIAN_POINT('',(21.0111433130344,39.984464914179,-1.5));
#7956=CARTESIAN_POINT('Origin',(20.123491269261,15.1234912692612,-1.5));
#7957=CARTESIAN_POINT('',(19.9766299167969,39.0334302056621,-1.5));
#7958=CARTESIAN_POINT('Origin',(20.9754614126368,38.9851017159452,-1.5));
#7959=CARTESIAN_POINT('',(9.58257373789052,22.4451066492022,-1.5));
#7960=CARTESIAN_POINT('Origin',(-1.61051727509687E-13,40.0000000000001,
-1.5));
#7961=CARTESIAN_POINT('',(9.57780161391137,22.2723363499179,-1.5));
#7962=CARTESIAN_POINT('Origin',(9.63048660657996,22.3573321824482,-1.5));
#7963=CARTESIAN_POINT('',(18.1644813098065,7.55631719997542,-1.5));
#7964=CARTESIAN_POINT('Origin',(-1.70974345792274E-13,6.82062646538299,
-1.5));
#7965=CARTESIAN_POINT('',(18.3263241796139,7.48184448745794,-1.5));
#7966=CARTESIAN_POINT('Origin',(18.2643993915557,7.5603640431364,-1.5));
#7967=CARTESIAN_POINT('',(39.9999999999998,15.0000000000001,-1.5));
#7968=CARTESIAN_POINT('Origin',(39.9999999999998,-19.9999999999999,-1.5));
#7969=CARTESIAN_POINT('',(20.0000123196217,15.0000000000001,-1.5));
#7970=CARTESIAN_POINT('',(-9.49388859224152,-53.9854273828291,-1.5));
#7971=CARTESIAN_POINT('',(11.5061114077584,-53.985427382829,-1.5));
#7972=CARTESIAN_POINT('',(-4.74693197649883,-53.9854273828291,-1.5));
#7973=CARTESIAN_POINT('',(11.5061114077584,-50.485427382829,-1.5));
#7974=CARTESIAN_POINT('',(11.5061114077584,-27.8177260015774,-1.5));
#7975=CARTESIAN_POINT('',(-9.49388859224153,-50.4854273828291,-1.5));
#7976=CARTESIAN_POINT('',(5.7530680235011,-50.485427382829,-1.5));
#7977=CARTESIAN_POINT('',(-9.49388859224152,-26.0677260015774,-1.5));
#7978=CARTESIAN_POINT('',(-17.4938885922415,-11.4854273828292,-1.5));
#7979=CARTESIAN_POINT('Origin',(-15.9938885922415,-11.4854273828292,-1.5));
#7980=CARTESIAN_POINT('',(-37.9938885922414,8.51457261717071,-1.5));
#7981=CARTESIAN_POINT('Origin',(-36.4938885922414,8.51457261717071,-1.5));
#7982=CARTESIAN_POINT('',(-25.5438885922415,-11.4854273828292,-1.5));
#7983=CARTESIAN_POINT('Origin',(-23.9938885922415,-11.4854273828292,-1.5));
#7984=CARTESIAN_POINT('',(14.4561114077583,-35.485427382829,-1.5));
#7985=CARTESIAN_POINT('Origin',(16.0061114077583,-35.485427382829,-1.5));
#7986=CARTESIAN_POINT('',(14.4561114077583,-11.4854273828291,-1.5));
#7987=CARTESIAN_POINT('Origin',(16.0061114077583,-11.4854273828291,-1.5));
#7988=CARTESIAN_POINT('',(25.0061114077583,-52.9854273828289,-1.5));
#7989=CARTESIAN_POINT('Origin',(26.5061114077583,-52.9854273828289,-1.5));
#7990=CARTESIAN_POINT('',(-25.5438885922415,-35.4854273828292,-1.5));
#7991=CARTESIAN_POINT('Origin',(-23.9938885922415,-35.4854273828292,-1.5));
#7992=CARTESIAN_POINT('',(-17.5438885922415,-35.4854273828291,-1.5));
#7993=CARTESIAN_POINT('Origin',(-15.9938885922415,-35.4854273828291,-1.5));
#7994=CARTESIAN_POINT('',(22.4561114077583,-11.485427382829,-1.5));
#7995=CARTESIAN_POINT('Origin',(24.0061114077583,-11.485427382829,-1.5));
#7996=CARTESIAN_POINT('',(22.4561114077583,-35.485427382829,-1.5));
#7997=CARTESIAN_POINT('Origin',(24.0061114077583,-35.485427382829,-1.5));
#7998=CARTESIAN_POINT('',(35.0061114077582,8.51457261717101,-1.5));
#7999=CARTESIAN_POINT('Origin',(36.5061114077582,8.51457261717101,-1.5));
#8000=CARTESIAN_POINT('',(-27.9938885922414,-52.9854273828291,-1.5));
#8001=CARTESIAN_POINT('Origin',(-26.4938885922414,-52.9854273828291,-1.5));
#8002=CARTESIAN_POINT('',(-29.4461581913453,-57.7354273828292,-1.5));
#8003=CARTESIAN_POINT('',(29.458381006862,-57.735427382829,-1.5));
#8004=CARTESIAN_POINT('Origin',(0.00611140775770874,127.177310271322,-1.5));
#8005=CARTESIAN_POINT('',(-29.4461581913453,-57.7354273828292,-1.5));
#8006=CARTESIAN_POINT('',(32.7561114077582,-54.0921818239284,-1.5));
#8007=CARTESIAN_POINT('',(32.7561114077582,-56.9469844533705,-1.5));
#8008=CARTESIAN_POINT('',(32.7561114077582,-56.9469844533705,-1.5));
#8009=CARTESIAN_POINT('',(46.2857686762751,-54.0201282618263,-1.5));
#8010=CARTESIAN_POINT('Origin',(0.00611140775770874,127.177310271322,-1.5));
#8011=CARTESIAN_POINT('',(32.7561114077582,-54.0921818239284,-1.5));
#8012=CARTESIAN_POINT('',(-32.7438885922414,-54.2354273828292,-1.5));
#8013=CARTESIAN_POINT('',(-46.3574017045733,-54.2354273828292,-1.5));
#8014=CARTESIAN_POINT('',(-46.3574017045733,-54.2354273828292,-1.5));
#8015=CARTESIAN_POINT('',(-32.7438885922414,-57.1799359418151,-1.5));
#8016=CARTESIAN_POINT('Origin',(0.00611140775770874,127.177310271322,-1.5));
#8017=CARTESIAN_POINT('',(-32.7438885922414,-54.2354273828292,-1.5));
#8018=CARTESIAN_POINT('',(-31.7535408309685,-46.2354273828292,-1.5));
#8019=CARTESIAN_POINT('',(-31.7438885922414,-46.2354273828292,-1.5));
#8020=CARTESIAN_POINT('',(-49.2438885922413,-46.2354273828293,-1.5));
#8021=CARTESIAN_POINT('',(-31.7438885922414,-0.735427424957829,-1.5));
#8022=CARTESIAN_POINT('',(-31.7438885922414,-46.2354273828292,-1.5));
#8023=CARTESIAN_POINT('',(-31.7574723956975,-0.735427422841113,-1.5));
#8024=CARTESIAN_POINT('',(-31.7574723956975,-0.735427422841111,-1.5));
#8025=CARTESIAN_POINT('',(-31.7535408309685,-46.2354273828292,-1.5));
#8026=CARTESIAN_POINT('',(13.7499999999998,40.0000000000001,-1.5));
#8027=CARTESIAN_POINT('Origin',(-1.61051727509687E-13,40.0000000000001,
-1.5));
#8028=CARTESIAN_POINT('Origin',(-7.49998768037818,57.4751958564559,-0.5));
#8029=CARTESIAN_POINT('',(11.5,58.4751958564559,-0.5));
#8030=CARTESIAN_POINT('',(-7.49998768037818,58.4751958564559,-0.5));
#8031=CARTESIAN_POINT('Ctrl Pts',(13.9494897427832,57.4751958564559,-1.5));
#8032=CARTESIAN_POINT('Ctrl Pts',(13.7801590297573,57.641105394334,-1.5));
#8033=CARTESIAN_POINT('Ctrl Pts',(13.5968052413846,57.7871499947783,-1.4603665241345));
#8034=CARTESIAN_POINT('Ctrl Pts',(13.207853824539,58.0390028936823,-1.33769976035047));
#8035=CARTESIAN_POINT('Ctrl Pts',(13.0023549738201,58.1445566271417,-1.25383217937423));
#8036=CARTESIAN_POINT('Ctrl Pts',(12.3670349862276,58.396576321443,-0.965135412491462));
#8037=CARTESIAN_POINT('Ctrl Pts',(11.9181398255924,58.4751958564559,-0.72350513816172));
#8038=CARTESIAN_POINT('Ctrl Pts',(11.5,58.4751958564559,-0.5));
#8039=CARTESIAN_POINT('Origin',(-15.,58.4751958564559,0.));
#8040=CARTESIAN_POINT('',(11.5,58.4751958564559,0.));
#8041=CARTESIAN_POINT('',(15.,58.4751958564559,0.));
#8042=CARTESIAN_POINT('',(11.5,58.4751958564559,0.));
#8043=CARTESIAN_POINT('Origin',(-15.,58.4751958564559,0.));
#8044=CARTESIAN_POINT('',(15.,58.6454043466556,6.5));
#8045=CARTESIAN_POINT('',(11.5011993625855,58.4751958564559,0.));
#8046=CARTESIAN_POINT('',(11.4933237622003,58.4673202560707,-0.30075704475225));
#8047=CARTESIAN_POINT('',(15.,58.4751958564559,0.));
#8048=CARTESIAN_POINT('Origin',(15.1702084901997,58.6454043466556,6.5));
#8049=CARTESIAN_POINT('Origin',(11.5,54.9751958564559,0.));
#8050=CARTESIAN_POINT('',(14.9999997945746,54.9763950136161,-7.84488019377465E-6));
#8051=CARTESIAN_POINT('Origin',(11.5,54.9751958564559,0.0458175097970456));
#8052=CARTESIAN_POINT('',(15.,54.9751958564559,0.));
#8053=CARTESIAN_POINT('',(15.,54.4751958564559,0.));
#8054=CARTESIAN_POINT('',(15.,54.9751958564559,0.));
#8055=CARTESIAN_POINT('Origin',(11.4933237622003,54.9685196186562,-0.209137725674695));
#8056=CARTESIAN_POINT('',(14.9921243996147,54.9685196186562,-0.300757044752251));
#8057=CARTESIAN_POINT('Origin',(15.,58.4751958564559,0.));
#8058=CARTESIAN_POINT('',(15.,54.8413330687955,-2.13249172943864E-13));
#8059=CARTESIAN_POINT('',(15.,54.4751958564559,0.));
#8060=CARTESIAN_POINT('Ctrl Pts',(14.9999999999997,54.8413330687946,-1.10916900664115E-11));
#8061=CARTESIAN_POINT('Ctrl Pts',(15.0000000000686,54.8395771254313,-1.29339516433163E-11));
#8062=CARTESIAN_POINT('Ctrl Pts',(15.0000003373013,54.8378802304575,-0.000353360349621029));
#8063=CARTESIAN_POINT('Ctrl Pts',(15.0000009214973,54.836244822025,-0.00099233203546655));
#8064=CARTESIAN_POINT('Ctrl Pts',(15.0000016785275,54.8341255782033,-0.00182034341840069));
#8065=CARTESIAN_POINT('Ctrl Pts',(15.0000028219348,54.8321829551529,-0.00309969430892973));
#8066=CARTESIAN_POINT('Ctrl Pts',(15.0000040898008,54.8304429145922,-0.00456340164552458));
#8067=CARTESIAN_POINT('Ctrl Pts',(15.0000064684522,54.8271784135569,-0.00730947218124299));
#8068=CARTESIAN_POINT('Ctrl Pts',(15.0000095065932,54.8243172841885,-0.0109690025431686));
#8069=CARTESIAN_POINT('Ctrl Pts',(15.0000123358563,54.8219679009445,-0.0145149393858389));
#8070=CARTESIAN_POINT('Ctrl Pts',(15.0000197521225,54.8158095300772,-0.0238098018580872));
#8071=CARTESIAN_POINT('Ctrl Pts',(15.0000289580624,54.810476930652,-0.0363710603923625));
#8072=CARTESIAN_POINT('Ctrl Pts',(15.000037219262,54.8061044631296,-0.0485924568689771));
#8073=CARTESIAN_POINT('Ctrl Pts',(15.0000604230518,54.7938232180391,-0.0829195192674617));
#8074=CARTESIAN_POINT('Ctrl Pts',(15.0000894345687,54.7832685404971,-0.131023531784201));
#8075=CARTESIAN_POINT('Ctrl Pts',(15.000109899995,54.7746995840634,-0.178203030314013));
#8076=CARTESIAN_POINT('Ctrl Pts',(15.0001172040959,54.7716413275794,-0.195041370945939));
#8077=CARTESIAN_POINT('Ctrl Pts',(15.0001236523574,54.7688356281039,-0.211761947547301));
#8078=CARTESIAN_POINT('Ctrl Pts',(15.0001300952286,54.766293299693,-0.227696425324131));
#8079=CARTESIAN_POINT('Ctrl Pts',(15.0001620743007,54.7536744995022,-0.306786911963515));
#8080=CARTESIAN_POINT('Ctrl Pts',(15.0001863034772,54.7423007101734,-0.400468811657925));
#8081=CARTESIAN_POINT('Ctrl Pts',(15.0002077731652,54.7323702567707,-0.49568480906807));
#8082=CARTESIAN_POINT('Ctrl Pts',(15.0002316176289,54.7213413896661,-0.60143270788805));
#8083=CARTESIAN_POINT('Ctrl Pts',(15.0002472667054,54.7120917267586,-0.709072805816579));
#8084=CARTESIAN_POINT('Ctrl Pts',(15.0002545053949,54.7048412709218,-0.800714777462692));
#8085=CARTESIAN_POINT('Ctrl Pts',(15.0002555379056,54.703807081933,-0.813786385664978));
#8086=CARTESIAN_POINT('Ctrl Pts',(15.0002564698254,54.7028135152908,-0.826532499914224));
#8087=CARTESIAN_POINT('Ctrl Pts',(15.000257395392,54.7018611707422,-0.838901199303281));
#8088=CARTESIAN_POINT('Ctrl Pts',(15.0002704655029,54.6884129230943,-1.01356207463715));
#8089=CARTESIAN_POINT('Ctrl Pts',(15.0002715751862,54.676316859171,-1.20298471205275));
#8090=CARTESIAN_POINT('Ctrl Pts',(15.0002627387897,54.6655846006167,-1.39343141180677));
#8091=CARTESIAN_POINT('Ctrl Pts',(15.0002610907663,54.6635829913734,-1.42895048476292));
#8092=CARTESIAN_POINT('Ctrl Pts',(15.0002591055554,54.6616286744162,-1.46450516555393));
#8093=CARTESIAN_POINT('Ctrl Pts',(15.000256822518,54.659721535608,-1.50000631558226));
#8094=CARTESIAN_POINT('Origin',(15.,58.4751958564559,0.));
#8095=CARTESIAN_POINT('',(15.0392788823538,54.8287171059873,1.49999999999928));
#8096=CARTESIAN_POINT('',(15.0392788823538,28.4125856180651,1.5));
#8097=CARTESIAN_POINT('Origin',(-0.49986358488915,6.51618150664048,-591.91590962099));
#8098=CARTESIAN_POINT('Origin',(-3.4922401371338E-5,6.51618150664048,2.));
#8099=CARTESIAN_POINT('Origin',(-3.4922401371338E-5,6.51618150664048,1.5));
#8100=CARTESIAN_POINT('Origin',(-15.5,54.8413005157919,0.));
#8101=CARTESIAN_POINT('',(-15.,54.8413005157919,0.));
#8102=CARTESIAN_POINT('',(-15.,54.8413005157919,0.));
#8103=CARTESIAN_POINT('',(-15.3472910557463,54.3651913073692,-0.00654666169836566));
#8104=CARTESIAN_POINT('',(-15.3472910895411,54.3651912965298,0.));
#8105=CARTESIAN_POINT('Ctrl Pts',(-15.3472910748666,54.3651913012365,-0.00654535807487135));
#8106=CARTESIAN_POINT('Ctrl Pts',(-15.3463625290004,54.3654891262666,-0.00653195245864721));
#8107=CARTESIAN_POINT('Ctrl Pts',(-15.3454348710373,54.3657896622818,-0.00651854708062293));
#8108=CARTESIAN_POINT('Ctrl Pts',(-15.3067823784569,54.3784370823468,-0.00595946357415918));
#8109=CARTESIAN_POINT('Ctrl Pts',(-15.270660396946,54.3952299262815,-0.00541610041598896));
#8110=CARTESIAN_POINT('Ctrl Pts',(-15.2031514361537,54.4370029420848,-0.00435698194915422));
#8111=CARTESIAN_POINT('Ctrl Pts',(-15.1720038042741,54.4618349187203,-0.00384498202694235));
#8112=CARTESIAN_POINT('Ctrl Pts',(-15.0983898831698,54.5364267680702,-0.00256815129440153));
#8113=CARTESIAN_POINT('Ctrl Pts',(-15.0621454805061,54.5912557353515,-0.00186348489885414));
#8114=CARTESIAN_POINT('Ctrl Pts',(-15.0127152973871,54.7117172944261,-0.000710640919548368));
#8115=CARTESIAN_POINT('Ctrl Pts',(-15.,54.7761972178286,-0.000273461859172098));
#8116=CARTESIAN_POINT('Ctrl Pts',(-15.,54.8413005157919,-1.15110795038693E-7));
#8117=CARTESIAN_POINT('Ctrl Pts',(-15.3863526957071,54.3526449535926,1.49999999999999));
#8118=CARTESIAN_POINT('Ctrl Pts',(-15.3732773333409,54.3568505671742,0.99570362270779));
#8119=CARTESIAN_POINT('Ctrl Pts',(-15.3602002466648,54.3610508198313,0.491340741466769));
#8120=CARTESIAN_POINT('Ctrl Pts',(-15.3471214400753,54.3652457101519,-0.0130884741547277));
#8121=CARTESIAN_POINT('Ctrl Pts',(-15.2864565373464,54.3847759667594,1.5028864979693));
#8122=CARTESIAN_POINT('Ctrl Pts',(-15.2733506368549,54.3889608604316,0.998590495091243));
#8123=CARTESIAN_POINT('Ctrl Pts',(-15.2602432619567,54.3931415311891,0.494227982746255));
#8124=CARTESIAN_POINT('Ctrl Pts',(-15.2471339283867,54.3973156579788,-0.0102008580052603));
#8125=CARTESIAN_POINT('Ctrl Pts',(-15.1080639341011,54.5141479305966,1.50864751426439));
#8126=CARTESIAN_POINT('Ctrl Pts',(-15.0948893638979,54.5183276217752,1.00435224038216));
#8127=CARTESIAN_POINT('Ctrl Pts',(-15.0817128500524,54.5225016829609,0.499990468650097));
#8128=CARTESIAN_POINT('Ctrl Pts',(-15.0685348242806,54.5266705456964,-0.00443764224656083));
#8129=CARTESIAN_POINT('Ctrl Pts',(-15.0395984800889,54.7236569793746,1.51220494529728));
#8130=CARTESIAN_POINT('Ctrl Pts',(-15.0263926567102,54.7278815891045,1.00790921450405));
#8131=CARTESIAN_POINT('Ctrl Pts',(-15.0131862166391,54.7321010106273,0.503546950987822));
#8132=CARTESIAN_POINT('Ctrl Pts',(-14.9999769140273,54.73631479019,-0.00088161747154485));
#8133=CARTESIAN_POINT('Ctrl Pts',(-15.0396216161063,54.8286293337083,1.51308847415444));
#8134=CARTESIAN_POINT('Ctrl Pts',(-15.0264161507224,54.8328767941621,1.00879209686224));
#8135=CARTESIAN_POINT('Ctrl Pts',(-15.0132089438713,54.837118840349,0.504429215621222));
#8136=CARTESIAN_POINT('Ctrl Pts',(-14.9999999999933,54.8413554708428,-2.75608529054505E-13));
#8137=CARTESIAN_POINT('',(-15.3863526957071,54.3526449535926,1.49999999999999));
#8138=CARTESIAN_POINT('Origin',(-3.49224013707072E-5,6.51618150664048,-591.926330806169));
#8139=CARTESIAN_POINT('Ctrl Pts',(-15.3863526957071,54.3526449535926,1.49999999999999));
#8140=CARTESIAN_POINT('Ctrl Pts',(-15.3614862872263,54.3606430879695,1.50000000000007));
#8141=CARTESIAN_POINT('Ctrl Pts',(-15.3373746730773,54.3706208153469,1.49999965663311));
#8142=CARTESIAN_POINT('Ctrl Pts',(-15.3141905963509,54.3823911397673,1.49999931486611));
#8143=CARTESIAN_POINT('Ctrl Pts',(-15.2906126341736,54.3943614359008,1.49999896729268));
#8144=CARTESIAN_POINT('Ctrl Pts',(-15.2679928409505,54.4081864538755,1.4999986574328));
#8145=CARTESIAN_POINT('Ctrl Pts',(-15.2465341488416,54.4237179348401,1.49999860006522));
#8146=CARTESIAN_POINT('Ctrl Pts',(-15.2364614866567,54.4310083773422,1.49999857313701));
#8147=CARTESIAN_POINT('Ctrl Pts',(-15.2266450642157,54.4386754328957,1.49999859635064));
#8148=CARTESIAN_POINT('Ctrl Pts',(-15.2171085757864,54.4467066835528,1.49999864561931));
#8149=CARTESIAN_POINT('Ctrl Pts',(-15.1967970576496,54.4638122349927,1.49999875055538));
#8150=CARTESIAN_POINT('Ctrl Pts',(-15.1779096283896,54.4824356692937,1.49999906675445));
#8151=CARTESIAN_POINT('Ctrl Pts',(-15.1606367551426,54.502414277975,1.49999899946411));
#8152=CARTESIAN_POINT('Ctrl Pts',(-15.151766547935,54.5126739722475,1.49999896490823));
#8153=CARTESIAN_POINT('Ctrl Pts',(-15.1433225786957,54.5232917635477,1.49999882340429));
#8154=CARTESIAN_POINT('Ctrl Pts',(-15.1353343089499,54.5342495217643,1.49999843127957));
#8155=CARTESIAN_POINT('Ctrl Pts',(-15.1207235897165,54.5542915000431,1.49999771407492));
#8156=CARTESIAN_POINT('Ctrl Pts',(-15.1076350722746,54.5754700386695,1.49999621140245));
#8157=CARTESIAN_POINT('Ctrl Pts',(-15.0961443689999,54.5975933341365,1.49999510351848));
#8158=CARTESIAN_POINT('Ctrl Pts',(-15.0839329119505,54.6211043121791,1.4999939261426));
#8159=CARTESIAN_POINT('Ctrl Pts',(-15.0736016095748,54.6455353581451,1.49999323989908));
#8160=CARTESIAN_POINT('Ctrl Pts',(-15.0652178904175,54.6706414552746,1.49999351557061));
#8161=CARTESIAN_POINT('Ctrl Pts',(-15.0609181570294,54.6835175454736,1.49999365695346));
#8162=CARTESIAN_POINT('Ctrl Pts',(-15.0571314471968,54.6965716140495,1.49999403534628));
#8163=CARTESIAN_POINT('Ctrl Pts',(-15.0538718988707,54.7097722887345,1.49999459639538));
#8164=CARTESIAN_POINT('Ctrl Pts',(-15.047551396416,54.7353693618267,1.49999568431058));
#8165=CARTESIAN_POINT('Ctrl Pts',(-15.0432400146563,54.7613953849264,1.49999753434562));
#8166=CARTESIAN_POINT('Ctrl Pts',(-15.041021712191,54.7876168993812,1.49999882544226));
#8167=CARTESIAN_POINT('Ctrl Pts',(-15.0398656646277,54.8012819961676,1.49999949828519));
#8168=CARTESIAN_POINT('Ctrl Pts',(-15.0392788811088,54.8150004124221,1.50000000003207));
#8169=CARTESIAN_POINT('Ctrl Pts',(-15.0392788823486,54.8287395706689,1.49999999999996));
#8170=CARTESIAN_POINT('',(-15.,58.4751958564559,0.));
#8171=CARTESIAN_POINT('Origin',(-15.,54.4751958564345,0.));
#8172=CARTESIAN_POINT('Ctrl Pts',(15.3082976508629,54.3776583283921,-1.51043506303566));
#8173=CARTESIAN_POINT('Ctrl Pts',(15.3343225706232,54.3693343452361,-0.506694410394202));
#8174=CARTESIAN_POINT('Ctrl Pts',(15.3603407010703,54.3609891353031,0.496784388998166));
#8175=CARTESIAN_POINT('Ctrl Pts',(15.3863520075865,54.3526227096964,1.50000000000034));
#8176=CARTESIAN_POINT('Ctrl Pts',(15.2082199533245,54.4096678437438,-1.50754634127207));
#8177=CARTESIAN_POINT('Ctrl Pts',(15.234305579581,54.4013852519677,-0.503806435270505));
#8178=CARTESIAN_POINT('Ctrl Pts',(15.2603839530971,54.393079037261,0.499671629831948));
#8179=CARTESIAN_POINT('Ctrl Pts',(15.2864560103134,54.3847538304099,1.50288649599935));
#8180=CARTESIAN_POINT('Ctrl Pts',(15.0294168480872,54.5390056831271,-1.50178095081869));
#8181=CARTESIAN_POINT('Ctrl Pts',(15.0556391704713,54.530733684334,-0.498042498434999));
#8182=CARTESIAN_POINT('Ctrl Pts',(15.0818551066339,54.5224406817201,0.505434092468071));
#8183=CARTESIAN_POINT('Ctrl Pts',(15.1080637710558,54.5141258241726,1.50864750841919));
#8184=CARTESIAN_POINT('Ctrl Pts',(14.9607675631747,54.7487834396317,-1.49822631682476));
#8185=CARTESIAN_POINT('Ctrl Pts',(14.9870521522772,54.7404220894695,-0.494486952911816));
#8186=CARTESIAN_POINT('Ctrl Pts',(15.0133276425289,54.7320388503537,0.50899061702966));
#8187=CARTESIAN_POINT('Ctrl Pts',(15.0395984800059,54.7236346346075,1.51220494192902));
#8188=CARTESIAN_POINT('Ctrl Pts',(14.9607905996616,54.8538915976363,-1.49734658888172));
#8189=CARTESIAN_POINT('Ctrl Pts',(14.9870744736675,54.8454847888349,-0.493605936240265));
#8190=CARTESIAN_POINT('Ctrl Pts',(15.0133514908048,54.8370565420448,0.509872863152103));
#8191=CARTESIAN_POINT('Ctrl Pts',(15.0396216161114,54.82860686848,1.51308847415428));
#8192=CARTESIAN_POINT('',(15.3863520075865,54.3526227096964,1.49999999999999));
#8193=CARTESIAN_POINT('Ctrl Pts',(15.0392788823538,54.8287171059873,1.50000000000012));
#8194=CARTESIAN_POINT('Ctrl Pts',(15.039278879967,54.8026102301052,1.50000000006185));
#8195=CARTESIAN_POINT('Ctrl Pts',(15.0413943382114,54.7766160515484,1.49999826627782));
#8196=CARTESIAN_POINT('Ctrl Pts',(15.0454998360019,54.7509560153611,1.49999676268002));
#8197=CARTESIAN_POINT('Ctrl Pts',(15.0496763824567,54.7248519133406,1.49999523306135));
#8198=CARTESIAN_POINT('Ctrl Pts',(15.0559127501815,54.6990923077891,1.49999392256775));
#8199=CARTESIAN_POINT('Ctrl Pts',(15.0641295330181,54.6739156031353,1.49999356490845));
#8200=CARTESIAN_POINT('Ctrl Pts',(15.0679744742199,54.6621344777273,1.49999339754624));
#8201=CARTESIAN_POINT('Ctrl Pts',(15.0722537716669,54.6504811850174,1.4999934218007));
#8202=CARTESIAN_POINT('Ctrl Pts',(15.0769628595905,54.6389818091536,1.49999363331244));
#8203=CARTESIAN_POINT('Ctrl Pts',(15.0870261736307,54.6144076596665,1.49999408531277));
#8204=CARTESIAN_POINT('Ctrl Pts',(15.0989714986603,54.5907247325878,1.49999541775261));
#8205=CARTESIAN_POINT('Ctrl Pts',(15.1127015638407,54.5681639306595,1.49999672923882));
#8206=CARTESIAN_POINT('Ctrl Pts',(15.1197741457011,54.5565424914036,1.49999740480688));
#8207=CARTESIAN_POINT('Ctrl Pts',(15.1273211223679,54.5452190106899,1.49999805501733));
#8208=CARTESIAN_POINT('Ctrl Pts',(15.1353340961801,54.5342273484278,1.49999844778914));
#8209=CARTESIAN_POINT('Ctrl Pts',(15.1499060088556,54.5142385719265,1.49999916206035));
#8210=CARTESIAN_POINT('Ctrl Pts',(15.1660176357384,54.4953452546039,1.49999904512063));
#8211=CARTESIAN_POINT('Ctrl Pts',(15.1835103978708,54.4776766331531,1.49999890466709));
#8212=CARTESIAN_POINT('Ctrl Pts',(15.202152881974,54.4588467312754,1.49999875498216));
#8213=CARTESIAN_POINT('Ctrl Pts',(15.2222473560058,54.4415247228086,1.49999855748334));
#8214=CARTESIAN_POINT('Ctrl Pts',(15.2435807082945,54.4258493237253,1.49999860425026));
#8215=CARTESIAN_POINT('Ctrl Pts',(15.2545493842789,54.4177897196301,1.49999862829576));
#8216=CARTESIAN_POINT('Ctrl Pts',(15.2658461973274,54.4101659890554,1.4999987052783));
#8217=CARTESIAN_POINT('Ctrl Pts',(15.2774453685096,54.4030012949766,1.49999882773189));
#8218=CARTESIAN_POINT('Ctrl Pts',(15.2998868856566,54.3891393903201,1.49999906464934));
#8219=CARTESIAN_POINT('Ctrl Pts',(15.3233523241879,54.3770587668191,1.49999947756643));
#8220=CARTESIAN_POINT('Ctrl Pts',(15.3476447836547,54.3669105895907,1.49999975435933));
#8221=CARTESIAN_POINT('Ctrl Pts',(15.3603298319525,54.3616114094705,1.49999989889518));
#8222=CARTESIAN_POINT('Ctrl Pts',(15.3732408531345,54.356839856508,1.49999999999987));
#8223=CARTESIAN_POINT('Ctrl Pts',(15.3863520075865,54.3526227096964,1.49999999999993));
#8224=CARTESIAN_POINT('Origin',(-3.49224013707072E-5,6.51618150664048,-591.928998095144));
#8225=CARTESIAN_POINT('Origin',(-3.4922401371338E-5,6.51618150664048,0.));
#8226=CARTESIAN_POINT('',(50.2499999933917,6.51701475446345,1.5));
#8227=CARTESIAN_POINT('Origin',(-3.4922401371338E-5,6.51618150664048,1.5));
#8228=CARTESIAN_POINT('',(50.2499999933917,6.51701475446346,0.));
#8229=CARTESIAN_POINT('Origin',(14.9739107841072,54.3049873662562,6.5));
#8230=CARTESIAN_POINT('Origin',(-1.61051727509687E-13,40.0000000000001,
-2.));
#8231=CARTESIAN_POINT('',(12.8839745962154,40.0000000000001,-0.999999999999996));
#8232=CARTESIAN_POINT('Origin',(12.8839745962154,40.0000000000001,-2.));
#8233=CARTESIAN_POINT('Origin',(-1.61051727509687E-13,40.0000000000001,
-0.999999999999996));
#8234=CARTESIAN_POINT('Origin',(-1.62092561595273E-13,40.0000000000001,
-0.999999999999996));
#8235=CARTESIAN_POINT('',(-7.37650214721014,34.8745527384846,-0.999999999999996));
#8236=CARTESIAN_POINT('Origin',(-8.87650214721014,34.8745527384846,-0.999999999999996));
#8237=CARTESIAN_POINT('',(10.3770186078346,34.8754472745268,-0.999999999999996));
#8238=CARTESIAN_POINT('Origin',(8.87701860783462,34.8754472745268,-0.999999999999996));
#8239=CARTESIAN_POINT('',(1.49948353937504,50.2499999869888,-0.999999999999996));
#8240=CARTESIAN_POINT('Origin',(-0.000516460624962051,50.2499999869888,
-0.999999999999996));
#8241=CARTESIAN_POINT('Origin',(-50.5725987894429,-16.9186501218167,6.02));
#8242=CARTESIAN_POINT('',(-50.5725958504298,1.94205021650927,6.5));
#8243=CARTESIAN_POINT('',(-50.5725963179119,-1.05794978349093,6.5));
#8244=CARTESIAN_POINT('',(-50.5725987894429,-16.9186501218167,6.5));
#8245=CARTESIAN_POINT('',(-50.0927607271522,-0.578114342273874,6.00743506481222));
#8246=CARTESIAN_POINT('Origin',(-50.5725963179119,-1.05794978349093,6.02));
#8247=CARTESIAN_POINT('',(-50.0927602596701,2.42188565772604,6.00743506481222));
#8248=CARTESIAN_POINT('',(-50.0927632734547,-16.9186501965882,6.00743506481222));
#8249=CARTESIAN_POINT('Origin',(-50.5725958504298,1.94205021650927,6.02));
#8250=CARTESIAN_POINT('Origin',(-25.1227284496845,-1.0579537492607,6.02));
#8251=CARTESIAN_POINT('',(-32.0799698206844,-1.0579526651365,6.5));
#8252=CARTESIAN_POINT('',(-25.1227284496845,-1.0579537492607,6.5));
#8253=CARTESIAN_POINT('',(-31.6001757645333,-0.578117223912975,6.00743506481222));
#8254=CARTESIAN_POINT('Origin',(-32.0799698206844,-1.0579526651365,6.02));
#8255=CARTESIAN_POINT('',(-25.1227283749133,-0.57811823327244,6.00743506481222));
#8256=CARTESIAN_POINT('Origin',(-32.4314964347753,-40.6700429608208,6.02));
#8257=CARTESIAN_POINT('',(-32.9146826225923,-1.89273746595538,6.00743506481222));
#8258=CARTESIAN_POINT('',(-32.9135500500016,-15.0000004470348,6.00743506481222));
#8259=CARTESIAN_POINT('',(-32.9113319489723,-40.6700844224556,6.00743506481222));
#8260=CARTESIAN_POINT('',(-32.913714534014,-15.0000004470348,6.02));
#8261=CARTESIAN_POINT('Origin',(-32.4337145322221,-15.0000004470348,6.02));
#8262=CARTESIAN_POINT('',(-32.4337560080698,-14.5200004470348,6.5));
#8263=CARTESIAN_POINT('Origin',(-32.4337560080698,-14.5200004470348,6.02));
#8264=CARTESIAN_POINT('',(-32.4348885664412,-1.41290202473185,6.5));
#8265=CARTESIAN_POINT('',(-32.4314964347753,-40.6700429608208,6.5));
#8266=CARTESIAN_POINT('Origin',(-32.4348885664412,-1.41290202473185,6.02));
#8267=CARTESIAN_POINT('Origin',(0.00230433260660107,-14.5200004470348,6.02));
#8268=CARTESIAN_POINT('',(-32.0788065918429,-14.5200004470348,6.5));
#8269=CARTESIAN_POINT('',(0.00230433260660107,-14.5200004470348,6.5));
#8270=CARTESIAN_POINT('',(-31.5987651142033,-15.0000004470348,6.02));
#8271=CARTESIAN_POINT('',(0.00230433260660107,-15.0000004470348,6.02));
#8272=CARTESIAN_POINT('Origin',(-32.0788065918429,-14.5200004470348,6.02));
#8273=CARTESIAN_POINT('Origin',(-32.0784695958219,-18.42005551436,6.02));
#8274=CARTESIAN_POINT('',(-32.0784695958219,-18.42005551436,6.5));
#8275=CARTESIAN_POINT('',(-31.5989295982156,-15.0000004470348,6.00743506481222));
#8276=CARTESIAN_POINT('Origin',(-32.0787651159952,-15.0000004470348,6.02));
#8277=CARTESIAN_POINT('',(-31.5986340816249,-18.4200140527252,6.00743506481222));
#8278=CARTESIAN_POINT('Origin',(-16.3763859352435,-1.41290452707584,6.02));
#8279=CARTESIAN_POINT('',(-51.4073813788842,-1.89273458429856,6.00743506481222));
#8280=CARTESIAN_POINT('',(-16.3763860100147,-1.8927400430641,6.00743506481222));
#8281=CARTESIAN_POINT('',(-50.9275457881244,-1.41289914308149,6.5));
#8282=CARTESIAN_POINT('',(-16.3763859352435,-1.41290452707584,6.5));
#8283=CARTESIAN_POINT('Origin',(-50.9275457881244,-1.4128991430815,6.02));
#8284=CARTESIAN_POINT('Origin',(-50.9275485159986,-18.918650066507,6.02));
#8285=CARTESIAN_POINT('',(-51.4073807065484,2.42188586257983,6.00743506481222));
#8286=CARTESIAN_POINT('',(-51.4073840319868,-18.9186499917355,6.00743506481222));
#8287=CARTESIAN_POINT('',(-50.9275452653317,1.94205027182009,6.5));
#8288=CARTESIAN_POINT('',(-50.9275485159986,-18.918650066507,6.5));
#8289=CARTESIAN_POINT('Origin',(-50.9275452653317,1.94205027182009,6.02));
#8290=CARTESIAN_POINT('Origin',(-25.6227279821921,1.94204632863795,6.02));
#8291=CARTESIAN_POINT('',(-25.6227279074206,2.42188184462621,6.00743506481222));
#8292=CARTESIAN_POINT('',(-25.6227279821921,1.94204632863795,6.5));
#8293=CARTESIAN_POINT('Origin',(-31.7574723956975,-0.735427422841113,0.));
#8294=CARTESIAN_POINT('',(-31.612217249562,-15.0000004470348,5.50000013411045));
#8295=CARTESIAN_POINT('',(-31.6733980968532,-15.0000004470348,3.1635978462984));
#8296=CARTESIAN_POINT('',(-31.6109211293206,-30.0000004470348,5.50000013411045));
#8297=CARTESIAN_POINT('',(-31.6121853586977,-15.3690734310663,5.50000013411045));
#8298=CARTESIAN_POINT('',(-31.5976334779741,-30.0000004470348,6.00743506481222));
#8299=CARTESIAN_POINT('',(-31.6263089028723,-30.0000004470348,4.91236477235346));
#8300=CARTESIAN_POINT('',(-31.5962170140778,-46.3927376062684,6.00743506481222));
#8301=CARTESIAN_POINT('',(-31.5986340816249,-18.4200140527252,6.00743506481222));
#8302=CARTESIAN_POINT('',(-31.7142585544578,-46.274706265183,1.5));
#8303=CARTESIAN_POINT('',(-31.7691218889545,-46.2198476711134,-0.594965186718238));
#8304=CARTESIAN_POINT('',(-31.7181969072069,-0.696148546607503,1.5));
#8305=CARTESIAN_POINT('',(-31.7181538806698,-1.19409467530605,1.5));
#8306=CARTESIAN_POINT('',(-31.7638028287103,-0.741758401891115,-0.241770373432344));
#8307=CARTESIAN_POINT('Origin',(0.,-15.0000004470348,5.50000013411045));
#8308=CARTESIAN_POINT('',(-32.9002623986552,-15.0000004470348,5.50000013411045));
#8309=CARTESIAN_POINT('',(-32.8169780505718,-15.0000004470348,2.31949920912019));
#8310=CARTESIAN_POINT('',(0.,-15.0000004470348,5.50000013411045));
#8311=CARTESIAN_POINT('Origin',(-32.7536272427179,-45.2354273828292,0.));
#8312=CARTESIAN_POINT('',(-32.7573859914281,-1.73542726702724,0.));
#8313=CARTESIAN_POINT('',(-32.7722770212978,-1.75031958133633,0.568714627444407));
#8314=CARTESIAN_POINT('',(-32.7536272427179,-45.2354273828292,0.));
#8315=CARTESIAN_POINT('',(-32.7536272427179,-45.2354273828292,0.));
#8316=CARTESIAN_POINT('',(-32.9109510596086,-45.07811715939,6.00743506481222));
#8317=CARTESIAN_POINT('',(-32.7596166223992,-45.2294385206559,0.228705419337873));
#8318=CARTESIAN_POINT('',(-32.9122539297602,-30.0000004470348,6.00743506481222));
#8319=CARTESIAN_POINT('',(-32.9113319489723,-40.6700844224556,6.00743506481222));
#8320=CARTESIAN_POINT('',(-32.8989662784138,-30.0000004470348,5.50000013411045));
#8321=CARTESIAN_POINT('',(-32.8614767803575,-30.0000004470348,4.06833396886774));
#8322=CARTESIAN_POINT('',(-32.8983079235506,-37.6191415044776,5.50000013411045));
#8323=CARTESIAN_POINT('Origin',(0.00460866521320213,-36.1018836340048,6.5));
#8324=CARTESIAN_POINT('Origin',(50.9278633050517,-16.9182344755265,6.02));
#8325=CARTESIAN_POINT('',(50.9275505631555,1.94205027182061,6.5));
#8326=CARTESIAN_POINT('',(50.9276061950431,-1.41289914306894,6.5));
#8327=CARTESIAN_POINT('',(50.9278633050517,-16.9182344755265,6.5));
#8328=CARTESIAN_POINT('',(51.4074496677453,-1.89273458428997,6.00743506481222));
#8329=CARTESIAN_POINT('Origin',(50.9276061950431,-1.41289914306894,6.02));
#8330=CARTESIAN_POINT('',(51.4073781225593,2.42188586257893,6.00743506481222));
#8331=CARTESIAN_POINT('',(51.407698820974,-16.9182265188773,6.00743506481222));
#8332=CARTESIAN_POINT('Origin',(50.9275505631555,1.94205027182062,6.02));
#8333=CARTESIAN_POINT('Origin',(25.6273700228127,-1.41290308524838,6.02));
#8334=CARTESIAN_POINT('',(32.4335861152091,-1.41290202473159,6.5));
#8335=CARTESIAN_POINT('',(25.6273700228127,-1.41290308524838,6.5));
#8336=CARTESIAN_POINT('',(32.9134216311974,-1.89273746595386,6.00743506481222));
#8337=CARTESIAN_POINT('Origin',(32.4335861152091,-1.41290202473159,6.02));
#8338=CARTESIAN_POINT('',(25.6273700975787,-1.89273860123665,6.00743506481222));
#8339=CARTESIAN_POINT('Origin',(32.4335861152091,-18.9186554505155,6.02));
#8340=CARTESIAN_POINT('',(32.4335861152091,-14.5200004470348,6.5));
#8341=CARTESIAN_POINT('',(32.4335861152091,-18.9186554505155,6.5));
#8342=CARTESIAN_POINT('',(32.9135861152091,-15.0000004470348,6.02));
#8343=CARTESIAN_POINT('Origin',(32.4335861152091,-14.5200004470348,6.02));
#8344=CARTESIAN_POINT('',(32.9134216311974,-15.0000004470348,6.00743506481222));
#8345=CARTESIAN_POINT('Origin',(32.4335861152091,-15.0000004470348,6.02));
#8346=CARTESIAN_POINT('',(32.9134216311974,-18.9186554505155,6.00743506481222));
#8347=CARTESIAN_POINT('Origin',(32.0786367003074,-41.1686555084168,6.02));
#8348=CARTESIAN_POINT('',(31.5988011843191,-0.578117223914333,6.00743506481222));
#8349=CARTESIAN_POINT('',(31.5988011843191,-15.0000004470348,6.00743506481222));
#8350=CARTESIAN_POINT('',(31.5988011843191,-41.1686555084168,6.00743506481222));
#8351=CARTESIAN_POINT('',(31.5986367003074,-15.0000004470348,6.02));
#8352=CARTESIAN_POINT('Origin',(32.0786367003074,-15.0000004470348,6.02));
#8353=CARTESIAN_POINT('',(32.0786367003074,-14.5200004470348,6.5));
#8354=CARTESIAN_POINT('Origin',(32.0786367003074,-14.5200004470348,6.02));
#8355=CARTESIAN_POINT('',(32.0786367003074,-1.05795266513659,6.5));
#8356=CARTESIAN_POINT('',(32.0786367003074,-41.1686555084168,6.5));
#8357=CARTESIAN_POINT('Origin',(32.0786367003074,-1.0579526651366,6.02));
#8358=CARTESIAN_POINT('Origin',(0.00230433260660107,-14.5200004470348,6.02));
#8359=CARTESIAN_POINT('',(0.00230433260660107,-14.5200004470348,6.5));
#8360=CARTESIAN_POINT('',(0.00230433260660107,-15.0000004470348,6.02));
#8361=CARTESIAN_POINT('Origin',(15.8803573314123,-1.05795518908631,6.02));
#8362=CARTESIAN_POINT('',(50.0928074216149,-0.578114342253835,6.00743506481222));
#8363=CARTESIAN_POINT('',(15.8803572566463,-0.578119673098052,6.00743506481222));
#8364=CARTESIAN_POINT('',(50.5726508942956,-1.05794978347485,6.5));
#8365=CARTESIAN_POINT('',(15.8803573314123,-1.05795518908631,6.5));
#8366=CARTESIAN_POINT('Origin',(50.5726508942956,-1.05794978347486,6.02));
#8367=CARTESIAN_POINT('Origin',(50.5729387623205,-18.4182321493397,6.02));
#8368=CARTESIAN_POINT('',(50.0927576756456,2.42188565772571,6.00743506481222));
#8369=CARTESIAN_POINT('',(50.0931032463982,-18.4182401059673,6.00743506481222));
#8370=CARTESIAN_POINT('',(50.5726011483262,1.94205021650995,6.5));
#8371=CARTESIAN_POINT('',(50.5729387623205,-18.4182321493397,6.5));
#8372=CARTESIAN_POINT('Origin',(50.5726011483262,1.94205021650995,6.02));
#8373=CARTESIAN_POINT('Origin',(25.1273366474135,1.94204625145346,6.02));
#8374=CARTESIAN_POINT('',(25.1273365726422,2.42188176744172,6.00743506481222));
#8375=CARTESIAN_POINT('',(25.1273366474135,1.94204625145346,6.5));
#8376=CARTESIAN_POINT('Origin',(32.7561114077582,-1.73542726702614,0.));
#8377=CARTESIAN_POINT('',(32.9001339799006,-15.0000004470348,5.50000013411045));
#8378=CARTESIAN_POINT('',(32.8168505712821,-15.0000004470348,2.31953507396545));
#8379=CARTESIAN_POINT('',(32.9001339799006,-30.0000004470348,5.50000013411045));
#8380=CARTESIAN_POINT('',(32.9001339799006,-15.8677138570305,5.50000013411045));
#8381=CARTESIAN_POINT('',(32.9134216311974,-30.0000004470348,6.00743506481222));
#8382=CARTESIAN_POINT('',(32.8626445329947,-30.0000004470348,4.06833591687571));
#8383=CARTESIAN_POINT('',(32.9134216311974,-45.0781171593898,6.00743506481222));
#8384=CARTESIAN_POINT('',(32.9134216311974,-18.9186554505155,6.00743506481222));
#8385=CARTESIAN_POINT('',(32.7561114077582,-45.2354273828289,0.));
#8386=CARTESIAN_POINT('',(32.7710050117586,-45.2205337788286,0.568763790153537));
#8387=CARTESIAN_POINT('',(32.7561114077582,-1.73542726702614,0.));
#8388=CARTESIAN_POINT('',(32.7561114077582,-23.485427382829,0.));
#8389=CARTESIAN_POINT('',(32.7624434226434,-1.74175928092467,0.241809892709977));
#8390=CARTESIAN_POINT('Origin',(0.,-15.0000004470348,5.50000013411045));
#8391=CARTESIAN_POINT('',(31.6120888356159,-15.0000004470348,5.50000013411045));
#8392=CARTESIAN_POINT('',(31.6732693044159,-15.0000004470348,3.16361229156744));
#8393=CARTESIAN_POINT('',(0.,-15.0000004470348,5.50000013411045));
#8394=CARTESIAN_POINT('Origin',(31.7561114077582,-46.2354273828289,0.));
#8395=CARTESIAN_POINT('',(31.7168325254045,-0.696148546608549,1.5));
#8396=CARTESIAN_POINT('',(31.7716897726817,-0.751005785338163,-0.59491375479395));
#8397=CARTESIAN_POINT('',(31.7168325254045,-46.2747062651827,1.5));
#8398=CARTESIAN_POINT('',(31.7168325254045,-23.9427260015773,1.5));
#8399=CARTESIAN_POINT('',(31.5988011843191,-46.3927376062681,6.00743506481222));
#8400=CARTESIAN_POINT('',(31.7621030875125,-46.2294357030746,-0.22881301841816));
#8401=CARTESIAN_POINT('',(31.5988011843191,-30.0000004470348,6.00743506481222));
#8402=CARTESIAN_POINT('',(31.5988011843191,-41.1686555084168,6.00743506481222));
#8403=CARTESIAN_POINT('',(31.6120888356159,-30.0000004470348,5.50000013411045));
#8404=CARTESIAN_POINT('',(31.6274753427034,-30.0000004470348,4.91241313447769));
#8405=CARTESIAN_POINT('',(31.6120888356159,-38.1177139149319,5.50000013411045));
#8406=CARTESIAN_POINT('Origin',(0.00460866521320213,-36.1018836340048,6.5));
#8407=CARTESIAN_POINT('Origin',(-14.720774763066,-57.41290209028,6.02));
#8408=CARTESIAN_POINT('',(-32.4213632996922,-57.4129020902801,6.5));
#8409=CARTESIAN_POINT('',(-32.4905083532436,-57.4820471438684,6.49499364371205));
#8410=CARTESIAN_POINT('Origin',(-32.4213632996922,-57.4129020902801,6.02));
#8411=CARTESIAN_POINT('',(-27.3863729419002,-57.8927376062684,6.00743506481222));
#8412=CARTESIAN_POINT('Ctrl Pts',(-32.490508353242,-57.4820471438502,6.49499364371199));
#8413=CARTESIAN_POINT('Ctrl Pts',(-30.4744610945239,-57.6580880137573,6.46936728946202));
#8414=CARTESIAN_POINT('Ctrl Pts',(-28.5970375861306,-57.8025223364714,6.3483723990998));
#8415=CARTESIAN_POINT('Ctrl Pts',(-27.6887138484212,-57.870376181616,6.16706715130058));
#8416=CARTESIAN_POINT('Ctrl Pts',(-27.5649043513279,-57.8795634538871,6.13799594502769));
#8417=CARTESIAN_POINT('Ctrl Pts',(-27.4568313399557,-57.8875456527672,6.09226452175503));
#8418=CARTESIAN_POINT('Ctrl Pts',(-27.4323392632481,-57.8893518769407,6.07995432109773));
#8419=CARTESIAN_POINT('Ctrl Pts',(-27.4063885626564,-57.8912639010339,6.06005753327844));
#8420=CARTESIAN_POINT('Ctrl Pts',(-27.3987729699684,-57.8918247406935,6.05308973474692));
#8421=CARTESIAN_POINT('Ctrl Pts',(-27.3899085972277,-57.8924773625129,6.0406942599018));
#8422=CARTESIAN_POINT('Ctrl Pts',(-27.3872259115198,-57.8926748259677,6.03571375554167));
#8423=CARTESIAN_POINT('Ctrl Pts',(-27.3843257506323,-57.8928882860749,6.02581496305975));
#8424=CARTESIAN_POINT('Ctrl Pts',(-27.383845495727,-57.8929236301033,6.02119564956167));
#8425=CARTESIAN_POINT('Ctrl Pts',(-27.3846216996204,-57.892866502083,6.01337494195425));
#8426=CARTESIAN_POINT('Ctrl Pts',(-27.3853346757079,-57.8928140276251,6.01035347868566));
#8427=CARTESIAN_POINT('Ctrl Pts',(-27.3863729419003,-57.8927376062683,6.00743506481226));
#8428=CARTESIAN_POINT('',(27.3985957574169,-57.8927376062682,6.00743506481222));
#8429=CARTESIAN_POINT('',(-14.720774763066,-57.8927376062683,6.00743506481222));
#8430=CARTESIAN_POINT('',(33.2851713760181,-57.4129020902799,6.5));
#8431=CARTESIAN_POINT('Ctrl Pts',(27.3985957574169,-57.8927376062682,6.00743506481224));
#8432=CARTESIAN_POINT('Ctrl Pts',(27.3969364836615,-57.8928597367513,6.01209903979594));
#8433=CARTESIAN_POINT('Ctrl Pts',(27.3961502573723,-57.8929175988214,6.01690719349148));
#8434=CARTESIAN_POINT('Ctrl Pts',(27.3966604071219,-57.8928800523571,6.02663710216841));
#8435=CARTESIAN_POINT('Ctrl Pts',(27.3978732442112,-57.8927907910294,6.03122688223375));
#8436=CARTESIAN_POINT('Ctrl Pts',(27.4024704437488,-57.8924524001696,6.04162856438341));
#8437=CARTESIAN_POINT('Ctrl Pts',(27.4064405599093,-57.8921601348091,6.04712075395909));
#8438=CARTESIAN_POINT('Ctrl Pts',(27.4196069151201,-57.8911905943337,6.06163637979907));
#8439=CARTESIAN_POINT('Ctrl Pts',(27.4312313629946,-57.8903342022824,6.07005717062561));
#8440=CARTESIAN_POINT('Ctrl Pts',(27.4731617540291,-57.8872430046418,6.0959618284803));
#8441=CARTESIAN_POINT('Ctrl Pts',(27.5153903340088,-57.8841248000462,6.11236565227351));
#8442=CARTESIAN_POINT('Ctrl Pts',(27.7252420266672,-57.8685902438434,6.18129150050405));
#8443=CARTESIAN_POINT('Ctrl Pts',(27.9968575055014,-57.8482797294279,6.2246863569599));
#8444=CARTESIAN_POINT('Ctrl Pts',(29.2734156996527,-57.7515546075374,6.39887988586949));
#8445=CARTESIAN_POINT('Ctrl Pts',(31.2512295746722,-57.5945952740129,6.49884553136566));
#8446=CARTESIAN_POINT('Ctrl Pts',(33.2622281251138,-57.4149531972955,6.49999671158922));
#8447=CARTESIAN_POINT('Ctrl Pts',(33.2736998175993,-57.4139279030005,6.5));
#8448=CARTESIAN_POINT('Ctrl Pts',(33.2851713760181,-57.4129020902799,6.5));
#8449=CARTESIAN_POINT('',(-14.720774763066,-57.41290209028,6.5));
#8450=CARTESIAN_POINT('Origin',(-29.4461581913453,-57.7354273828292,0.));
#8451=CARTESIAN_POINT('',(-29.4461581913453,-57.7354273828292,0.));
#8452=CARTESIAN_POINT('Ctrl Pts',(-29.446158191345,-57.7354273828293,1.17197918036993E-13));
#8453=CARTESIAN_POINT('Ctrl Pts',(-28.4162655666219,-57.8169325840938,3.11255806098766));
#8454=CARTESIAN_POINT('Ctrl Pts',(-27.3863729419002,-57.8927376062684,6.00743506481222));
#8455=CARTESIAN_POINT('',(29.458381006862,-57.735427382829,0.));
#8456=CARTESIAN_POINT('',(-14.7230626694652,-57.7354273828292,6.93889390390723E-17));
#8457=CARTESIAN_POINT('Ctrl Pts',(29.4583810068617,-57.7354273828291,1.27189925258619E-13));
#8458=CARTESIAN_POINT('Ctrl Pts',(28.4284883821392,-57.8169325840935,3.11255806098583));
#8459=CARTESIAN_POINT('Ctrl Pts',(27.3985957574169,-57.8927376062682,6.00743506481222));
#8460=CARTESIAN_POINT('Origin',(0.00460866521320213,-36.1018836340048,6.5));
#8461=CARTESIAN_POINT('',(32.4335861152091,-30.4800004470348,6.5));
#8462=CARTESIAN_POINT('',(32.4335861152091,-45.557952675378,6.5));
#8463=CARTESIAN_POINT('',(32.4335861152091,-18.9186554505155,6.5));
#8464=CARTESIAN_POINT('',(32.0786367003074,-30.4800004470348,6.5));
#8465=CARTESIAN_POINT('',(0.00230433260660107,-30.4800004470348,6.5));
#8466=CARTESIAN_POINT('',(32.0786367003074,-45.9129020902798,6.5));
#8467=CARTESIAN_POINT('',(32.0786367003074,-41.1686555084168,6.5));
#8468=CARTESIAN_POINT('',(49.5786367003072,-45.9129020902797,6.5));
#8469=CARTESIAN_POINT('',(24.6303600364857,-45.9129020902798,6.5));
#8470=CARTESIAN_POINT('',(49.5786367003072,-53.557952675378,6.5));
#8471=CARTESIAN_POINT('',(49.5786367003072,-44.6686555084168,6.5));
#8472=CARTESIAN_POINT('',(32.0786367003074,-53.557952675378,6.5));
#8473=CARTESIAN_POINT('',(15.8803600364857,-53.557952675378,6.5));
#8474=CARTESIAN_POINT('',(32.0786367003074,-57.057952675378,6.5));
#8475=CARTESIAN_POINT('',(32.0786367003074,-46.4186555084168,6.5));
#8476=CARTESIAN_POINT('',(-32.0664138847905,-57.0579526753783,6.5));
#8477=CARTESIAN_POINT('',(-15.8696399635141,-57.0579526753782,6.5));
#8478=CARTESIAN_POINT('',(-32.0664138847905,-53.5579526753783,6.5));
#8479=CARTESIAN_POINT('',(-32.0664138847905,-44.668655508417,6.5));
#8480=CARTESIAN_POINT('',(-49.5664138847904,-53.5579526753783,6.5));
#8481=CARTESIAN_POINT('',(-24.6196399635141,-53.5579526753783,6.5));
#8482=CARTESIAN_POINT('',(-49.5664138847904,-45.9129020902801,6.5));
#8483=CARTESIAN_POINT('',(-49.5664138847904,-41.168655508417,6.5));
#8484=CARTESIAN_POINT('',(-32.0760939934924,-45.9129020902801,6.5));
#8485=CARTESIAN_POINT('',(-15.8744660828777,-45.91290209028,6.5));
#8486=CARTESIAN_POINT('',(-32.077427519906,-30.4800004470348,6.5));
#8487=CARTESIAN_POINT('',(-32.0784695958219,-18.42005551436,6.5));
#8488=CARTESIAN_POINT('',(-32.4323769361329,-30.4800004470348,6.5));
#8489=CARTESIAN_POINT('',(0.00230433260660107,-30.4800004470348,6.5));
#8490=CARTESIAN_POINT('',(-32.431074080194,-45.5579526753783,6.5));
#8491=CARTESIAN_POINT('',(-32.4314964347753,-40.6700429608208,6.5));
#8492=CARTESIAN_POINT('',(-49.9213632996922,-45.5579526753784,6.5));
#8493=CARTESIAN_POINT('',(-25.119639963514,-45.5579526753782,6.5));
#8494=CARTESIAN_POINT('',(-49.9213632996922,-53.9899288925874,6.5));
#8495=CARTESIAN_POINT('',(-49.9213632996922,-45.168655508417,6.5));
#8496=CARTESIAN_POINT('',(49.933586115209,-53.989928892587,6.5));
#8497=CARTESIAN_POINT('Origin',(0.00611140775770874,127.177310271322,6.5));
#8498=CARTESIAN_POINT('',(49.933586115209,-45.557952675378,6.5));
#8499=CARTESIAN_POINT('',(49.933586115209,-40.6686555084167,6.5));
#8500=CARTESIAN_POINT('',(16.3803600364857,-45.5579526753781,6.5));
#8501=CARTESIAN_POINT('',(32.4335861152091,-53.771369598835,6.5));
#8502=CARTESIAN_POINT('',(32.4335861152091,-57.3315376098349,6.5));
#8503=CARTESIAN_POINT('',(32.433586115209,-46.5244340436876,6.5));
#8504=CARTESIAN_POINT('',(48.8347296161971,-53.6840236455458,6.5));
#8505=CARTESIAN_POINT('',(16.4270100763271,-53.8566142430836,6.5));
#8506=CARTESIAN_POINT('Origin',(0.00611140775770874,127.177310271322,6.5));
#8507=CARTESIAN_POINT('',(-48.8546839081415,-53.9129020902801,6.5));
#8508=CARTESIAN_POINT('Origin',(0.00611140775770874,127.177310271322,6.5));
#8509=CARTESIAN_POINT('',(-32.4213632996923,-53.91290209028,6.5));
#8510=CARTESIAN_POINT('',(-23.17639651968,-53.91290209028,6.5));
#8511=CARTESIAN_POINT('',(-32.4213632996925,-45.1686555084173,6.5));
#8512=CARTESIAN_POINT('Origin',(32.433586115209,-46.5244340436876,6.02));
#8513=CARTESIAN_POINT('',(32.9134216311974,-56.759128725479,6.00743506481222));
#8514=CARTESIAN_POINT('Ctrl Pts',(32.4335861152091,-57.3315376098349,6.5));
#8515=CARTESIAN_POINT('Ctrl Pts',(32.4346187993633,-57.3303076036316,6.5));
#8516=CARTESIAN_POINT('Ctrl Pts',(32.4356514810803,-57.3290775880315,6.49999666738574));
#8517=CARTESIAN_POINT('Ctrl Pts',(32.4857092506182,-57.2694537444738,6.49967357644236));
#8518=CARTESIAN_POINT('Ctrl Pts',(32.5351020467379,-57.2105935353105,6.49184349118638));
#8519=CARTESIAN_POINT('Ctrl Pts',(32.6283465711813,-57.0994248536739,6.46129814927756));
#8520=CARTESIAN_POINT('Ctrl Pts',(32.6731907481681,-57.0459358063567,6.43912443126454));
#8521=CARTESIAN_POINT('Ctrl Pts',(32.7617246132163,-56.9402930185442,6.37502152795234));
#8522=CARTESIAN_POINT('Ctrl Pts',(32.801896282494,-56.8923330644717,6.33315829697622));
#8523=CARTESIAN_POINT('Ctrl Pts',(32.8571873185282,-56.8263064199767,6.24970974829497));
#8524=CARTESIAN_POINT('Ctrl Pts',(32.8773898061776,-56.8021747093449,6.20900906823325));
#8525=CARTESIAN_POINT('Ctrl Pts',(32.9033373643961,-56.771177374207,6.12610805419664));
#8526=CARTESIAN_POINT('Ctrl Pts',(32.9107608683206,-56.7623077517572,6.08643474777001));
#8527=CARTESIAN_POINT('Ctrl Pts',(32.9135890621497,-56.7589286833335,6.03252626559167));
#8528=CARTESIAN_POINT('Ctrl Pts',(32.9137492523597,-56.7587372891241,6.01994641223446));
#8529=CARTESIAN_POINT('Ctrl Pts',(32.9134216311974,-56.7591287254785,6.00743506481221));
#8530=CARTESIAN_POINT('',(32.9134216311974,-54.2486565066195,6.00743506481222));
#8531=CARTESIAN_POINT('',(32.9134216311973,-46.5244340436876,6.00743506481222));
#8532=CARTESIAN_POINT('Origin',(32.4335861152091,-53.771369598835,6.02));
#8533=CARTESIAN_POINT('Origin',(0.00611140775770874,127.177310271322,6.02));
#8534=CARTESIAN_POINT('',(44.9889288812186,-54.1843471679359,6.00743506481222));
#8535=CARTESIAN_POINT('Origin',(0.00611140775769625,127.177310271322,6.00743506481222));
#8536=CARTESIAN_POINT('Ctrl Pts',(44.9889288812185,-54.1843471679359,6.0074350648122));
#8537=CARTESIAN_POINT('Ctrl Pts',(44.9872666311802,-54.1845547277135,6.01502328270486));
#8538=CARTESIAN_POINT('Ctrl Pts',(44.9871040300974,-54.1845750292148,6.02264386639324));
#8539=CARTESIAN_POINT('Ctrl Pts',(44.9899303487009,-54.1842221194484,6.03839893797573));
#8540=CARTESIAN_POINT('Ctrl Pts',(44.9930204526869,-54.1838362669819,6.04603637273911));
#8541=CARTESIAN_POINT('Ctrl Pts',(45.003520286978,-54.1825249522167,6.06416928219027));
#8542=CARTESIAN_POINT('Ctrl Pts',(45.0124463232624,-54.1814099889256,6.07406105968826));
#8543=CARTESIAN_POINT('Ctrl Pts',(45.0426753727627,-54.1776326806665,6.10155388553288));
#8544=CARTESIAN_POINT('Ctrl Pts',(45.0701731449187,-54.1741943336711,6.11777870264357));
#8545=CARTESIAN_POINT('Ctrl Pts',(45.1756613583199,-54.1609918908943,6.17124375067661));
#8546=CARTESIAN_POINT('Ctrl Pts',(45.2880242963915,-54.1468915324878,6.20446181087885));
#8547=CARTESIAN_POINT('Ctrl Pts',(46.0374144104187,-54.0525082737022,6.39142759267754));
#8548=CARTESIAN_POINT('Ctrl Pts',(47.3907364568322,-53.8793404255725,6.49880303583384));
#8549=CARTESIAN_POINT('Ctrl Pts',(48.818891911889,-53.6861666373479,6.49999668835311));
#8550=CARTESIAN_POINT('Ctrl Pts',(48.8268108110186,-53.6850952630044,6.5));
#8551=CARTESIAN_POINT('Ctrl Pts',(48.8347296161971,-53.6840236455458,6.5));
#8552=CARTESIAN_POINT('Origin',(16.4270100763271,-53.8566142430836,6.02));
#8553=CARTESIAN_POINT('',(16.4295654527998,-54.3364429546618,6.00743506481222));
#8554=CARTESIAN_POINT('Origin',(32.7561114077582,-54.0921818239284,0.));
#8555=CARTESIAN_POINT('',(32.7561114077582,-54.0921818239284,0.));
#8556=CARTESIAN_POINT('',(32.7570836554365,-54.0931489075905,0.0371286408889515));
#8557=CARTESIAN_POINT('',(46.2857686762751,-54.0201282618263,0.));
#8558=CARTESIAN_POINT('',(16.4442828759468,-54.17905212129,-6.93889390390723E-17));
#8559=CARTESIAN_POINT('Ctrl Pts',(46.285768676275,-54.0201282618263,-5.3776427755281E-15));
#8560=CARTESIAN_POINT('Ctrl Pts',(45.6373548637848,-54.1033803160073,3.04735232778056));
#8561=CARTESIAN_POINT('Ctrl Pts',(44.9889288812186,-54.1843471679359,6.00743506481222));
#8562=CARTESIAN_POINT('Origin',(32.7561114077582,-56.9469844533705,0.));
#8563=CARTESIAN_POINT('',(32.7561114077582,-56.9469844533705,0.));
#8564=CARTESIAN_POINT('Ctrl Pts',(32.7561114077582,-56.9469844533702,-1.02695629777827E-14));
#8565=CARTESIAN_POINT('Ctrl Pts',(32.8348066664422,-56.8530565871275,3.00525068312302));
#8566=CARTESIAN_POINT('Ctrl Pts',(32.9134216311974,-56.759128725479,6.00743506481222));
#8567=CARTESIAN_POINT('',(32.7561114077581,-43.1739147405267,-6.93889390390723E-17));
#8568=CARTESIAN_POINT('Origin',(-23.17639651968,-53.91290209028,6.02));
#8569=CARTESIAN_POINT('',(-45.0892157779869,-54.3927376062684,6.00743506481222));
#8570=CARTESIAN_POINT('Ctrl Pts',(-48.8546839081415,-53.9129020902801,6.5));
#8571=CARTESIAN_POINT('Ctrl Pts',(-48.8469157822177,-53.9139316584626,6.5));
#8572=CARTESIAN_POINT('Ctrl Pts',(-48.8391475655221,-53.9149609931446,6.49999668746693));
#8573=CARTESIAN_POINT('Ctrl Pts',(-48.1974395040899,-53.999970825831,6.49944978166823));
#8574=CARTESIAN_POINT('Ctrl Pts',(-47.5237251375258,-54.0874309515287,6.47685614550071));
#8575=CARTESIAN_POINT('Ctrl Pts',(-46.2689596809751,-54.2470777991005,6.3772815946103));
#8576=CARTESIAN_POINT('Ctrl Pts',(-45.7538038048002,-54.3109809809926,6.30454373633448));
#8577=CARTESIAN_POINT('Ctrl Pts',(-45.350323580815,-54.3607154348055,6.19468865541196));
#8578=CARTESIAN_POINT('Ctrl Pts',(-45.2543972528375,-54.3725015872937,6.16372211776339));
#8579=CARTESIAN_POINT('Ctrl Pts',(-45.162122672452,-54.3838128713351,6.11381774481501));
#8580=CARTESIAN_POINT('Ctrl Pts',(-45.1375148871997,-54.3868267989194,6.09827454526154));
#8581=CARTESIAN_POINT('Ctrl Pts',(-45.1101031592241,-54.3901821010562,6.07173715373995));
#8582=CARTESIAN_POINT('Ctrl Pts',(-45.1019266555599,-54.3911825930051,6.06200674513801));
#8583=CARTESIAN_POINT('Ctrl Pts',(-45.0923201569205,-54.3923578749418,6.04397646251738));
#8584=CARTESIAN_POINT('Ctrl Pts',(-45.089557728569,-54.3926957792401,6.0362597920148));
#8585=CARTESIAN_POINT('Ctrl Pts',(-45.0874692177691,-54.3929512487307,6.0211500647246));
#8586=CARTESIAN_POINT('Ctrl Pts',(-45.0877557976539,-54.3929161961592,6.0142551375904));
#8587=CARTESIAN_POINT('Ctrl Pts',(-45.0892157779871,-54.3927376062683,6.00743506481226));
#8588=CARTESIAN_POINT('',(-32.9011988156806,-54.3927376062683,6.00743506481222));
#8589=CARTESIAN_POINT('',(-23.17639651968,-54.3927376062682,6.00743506481222));
#8590=CARTESIAN_POINT('Origin',(-32.4213632996923,-53.91290209028,6.02));
#8591=CARTESIAN_POINT('Origin',(0.00611140775770874,127.177310271322,6.02));
#8592=CARTESIAN_POINT('',(-32.9011988156805,-56.9921219212063,6.00743506481222));
#8593=CARTESIAN_POINT('Ctrl Pts',(-32.9011988156805,-56.9921219212061,6.00743506481222));
#8594=CARTESIAN_POINT('Ctrl Pts',(-32.90226550059,-56.9908477476104,6.04817011806082));
#8595=CARTESIAN_POINT('Ctrl Pts',(-32.8981268940588,-56.9957916454082,6.08819834806343));
#8596=CARTESIAN_POINT('Ctrl Pts',(-32.8793580068395,-57.0182096859409,6.17056764982069));
#8597=CARTESIAN_POINT('Ctrl Pts',(-32.8637156682023,-57.0368921759651,6.21073387384955));
#8598=CARTESIAN_POINT('Ctrl Pts',(-32.8178109462981,-57.0917060110364,6.29645620513831));
#8599=CARTESIAN_POINT('Ctrl Pts',(-32.7843282270883,-57.131677979759,6.33790899199131));
#8600=CARTESIAN_POINT('Ctrl Pts',(-32.7022996557073,-57.2295655630001,6.41425950152905));
#8601=CARTESIAN_POINT('Ctrl Pts',(-32.650798868399,-57.2909970311402,6.44535162905303));
#8602=CARTESIAN_POINT('Ctrl Pts',(-32.5632562804212,-57.3953634769862,6.48011473957207));
#8603=CARTESIAN_POINT('Ctrl Pts',(-32.5269933448921,-57.4385808181255,6.4896825059032));
#8604=CARTESIAN_POINT('Ctrl Pts',(-32.4905083532436,-57.4820471438688,6.49499364371471));
#8605=CARTESIAN_POINT('Origin',(0.00611140775772068,127.177310271322,6.00743506481222));
#8606=CARTESIAN_POINT('Origin',(0.0061114077577007,127.177310271322,6.00743506481222));
#8607=CARTESIAN_POINT('Origin',(-32.4213632996925,-45.1686555084173,6.02));
#8608=CARTESIAN_POINT('',(-32.9011988156807,-45.1686555084173,6.00743506481222));
#8609=CARTESIAN_POINT('Origin',(-32.7438885922414,-54.2354273828292,0.));
#8610=CARTESIAN_POINT('',(-32.7438885922414,-54.2354273828292,0.));
#8611=CARTESIAN_POINT('',(-32.7485496100071,-54.2400884005949,0.177997087229017));
#8612=CARTESIAN_POINT('',(-32.7438885922414,-57.1799359418151,0.));
#8613=CARTESIAN_POINT('',(-32.7438885922416,-41.8181362052564,6.93889390390723E-17));
#8614=CARTESIAN_POINT('Ctrl Pts',(-32.7438885922413,-57.179935941815,-3.12250225646679E-15));
#8615=CARTESIAN_POINT('Ctrl Pts',(-32.8225837898966,-57.0860289308498,3.00524835252934));
#8616=CARTESIAN_POINT('Ctrl Pts',(-32.9011988156805,-56.9921219212063,6.00743506481222));
#8617=CARTESIAN_POINT('Origin',(-46.3574017045733,-54.2354273828292,0.));
#8618=CARTESIAN_POINT('',(-46.3574017045733,-54.2354273828292,0.));
#8619=CARTESIAN_POINT('Ctrl Pts',(-46.3574017045732,-54.2354273828292,-2.02615701994091E-14));
#8620=CARTESIAN_POINT('Ctrl Pts',(-45.7233087412826,-54.3151731415041,3.04536765926657));
#8621=CARTESIAN_POINT('Ctrl Pts',(-45.0892157779869,-54.3927376062684,6.00743506481222));
#8622=CARTESIAN_POINT('',(-23.1786844260792,-54.2354273828291,0.));
#8623=CARTESIAN_POINT('Origin',(-49.5664138847904,-41.168655508417,6.02));
#8624=CARTESIAN_POINT('',(-49.0865783688022,-53.07811715939,6.00743506481222));
#8625=CARTESIAN_POINT('Origin',(-49.5664138847904,-53.5579526753783,6.02));
#8626=CARTESIAN_POINT('',(-49.0865783688022,-46.3927376062684,6.00743506481222));
#8627=CARTESIAN_POINT('',(-49.0865783688022,-41.168655508417,6.00743506481222));
#8628=CARTESIAN_POINT('Origin',(-49.5664138847904,-45.9129020902801,6.02));
#8629=CARTESIAN_POINT('Origin',(-32.0784695958219,-18.42005551436,6.02));
#8630=CARTESIAN_POINT('',(-31.5974689939618,-30.0000004470348,6.02));
#8631=CARTESIAN_POINT('Origin',(-32.0774689957537,-30.0000004470348,6.02));
#8632=CARTESIAN_POINT('Origin',(-32.077427519906,-30.4800004470348,6.02));
#8633=CARTESIAN_POINT('Origin',(-32.0760939934924,-45.9129020902801,6.02));
#8634=CARTESIAN_POINT('Origin',(-24.6196399635141,-53.5579526753783,6.02));
#8635=CARTESIAN_POINT('',(-31.5865783688023,-53.07811715939,6.00743506481222));
#8636=CARTESIAN_POINT('Origin',(-32.0664138847905,-53.5579526753783,6.02));
#8637=CARTESIAN_POINT('',(-24.6196399635141,-53.07811715939,6.00743506481222));
#8638=CARTESIAN_POINT('Origin',(-32.0664138847905,-44.668655508417,6.02));
#8639=CARTESIAN_POINT('',(-31.5865783688023,-56.57811715939,6.00743506481222));
#8640=CARTESIAN_POINT('Origin',(-32.0664138847905,-57.0579526753783,6.02));
#8641=CARTESIAN_POINT('',(-31.5865783688023,-44.668655508417,6.00743506481222));
#8642=CARTESIAN_POINT('Origin',(-15.8696399635141,-57.0579526753782,6.02));
#8643=CARTESIAN_POINT('',(31.5988011843191,-56.5781171593897,6.00743506481222));
#8644=CARTESIAN_POINT('Origin',(32.0786367003074,-57.057952675378,6.02));
#8645=CARTESIAN_POINT('',(-15.8696399635141,-56.5781171593899,6.00743506481222));
#8646=CARTESIAN_POINT('Origin',(32.0786367003074,-46.4186555084168,6.02));
#8647=CARTESIAN_POINT('',(31.5988011843191,-53.0781171593897,6.00743506481222));
#8648=CARTESIAN_POINT('Origin',(32.0786367003074,-53.557952675378,6.02));
#8649=CARTESIAN_POINT('',(31.5988011843191,-46.4186555084168,6.00743506481222));
#8650=CARTESIAN_POINT('Origin',(15.8803600364857,-53.557952675378,6.02));
#8651=CARTESIAN_POINT('',(49.098801184319,-53.0781171593897,6.00743506481222));
#8652=CARTESIAN_POINT('Origin',(49.5786367003072,-53.557952675378,6.02));
#8653=CARTESIAN_POINT('',(15.8803600364857,-53.0781171593897,6.00743506481222));
#8654=CARTESIAN_POINT('Origin',(49.5786367003072,-44.6686555084168,6.02));
#8655=CARTESIAN_POINT('',(49.098801184319,-46.392737606268,6.00743506481222));
#8656=CARTESIAN_POINT('Origin',(49.5786367003072,-45.9129020902797,6.02));
#8657=CARTESIAN_POINT('',(49.098801184319,-44.6686555084168,6.00743506481222));
#8658=CARTESIAN_POINT('Origin',(24.6303600364857,-45.9129020902798,6.02));
#8659=CARTESIAN_POINT('Origin',(32.0786367003074,-45.9129020902798,6.02));
#8660=CARTESIAN_POINT('',(24.6303600364857,-46.3927376062681,6.00743506481222));
#8661=CARTESIAN_POINT('Origin',(32.4335861152091,-18.9186554505155,6.02));
#8662=CARTESIAN_POINT('',(32.9135861152091,-30.0000004470348,6.02));
#8663=CARTESIAN_POINT('Origin',(32.4335861152091,-30.0000004470348,6.02));
#8664=CARTESIAN_POINT('Origin',(32.4335861152091,-30.4800004470348,6.02));
#8665=CARTESIAN_POINT('Origin',(32.4335861152091,-45.557952675378,6.02));
#8666=CARTESIAN_POINT('Origin',(0.00230433260660107,-30.4800004470348,6.02));
#8667=CARTESIAN_POINT('',(31.5986367003074,-30.0000004470348,6.02));
#8668=CARTESIAN_POINT('',(0.00230433260660107,-30.0000004470348,6.02));
#8669=CARTESIAN_POINT('Origin',(32.0786367003074,-30.4800004470348,6.02));
#8670=CARTESIAN_POINT('Origin',(32.0786367003074,-41.1686555084168,6.02));
#8671=CARTESIAN_POINT('Origin',(32.0786367003074,-30.0000004470348,6.02));
#8672=CARTESIAN_POINT('Origin',(16.3803600364857,-45.5579526753781,6.02));
#8673=CARTESIAN_POINT('',(50.4134216311973,-45.0781171593897,6.00743506481222));
#8674=CARTESIAN_POINT('',(16.3803600364857,-45.0781171593898,6.00743506481222));
#8675=CARTESIAN_POINT('Origin',(49.933586115209,-45.557952675378,6.02));
#8676=CARTESIAN_POINT('Origin',(49.933586115209,-40.6686555084167,6.02));
#8677=CARTESIAN_POINT('',(50.4134216311973,-54.3550476809277,6.00743506481222));
#8678=CARTESIAN_POINT('',(50.4134216311973,-40.6686555084167,6.00743506481222));
#8679=CARTESIAN_POINT('Ctrl Pts',(49.9335861152091,-53.989928892587,6.5));
#8680=CARTESIAN_POINT('Ctrl Pts',(49.9346188647849,-53.9907155293304,6.5));
#8681=CARTESIAN_POINT('Ctrl Pts',(49.9356516180908,-53.9915021637912,6.49999666696348));
#8682=CARTESIAN_POINT('Ctrl Pts',(49.9834251574941,-54.0278903965441,6.49968829789095));
#8683=CARTESIAN_POINT('Ctrl Pts',(50.0302559280855,-54.063549817365,6.49255839394448));
#8684=CARTESIAN_POINT('Ctrl Pts',(50.1196554595447,-54.1316040649628,6.46486221146413));
#8685=CARTESIAN_POINT('Ctrl Pts',(50.1624936618801,-54.1642045827242,6.44464152617238));
#8686=CARTESIAN_POINT('Ctrl Pts',(50.2494588748052,-54.2303705251697,6.38585788993477));
#8687=CARTESIAN_POINT('Ctrl Pts',(50.292479332604,-54.2630908940923,6.34460427821521));
#8688=CARTESIAN_POINT('Ctrl Pts',(50.3563212415199,-54.3116383952034,6.25287201609568));
#8689=CARTESIAN_POINT('Ctrl Pts',(50.3793513166482,-54.3291473131993,6.20591634694571));
#8690=CARTESIAN_POINT('Ctrl Pts',(50.4081456657369,-54.3510373628476,6.10725330180895));
#8691=CARTESIAN_POINT('Ctrl Pts',(50.4147371983329,-54.3560477219947,6.05767454682247));
#8692=CARTESIAN_POINT('Ctrl Pts',(50.4134216311973,-54.355047680925,6.00743506481228));
#8693=CARTESIAN_POINT('Origin',(0.00611140775770874,127.177310271322,6.02));
#8694=CARTESIAN_POINT('',(-50.4011988156805,-54.3550476809236,6.00743506481222));
#8695=CARTESIAN_POINT('Origin',(0.00611140775769846,127.177310271322,6.00743506481222));
#8696=CARTESIAN_POINT('Ctrl Pts',(-49.9213632996922,-53.9899288925874,6.5));
#8697=CARTESIAN_POINT('Ctrl Pts',(-49.922396049268,-53.9907155293308,6.5));
#8698=CARTESIAN_POINT('Ctrl Pts',(-49.923428802574,-53.9915021637914,6.49999666696348));
#8699=CARTESIAN_POINT('Ctrl Pts',(-49.9712023419755,-54.0278903965459,6.49968829789096));
#8700=CARTESIAN_POINT('Ctrl Pts',(-50.0180331125686,-54.0635498173653,6.4925583939445));
#8701=CARTESIAN_POINT('Ctrl Pts',(-50.1074326440279,-54.1316040649631,6.46486221146414));
#8702=CARTESIAN_POINT('Ctrl Pts',(-50.1502708463633,-54.1642045827246,6.44464152617237));
#8703=CARTESIAN_POINT('Ctrl Pts',(-50.2372360592885,-54.2303705251703,6.38585788993462));
#8704=CARTESIAN_POINT('Ctrl Pts',(-50.2802565170873,-54.2630908940928,6.34460427821505));
#8705=CARTESIAN_POINT('Ctrl Pts',(-50.3440984260031,-54.3116383952039,6.25287201609551));
#8706=CARTESIAN_POINT('Ctrl Pts',(-50.3671285011313,-54.3291473131998,6.20591634694556));
#8707=CARTESIAN_POINT('Ctrl Pts',(-50.395922850219,-54.3510373628472,6.10725330181241));
#8708=CARTESIAN_POINT('Ctrl Pts',(-50.4025143828161,-54.3560477219952,6.05767454682423));
#8709=CARTESIAN_POINT('Ctrl Pts',(-50.4011988156805,-54.3550476809254,6.00743506481219));
#8710=CARTESIAN_POINT('Origin',(-49.9213632996922,-45.168655508417,6.02));
#8711=CARTESIAN_POINT('',(-50.4011988156805,-45.0781171593901,6.00743506481222));
#8712=CARTESIAN_POINT('',(-50.4011988156805,-45.168655508417,6.00743506481222));
#8713=CARTESIAN_POINT('Origin',(-49.9213632996922,-45.5579526753784,6.02));
#8714=CARTESIAN_POINT('Origin',(-25.119639963514,-45.5579526753782,6.02));
#8715=CARTESIAN_POINT('',(-25.119639963514,-45.07811715939,6.00743506481222));
#8716=CARTESIAN_POINT('Origin',(-32.431074080194,-45.5579526753783,6.02));
#8717=CARTESIAN_POINT('Origin',(-32.4314964347753,-40.6700429608208,6.02));
#8718=CARTESIAN_POINT('',(-32.9124184137725,-30.0000004470348,6.02));
#8719=CARTESIAN_POINT('Origin',(-32.4323769361329,-30.4800004470348,6.02));
#8720=CARTESIAN_POINT('Origin',(-32.4324184119806,-30.0000004470348,6.02));
#8721=CARTESIAN_POINT('Origin',(0.00230433260660107,-30.4800004470348,6.02));
#8722=CARTESIAN_POINT('',(0.00230433260660107,-30.0000004470348,6.02));
#8723=CARTESIAN_POINT('Origin',(-15.8744660828777,-45.91290209028,6.02));
#8724=CARTESIAN_POINT('',(-15.8744660828777,-46.3927376062683,6.00743506481222));
#8725=CARTESIAN_POINT('Origin',(0.,-30.0000004470348,9.00000013411045));
#8726=CARTESIAN_POINT('',(0.,-30.0000004470348,5.50000013411045));
#8727=CARTESIAN_POINT('Origin',(32.7561114077582,-45.2354273828289,0.));
#8728=CARTESIAN_POINT('',(50.2561114077581,-45.2354273828288,0.));
#8729=CARTESIAN_POINT('',(50.2501197280038,-45.2414190625831,-0.228813018418154));
#8730=CARTESIAN_POINT('',(32.7561114077582,-45.2354273828289,0.));
#8731=CARTESIAN_POINT('Origin',(50.2561114077581,-45.2354273828288,0.));
#8732=CARTESIAN_POINT('',(50.2561114077582,-54.2354273828288,0.));
#8733=CARTESIAN_POINT('Ctrl Pts',(50.2561114077581,-54.2354273828269,3.91006671459924E-14));
#8734=CARTESIAN_POINT('Ctrl Pts',(50.3347406239369,-54.2952375530118,3.00272862159658));
#8735=CARTESIAN_POINT('Ctrl Pts',(50.4134216311973,-54.3550476809277,6.00743506481222));
#8736=CARTESIAN_POINT('',(50.2561114077581,-45.2354273828288,0.));
#8737=CARTESIAN_POINT('Origin',(0.00611140775770874,127.177310271322,0.));
#8738=CARTESIAN_POINT('',(-50.2438885922413,-54.2354273828292,0.));
#8739=CARTESIAN_POINT('Ctrl Pts',(-50.2438885922413,-54.2354273828305,-2.56045185054177E-14));
#8740=CARTESIAN_POINT('Ctrl Pts',(-50.3225177619006,-54.2952375176406,3.00272684509251));
#8741=CARTESIAN_POINT('Ctrl Pts',(-50.4011988156805,-54.3550476809236,6.00743506481222));
#8742=CARTESIAN_POINT('Origin',(0.00611140775770874,127.177310271322,0.));
#8743=CARTESIAN_POINT('Origin',(-50.2438885922413,-54.2354273828292,0.));
#8744=CARTESIAN_POINT('',(-50.2438885922413,-45.2354273828293,0.));
#8745=CARTESIAN_POINT('',(-50.2408071569391,-45.2385088181315,-0.117675266615051));
#8746=CARTESIAN_POINT('',(-50.2438885922413,-54.2354273828292,0.));
#8747=CARTESIAN_POINT('Origin',(-50.2438885922413,-45.2354273828293,0.));
#8748=CARTESIAN_POINT('',(-50.2438885922413,-45.2354273828293,0.));
#8749=CARTESIAN_POINT('Origin',(5.24788188012051,-15.8418410105005,-1.5));
#8750=CARTESIAN_POINT('',(5.24788188012051,-16.4759442106283,1.5));
#8751=CARTESIAN_POINT('',(5.24788188012051,-15.8418410105005,1.5));
#8752=CARTESIAN_POINT('',(5.24788188012051,-8.74593281541312,1.5));
#8753=CARTESIAN_POINT('',(5.24788188012051,-16.4759442106283,-1.5));
#8754=CARTESIAN_POINT('',(5.24788188012051,-15.8418410105005,-1.5));
#8755=CARTESIAN_POINT('Origin',(2.26912889841656,-15.4854273828291,-1.5));
#8756=CARTESIAN_POINT('',(2.26912889841656,-18.4854273828291,1.5));
#8757=CARTESIAN_POINT('Origin',(2.26912889841656,-15.4854273828291,1.5));
#8758=CARTESIAN_POINT('',(2.26912889841656,-18.4854273828291,-1.5));
#8759=CARTESIAN_POINT('Origin',(-2.26912889841689,-18.4854273828291,-1.5));
#8760=CARTESIAN_POINT('',(-2.26912889841689,-18.4854273828291,1.5));
#8761=CARTESIAN_POINT('',(-1.13455212958662,-18.4854273828291,1.5));
#8762=CARTESIAN_POINT('',(-2.26912889841689,-18.4854273828291,-1.5));
#8763=CARTESIAN_POINT('Origin',(-2.2691288984169,-15.4854273828291,-1.5));
#8764=CARTESIAN_POINT('',(-5.24788188012084,-15.8418410105005,1.5));
#8765=CARTESIAN_POINT('Origin',(-2.2691288984169,-15.4854273828291,1.5));
#8766=CARTESIAN_POINT('',(-5.24788188012084,-15.8418410105005,-1.5));
#8767=CARTESIAN_POINT('Origin',(-5.24788188012084,-16.4759442106284,-1.5));
#8768=CARTESIAN_POINT('',(-5.24788188012084,-16.4759442106284,1.5));
#8769=CARTESIAN_POINT('',(-5.24788188012083,-9.06298441547704,1.5));
#8770=CARTESIAN_POINT('',(-5.24788188012084,-16.4759442106284,-1.5));
#8771=CARTESIAN_POINT('Origin',(-30.2478818801208,-16.4759442106283,-1.5));
#8772=CARTESIAN_POINT('',(-10.4414529894714,-1.22126051677073,1.5));
#8773=CARTESIAN_POINT('Origin',(-30.2478818801208,-16.4759442106283,1.5));
#8774=CARTESIAN_POINT('',(-10.4414529894714,-1.22126051677073,-1.5));
#8775=CARTESIAN_POINT('Origin',(-1.72084568816899E-13,6.820626465383,-1.5));
#8776=CARTESIAN_POINT('',(10.441452989471,-1.22126051677072,1.5));
#8777=CARTESIAN_POINT('Origin',(-1.72084568816899E-13,6.820626465383,1.5));
#8778=CARTESIAN_POINT('',(10.441452989471,-1.22126051677072,-1.5));
#8779=CARTESIAN_POINT('Origin',(30.2478818801206,-16.4759442106284,-1.5));
#8780=CARTESIAN_POINT('Origin',(30.2478818801206,-16.4759442106284,1.5));
#8781=CARTESIAN_POINT('Origin',(-1.61051727509687E-13,40.0000000000001,
-1.5));
#8782=CARTESIAN_POINT('',(-19.9766306886223,39.0334461575257,1.5));
#8783=CARTESIAN_POINT('',(-9.58257373789086,22.4451066492022,1.5));
#8784=CARTESIAN_POINT('Origin',(-1.61051727509687E-13,40.0000000000001,
1.5));
#8785=CARTESIAN_POINT('',(-19.9766306886223,39.0334461575257,-1.5));
#8786=CARTESIAN_POINT('',(-9.58257373789086,22.4451066492022,-1.5));
#8787=CARTESIAN_POINT('Origin',(-9.63048660658032,22.3573321824482,-1.5));
#8788=CARTESIAN_POINT('',(-9.57780161391172,22.2723363499179,1.5));
#8789=CARTESIAN_POINT('Origin',(-9.63048660658032,22.3573321824482,1.5));
#8790=CARTESIAN_POINT('',(-9.57780161391172,22.2723363499179,-1.5));
#8791=CARTESIAN_POINT('Origin',(-1.70974345792274E-13,6.82062646538299,
-1.5));
#8792=CARTESIAN_POINT('',(-18.1644813098069,7.55631719997542,1.5));
#8793=CARTESIAN_POINT('Origin',(-1.70974345792274E-13,6.82062646538299,
1.5));
#8794=CARTESIAN_POINT('',(-18.1644813098069,7.55631719997542,-1.5));
#8795=CARTESIAN_POINT('Origin',(-18.264399391556,7.56036404313639,-1.5));
#8796=CARTESIAN_POINT('',(-18.3263241796143,7.48184448745794,1.5));
#8797=CARTESIAN_POINT('Origin',(-18.264399391556,7.56036404313639,1.5));
#8798=CARTESIAN_POINT('',(-18.3263241796143,7.48184448745794,-1.5));
#8799=CARTESIAN_POINT('Origin',(-40.0000000000002,-19.9999999999999,-1.5));
#8800=CARTESIAN_POINT('',(-40.0000000000002,15.0000000000001,1.5));
#8801=CARTESIAN_POINT('Origin',(-40.0000000000002,-19.9999999999999,1.5));
#8802=CARTESIAN_POINT('',(-40.0000000000002,15.0000000000001,-1.5));
#8803=CARTESIAN_POINT('Origin',(-44.9002970653947,15.0000000000001,-1.5));
#8804=CARTESIAN_POINT('',(-44.9002970653947,15.0000000000001,1.5));
#8805=CARTESIAN_POINT('',(-22.4501362130755,15.0000000000001,1.5));
#8806=CARTESIAN_POINT('',(-44.9002970653947,15.0000000000001,-1.5));
#8807=CARTESIAN_POINT('Origin',(-44.9002970653947,15.1,-1.5));
#8808=CARTESIAN_POINT('',(-45.0002970188295,15.0999034959309,1.5));
#8809=CARTESIAN_POINT('Origin',(-44.9002970653947,15.1,1.5));
#8810=CARTESIAN_POINT('',(-45.0002970188295,15.0999034959309,-1.5));
#8811=CARTESIAN_POINT('Origin',(-20.1239102326212,15.123910232621,-1.5));
#8812=CARTESIAN_POINT('',(-21.0111272332127,39.9844822665526,1.5));
#8813=CARTESIAN_POINT('Origin',(-20.1239102326212,15.123910232621,1.5));
#8814=CARTESIAN_POINT('',(-21.0111272332127,39.9844822665526,-1.5));
#8815=CARTESIAN_POINT('Origin',(-20.9754622230534,38.9851184654019,-1.5));
#8816=CARTESIAN_POINT('Origin',(-20.9754622230534,38.9851184654019,1.5));
#8817=CARTESIAN_POINT('Origin',(-27.5000000000002,-43.735427382829,-1.5));
#8818=CARTESIAN_POINT('',(-27.5000000000002,-46.2354273828288,1.5));
#8819=CARTESIAN_POINT('',(-27.5000000000002,-41.2354273828292,1.5));
#8820=CARTESIAN_POINT('Origin',(-27.5000000000002,-43.735427382829,1.5));
#8821=CARTESIAN_POINT('',(-27.5000000000002,-46.2354273828288,-1.5));
#8822=CARTESIAN_POINT('',(-27.5000000000002,-41.2354273828292,-1.5));
#8823=CARTESIAN_POINT('Origin',(-10.0000000000002,-41.2354273828294,-1.5));
#8824=CARTESIAN_POINT('',(-10.0000000000002,-41.2354273828294,1.5));
#8825=CARTESIAN_POINT('',(-4.99998768037847,-41.2354273828294,1.5));
#8826=CARTESIAN_POINT('',(-10.0000000000002,-41.2354273828294,-1.5));
#8827=CARTESIAN_POINT('Origin',(-10.0000000000002,-36.2354273828294,-1.5));
#8828=CARTESIAN_POINT('',(-5.00000000000017,-36.2354273828294,1.5));
#8829=CARTESIAN_POINT('Origin',(-10.0000000000002,-36.2354273828294,1.5));
#8830=CARTESIAN_POINT('',(-5.00000000000017,-36.2354273828294,-1.5));
#8831=CARTESIAN_POINT('Origin',(-5.00000000000016,-31.2354273828288,-1.5));
#8832=CARTESIAN_POINT('',(-5.00000000000016,-31.2354273828288,1.5));
#8833=CARTESIAN_POINT('',(-5.00000000000016,-16.4427260015773,1.5));
#8834=CARTESIAN_POINT('',(-5.00000000000016,-31.2354273828288,-1.5));
#8835=CARTESIAN_POINT('Origin',(-1.61709462535124E-13,-31.2354273828288,
-1.5));
#8836=CARTESIAN_POINT('',(4.99999999999984,-31.2354273828288,1.5));
#8837=CARTESIAN_POINT('Origin',(-1.61709462535124E-13,-31.2354273828288,
1.5));
#8838=CARTESIAN_POINT('',(4.99999999999984,-31.2354273828288,-1.5));
#8839=CARTESIAN_POINT('Origin',(4.99999999999984,-36.2354273828292,-1.5));
#8840=CARTESIAN_POINT('',(4.99999999999984,-36.2354273828292,1.5));
#8841=CARTESIAN_POINT('',(4.99999999999983,-18.9427260015775,1.5));
#8842=CARTESIAN_POINT('',(4.99999999999984,-36.2354273828292,-1.5));
#8843=CARTESIAN_POINT('Origin',(9.99999999999985,-36.2354273828292,-1.5));
#8844=CARTESIAN_POINT('',(9.99999999999999,-41.2354273828292,1.5));
#8845=CARTESIAN_POINT('Origin',(9.99999999999985,-36.2354273828292,1.5));
#8846=CARTESIAN_POINT('',(9.99999999999999,-41.2354273828292,-1.5));
#8847=CARTESIAN_POINT('Origin',(27.4999999999999,-41.2354273828287,-1.5));
#8848=CARTESIAN_POINT('',(27.4999999999999,-41.2354273828287,1.5));
#8849=CARTESIAN_POINT('',(13.7500123196223,-41.2354273828291,1.5));
#8850=CARTESIAN_POINT('',(27.4999999999999,-41.2354273828287,-1.5));
#8851=CARTESIAN_POINT('Origin',(27.4999999999998,-43.7354273828283,-1.5));
#8852=CARTESIAN_POINT('',(27.4999999999998,-46.2354273828278,1.5));
#8853=CARTESIAN_POINT('Origin',(27.4999999999998,-43.7354273828283,1.5));
#8854=CARTESIAN_POINT('',(27.4999999999998,-46.2354273828278,-1.5));
#8855=CARTESIAN_POINT('Origin',(-27.5000000000002,-46.2354273828288,-1.5));
#8856=CARTESIAN_POINT('',(-13.7499876803779,-46.2354273828286,1.5));
#8857=CARTESIAN_POINT('Origin',(9.63048660657996,22.3573321824482,-1.5));
#8858=CARTESIAN_POINT('',(9.57780161391137,22.2723363499179,1.5));
#8859=CARTESIAN_POINT('',(9.58257373789052,22.4451066492022,1.5));
#8860=CARTESIAN_POINT('Origin',(9.63048660657996,22.3573321824482,1.5));
#8861=CARTESIAN_POINT('',(9.57780161391137,22.2723363499179,-1.5));
#8862=CARTESIAN_POINT('',(9.58257373789052,22.4451066492022,-1.5));
#8863=CARTESIAN_POINT('Origin',(-1.61051727509687E-13,40.0000000000001,
-1.5));
#8864=CARTESIAN_POINT('',(19.9766299167969,39.0334302056621,1.5));
#8865=CARTESIAN_POINT('Origin',(-1.61051727509687E-13,40.0000000000001,
1.5));
#8866=CARTESIAN_POINT('',(19.9766299167969,39.0334302056621,-1.5));
#8867=CARTESIAN_POINT('Origin',(20.9754614126368,38.9851017159452,-1.5));
#8868=CARTESIAN_POINT('',(21.0111433130344,39.984464914179,1.5));
#8869=CARTESIAN_POINT('Origin',(20.9754614126368,38.9851017159452,1.5));
#8870=CARTESIAN_POINT('',(21.0111433130344,39.984464914179,-1.5));
#8871=CARTESIAN_POINT('Origin',(20.123491269261,15.1234912692612,-1.5));
#8872=CARTESIAN_POINT('',(45.0002953329044,15.0999051885038,1.5));
#8873=CARTESIAN_POINT('Origin',(20.123491269261,15.1234912692612,1.5));
#8874=CARTESIAN_POINT('',(45.0002953329044,15.0999051885038,-1.5));
#8875=CARTESIAN_POINT('Origin',(44.9002953778505,15.1,-1.5));
#8876=CARTESIAN_POINT('',(44.9002953778505,15.0000000000001,1.5));
#8877=CARTESIAN_POINT('Origin',(44.9002953778505,15.1,1.5));
#8878=CARTESIAN_POINT('',(44.9002953778505,15.0000000000001,-1.5));
#8879=CARTESIAN_POINT('Origin',(39.9999999999998,15.0000000000001,-1.5));
#8880=CARTESIAN_POINT('',(39.9999999999998,15.0000000000001,1.5));
#8881=CARTESIAN_POINT('',(20.0000123196217,15.0000000000001,1.5));
#8882=CARTESIAN_POINT('',(39.9999999999998,15.0000000000001,-1.5));
#8883=CARTESIAN_POINT('Origin',(39.9999999999998,-19.9999999999999,-1.5));
#8884=CARTESIAN_POINT('',(18.3263241796139,7.48184448745794,1.5));
#8885=CARTESIAN_POINT('Origin',(39.9999999999998,-19.9999999999999,1.5));
#8886=CARTESIAN_POINT('',(18.3263241796139,7.48184448745794,-1.5));
#8887=CARTESIAN_POINT('Origin',(18.2643993915557,7.5603640431364,-1.5));
#8888=CARTESIAN_POINT('',(18.1644813098065,7.55631719997542,1.5));
#8889=CARTESIAN_POINT('Origin',(18.2643993915557,7.5603640431364,1.5));
#8890=CARTESIAN_POINT('',(18.1644813098065,7.55631719997542,-1.5));
#8891=CARTESIAN_POINT('Origin',(-1.70974345792274E-13,6.82062646538299,
-1.5));
#8892=CARTESIAN_POINT('Origin',(-1.70974345792274E-13,6.82062646538299,
1.5));
#8893=CARTESIAN_POINT('Origin',(-0.000516460624962051,50.2499999869888,
-1.5));
#8894=CARTESIAN_POINT('',(1.49948353937504,50.2499999869888,1.5));
#8895=CARTESIAN_POINT('',(1.49948353937504,50.2499999869888,-1.5));
#8896=CARTESIAN_POINT('Origin',(-0.000516460624962051,50.2499999869888,
1.5));
#8897=CARTESIAN_POINT('Origin',(8.87701860783462,34.8754472745268,-1.5));
#8898=CARTESIAN_POINT('',(10.3770186078346,34.8754472745268,1.5));
#8899=CARTESIAN_POINT('',(10.3770186078346,34.8754472745268,-1.5));
#8900=CARTESIAN_POINT('Origin',(8.87701860783462,34.8754472745268,1.5));
#8901=CARTESIAN_POINT('Origin',(-8.87650214721014,34.8745527384846,-1.5));
#8902=CARTESIAN_POINT('',(-7.37650214721014,34.8745527384846,1.5));
#8903=CARTESIAN_POINT('',(-7.37650214721014,34.8745527384846,-1.5));
#8904=CARTESIAN_POINT('Origin',(-8.87650214721014,34.8745527384846,1.5));
#8905=CARTESIAN_POINT('Origin',(0.,-30.0000004470348,9.00000013411045));
#8906=CARTESIAN_POINT('',(0.,-30.0000004470348,5.50000013411045));
#8907=CARTESIAN_POINT('Origin',(0.,-30.0000004470348,5.50000013411045));
#8908=CARTESIAN_POINT('Origin',(0.,-30.0000004470348,5.50000013411045));
#8909=CARTESIAN_POINT('Origin',(8.53811140775838,39.6709726171708,0.));
#8910=CARTESIAN_POINT('',(10.0381114077584,39.6709726171708,3.));
#8911=CARTESIAN_POINT('Origin',(8.53811140775838,39.6709726171708,3.));
#8912=CARTESIAN_POINT('',(10.0381114077584,39.6709726171708,1.5));
#8913=CARTESIAN_POINT('',(10.0381114077584,39.6709726171708,0.));
#8914=CARTESIAN_POINT('Origin',(8.53811140775838,39.6709726171708,1.5));
#8915=CARTESIAN_POINT('Origin',(8.53811140775838,39.6709726171708,0.));
#8916=CARTESIAN_POINT('',(6.03811140775838,39.6709726171708,3.));
#8917=CARTESIAN_POINT('Origin',(8.53811140775838,39.6709726171708,3.));
#8918=CARTESIAN_POINT('',(6.03811140775838,39.6709726171708,1.5));
#8919=CARTESIAN_POINT('',(6.03811140775838,39.6709726171708,0.));
#8920=CARTESIAN_POINT('Origin',(8.53811140775838,39.6709726171708,1.5));
#8921=CARTESIAN_POINT('Origin',(8.53811140775838,39.6709726171708,3.));
#8922=CARTESIAN_POINT('Origin',(2.46392436498155E-5,-1.65002462032573,1.5));
#8923=CARTESIAN_POINT('',(-50.2500698451023,6.51618933711191,1.5));
#8924=CARTESIAN_POINT('Origin',(-3.4922401371338E-5,6.51618150664048,1.5));
#8925=CARTESIAN_POINT('',(-50.250070501501,2.3038543411539,1.5));
#8926=CARTESIAN_POINT('',(-50.2500709751045,-0.73542454119989,1.5));
#8927=CARTESIAN_POINT('',(-50.2107916191479,2.30385433503317,1.5));
#8928=CARTESIAN_POINT('',(-25.6250226230685,2.30385050389841,1.5));
#8929=CARTESIAN_POINT('',(-50.21079208663,-0.69614566496681,1.5));
#8930=CARTESIAN_POINT('',(-50.210791930269,0.307279328286275,1.5));
#8931=CARTESIAN_POINT('',(-25.1250230905508,-0.69614957400024,1.5));
#8932=CARTESIAN_POINT('',(-49.2046097098875,-46.274706265183,1.5));
#8933=CARTESIAN_POINT('',(-15.8767580958624,-46.2747062651829,1.5));
#8934=CARTESIAN_POINT('',(-49.2046097098875,-53.1961485004754,1.5));
#8935=CARTESIAN_POINT('',(-49.2046097098875,-23.9427260015775,1.5));
#8936=CARTESIAN_POINT('',(-31.7046097098876,-53.1961485004754,1.5));
#8937=CARTESIAN_POINT('',(-24.6219319764988,-53.1961485004754,1.5));
#8938=CARTESIAN_POINT('',(-31.7046097098876,-56.6961485004754,1.5));
#8939=CARTESIAN_POINT('',(-31.7046097098876,-27.4427260015774,1.5));
#8940=CARTESIAN_POINT('',(31.7168325254045,-56.6961485004751,1.5));
#8941=CARTESIAN_POINT('',(-15.8719319764988,-56.6961485004753,1.5));
#8942=CARTESIAN_POINT('',(31.7168325254045,-53.1961485004751,1.5));
#8943=CARTESIAN_POINT('',(31.7168325254045,-29.1927260015773,1.5));
#8944=CARTESIAN_POINT('',(49.2168325254043,-53.1961485004751,1.5));
#8945=CARTESIAN_POINT('',(15.8780680235009,-53.1961485004751,1.5));
#8946=CARTESIAN_POINT('',(49.2168325254043,-46.2747062651826,1.5));
#8947=CARTESIAN_POINT('',(49.2168325254043,-27.4427260015773,1.5));
#8948=CARTESIAN_POINT('',(24.628068023501,-46.2747062651827,1.5));
#8949=CARTESIAN_POINT('',(50.2108407199107,-0.696145664947746,1.5));
#8950=CARTESIAN_POINT('',(15.8780679461267,-0.69615101454014,1.5));
#8951=CARTESIAN_POINT('',(50.2107909739414,2.30385433503309,1.5));
#8952=CARTESIAN_POINT('',(50.2108489472796,-1.19230860866362,1.5));
#8953=CARTESIAN_POINT('',(50.2500698561639,2.3038543411538,1.5));
#8954=CARTESIAN_POINT('',(25.125047262313,2.30385042599961,1.5));
#8955=CARTESIAN_POINT('',(50.2499999933917,6.51701475446346,1.5));
#8956=CARTESIAN_POINT('',(-10.7258885922415,39.6709726171708,1.5));
#8957=CARTESIAN_POINT('Origin',(-8.22588859224155,39.6709726171708,1.5));
#8958=CARTESIAN_POINT('',(21.4561114077583,-11.485427382829,1.5));
#8959=CARTESIAN_POINT('Origin',(24.0061114077583,-11.485427382829,1.5));
#8960=CARTESIAN_POINT('',(-28.9938885922414,-52.9854273828291,1.5));
#8961=CARTESIAN_POINT('Origin',(-26.4938885922414,-52.9854273828291,1.5));
#8962=CARTESIAN_POINT('',(21.4561114077583,-35.485427382829,1.5));
#8963=CARTESIAN_POINT('Origin',(24.0061114077583,-35.485427382829,1.5));
#8964=CARTESIAN_POINT('',(11.5061114077584,-53.985427382829,1.5));
#8965=CARTESIAN_POINT('',(-9.49388859224152,-53.9854273828291,1.5));
#8966=CARTESIAN_POINT('',(-4.74693197649883,-53.9854273828291,1.5));
#8967=CARTESIAN_POINT('',(-9.49388859224153,-50.4854273828291,1.5));
#8968=CARTESIAN_POINT('',(-9.49388859224152,-26.0677260015774,1.5));
#8969=CARTESIAN_POINT('',(11.5061114077584,-50.485427382829,1.5));
#8970=CARTESIAN_POINT('',(5.7530680235011,-50.485427382829,1.5));
#8971=CARTESIAN_POINT('',(11.5061114077584,-27.8177260015774,1.5));
#8972=CARTESIAN_POINT('',(-26.5438885922415,-11.4854273828292,1.5));
#8973=CARTESIAN_POINT('Origin',(-23.9938885922415,-11.4854273828292,1.5));
#8974=CARTESIAN_POINT('',(-18.5438885922415,-35.4854273828291,1.5));
#8975=CARTESIAN_POINT('Origin',(-15.9938885922415,-35.4854273828291,1.5));
#8976=CARTESIAN_POINT('',(34.0061114077582,8.51457261717101,1.5));
#8977=CARTESIAN_POINT('Origin',(36.5061114077582,8.51457261717101,1.5));
#8978=CARTESIAN_POINT('',(13.4561114077583,-11.4854273828291,1.5));
#8979=CARTESIAN_POINT('Origin',(16.0061114077583,-11.4854273828291,1.5));
#8980=CARTESIAN_POINT('',(-38.9938885922414,8.51457261717071,1.5));
#8981=CARTESIAN_POINT('Origin',(-36.4938885922414,8.51457261717071,1.5));
#8982=CARTESIAN_POINT('',(13.4561114077583,-35.485427382829,1.5));
#8983=CARTESIAN_POINT('Origin',(16.0061114077583,-35.485427382829,1.5));
#8984=CARTESIAN_POINT('',(24.0061114077583,-52.9854273828289,1.5));
#8985=CARTESIAN_POINT('Origin',(26.5061114077583,-52.9854273828289,1.5));
#8986=CARTESIAN_POINT('',(-26.5438885922415,-35.4854273828292,1.5));
#8987=CARTESIAN_POINT('Origin',(-23.9938885922415,-35.4854273828292,1.5));
#8988=CARTESIAN_POINT('',(-18.4938885922415,-11.4854273828292,1.5));
#8989=CARTESIAN_POINT('Origin',(-15.9938885922415,-11.4854273828292,1.5));
#8990=CARTESIAN_POINT('Origin',(-15.9938885922415,-11.4854273828292,0.));
#8991=CARTESIAN_POINT('',(-18.4938885922415,-11.4854273828292,3.));
#8992=CARTESIAN_POINT('Origin',(-15.9938885922415,-11.4854273828292,3.));
#8993=CARTESIAN_POINT('',(-18.4938885922415,-11.4854273828292,0.));
#8994=CARTESIAN_POINT('Origin',(-15.9938885922415,-11.4854273828292,3.));
#8995=CARTESIAN_POINT('',(-17.4938885922415,-11.4854273828292,3.));
#8996=CARTESIAN_POINT('Origin',(-15.9938885922415,-11.4854273828292,3.));
#8997=CARTESIAN_POINT('Origin',(-23.9938885922415,-35.4854273828292,0.));
#8998=CARTESIAN_POINT('',(-26.5438885922415,-35.4854273828292,3.));
#8999=CARTESIAN_POINT('Origin',(-23.9938885922415,-35.4854273828292,3.));
#9000=CARTESIAN_POINT('',(-26.5438885922415,-35.4854273828292,0.));
#9001=CARTESIAN_POINT('Origin',(-23.9938885922415,-35.4854273828292,3.));
#9002=CARTESIAN_POINT('',(-25.5438885922415,-35.4854273828292,3.));
#9003=CARTESIAN_POINT('Origin',(-23.9938885922415,-35.4854273828292,3.));
#9004=CARTESIAN_POINT('Origin',(26.5061114077583,-52.9854273828289,0.));
#9005=CARTESIAN_POINT('',(24.0061114077583,-52.9854273828289,3.));
#9006=CARTESIAN_POINT('Origin',(26.5061114077583,-52.9854273828289,3.));
#9007=CARTESIAN_POINT('',(24.0061114077583,-52.9854273828289,0.));
#9008=CARTESIAN_POINT('Origin',(26.5061114077583,-52.9854273828289,3.));
#9009=CARTESIAN_POINT('',(25.0061114077583,-52.9854273828289,3.));
#9010=CARTESIAN_POINT('Origin',(26.5061114077583,-52.9854273828289,3.));
#9011=CARTESIAN_POINT('Origin',(16.0061114077583,-35.485427382829,0.));
#9012=CARTESIAN_POINT('',(13.4561114077583,-35.485427382829,3.));
#9013=CARTESIAN_POINT('Origin',(16.0061114077583,-35.485427382829,3.));
#9014=CARTESIAN_POINT('',(13.4561114077583,-35.485427382829,0.));
#9015=CARTESIAN_POINT('Origin',(16.0061114077583,-35.485427382829,3.));
#9016=CARTESIAN_POINT('',(14.4561114077583,-35.485427382829,3.));
#9017=CARTESIAN_POINT('Origin',(16.0061114077583,-35.485427382829,3.));
#9018=CARTESIAN_POINT('Origin',(-36.4938885922414,8.51457261717071,0.));
#9019=CARTESIAN_POINT('',(-38.9938885922414,8.51457261717071,3.));
#9020=CARTESIAN_POINT('Origin',(-36.4938885922414,8.51457261717071,3.));
#9021=CARTESIAN_POINT('',(-38.9938885922414,8.51457261717071,0.));
#9022=CARTESIAN_POINT('Origin',(-36.4938885922414,8.51457261717071,3.));
#9023=CARTESIAN_POINT('',(-37.9938885922414,8.51457261717071,3.));
#9024=CARTESIAN_POINT('Origin',(-36.4938885922414,8.51457261717071,3.));
#9025=CARTESIAN_POINT('Origin',(16.0061114077583,-11.4854273828291,0.));
#9026=CARTESIAN_POINT('',(13.4561114077583,-11.4854273828291,3.));
#9027=CARTESIAN_POINT('Origin',(16.0061114077583,-11.4854273828291,3.));
#9028=CARTESIAN_POINT('',(13.4561114077583,-11.4854273828291,0.));
#9029=CARTESIAN_POINT('Origin',(16.0061114077583,-11.4854273828291,3.));
#9030=CARTESIAN_POINT('',(14.4561114077583,-11.4854273828291,3.));
#9031=CARTESIAN_POINT('Origin',(16.0061114077583,-11.4854273828291,3.));
#9032=CARTESIAN_POINT('Origin',(36.5061114077582,8.51457261717101,0.));
#9033=CARTESIAN_POINT('',(34.0061114077582,8.51457261717101,3.));
#9034=CARTESIAN_POINT('Origin',(36.5061114077582,8.51457261717101,3.));
#9035=CARTESIAN_POINT('',(34.0061114077582,8.51457261717101,0.));
#9036=CARTESIAN_POINT('Origin',(36.5061114077582,8.51457261717101,3.));
#9037=CARTESIAN_POINT('',(35.0061114077582,8.51457261717101,3.));
#9038=CARTESIAN_POINT('Origin',(36.5061114077582,8.51457261717101,3.));
#9039=CARTESIAN_POINT('Origin',(-15.9938885922415,-35.4854273828291,0.));
#9040=CARTESIAN_POINT('',(-18.5438885922415,-35.4854273828291,3.));
#9041=CARTESIAN_POINT('Origin',(-15.9938885922415,-35.4854273828291,3.));
#9042=CARTESIAN_POINT('',(-18.5438885922415,-35.4854273828291,0.));
#9043=CARTESIAN_POINT('Origin',(-15.9938885922415,-35.4854273828291,3.));
#9044=CARTESIAN_POINT('',(-17.5438885922415,-35.4854273828291,3.));
#9045=CARTESIAN_POINT('Origin',(-15.9938885922415,-35.4854273828291,3.));
#9046=CARTESIAN_POINT('Origin',(-23.9938885922415,-11.4854273828292,0.));
#9047=CARTESIAN_POINT('',(-26.5438885922415,-11.4854273828292,3.));
#9048=CARTESIAN_POINT('Origin',(-23.9938885922415,-11.4854273828292,3.));
#9049=CARTESIAN_POINT('',(-26.5438885922415,-11.4854273828292,0.));
#9050=CARTESIAN_POINT('Origin',(-23.9938885922415,-11.4854273828292,3.));
#9051=CARTESIAN_POINT('',(-25.5438885922415,-11.4854273828292,3.));
#9052=CARTESIAN_POINT('Origin',(-23.9938885922415,-11.4854273828292,3.));
#9053=CARTESIAN_POINT('Origin',(-8.22588859224155,39.6709726171708,0.));
#9054=CARTESIAN_POINT('',(-6.72588859224155,39.6709726171708,3.));
#9055=CARTESIAN_POINT('Origin',(-8.22588859224155,39.6709726171708,3.));
#9056=CARTESIAN_POINT('',(-6.72588859224155,39.6709726171708,1.5));
#9057=CARTESIAN_POINT('',(-6.72588859224155,39.6709726171708,0.));
#9058=CARTESIAN_POINT('Origin',(-8.22588859224155,39.6709726171708,1.5));
#9059=CARTESIAN_POINT('Origin',(-8.22588859224155,39.6709726171708,0.));
#9060=CARTESIAN_POINT('',(-10.7258885922415,39.6709726171708,3.));
#9061=CARTESIAN_POINT('Origin',(-8.22588859224155,39.6709726171708,3.));
#9062=CARTESIAN_POINT('',(-10.7258885922415,39.6709726171708,0.));
#9063=CARTESIAN_POINT('Origin',(-8.22588859224155,39.6709726171708,3.));
#9064=CARTESIAN_POINT('Origin',(2.46392436498155E-5,-1.65002462032573,1.5));
#9065=CARTESIAN_POINT('Origin',(24.0061114077583,-11.485427382829,0.));
#9066=CARTESIAN_POINT('',(21.4561114077583,-11.485427382829,3.));
#9067=CARTESIAN_POINT('Origin',(24.0061114077583,-11.485427382829,3.));
#9068=CARTESIAN_POINT('',(21.4561114077583,-11.485427382829,0.));
#9069=CARTESIAN_POINT('Origin',(24.0061114077583,-11.485427382829,3.));
#9070=CARTESIAN_POINT('',(22.4561114077583,-11.485427382829,3.));
#9071=CARTESIAN_POINT('Origin',(24.0061114077583,-11.485427382829,3.));
#9072=CARTESIAN_POINT('Origin',(-26.4938885922414,-52.9854273828291,0.));
#9073=CARTESIAN_POINT('',(-28.9938885922414,-52.9854273828291,3.));
#9074=CARTESIAN_POINT('Origin',(-26.4938885922414,-52.9854273828291,3.));
#9075=CARTESIAN_POINT('',(-28.9938885922414,-52.9854273828291,0.));
#9076=CARTESIAN_POINT('Origin',(-26.4938885922414,-52.9854273828291,3.));
#9077=CARTESIAN_POINT('',(-27.9938885922414,-52.9854273828291,3.));
#9078=CARTESIAN_POINT('Origin',(-26.4938885922414,-52.9854273828291,3.));
#9079=CARTESIAN_POINT('Origin',(24.0061114077583,-35.485427382829,0.));
#9080=CARTESIAN_POINT('',(21.4561114077583,-35.485427382829,3.));
#9081=CARTESIAN_POINT('Origin',(24.0061114077583,-35.485427382829,3.));
#9082=CARTESIAN_POINT('',(21.4561114077583,-35.485427382829,0.));
#9083=CARTESIAN_POINT('Origin',(24.0061114077583,-35.485427382829,3.));
#9084=CARTESIAN_POINT('',(22.4561114077583,-35.485427382829,3.));
#9085=CARTESIAN_POINT('Origin',(24.0061114077583,-35.485427382829,3.));
#9086=CARTESIAN_POINT('Origin',(31.7561114077582,-0.735427422842055,0.));
#9087=CARTESIAN_POINT('',(50.2437880345298,-0.729092428105703,0.241813680124926));
#9088=CARTESIAN_POINT('Origin',(49.2561114077581,-46.2354273828288,0.));
#9089=CARTESIAN_POINT('',(49.2537147358564,-46.2378240547306,0.0915252073672624));
#9090=CARTESIAN_POINT('Origin',(49.2561114077581,-53.2354273828289,0.));
#9091=CARTESIAN_POINT('',(49.2501197280038,-53.2294357030746,0.228813018418153));
#9092=CARTESIAN_POINT('Origin',(31.7561114077582,-53.2354273828289,0.));
#9093=CARTESIAN_POINT('',(31.7573097437091,-53.2366257187797,-0.0457626036836308));
#9094=CARTESIAN_POINT('Origin',(31.7561114077582,-56.7354273828289,0.));
#9095=CARTESIAN_POINT('',(31.7343701697926,-56.7136861448633,0.830264381117316));
#9096=CARTESIAN_POINT('Origin',(-31.7438885922414,-56.7354273828292,0.));
#9097=CARTESIAN_POINT('',(-31.7426902562905,-56.7342290468783,0.0457626036836308));
#9098=CARTESIAN_POINT('Origin',(-31.7438885922414,-53.2354273828292,0.));
#9099=CARTESIAN_POINT('',(-31.7498802719957,-53.2414190625835,-0.228813018418159));
#9100=CARTESIAN_POINT('Origin',(-49.2438885922413,-53.2354273828292,0.));
#9101=CARTESIAN_POINT('',(-49.2414919203396,-53.2330307109274,0.0915252073672605));
#9102=CARTESIAN_POINT('Origin',(-49.2438885922413,-46.2354273828293,0.));
#9103=CARTESIAN_POINT('',(-49.2379002172369,-46.2414157578336,0.228686815110858));
#9104=CARTESIAN_POINT('Origin',(-31.7535408309685,-46.2354273828292,0.));
#9105=CARTESIAN_POINT('Origin',(-50.2500709751045,-0.73542454119989,0.));
#9106=CARTESIAN_POINT('',(-50.2490438298437,-0.734397396259208,0.0392250888717091));
#9107=CARTESIAN_POINT('Origin',(-50.2500705076225,2.26457545880012,0.));
#9108=CARTESIAN_POINT('',(-50.2504128893761,2.26423307715322,-0.013075029623896));
#9109=CARTESIAN_POINT('Origin',(-51.2500705076225,2.26457561462745,0.));
#9110=CARTESIAN_POINT('',(-50.2500705076225,2.26457545880012,0.));
#9111=CARTESIAN_POINT('',(-50.2500705073947,2.26603213106436,0.0556280694723645));
#9112=CARTESIAN_POINT('',(-51.2500705076225,2.26457561462745,0.));
#9113=CARTESIAN_POINT('',(-51.2500705076225,2.26457561462745,0.));
#9114=CARTESIAN_POINT('',(-51.2487009810349,2.26320608761305,-0.0523001184955804));
#9115=CARTESIAN_POINT('Origin',(-31.7574723956975,-0.735427422841113,0.));
#9116=CARTESIAN_POINT('',(-31.7535408309685,-46.2354273828292,0.));
#9117=CARTESIAN_POINT('',(-31.7438885922414,-46.2354273828292,0.368604124380514));
#9118=CARTESIAN_POINT('',(-31.7535388709723,-46.2354273828292,7.48492362933578E-5));
#9119=CARTESIAN_POINT('',(-31.7574723956975,-0.735427422841113,0.));
#9120=CARTESIAN_POINT('',(-31.7535408309685,-46.2354273828292,0.));
#9121=CARTESIAN_POINT('',(-31.7438885922414,-0.735427424957832,0.518744523439329));
#9122=CARTESIAN_POINT('',(-31.7638082616577,-0.735427421853814,-0.241956958422827));
#9123=CARTESIAN_POINT('',(-31.7438885922414,-0.73713915272995,0.518738875098981));
#9124=CARTESIAN_POINT('Origin',(-32.7438885922414,-57.1799359418151,0.));
#9125=CARTESIAN_POINT('',(-32.7438885922414,-54.2354273828292,0.));
#9126=CARTESIAN_POINT('',(-32.7438885922414,-57.1799359418151,0.));
#9127=CARTESIAN_POINT('Origin',(0.00611140775770874,127.177310271322,0.));
#9128=CARTESIAN_POINT('Origin',(0.00611140775770874,127.177310271322,0.));
#9129=CARTESIAN_POINT('',(-46.3574017045733,-54.2354273828292,0.));
#9130=CARTESIAN_POINT('Origin',(-32.7438885922414,-54.2354273828292,0.));
#9131=CARTESIAN_POINT('Origin',(46.2857686762751,-54.0201282618263,0.));
#9132=CARTESIAN_POINT('',(32.7561114077582,-54.0921818239284,0.));
#9133=CARTESIAN_POINT('',(46.2857686762751,-54.0201282618263,0.));
#9134=CARTESIAN_POINT('Origin',(0.00611140775770874,127.177310271322,0.));
#9135=CARTESIAN_POINT('Origin',(0.00611140775770874,127.177310271322,0.));
#9136=CARTESIAN_POINT('',(32.7561114077582,-56.9469844533705,0.));
#9137=CARTESIAN_POINT('Origin',(32.7561114077582,-54.0921818239284,0.));
#9138=CARTESIAN_POINT('Origin',(29.458381006862,-57.735427382829,0.));
#9139=CARTESIAN_POINT('',(-29.4461581913453,-57.7354273828292,0.));
#9140=CARTESIAN_POINT('',(29.458381006862,-57.735427382829,0.));
#9141=CARTESIAN_POINT('Origin',(0.00611140775770874,127.177310271322,0.));
#9142=CARTESIAN_POINT('Origin',(0.00611140775770874,127.177310271322,0.));
#9143=CARTESIAN_POINT('Origin',(-31.7574723956975,-0.735427422841113,0.));
#9144=CARTESIAN_POINT('',(-31.7535408309685,-46.2354273828292,0.));
#9145=CARTESIAN_POINT('',(-31.7574723956975,-0.735427422841111,0.));
#9146=CARTESIAN_POINT('Origin',(-51.2500705076225,2.26457561462745,0.));
#9147=CARTESIAN_POINT('',(-50.2500705076217,2.26457545880012,0.));
#9148=CARTESIAN_POINT('',(-51.2500705076225,2.26457561462745,0.));
#9149=CARTESIAN_POINT('Origin',(-51.2500711309318,-1.73542438537254,0.));
#9150=CARTESIAN_POINT('',(-51.2500711309318,-1.73542438537254,0.));
#9151=CARTESIAN_POINT('',(-51.2500711309318,-1.73542438537254,0.));
#9152=CARTESIAN_POINT('',(-51.2500711309318,-1.73542438537254,0.));
#9153=CARTESIAN_POINT('Origin',(-32.7573859914281,-1.73542726702724,0.));
#9154=CARTESIAN_POINT('',(-32.7573859914281,-1.73542726702724,0.));
#9155=CARTESIAN_POINT('',(-32.7573859914281,-1.73542726702724,0.));
#9156=CARTESIAN_POINT('Origin',(-32.7536272427179,-45.2354273828292,0.));
#9157=CARTESIAN_POINT('',(-32.7536272427179,-45.2354273828292,0.));
#9158=CARTESIAN_POINT('Origin',(-50.2438885922413,-45.2354273828293,0.));
#9159=CARTESIAN_POINT('',(-50.2438885922413,-45.2354273828293,0.));
#9160=CARTESIAN_POINT('Origin',(-50.2438885922413,-54.2354273828292,0.));
#9161=CARTESIAN_POINT('',(-50.2438885922413,-54.2354273828292,0.));
#9162=CARTESIAN_POINT('Origin',(0.00611140775770874,127.177310271322,0.));
#9163=CARTESIAN_POINT('',(50.2561114077582,-54.2354273828288,0.));
#9164=CARTESIAN_POINT('Origin',(50.2561114077581,-45.2354273828288,0.));
#9165=CARTESIAN_POINT('',(50.2561114077581,-45.2354273828288,0.));
#9166=CARTESIAN_POINT('Origin',(32.7561114077582,-45.2354273828289,0.));
#9167=CARTESIAN_POINT('',(32.7561114077582,-45.2354273828289,0.));
#9168=CARTESIAN_POINT('Origin',(32.7561114077582,-1.73542726702614,0.));
#9169=CARTESIAN_POINT('',(32.7561114077582,-1.73542726702614,0.));
#9170=CARTESIAN_POINT('Origin',(51.2501368357613,-1.73542438536265,0.));
#9171=CARTESIAN_POINT('',(51.2501368357613,-1.73542438536265,0.));
#9172=CARTESIAN_POINT('',(51.2501368357613,-1.73542438536265,0.));
#9173=CARTESIAN_POINT('',(51.2501368357613,-1.73542438536265,0.));
#9174=CARTESIAN_POINT('Origin',(51.2500705076225,2.26457561462701,0.));
#9175=CARTESIAN_POINT('',(51.2500705076225,2.26457561462701,0.));
#9176=CARTESIAN_POINT('',(51.2500705076225,2.26457561462701,0.));
#9177=CARTESIAN_POINT('',(51.2500705076225,2.26457561462701,0.));
#9178=CARTESIAN_POINT('Origin',(50.2500705076225,2.26457545880012,0.));
#9179=CARTESIAN_POINT('',(50.2500705076225,2.26457545880012,0.));
#9180=CARTESIAN_POINT('',(51.2500705076225,2.26457561462701,0.));
#9181=CARTESIAN_POINT('',(50.2500705074877,2.26457545880012,0.));
#9182=CARTESIAN_POINT('Origin',(0.00611140775770874,127.177310271322,0.));
#9183=CARTESIAN_POINT('Origin',(0.00611140775770874,127.177310271322,0.));
#9184=CARTESIAN_POINT('Origin',(0.00611140775770874,127.177310271322,0.));
#9185=CARTESIAN_POINT('Origin',(51.2500705076225,2.26457561462701,0.));
#9186=CARTESIAN_POINT('',(51.2487672637846,-1.73405483630936,-0.0523009764262896));
#9187=CARTESIAN_POINT('',(51.2497281372158,2.2642332384897,-0.013074815146634));
#9188=CARTESIAN_POINT('Origin',(51.2501368357613,-1.73542438536265,0.));
#9189=CARTESIAN_POINT('Origin',(-32.7573859914281,-1.73542726702724,0.));
#9190=CARTESIAN_POINT('',(-51.243739572965,-1.72909282937898,-0.241792406024509));
#9191=CARTESIAN_POINT('Origin',(-51.2500711309318,-1.73542438537254,0.));
#9192=CARTESIAN_POINT('Origin',(50.2501202535918,-0.735424541181151,0.));
#9193=CARTESIAN_POINT('',(50.251097686605,2.26354829701022,-0.0392257323173842));
#9194=CARTESIAN_POINT('Origin',(50.2500705076225,2.26457545880012,0.));
#9195=CARTESIAN_POINT('',(50.2500705245315,2.26354760986578,-0.0392519671926476));
#9196=CARTESIAN_POINT('Origin',(-31.7438885922414,-46.2354273828292,0.));
#9197=CARTESIAN_POINT('',(-31.7438885922414,-46.2354273828292,0.));
#9198=CARTESIAN_POINT('Origin',(-31.7438885922414,-0.735427424957829,0.));
#9199=CARTESIAN_POINT('',(-31.7438885922414,-0.735427424957832,0.));
#9200=CARTESIAN_POINT('Origin',(-50.2500709751045,-0.73542454119989,0.));
#9201=CARTESIAN_POINT('Origin',(-26.4938885922414,-52.9854273828291,0.));
#9202=CARTESIAN_POINT('',(-27.9938885922414,-52.9854273828291,0.));
#9203=CARTESIAN_POINT('Origin',(36.5061114077582,8.51457261717101,0.));
#9204=CARTESIAN_POINT('',(35.0061114077582,8.51457261717101,0.));
#9205=CARTESIAN_POINT('Origin',(24.0061114077583,-35.485427382829,0.));
#9206=CARTESIAN_POINT('',(22.4561114077583,-35.485427382829,0.));
#9207=CARTESIAN_POINT('Origin',(24.0061114077583,-11.485427382829,0.));
#9208=CARTESIAN_POINT('',(22.4561114077583,-11.485427382829,0.));
#9209=CARTESIAN_POINT('Origin',(-15.9938885922415,-35.4854273828291,0.));
#9210=CARTESIAN_POINT('',(-17.5438885922415,-35.4854273828291,0.));
#9211=CARTESIAN_POINT('Origin',(-23.9938885922415,-35.4854273828292,0.));
#9212=CARTESIAN_POINT('',(-25.5438885922415,-35.4854273828292,0.));
#9213=CARTESIAN_POINT('Origin',(26.5061114077583,-52.9854273828289,0.));
#9214=CARTESIAN_POINT('',(25.0061114077583,-52.9854273828289,0.));
#9215=CARTESIAN_POINT('Origin',(16.0061114077583,-11.4854273828291,0.));
#9216=CARTESIAN_POINT('',(14.4561114077583,-11.4854273828291,0.));
#9217=CARTESIAN_POINT('Origin',(16.0061114077583,-35.485427382829,0.));
#9218=CARTESIAN_POINT('',(14.4561114077583,-35.485427382829,0.));
#9219=CARTESIAN_POINT('Origin',(-23.9938885922415,-11.4854273828292,0.));
#9220=CARTESIAN_POINT('',(-25.5438885922415,-11.4854273828292,0.));
#9221=CARTESIAN_POINT('Origin',(-36.4938885922414,8.51457261717071,0.));
#9222=CARTESIAN_POINT('',(-37.9938885922414,8.51457261717071,0.));
#9223=CARTESIAN_POINT('Origin',(-15.9938885922415,-11.4854273828292,0.));
#9224=CARTESIAN_POINT('',(-17.4938885922415,-11.4854273828292,0.));
#9225=CARTESIAN_POINT('Origin',(11.5061114077584,-50.485427382829,0.));
#9226=CARTESIAN_POINT('',(11.5061114077584,-50.485427382829,0.));
#9227=CARTESIAN_POINT('',(-9.49388859224153,-50.4854273828291,0.));
#9228=CARTESIAN_POINT('Origin',(-9.49388859224152,-50.4854273828291,0.));
#9229=CARTESIAN_POINT('',(-9.49388859224152,-53.9854273828291,0.));
#9230=CARTESIAN_POINT('Origin',(-9.49388859224152,-53.9854273828291,0.));
#9231=CARTESIAN_POINT('',(11.5061114077584,-53.985427382829,0.));
#9232=CARTESIAN_POINT('Origin',(11.5061114077584,-53.985427382829,0.));
#9233=CARTESIAN_POINT('Origin',(-50.2500698451028,6.51618933696386,0.));
#9234=CARTESIAN_POINT('',(-50.2500698451023,6.51618933711191,0.));
#9235=CARTESIAN_POINT('Origin',(-3.4922401371338E-5,6.51618150664048,0.));
#9236=CARTESIAN_POINT('Origin',(50.2501202535918,-0.735424541181151,0.));
#9237=CARTESIAN_POINT('Origin',(2.46392436498155E-5,-1.65002462032573,1.5));
#9238=CARTESIAN_POINT('Origin',(-10.9938885922417,52.5145726171708,6.99999999999999));
#9239=CARTESIAN_POINT('',(-11.9938885922417,53.5145726171708,6.99999999999999));
#9240=CARTESIAN_POINT('',(-11.9938885922417,51.5145726171708,6.99999999999999));
#9241=CARTESIAN_POINT('Origin',(-11.9938885922417,52.5145726171708,6.99999999999999));
#9242=CARTESIAN_POINT('',(-7.99388859224172,51.5145726171708,6.99999999999999));
#9243=CARTESIAN_POINT('',(-10.9938885922417,51.5145726171708,6.99999999999999));
#9244=CARTESIAN_POINT('',(-7.99388859224171,53.5145726171708,6.99999999999999));
#9245=CARTESIAN_POINT('Origin',(-7.9938885922417,52.5145726171708,6.99999999999999));
#9246=CARTESIAN_POINT('',(-8.99388859224171,53.5145726171708,6.99999999999999));
#9247=CARTESIAN_POINT('Origin',(-11.9938885922417,52.5145726171708,6.99999999999999));
#9248=CARTESIAN_POINT('Origin',(-11.9938885922417,52.5145726171708,6.99999999999999));
#9249=CARTESIAN_POINT('Origin',(-7.99388859224171,52.5145726171708,6.99999999999999));
#9250=CARTESIAN_POINT('',(-7.0994614012418,52.9617862126708,6.99999999999999));
#9251=CARTESIAN_POINT('Origin',(-7.99388859224171,52.5145726171708,6.99999999999999));
#9252=CARTESIAN_POINT('',(-7.41653832305209,53.0919228863604,7.57735026918962));
#9253=CARTESIAN_POINT('Origin',(-7.99388859224171,52.5145726171708,6.99999999999999));
#9254=CARTESIAN_POINT('Origin',(-7.99388859224171,52.5145726171708,6.99999999999999));
#9255=CARTESIAN_POINT('Origin',(-11.9938885922417,52.5145726171708,2.99999999999999));
#9256=CARTESIAN_POINT('',(-11.9938885922417,53.5145726171708,2.99999999999999));
#9257=CARTESIAN_POINT('',(-11.9938885922417,53.5145726171708,2.99999999999999));
#9258=CARTESIAN_POINT('',(-11.9938885922417,51.5145726171708,2.99999999999999));
#9259=CARTESIAN_POINT('Origin',(-11.9938885922417,52.5145726171708,2.99999999999999));
#9260=CARTESIAN_POINT('',(-11.9938885922417,51.5145726171708,2.99999999999999));
#9261=CARTESIAN_POINT('Origin',(-7.99388859224171,53.5145726171708,2.99999999999999));
#9262=CARTESIAN_POINT('',(-7.99388859224171,53.5145726171708,2.99999999999999));
#9263=CARTESIAN_POINT('',(-7.99388859224171,53.5145726171708,2.99999999999999));
#9264=CARTESIAN_POINT('',(-7.99388859224171,53.5145726171708,2.99999999999999));
#9265=CARTESIAN_POINT('Origin',(-7.99388859224171,52.5145726171708,2.99999999999999));
#9266=CARTESIAN_POINT('',(-7.99388859224172,51.5145726171708,2.99999999999999));
#9267=CARTESIAN_POINT('',(-7.99388859224172,51.5145726171708,2.99999999999999));
#9268=CARTESIAN_POINT('Origin',(-7.99388859224171,52.5145726171708,2.99999999999999));
#9269=CARTESIAN_POINT('Origin',(-11.9938885922417,51.5145726171708,2.99999999999999));
#9270=CARTESIAN_POINT('',(-11.9938885922417,51.5145726171708,2.99999999999999));
#9271=CARTESIAN_POINT('Origin',(-9.9938885922417,52.5145726171708,2.99999999999999));
#9272=CARTESIAN_POINT('Origin',(11.0061114077582,52.5145726171709,6.99999999999999));
#9273=CARTESIAN_POINT('',(12.0061114077582,51.5145726171709,6.99999999999999));
#9274=CARTESIAN_POINT('',(12.0061114077582,53.5145726171709,6.99999999999999));
#9275=CARTESIAN_POINT('Origin',(12.0061114077582,52.5145726171709,6.99999999999999));
#9276=CARTESIAN_POINT('',(8.00611140775822,53.5145726171709,6.99999999999999));
#9277=CARTESIAN_POINT('',(11.0061114077582,53.5145726171709,6.99999999999999));
#9278=CARTESIAN_POINT('',(8.00611140775821,51.5145726171709,6.99999999999999));
#9279=CARTESIAN_POINT('Origin',(8.0061114077582,52.5145726171709,6.99999999999999));
#9280=CARTESIAN_POINT('',(9.0061114077582,51.5145726171709,6.99999999999999));
#9281=CARTESIAN_POINT('Origin',(8.00611140775821,52.5145726171709,6.99999999999999));
#9282=CARTESIAN_POINT('Origin',(8.00611140775821,52.5145726171709,6.99999999999999));
#9283=CARTESIAN_POINT('Origin',(12.0061114077582,52.5145726171709,6.99999999999999));
#9284=CARTESIAN_POINT('',(12.9005385987581,52.9617862126708,6.99999999999999));
#9285=CARTESIAN_POINT('Origin',(12.0061114077582,52.5145726171709,6.99999999999999));
#9286=CARTESIAN_POINT('',(12.5834616769478,53.0919228863605,7.57735026918962));
#9287=CARTESIAN_POINT('Origin',(12.0061114077582,52.5145726171709,6.99999999999999));
#9288=CARTESIAN_POINT('Origin',(12.0061114077582,52.5145726171709,6.99999999999999));
#9289=CARTESIAN_POINT('Origin',(12.0061114077582,52.5145726171709,2.99999999999999));
#9290=CARTESIAN_POINT('',(12.0061114077582,51.5145726171709,2.99999999999999));
#9291=CARTESIAN_POINT('',(12.0061114077582,51.5145726171709,2.99999999999999));
#9292=CARTESIAN_POINT('',(12.0061114077582,53.5145726171709,2.99999999999999));
#9293=CARTESIAN_POINT('Origin',(12.0061114077582,52.5145726171709,2.99999999999999));
#9294=CARTESIAN_POINT('',(12.0061114077582,53.5145726171709,2.99999999999999));
#9295=CARTESIAN_POINT('Origin',(8.00611140775821,51.5145726171709,2.99999999999999));
#9296=CARTESIAN_POINT('',(8.00611140775821,51.5145726171709,2.99999999999999));
#9297=CARTESIAN_POINT('',(8.00611140775821,51.5145726171709,2.99999999999999));
#9298=CARTESIAN_POINT('',(8.00611140775821,51.5145726171709,2.99999999999999));
#9299=CARTESIAN_POINT('Origin',(8.00611140775821,52.5145726171709,2.99999999999999));
#9300=CARTESIAN_POINT('',(8.00611140775822,53.5145726171709,2.99999999999999));
#9301=CARTESIAN_POINT('',(8.00611140775822,53.5145726171709,2.99999999999999));
#9302=CARTESIAN_POINT('Origin',(8.00611140775821,52.5145726171709,2.99999999999999));
#9303=CARTESIAN_POINT('Origin',(12.0061114077582,53.5145726171709,2.99999999999999));
#9304=CARTESIAN_POINT('',(12.0061114077582,53.5145726171709,2.99999999999999));
#9305=CARTESIAN_POINT('Origin',(10.0061114077582,52.5145726171709,2.99999999999999));
#9306=UNCERTAINTY_MEASURE_WITH_UNIT(LENGTH_MEASURE(0.01),#9310,
'DISTANCE_ACCURACY_VALUE',
'Maximum model space distance between geometric entities at asserted c
onnectivities');
#9307=UNCERTAINTY_MEASURE_WITH_UNIT(LENGTH_MEASURE(0.01),#9310,
'DISTANCE_ACCURACY_VALUE',
'Maximum model space distance between geometric entities at asserted c
onnectivities');
#9308=(
GEOMETRIC_REPRESENTATION_CONTEXT(3)
GLOBAL_UNCERTAINTY_ASSIGNED_CONTEXT((#9306))
GLOBAL_UNIT_ASSIGNED_CONTEXT((#9310,#9312,#9313))
REPRESENTATION_CONTEXT('','3D')
);
#9309=(
GEOMETRIC_REPRESENTATION_CONTEXT(3)
GLOBAL_UNCERTAINTY_ASSIGNED_CONTEXT((#9307))
GLOBAL_UNIT_ASSIGNED_CONTEXT((#9310,#9312,#9313))
REPRESENTATION_CONTEXT('','3D')
);
#9310=(
LENGTH_UNIT()
NAMED_UNIT(*)
SI_UNIT(.MILLI.,.METRE.)
);
#9311=(
LENGTH_UNIT()
NAMED_UNIT(*)
SI_UNIT($,.METRE.)
);
#9312=(
NAMED_UNIT(*)
PLANE_ANGLE_UNIT()
SI_UNIT($,.RADIAN.)
);
#9313=(
NAMED_UNIT(*)
SI_UNIT($,.STERADIAN.)
SOLID_ANGLE_UNIT()
);
#9314=SHAPE_DEFINITION_REPRESENTATION(#9315,#9316);
#9315=PRODUCT_DEFINITION_SHAPE('',$,#9318);
#9316=SHAPE_REPRESENTATION('',(#4959),#9308);
#9317=PRODUCT_DEFINITION_CONTEXT('part definition',#9322,'design');
#9318=PRODUCT_DEFINITION('v3','v3 v2',#9319,#9317);
#9319=PRODUCT_DEFINITION_FORMATION('',$,#9324);
#9320=PRODUCT_RELATED_PRODUCT_CATEGORY('v3 v2','v3 v2',(#9324));
#9321=APPLICATION_PROTOCOL_DEFINITION('international standard',
'automotive_design',2009,#9322);
#9322=APPLICATION_CONTEXT(
'Core Data for Automotive Mechanical Design Process');
#9323=PRODUCT_CONTEXT('part definition',#9322,'mechanical');
#9324=PRODUCT('v3','v3 v2',$,(#9323));
#9325=PRESENTATION_STYLE_ASSIGNMENT((#9327));
#9326=PRESENTATION_STYLE_ASSIGNMENT((#9328));
#9327=SURFACE_STYLE_USAGE(.BOTH.,#9329);
#9328=SURFACE_STYLE_USAGE(.BOTH.,#9330);
#9329=SURFACE_SIDE_STYLE('',(#9331));
#9330=SURFACE_SIDE_STYLE('',(#9332));
#9331=SURFACE_STYLE_FILL_AREA(#9333);
#9332=SURFACE_STYLE_FILL_AREA(#9334);
#9333=FILL_AREA_STYLE('Steel - Satin',(#9335));
#9334=FILL_AREA_STYLE('Plastic - Glossy (Black)',(#9336));
#9335=FILL_AREA_STYLE_COLOUR('Steel - Satin',#9337);
#9336=FILL_AREA_STYLE_COLOUR('Plastic - Glossy (Black)',#9338);
#9337=COLOUR_RGB('Steel - Satin',0.627450980392157,0.627450980392157,0.627450980392157);
#9338=COLOUR_RGB('Plastic - Glossy (Black)',0.0980392156862745,0.0980392156862745,
0.0980392156862745);
ENDSEC;
END-ISO-10303-21;
