ISO-10303-21;
HEADER;
/* Generated by software containing ST-Developer
 * from STEP Tools, Inc. (www.steptools.com) 
 */

FILE_DESCRIPTION(
/* description */ (''),
/* implementation_level */ '2;1');

FILE_NAME(
/* name */ 'Battery holder.step',
/* time_stamp */ '2026-05-06T07:32:07+05:30',
/* author */ (''),
/* organization */ (''),
/* preprocessor_version */ 'ST-DEVELOPER v20.1',
/* originating_system */ 'Autodesk Translation Framework v14.24.0.0',
/* authorisation */ '');

FILE_SCHEMA (('AUTOMOTIVE_DESIGN { 1 0 10303 214 3 1 1 }'));
ENDSEC;

DATA;
#10=MECHANICAL_DESIGN_GEOMETRIC_PRESENTATION_REPRESENTATION('',(#13),#14175);
#11=SHAPE_REPRESENTATION_RELATIONSHIP('SRR','None',#14182,#12);
#12=ADVANCED_BREP_SHAPE_REPRESENTATION('',(#14),#14174);
#13=STYLED_ITEM('',(#14192),#14);
#14=MANIFOLD_SOLID_BREP('Body1',#5948);
#15=(
BOUNDED_CURVE()
B_SPLINE_CURVE(2,(#11880,#11881,#11882),.UNSPECIFIED.,.F.,.F.)
B_SPLINE_CURVE_WITH_KNOTS((3,3),(0.414578895380795,0.604473053412547),
 .UNSPECIFIED.)
CURVE()
GEOMETRIC_REPRESENTATION_ITEM()
RATIONAL_B_SPLINE_CURVE((0.990642976865071,0.989610929659732,0.989596561026861))
REPRESENTATION_ITEM('')
);
#16=ELLIPSE('',#6211,0.500000939239278,0.5);
#17=ELLIPSE('',#6212,0.500000939239278,0.5);
#18=ELLIPSE('',#6253,1.41421356237309,0.999999999999997);
#19=ELLIPSE('',#6255,1.4142135623731,1.);
#20=ELLIPSE('',#6257,0.56551127137475,0.5);
#21=ELLIPSE('',#6261,0.56551127137475,0.5);
#22=ELLIPSE('',#6263,1.13102088187924,1.);
#23=ELLIPSE('',#6265,0.7274695816373,0.5);
#24=ELLIPSE('',#6268,0.565510440939623,0.5);
#25=ELLIPSE('',#6270,1.41421356237309,1.);
#26=ELLIPSE('',#6272,0.565510440939622,0.5);
#27=ELLIPSE('',#6274,1.13102088187924,1.);
#28=ELLIPSE('',#6276,0.727466999421214,0.499999999999998);
#29=ELLIPSE('',#6279,0.727466999421215,0.499999999999998);
#30=ELLIPSE('',#6281,1.41421356237309,1.);
#31=ELLIPSE('',#6282,1.13102088187925,1.);
#32=ELLIPSE('',#6327,0.707106781186549,0.5);
#33=ELLIPSE('',#6328,0.707106781186546,0.5);
#34=ELLIPSE('',#6330,0.707106781186546,0.5);
#35=ELLIPSE('',#6331,0.707106781186545,0.5);
#36=ELLIPSE('',#6337,1.13102088187924,0.999999999999998);
#37=ELLIPSE('',#6338,1.13102088187925,1.);
#38=ELLIPSE('',#6339,1.1310225427495,1.);
#39=ELLIPSE('',#6340,1.1310225427495,1.);
#40=ELLIPSE('',#6413,0.707106781186547,0.5);
#41=ELLIPSE('',#6414,0.599220924946152,0.5);
#42=ELLIPSE('',#6420,0.727469581637298,0.5);
#43=ELLIPSE('',#6425,0.599220924946152,0.5);
#44=ELLIPSE('',#6426,0.707106781186547,0.5);
#45=ELLIPSE('',#6443,0.707106781186549,0.5);
#46=ELLIPSE('',#6444,0.599220924946152,0.5);
#47=ELLIPSE('',#6449,0.599220924946152,0.5);
#48=ELLIPSE('',#6450,0.707106781186543,0.5);
#49=ELLIPSE('',#6459,1.4142135623731,1.);
#50=ELLIPSE('',#6460,1.13102088187924,1.);
#51=SPHERICAL_SURFACE('',#6129,0.5);
#52=SPHERICAL_SURFACE('',#6131,0.5);
#53=SPHERICAL_SURFACE('',#6166,0.5);
#54=SPHERICAL_SURFACE('',#6168,0.5);
#55=SPHERICAL_SURFACE('',#6199,0.5);
#56=SPHERICAL_SURFACE('',#6201,0.5);
#57=SPHERICAL_SURFACE('',#6297,0.5);
#58=SPHERICAL_SURFACE('',#6301,0.5);
#59=SPHERICAL_SURFACE('',#6306,0.5);
#60=SPHERICAL_SURFACE('',#6310,0.499999999999996);
#61=SPHERICAL_SURFACE('',#6314,0.5);
#62=SPHERICAL_SURFACE('',#6319,0.5);
#63=TOROIDAL_SURFACE('',#6053,1.,0.5);
#64=TOROIDAL_SURFACE('',#6056,1.,0.5);
#65=TOROIDAL_SURFACE('',#6064,1.,0.5);
#66=TOROIDAL_SURFACE('',#6074,1.,0.5);
#67=TOROIDAL_SURFACE('',#6081,1.,0.5);
#68=TOROIDAL_SURFACE('',#6088,1.,0.5);
#69=TOROIDAL_SURFACE('',#6101,1.,0.5);
#70=TOROIDAL_SURFACE('',#6108,1.,0.5);
#71=TOROIDAL_SURFACE('',#6111,1.,0.5);
#72=TOROIDAL_SURFACE('',#6116,1.,0.5);
#73=TOROIDAL_SURFACE('',#6143,1.,0.5);
#74=TOROIDAL_SURFACE('',#6147,1.,0.5);
#75=TOROIDAL_SURFACE('',#6159,1.,0.5);
#76=TOROIDAL_SURFACE('',#6176,1.,0.5);
#77=TOROIDAL_SURFACE('',#6180,1.,0.5);
#78=TOROIDAL_SURFACE('',#6192,1.,0.5);
#79=TOROIDAL_SURFACE('',#6285,1.,0.500000000000003);
#80=TOROIDAL_SURFACE('',#6291,1.,0.5);
#81=FACE_BOUND('',#1816,.T.);
#82=FACE_BOUND('',#1818,.T.);
#83=FACE_BOUND('',#1853,.T.);
#84=FACE_BOUND('',#1854,.T.);
#85=FACE_BOUND('',#1855,.T.);
#86=FACE_BOUND('',#1863,.T.);
#87=FACE_BOUND('',#1864,.T.);
#88=FACE_BOUND('',#1865,.T.);
#89=FACE_BOUND('',#1873,.T.);
#90=FACE_BOUND('',#1874,.T.);
#91=FACE_BOUND('',#1875,.T.);
#92=FACE_BOUND('',#1886,.T.);
#93=FACE_BOUND('',#1887,.T.);
#94=FACE_BOUND('',#1888,.T.);
#95=FACE_BOUND('',#1895,.T.);
#96=FACE_BOUND('',#1896,.T.);
#97=FACE_BOUND('',#1897,.T.);
#98=FACE_BOUND('',#1908,.T.);
#99=FACE_BOUND('',#1909,.T.);
#100=FACE_BOUND('',#1910,.T.);
#101=FACE_BOUND('',#1916,.T.);
#102=FACE_BOUND('',#1922,.T.);
#103=FACE_BOUND('',#1931,.T.);
#104=FACE_BOUND('',#1939,.T.);
#105=FACE_BOUND('',#1988,.T.);
#106=FACE_BOUND('',#1989,.T.);
#107=FACE_BOUND('',#1990,.T.);
#108=FACE_BOUND('',#1991,.T.);
#109=FACE_BOUND('',#1992,.T.);
#110=FACE_BOUND('',#1993,.T.);
#111=FACE_BOUND('',#1994,.T.);
#112=FACE_BOUND('',#1995,.T.);
#113=FACE_BOUND('',#1996,.T.);
#114=FACE_BOUND('',#1997,.T.);
#115=FACE_BOUND('',#1998,.T.);
#116=FACE_BOUND('',#1999,.T.);
#117=FACE_BOUND('',#2000,.T.);
#118=FACE_BOUND('',#2001,.T.);
#119=FACE_BOUND('',#2002,.T.);
#120=FACE_BOUND('',#2003,.T.);
#121=FACE_BOUND('',#2004,.T.);
#122=FACE_BOUND('',#2005,.T.);
#123=FACE_BOUND('',#2126,.T.);
#124=FACE_BOUND('',#2127,.T.);
#125=FACE_BOUND('',#2128,.T.);
#126=FACE_BOUND('',#2129,.T.);
#127=FACE_BOUND('',#2130,.T.);
#128=FACE_BOUND('',#2131,.T.);
#129=FACE_BOUND('',#2132,.T.);
#130=FACE_BOUND('',#2133,.T.);
#131=FACE_BOUND('',#2134,.T.);
#132=FACE_BOUND('',#2135,.T.);
#133=FACE_BOUND('',#2136,.T.);
#134=FACE_BOUND('',#2137,.T.);
#135=FACE_BOUND('',#2138,.T.);
#136=FACE_BOUND('',#2139,.T.);
#137=FACE_BOUND('',#2140,.T.);
#138=FACE_BOUND('',#2141,.T.);
#139=PLANE('',#6040);
#140=PLANE('',#6041);
#141=PLANE('',#6042);
#142=PLANE('',#6043);
#143=PLANE('',#6044);
#144=PLANE('',#6045);
#145=PLANE('',#6060);
#146=PLANE('',#6067);
#147=PLANE('',#6072);
#148=PLANE('',#6084);
#149=PLANE('',#6091);
#150=PLANE('',#6094);
#151=PLANE('',#6097);
#152=PLANE('',#6104);
#153=PLANE('',#6115);
#154=PLANE('',#6119);
#155=PLANE('',#6121);
#156=PLANE('',#6133);
#157=PLANE('',#6136);
#158=PLANE('',#6142);
#159=PLANE('',#6151);
#160=PLANE('',#6153);
#161=PLANE('',#6170);
#162=PLANE('',#6171);
#163=PLANE('',#6184);
#164=PLANE('',#6187);
#165=PLANE('',#6203);
#166=PLANE('',#6204);
#167=PLANE('',#6213);
#168=PLANE('',#6217);
#169=PLANE('',#6222);
#170=PLANE('',#6226);
#171=PLANE('',#6230);
#172=PLANE('',#6235);
#173=PLANE('',#6236);
#174=PLANE('',#6237);
#175=PLANE('',#6238);
#176=PLANE('',#6239);
#177=PLANE('',#6243);
#178=PLANE('',#6244);
#179=PLANE('',#6245);
#180=PLANE('',#6246);
#181=PLANE('',#6256);
#182=PLANE('',#6259);
#183=PLANE('',#6266);
#184=PLANE('',#6267);
#185=PLANE('',#6271);
#186=PLANE('',#6277);
#187=PLANE('',#6283);
#188=PLANE('',#6284);
#189=PLANE('',#6335);
#190=PLANE('',#6336);
#191=PLANE('',#6341);
#192=PLANE('',#6348);
#193=PLANE('',#6352);
#194=PLANE('',#6353);
#195=PLANE('',#6354);
#196=PLANE('',#6355);
#197=PLANE('',#6356);
#198=PLANE('',#6357);
#199=PLANE('',#6358);
#200=PLANE('',#6359);
#201=PLANE('',#6360);
#202=PLANE('',#6361);
#203=PLANE('',#6362);
#204=PLANE('',#6363);
#205=PLANE('',#6364);
#206=PLANE('',#6365);
#207=PLANE('',#6366);
#208=PLANE('',#6367);
#209=PLANE('',#6368);
#210=PLANE('',#6369);
#211=PLANE('',#6370);
#212=PLANE('',#6371);
#213=PLANE('',#6372);
#214=PLANE('',#6373);
#215=PLANE('',#6374);
#216=PLANE('',#6375);
#217=PLANE('',#6376);
#218=PLANE('',#6377);
#219=PLANE('',#6378);
#220=PLANE('',#6379);
#221=PLANE('',#6380);
#222=PLANE('',#6381);
#223=PLANE('',#6382);
#224=PLANE('',#6383);
#225=PLANE('',#6384);
#226=PLANE('',#6385);
#227=PLANE('',#6386);
#228=PLANE('',#6387);
#229=PLANE('',#6388);
#230=PLANE('',#6389);
#231=PLANE('',#6390);
#232=PLANE('',#6391);
#233=PLANE('',#6392);
#234=PLANE('',#6393);
#235=PLANE('',#6394);
#236=PLANE('',#6395);
#237=PLANE('',#6396);
#238=PLANE('',#6397);
#239=PLANE('',#6398);
#240=PLANE('',#6399);
#241=PLANE('',#6400);
#242=PLANE('',#6401);
#243=PLANE('',#6402);
#244=PLANE('',#6403);
#245=PLANE('',#6404);
#246=PLANE('',#6405);
#247=PLANE('',#6406);
#248=PLANE('',#6407);
#249=PLANE('',#6408);
#250=PLANE('',#6409);
#251=PLANE('',#6430);
#252=PLANE('',#6431);
#253=PLANE('',#6432);
#254=PLANE('',#6451);
#255=PLANE('',#6452);
#256=PLANE('',#6453);
#257=PLANE('',#6455);
#258=PLANE('',#6462);
#259=PLANE('',#6464);
#260=PLANE('',#6467);
#261=PLANE('',#6469);
#262=LINE('',#10632,#680);
#263=LINE('',#10633,#681);
#264=LINE('',#10695,#682);
#265=LINE('',#10696,#683);
#266=LINE('',#10698,#684);
#267=LINE('',#10699,#685);
#268=LINE('',#10761,#686);
#269=LINE('',#10762,#687);
#270=LINE('',#10764,#688);
#271=LINE('',#10765,#689);
#272=LINE('',#10767,#690);
#273=LINE('',#10768,#691);
#274=LINE('',#10770,#692);
#275=LINE('',#10771,#693);
#276=LINE('',#10773,#694);
#277=LINE('',#10774,#695);
#278=LINE('',#10782,#696);
#279=LINE('',#10784,#697);
#280=LINE('',#10786,#698);
#281=LINE('',#10787,#699);
#282=LINE('',#10793,#700);
#283=LINE('',#10797,#701);
#284=LINE('',#10801,#702);
#285=LINE('',#10804,#703);
#286=LINE('',#10810,#704);
#287=LINE('',#10813,#705);
#288=LINE('',#10846,#706);
#289=LINE('',#10848,#707);
#290=LINE('',#10861,#708);
#291=LINE('',#10864,#709);
#292=LINE('',#10878,#710);
#293=LINE('',#10880,#711);
#294=LINE('',#11015,#712);
#295=LINE('',#11018,#713);
#296=LINE('',#11117,#714);
#297=LINE('',#11120,#715);
#298=LINE('',#11133,#716);
#299=LINE('',#11134,#717);
#300=LINE('',#11140,#718);
#301=LINE('',#11143,#719);
#302=LINE('',#11157,#720);
#303=LINE('',#11159,#721);
#304=LINE('',#11291,#722);
#305=LINE('',#11294,#723);
#306=LINE('',#11388,#724);
#307=LINE('',#11389,#725);
#308=LINE('',#11395,#726);
#309=LINE('',#11398,#727);
#310=LINE('',#11411,#728);
#311=LINE('',#11412,#729);
#312=LINE('',#11418,#730);
#313=LINE('',#11421,#731);
#314=LINE('',#11453,#732);
#315=LINE('',#11454,#733);
#316=LINE('',#11472,#734);
#317=LINE('',#11473,#735);
#318=LINE('',#11475,#736);
#319=LINE('',#11476,#737);
#320=LINE('',#11478,#738);
#321=LINE('',#11479,#739);
#322=LINE('',#11487,#740);
#323=LINE('',#11493,#741);
#324=LINE('',#11500,#742);
#325=LINE('',#11502,#743);
#326=LINE('',#11504,#744);
#327=LINE('',#11506,#745);
#328=LINE('',#11507,#746);
#329=LINE('',#11508,#747);
#330=LINE('',#11509,#748);
#331=LINE('',#11512,#749);
#332=LINE('',#11516,#750);
#333=LINE('',#11517,#751);
#334=LINE('',#11526,#752);
#335=LINE('',#11529,#753);
#336=LINE('',#11530,#754);
#337=LINE('',#11532,#755);
#338=LINE('',#11534,#756);
#339=LINE('',#11536,#757);
#340=LINE('',#11537,#758);
#341=LINE('',#11579,#759);
#342=LINE('',#11580,#760);
#343=LINE('',#11582,#761);
#344=LINE('',#11583,#762);
#345=LINE('',#11585,#763);
#346=LINE('',#11587,#764);
#347=LINE('',#11588,#765);
#348=LINE('',#11597,#766);
#349=LINE('',#11615,#767);
#350=LINE('',#11653,#768);
#351=LINE('',#11656,#769);
#352=LINE('',#11658,#770);
#353=LINE('',#11664,#771);
#354=LINE('',#11666,#772);
#355=LINE('',#11715,#773);
#356=LINE('',#11716,#774);
#357=LINE('',#11719,#775);
#358=LINE('',#11722,#776);
#359=LINE('',#11724,#777);
#360=LINE('',#11725,#778);
#361=LINE('',#11726,#779);
#362=LINE('',#11734,#780);
#363=LINE('',#11751,#781);
#364=LINE('',#11789,#782);
#365=LINE('',#11792,#783);
#366=LINE('',#11794,#784);
#367=LINE('',#11800,#785);
#368=LINE('',#11802,#786);
#369=LINE('',#11815,#787);
#370=LINE('',#11819,#788);
#371=LINE('',#11823,#789);
#372=LINE('',#11825,#790);
#373=LINE('',#11827,#791);
#374=LINE('',#11829,#792);
#375=LINE('',#11830,#793);
#376=LINE('',#11835,#794);
#377=LINE('',#11839,#795);
#378=LINE('',#11873,#796);
#379=LINE('',#11878,#797);
#380=LINE('',#11884,#798);
#381=LINE('',#11885,#799);
#382=LINE('',#11891,#800);
#383=LINE('',#11894,#801);
#384=LINE('',#11897,#802);
#385=LINE('',#11899,#803);
#386=LINE('',#11900,#804);
#387=LINE('',#11906,#805);
#388=LINE('',#11909,#806);
#389=LINE('',#11959,#807);
#390=LINE('',#11964,#808);
#391=LINE('',#11966,#809);
#392=LINE('',#11968,#810);
#393=LINE('',#11970,#811);
#394=LINE('',#11971,#812);
#395=LINE('',#12001,#813);
#396=LINE('',#12013,#814);
#397=LINE('',#12056,#815);
#398=LINE('',#12107,#816);
#399=LINE('',#12120,#817);
#400=LINE('',#12122,#818);
#401=LINE('',#12123,#819);
#402=LINE('',#12126,#820);
#403=LINE('',#12128,#821);
#404=LINE('',#12129,#822);
#405=LINE('',#12132,#823);
#406=LINE('',#12134,#824);
#407=LINE('',#12135,#825);
#408=LINE('',#12171,#826);
#409=LINE('',#12183,#827);
#410=LINE('',#12226,#828);
#411=LINE('',#12277,#829);
#412=LINE('',#12290,#830);
#413=LINE('',#12292,#831);
#414=LINE('',#12293,#832);
#415=LINE('',#12296,#833);
#416=LINE('',#12298,#834);
#417=LINE('',#12299,#835);
#418=LINE('',#12302,#836);
#419=LINE('',#12304,#837);
#420=LINE('',#12305,#838);
#421=LINE('',#12316,#839);
#422=LINE('',#12328,#840);
#423=LINE('',#12334,#841);
#424=LINE('',#12342,#842);
#425=LINE('',#12344,#843);
#426=LINE('',#12369,#844);
#427=LINE('',#12370,#845);
#428=LINE('',#12417,#846);
#429=LINE('',#12420,#847);
#430=LINE('',#12423,#848);
#431=LINE('',#12425,#849);
#432=LINE('',#12482,#850);
#433=LINE('',#12486,#851);
#434=LINE('',#12524,#852);
#435=LINE('',#12528,#853);
#436=LINE('',#12553,#854);
#437=LINE('',#12556,#855);
#438=LINE('',#12558,#856);
#439=LINE('',#12559,#857);
#440=LINE('',#12580,#858);
#441=LINE('',#12593,#859);
#442=LINE('',#12599,#860);
#443=LINE('',#12609,#861);
#444=LINE('',#12648,#862);
#445=LINE('',#12712,#863);
#446=LINE('',#12715,#864);
#447=LINE('',#12739,#865);
#448=LINE('',#12764,#866);
#449=LINE('',#12766,#867);
#450=LINE('',#12768,#868);
#451=LINE('',#12770,#869);
#452=LINE('',#12771,#870);
#453=LINE('',#12783,#871);
#454=LINE('',#12790,#872);
#455=LINE('',#12792,#873);
#456=LINE('',#12793,#874);
#457=LINE('',#12796,#875);
#458=LINE('',#12798,#876);
#459=LINE('',#12799,#877);
#460=LINE('',#12809,#878);
#461=LINE('',#12819,#879);
#462=LINE('',#12832,#880);
#463=LINE('',#12849,#881);
#464=LINE('',#12856,#882);
#465=LINE('',#12858,#883);
#466=LINE('',#12859,#884);
#467=LINE('',#12863,#885);
#468=LINE('',#12866,#886);
#469=LINE('',#12871,#887);
#470=LINE('',#12873,#888);
#471=LINE('',#12875,#889);
#472=LINE('',#12876,#890);
#473=LINE('',#12881,#891);
#474=LINE('',#12883,#892);
#475=LINE('',#12887,#893);
#476=LINE('',#12905,#894);
#477=LINE('',#12908,#895);
#478=LINE('',#12911,#896);
#479=LINE('',#12913,#897);
#480=LINE('',#12917,#898);
#481=LINE('',#12935,#899);
#482=LINE('',#12938,#900);
#483=LINE('',#12941,#901);
#484=LINE('',#12943,#902);
#485=LINE('',#12944,#903);
#486=LINE('',#12947,#904);
#487=LINE('',#12949,#905);
#488=LINE('',#12950,#906);
#489=LINE('',#12953,#907);
#490=LINE('',#12955,#908);
#491=LINE('',#12956,#909);
#492=LINE('',#12959,#910);
#493=LINE('',#12961,#911);
#494=LINE('',#12963,#912);
#495=LINE('',#12965,#913);
#496=LINE('',#12966,#914);
#497=LINE('',#12969,#915);
#498=LINE('',#12971,#916);
#499=LINE('',#12972,#917);
#500=LINE('',#12975,#918);
#501=LINE('',#12977,#919);
#502=LINE('',#12978,#920);
#503=LINE('',#12981,#921);
#504=LINE('',#12983,#922);
#505=LINE('',#12985,#923);
#506=LINE('',#12986,#924);
#507=LINE('',#12989,#925);
#508=LINE('',#12991,#926);
#509=LINE('',#12993,#927);
#510=LINE('',#12994,#928);
#511=LINE('',#12997,#929);
#512=LINE('',#12999,#930);
#513=LINE('',#13001,#931);
#514=LINE('',#13002,#932);
#515=LINE('',#13005,#933);
#516=LINE('',#13007,#934);
#517=LINE('',#13009,#935);
#518=LINE('',#13010,#936);
#519=LINE('',#13013,#937);
#520=LINE('',#13015,#938);
#521=LINE('',#13016,#939);
#522=LINE('',#13019,#940);
#523=LINE('',#13021,#941);
#524=LINE('',#13023,#942);
#525=LINE('',#13024,#943);
#526=LINE('',#13027,#944);
#527=LINE('',#13029,#945);
#528=LINE('',#13030,#946);
#529=LINE('',#13033,#947);
#530=LINE('',#13035,#948);
#531=LINE('',#13037,#949);
#532=LINE('',#13038,#950);
#533=LINE('',#13041,#951);
#534=LINE('',#13043,#952);
#535=LINE('',#13045,#953);
#536=LINE('',#13046,#954);
#537=LINE('',#13049,#955);
#538=LINE('',#13051,#956);
#539=LINE('',#13053,#957);
#540=LINE('',#13054,#958);
#541=LINE('',#13057,#959);
#542=LINE('',#13059,#960);
#543=LINE('',#13061,#961);
#544=LINE('',#13063,#962);
#545=LINE('',#13065,#963);
#546=LINE('',#13067,#964);
#547=LINE('',#13070,#965);
#548=LINE('',#13072,#966);
#549=LINE('',#13074,#967);
#550=LINE('',#13078,#968);
#551=LINE('',#13079,#969);
#552=LINE('',#13080,#970);
#553=LINE('',#13083,#971);
#554=LINE('',#13084,#972);
#555=LINE('',#13087,#973);
#556=LINE('',#13088,#974);
#557=LINE('',#13090,#975);
#558=LINE('',#13094,#976);
#559=LINE('',#13095,#977);
#560=LINE('',#13096,#978);
#561=LINE('',#13099,#979);
#562=LINE('',#13100,#980);
#563=LINE('',#13103,#981);
#564=LINE('',#13104,#982);
#565=LINE('',#13106,#983);
#566=LINE('',#13110,#984);
#567=LINE('',#13111,#985);
#568=LINE('',#13112,#986);
#569=LINE('',#13115,#987);
#570=LINE('',#13116,#988);
#571=LINE('',#13119,#989);
#572=LINE('',#13120,#990);
#573=LINE('',#13122,#991);
#574=LINE('',#13126,#992);
#575=LINE('',#13127,#993);
#576=LINE('',#13128,#994);
#577=LINE('',#13131,#995);
#578=LINE('',#13132,#996);
#579=LINE('',#13134,#997);
#580=LINE('',#13138,#998);
#581=LINE('',#13139,#999);
#582=LINE('',#13140,#1000);
#583=LINE('',#13143,#1001);
#584=LINE('',#13144,#1002);
#585=LINE('',#13147,#1003);
#586=LINE('',#13148,#1004);
#587=LINE('',#13150,#1005);
#588=LINE('',#13154,#1006);
#589=LINE('',#13155,#1007);
#590=LINE('',#13156,#1008);
#591=LINE('',#13159,#1009);
#592=LINE('',#13160,#1010);
#593=LINE('',#13162,#1011);
#594=LINE('',#13166,#1012);
#595=LINE('',#13167,#1013);
#596=LINE('',#13168,#1014);
#597=LINE('',#13171,#1015);
#598=LINE('',#13172,#1016);
#599=LINE('',#13175,#1017);
#600=LINE('',#13176,#1018);
#601=LINE('',#13178,#1019);
#602=LINE('',#13182,#1020);
#603=LINE('',#13183,#1021);
#604=LINE('',#13184,#1022);
#605=LINE('',#13187,#1023);
#606=LINE('',#13188,#1024);
#607=LINE('',#13191,#1025);
#608=LINE('',#13192,#1026);
#609=LINE('',#13194,#1027);
#610=LINE('',#13198,#1028);
#611=LINE('',#13199,#1029);
#612=LINE('',#13200,#1030);
#613=LINE('',#13203,#1031);
#614=LINE('',#13204,#1032);
#615=LINE('',#13207,#1033);
#616=LINE('',#13208,#1034);
#617=LINE('',#13210,#1035);
#618=LINE('',#13214,#1036);
#619=LINE('',#13215,#1037);
#620=LINE('',#13216,#1038);
#621=LINE('',#13219,#1039);
#622=LINE('',#13220,#1040);
#623=LINE('',#13223,#1041);
#624=LINE('',#13224,#1042);
#625=LINE('',#13226,#1043);
#626=LINE('',#13230,#1044);
#627=LINE('',#13231,#1045);
#628=LINE('',#13232,#1046);
#629=LINE('',#13235,#1047);
#630=LINE('',#13236,#1048);
#631=LINE('',#13238,#1049);
#632=LINE('',#13242,#1050);
#633=LINE('',#13243,#1051);
#634=LINE('',#13244,#1052);
#635=LINE('',#13247,#1053);
#636=LINE('',#13248,#1054);
#637=LINE('',#13250,#1055);
#638=LINE('',#13254,#1056);
#639=LINE('',#13255,#1057);
#640=LINE('',#13256,#1058);
#641=LINE('',#13259,#1059);
#642=LINE('',#13260,#1060);
#643=LINE('',#13263,#1061);
#644=LINE('',#13264,#1062);
#645=LINE('',#13267,#1063);
#646=LINE('',#13268,#1064);
#647=LINE('',#13270,#1065);
#648=LINE('',#13274,#1066);
#649=LINE('',#13275,#1067);
#650=LINE('',#13276,#1068);
#651=LINE('',#13279,#1069);
#652=LINE('',#13280,#1070);
#653=LINE('',#13282,#1071);
#654=LINE('',#13286,#1072);
#655=LINE('',#13287,#1073);
#656=LINE('',#13288,#1074);
#657=LINE('',#13291,#1075);
#658=LINE('',#13292,#1076);
#659=LINE('',#13294,#1077);
#660=LINE('',#13298,#1078);
#661=LINE('',#13299,#1079);
#662=LINE('',#13300,#1080);
#663=LINE('',#13303,#1081);
#664=LINE('',#13304,#1082);
#665=LINE('',#13306,#1083);
#666=LINE('',#13349,#1084);
#667=LINE('',#13384,#1085);
#668=LINE('',#13493,#1086);
#669=LINE('',#13508,#1087);
#670=LINE('',#13669,#1088);
#671=LINE('',#13896,#1089);
#672=LINE('',#13933,#1090);
#673=LINE('',#14086,#1091);
#674=LINE('',#14125,#1092);
#675=LINE('',#14127,#1093);
#676=LINE('',#14132,#1094);
#677=LINE('',#14135,#1095);
#678=LINE('',#14139,#1096);
#679=LINE('',#14170,#1097);
#680=VECTOR('',#6610,10.);
#681=VECTOR('',#6611,10.);
#682=VECTOR('',#6616,10.);
#683=VECTOR('',#6617,10.);
#684=VECTOR('',#6620,10.);
#685=VECTOR('',#6621,10.);
#686=VECTOR('',#6626,10.);
#687=VECTOR('',#6627,10.);
#688=VECTOR('',#6630,10.);
#689=VECTOR('',#6631,10.);
#690=VECTOR('',#6634,10.);
#691=VECTOR('',#6635,10.);
#692=VECTOR('',#6638,10.);
#693=VECTOR('',#6639,10.);
#694=VECTOR('',#6642,10.);
#695=VECTOR('',#6643,10.);
#696=VECTOR('',#6654,10.);
#697=VECTOR('',#6655,10.);
#698=VECTOR('',#6656,10.);
#699=VECTOR('',#6657,10.);
#700=VECTOR('',#6662,10.);
#701=VECTOR('',#6665,10.);
#702=VECTOR('',#6668,10.);
#703=VECTOR('',#6671,10.);
#704=VECTOR('',#6676,10.);
#705=VECTOR('',#6679,10.);
#706=VECTOR('',#6696,10.);
#707=VECTOR('',#6697,10.);
#708=VECTOR('',#6702,10.);
#709=VECTOR('',#6705,10.);
#710=VECTOR('',#6714,10.);
#711=VECTOR('',#6715,10.);
#712=VECTOR('',#6726,10.);
#713=VECTOR('',#6729,10.);
#714=VECTOR('',#6742,10.);
#715=VECTOR('',#6745,10.);
#716=VECTOR('',#6754,10.);
#717=VECTOR('',#6755,10.);
#718=VECTOR('',#6760,10.);
#719=VECTOR('',#6763,10.);
#720=VECTOR('',#6772,10.);
#721=VECTOR('',#6773,10.);
#722=VECTOR('',#6780,10.);
#723=VECTOR('',#6783,10.);
#724=VECTOR('',#6788,10.);
#725=VECTOR('',#6789,10.);
#726=VECTOR('',#6794,10.);
#727=VECTOR('',#6797,10.);
#728=VECTOR('',#6806,10.);
#729=VECTOR('',#6807,10.);
#730=VECTOR('',#6812,10.);
#731=VECTOR('',#6815,10.);
#732=VECTOR('',#6832,10.);
#733=VECTOR('',#6833,10.);
#734=VECTOR('',#6842,10.);
#735=VECTOR('',#6843,10.);
#736=VECTOR('',#6846,10.);
#737=VECTOR('',#6847,10.);
#738=VECTOR('',#6850,10.);
#739=VECTOR('',#6851,10.);
#740=VECTOR('',#6860,10.);
#741=VECTOR('',#6867,10.);
#742=VECTOR('',#6878,10.);
#743=VECTOR('',#6879,10.);
#744=VECTOR('',#6880,10.);
#745=VECTOR('',#6881,10.);
#746=VECTOR('',#6882,10.);
#747=VECTOR('',#6883,10.);
#748=VECTOR('',#6884,10.);
#749=VECTOR('',#6887,10.);
#750=VECTOR('',#6892,10.);
#751=VECTOR('',#6893,10.);
#752=VECTOR('',#6902,10.);
#753=VECTOR('',#6907,10.);
#754=VECTOR('',#6908,10.);
#755=VECTOR('',#6909,10.);
#756=VECTOR('',#6910,10.);
#757=VECTOR('',#6911,10.);
#758=VECTOR('',#6912,10.);
#759=VECTOR('',#6931,10.);
#760=VECTOR('',#6932,10.);
#761=VECTOR('',#6935,10.);
#762=VECTOR('',#6936,10.);
#763=VECTOR('',#6939,10.);
#764=VECTOR('',#6940,10.);
#765=VECTOR('',#6941,10.);
#766=VECTOR('',#6950,10.);
#767=VECTOR('',#6961,10.);
#768=VECTOR('',#6964,10.);
#769=VECTOR('',#6967,10.);
#770=VECTOR('',#6970,10.);
#771=VECTOR('',#6981,10.);
#772=VECTOR('',#6984,10.);
#773=VECTOR('',#7011,10.);
#774=VECTOR('',#7012,10.);
#775=VECTOR('',#7015,10.);
#776=VECTOR('',#7018,10.);
#777=VECTOR('',#7021,10.);
#778=VECTOR('',#7022,10.);
#779=VECTOR('',#7023,10.);
#780=VECTOR('',#7032,10.);
#781=VECTOR('',#7041,10.);
#782=VECTOR('',#7044,10.);
#783=VECTOR('',#7047,10.);
#784=VECTOR('',#7050,10.);
#785=VECTOR('',#7061,10.);
#786=VECTOR('',#7064,10.);
#787=VECTOR('',#7077,10.);
#788=VECTOR('',#7080,10.);
#789=VECTOR('',#7085,10.);
#790=VECTOR('',#7086,10.);
#791=VECTOR('',#7087,10.);
#792=VECTOR('',#7088,10.);
#793=VECTOR('',#7089,10.);
#794=VECTOR('',#7094,10.);
#795=VECTOR('',#7099,10.);
#796=VECTOR('',#7106,10.);
#797=VECTOR('',#7111,10.);
#798=VECTOR('',#7112,10.);
#799=VECTOR('',#7113,10.);
#800=VECTOR('',#7118,10.);
#801=VECTOR('',#7121,10.);
#802=VECTOR('',#7124,10.);
#803=VECTOR('',#7125,10.);
#804=VECTOR('',#7126,10.);
#805=VECTOR('',#7133,10.);
#806=VECTOR('',#7136,10.);
#807=VECTOR('',#7143,10.);
#808=VECTOR('',#7148,10.);
#809=VECTOR('',#7149,10.);
#810=VECTOR('',#7150,10.);
#811=VECTOR('',#7151,10.);
#812=VECTOR('',#7152,10.);
#813=VECTOR('',#7153,10.);
#814=VECTOR('',#7154,10.);
#815=VECTOR('',#7155,10.);
#816=VECTOR('',#7156,10.);
#817=VECTOR('',#7159,10.);
#818=VECTOR('',#7160,10.);
#819=VECTOR('',#7161,10.);
#820=VECTOR('',#7164,10.);
#821=VECTOR('',#7165,10.);
#822=VECTOR('',#7166,10.);
#823=VECTOR('',#7169,10.);
#824=VECTOR('',#7170,10.);
#825=VECTOR('',#7171,10.);
#826=VECTOR('',#7180,10.);
#827=VECTOR('',#7181,10.);
#828=VECTOR('',#7182,10.);
#829=VECTOR('',#7183,10.);
#830=VECTOR('',#7186,10.);
#831=VECTOR('',#7187,10.);
#832=VECTOR('',#7188,10.);
#833=VECTOR('',#7191,10.);
#834=VECTOR('',#7192,10.);
#835=VECTOR('',#7193,10.);
#836=VECTOR('',#7196,10.);
#837=VECTOR('',#7197,10.);
#838=VECTOR('',#7198,10.);
#839=VECTOR('',#7211,0.999999999999996);
#840=VECTOR('',#7212,10.);
#841=VECTOR('',#7219,1.);
#842=VECTOR('',#7220,10.);
#843=VECTOR('',#7221,10.);
#844=VECTOR('',#7222,10.);
#845=VECTOR('',#7223,10.);
#846=VECTOR('',#7226,10.);
#847=VECTOR('',#7229,10.);
#848=VECTOR('',#7232,10.);
#849=VECTOR('',#7233,10.);
#850=VECTOR('',#7236,10.);
#851=VECTOR('',#7239,10.);
#852=VECTOR('',#7250,10.);
#853=VECTOR('',#7253,10.);
#854=VECTOR('',#7254,10.);
#855=VECTOR('',#7257,10.);
#856=VECTOR('',#7258,10.);
#857=VECTOR('',#7259,10.);
#858=VECTOR('',#7260,10.);
#859=VECTOR('',#7261,10.);
#860=VECTOR('',#7266,10.);
#861=VECTOR('',#7269,10.);
#862=VECTOR('',#7272,10.);
#863=VECTOR('',#7273,10.);
#864=VECTOR('',#7276,10.);
#865=VECTOR('',#7287,10.);
#866=VECTOR('',#7288,10.);
#867=VECTOR('',#7291,10.);
#868=VECTOR('',#7292,10.);
#869=VECTOR('',#7293,10.);
#870=VECTOR('',#7294,10.);
#871=VECTOR('',#7297,10.);
#872=VECTOR('',#7308,10.);
#873=VECTOR('',#7309,10.);
#874=VECTOR('',#7310,10.);
#875=VECTOR('',#7313,10.);
#876=VECTOR('',#7314,10.);
#877=VECTOR('',#7315,10.);
#878=VECTOR('',#7328,10.);
#879=VECTOR('',#7341,10.);
#880=VECTOR('',#7360,10.);
#881=VECTOR('',#7387,10.);
#882=VECTOR('',#7400,10.);
#883=VECTOR('',#7403,10.);
#884=VECTOR('',#7404,10.);
#885=VECTOR('',#7409,10.);
#886=VECTOR('',#7414,10.);
#887=VECTOR('',#7421,10.);
#888=VECTOR('',#7424,10.);
#889=VECTOR('',#7427,10.);
#890=VECTOR('',#7428,10.);
#891=VECTOR('',#7433,10.);
#892=VECTOR('',#7434,10.);
#893=VECTOR('',#7437,10.);
#894=VECTOR('',#7438,10.);
#895=VECTOR('',#7441,10.);
#896=VECTOR('',#7442,10.);
#897=VECTOR('',#7443,10.);
#898=VECTOR('',#7446,10.);
#899=VECTOR('',#7447,10.);
#900=VECTOR('',#7450,10.);
#901=VECTOR('',#7451,10.);
#902=VECTOR('',#7452,10.);
#903=VECTOR('',#7453,10.);
#904=VECTOR('',#7454,10.);
#905=VECTOR('',#7455,10.);
#906=VECTOR('',#7456,10.);
#907=VECTOR('',#7457,10.);
#908=VECTOR('',#7458,10.);
#909=VECTOR('',#7459,10.);
#910=VECTOR('',#7460,10.);
#911=VECTOR('',#7461,10.);
#912=VECTOR('',#7462,10.);
#913=VECTOR('',#7463,10.);
#914=VECTOR('',#7464,10.);
#915=VECTOR('',#7465,10.);
#916=VECTOR('',#7466,10.);
#917=VECTOR('',#7467,10.);
#918=VECTOR('',#7468,10.);
#919=VECTOR('',#7469,10.);
#920=VECTOR('',#7470,10.);
#921=VECTOR('',#7471,10.);
#922=VECTOR('',#7472,10.);
#923=VECTOR('',#7473,10.);
#924=VECTOR('',#7474,10.);
#925=VECTOR('',#7475,10.);
#926=VECTOR('',#7476,10.);
#927=VECTOR('',#7477,10.);
#928=VECTOR('',#7478,10.);
#929=VECTOR('',#7479,10.);
#930=VECTOR('',#7480,10.);
#931=VECTOR('',#7481,10.);
#932=VECTOR('',#7482,10.);
#933=VECTOR('',#7483,10.);
#934=VECTOR('',#7484,10.);
#935=VECTOR('',#7485,10.);
#936=VECTOR('',#7486,10.);
#937=VECTOR('',#7487,10.);
#938=VECTOR('',#7488,10.);
#939=VECTOR('',#7489,10.);
#940=VECTOR('',#7490,10.);
#941=VECTOR('',#7491,10.);
#942=VECTOR('',#7492,10.);
#943=VECTOR('',#7493,10.);
#944=VECTOR('',#7494,10.);
#945=VECTOR('',#7495,10.);
#946=VECTOR('',#7496,10.);
#947=VECTOR('',#7497,10.);
#948=VECTOR('',#7498,10.);
#949=VECTOR('',#7499,10.);
#950=VECTOR('',#7500,10.);
#951=VECTOR('',#7501,10.);
#952=VECTOR('',#7502,10.);
#953=VECTOR('',#7503,10.);
#954=VECTOR('',#7504,10.);
#955=VECTOR('',#7505,10.);
#956=VECTOR('',#7506,10.);
#957=VECTOR('',#7507,10.);
#958=VECTOR('',#7508,10.);
#959=VECTOR('',#7513,2.5);
#960=VECTOR('',#7516,2.5);
#961=VECTOR('',#7519,2.5);
#962=VECTOR('',#7522,2.5);
#963=VECTOR('',#7525,2.5);
#964=VECTOR('',#7528,2.5);
#965=VECTOR('',#7533,2.5);
#966=VECTOR('',#7536,2.5);
#967=VECTOR('',#7539,2.5);
#968=VECTOR('',#7542,10.);
#969=VECTOR('',#7543,10.);
#970=VECTOR('',#7544,10.);
#971=VECTOR('',#7547,10.);
#972=VECTOR('',#7548,10.);
#973=VECTOR('',#7551,10.);
#974=VECTOR('',#7552,10.);
#975=VECTOR('',#7555,10.);
#976=VECTOR('',#7558,10.);
#977=VECTOR('',#7559,10.);
#978=VECTOR('',#7560,10.);
#979=VECTOR('',#7563,10.);
#980=VECTOR('',#7564,10.);
#981=VECTOR('',#7567,10.);
#982=VECTOR('',#7568,10.);
#983=VECTOR('',#7571,10.);
#984=VECTOR('',#7574,10.);
#985=VECTOR('',#7575,10.);
#986=VECTOR('',#7576,10.);
#987=VECTOR('',#7579,10.);
#988=VECTOR('',#7580,10.);
#989=VECTOR('',#7583,10.);
#990=VECTOR('',#7584,10.);
#991=VECTOR('',#7587,10.);
#992=VECTOR('',#7590,10.);
#993=VECTOR('',#7591,10.);
#994=VECTOR('',#7592,10.);
#995=VECTOR('',#7595,10.);
#996=VECTOR('',#7596,10.);
#997=VECTOR('',#7599,10.);
#998=VECTOR('',#7602,10.);
#999=VECTOR('',#7603,10.);
#1000=VECTOR('',#7604,10.);
#1001=VECTOR('',#7607,10.);
#1002=VECTOR('',#7608,10.);
#1003=VECTOR('',#7611,10.);
#1004=VECTOR('',#7612,10.);
#1005=VECTOR('',#7615,10.);
#1006=VECTOR('',#7618,10.);
#1007=VECTOR('',#7619,10.);
#1008=VECTOR('',#7620,10.);
#1009=VECTOR('',#7623,10.);
#1010=VECTOR('',#7624,10.);
#1011=VECTOR('',#7627,10.);
#1012=VECTOR('',#7630,10.);
#1013=VECTOR('',#7631,10.);
#1014=VECTOR('',#7632,10.);
#1015=VECTOR('',#7635,10.);
#1016=VECTOR('',#7636,10.);
#1017=VECTOR('',#7639,10.);
#1018=VECTOR('',#7640,10.);
#1019=VECTOR('',#7643,10.);
#1020=VECTOR('',#7646,10.);
#1021=VECTOR('',#7647,10.);
#1022=VECTOR('',#7648,10.);
#1023=VECTOR('',#7651,10.);
#1024=VECTOR('',#7652,10.);
#1025=VECTOR('',#7655,10.);
#1026=VECTOR('',#7656,10.);
#1027=VECTOR('',#7659,10.);
#1028=VECTOR('',#7662,10.);
#1029=VECTOR('',#7663,10.);
#1030=VECTOR('',#7664,10.);
#1031=VECTOR('',#7667,10.);
#1032=VECTOR('',#7668,10.);
#1033=VECTOR('',#7671,10.);
#1034=VECTOR('',#7672,10.);
#1035=VECTOR('',#7675,10.);
#1036=VECTOR('',#7678,10.);
#1037=VECTOR('',#7679,10.);
#1038=VECTOR('',#7680,10.);
#1039=VECTOR('',#7683,10.);
#1040=VECTOR('',#7684,10.);
#1041=VECTOR('',#7687,10.);
#1042=VECTOR('',#7688,10.);
#1043=VECTOR('',#7691,10.);
#1044=VECTOR('',#7694,10.);
#1045=VECTOR('',#7695,10.);
#1046=VECTOR('',#7696,10.);
#1047=VECTOR('',#7699,10.);
#1048=VECTOR('',#7700,10.);
#1049=VECTOR('',#7703,10.);
#1050=VECTOR('',#7706,10.);
#1051=VECTOR('',#7707,10.);
#1052=VECTOR('',#7708,10.);
#1053=VECTOR('',#7711,10.);
#1054=VECTOR('',#7712,10.);
#1055=VECTOR('',#7715,10.);
#1056=VECTOR('',#7718,10.);
#1057=VECTOR('',#7719,10.);
#1058=VECTOR('',#7720,10.);
#1059=VECTOR('',#7723,10.);
#1060=VECTOR('',#7724,10.);
#1061=VECTOR('',#7727,10.);
#1062=VECTOR('',#7728,10.);
#1063=VECTOR('',#7731,10.);
#1064=VECTOR('',#7732,10.);
#1065=VECTOR('',#7735,10.);
#1066=VECTOR('',#7738,10.);
#1067=VECTOR('',#7739,10.);
#1068=VECTOR('',#7740,10.);
#1069=VECTOR('',#7743,10.);
#1070=VECTOR('',#7744,10.);
#1071=VECTOR('',#7747,10.);
#1072=VECTOR('',#7750,10.);
#1073=VECTOR('',#7751,10.);
#1074=VECTOR('',#7752,10.);
#1075=VECTOR('',#7755,10.);
#1076=VECTOR('',#7756,10.);
#1077=VECTOR('',#7759,10.);
#1078=VECTOR('',#7762,10.);
#1079=VECTOR('',#7763,10.);
#1080=VECTOR('',#7764,10.);
#1081=VECTOR('',#7767,10.);
#1082=VECTOR('',#7768,10.);
#1083=VECTOR('',#7771,10.);
#1084=VECTOR('',#7780,10.);
#1085=VECTOR('',#7789,10.);
#1086=VECTOR('',#7802,10.);
#1087=VECTOR('',#7811,10.);
#1088=VECTOR('',#7818,10.);
#1089=VECTOR('',#7849,10.);
#1090=VECTOR('',#7852,10.);
#1091=VECTOR('',#7869,10.);
#1092=VECTOR('',#7874,1.);
#1093=VECTOR('',#7877,1.);
#1094=VECTOR('',#7886,10.);
#1095=VECTOR('',#7891,10.);
#1096=VECTOR('',#7898,1.55);
#1097=VECTOR('',#7903,1.55);
#1098=CYLINDRICAL_SURFACE('',#6030,0.49);
#1099=CYLINDRICAL_SURFACE('',#6032,0.49);
#1100=CYLINDRICAL_SURFACE('',#6033,0.49);
#1101=CYLINDRICAL_SURFACE('',#6035,0.49);
#1102=CYLINDRICAL_SURFACE('',#6036,0.49);
#1103=CYLINDRICAL_SURFACE('',#6037,0.49);
#1104=CYLINDRICAL_SURFACE('',#6038,0.49);
#1105=CYLINDRICAL_SURFACE('',#6039,0.49);
#1106=CYLINDRICAL_SURFACE('',#6050,0.5);
#1107=CYLINDRICAL_SURFACE('',#6061,0.5);
#1108=CYLINDRICAL_SURFACE('',#6078,0.5);
#1109=CYLINDRICAL_SURFACE('',#6085,0.5);
#1110=CYLINDRICAL_SURFACE('',#6098,0.5);
#1111=CYLINDRICAL_SURFACE('',#6105,0.5);
#1112=CYLINDRICAL_SURFACE('',#6120,0.5);
#1113=CYLINDRICAL_SURFACE('',#6125,0.5);
#1114=CYLINDRICAL_SURFACE('',#6126,0.5);
#1115=CYLINDRICAL_SURFACE('',#6134,0.5);
#1116=CYLINDRICAL_SURFACE('',#6140,0.5);
#1117=CYLINDRICAL_SURFACE('',#6152,0.5);
#1118=CYLINDRICAL_SURFACE('',#6157,0.5);
#1119=CYLINDRICAL_SURFACE('',#6161,0.5);
#1120=CYLINDRICAL_SURFACE('',#6163,0.5);
#1121=CYLINDRICAL_SURFACE('',#6164,0.5);
#1122=CYLINDRICAL_SURFACE('',#6175,0.5);
#1123=CYLINDRICAL_SURFACE('',#6185,0.5);
#1124=CYLINDRICAL_SURFACE('',#6191,0.5);
#1125=CYLINDRICAL_SURFACE('',#6194,0.5);
#1126=CYLINDRICAL_SURFACE('',#6196,0.5);
#1127=CYLINDRICAL_SURFACE('',#6197,0.5);
#1128=CYLINDRICAL_SURFACE('',#6208,0.5);
#1129=CYLINDRICAL_SURFACE('',#6209,0.5);
#1130=CYLINDRICAL_SURFACE('',#6214,0.5);
#1131=CYLINDRICAL_SURFACE('',#6223,0.5);
#1132=CYLINDRICAL_SURFACE('',#6227,0.5);
#1133=CYLINDRICAL_SURFACE('',#6251,0.999999999999996);
#1134=CYLINDRICAL_SURFACE('',#6254,3.25);
#1135=CYLINDRICAL_SURFACE('',#6262,1.);
#1136=CYLINDRICAL_SURFACE('',#6264,0.5);
#1137=CYLINDRICAL_SURFACE('',#6273,1.);
#1138=CYLINDRICAL_SURFACE('',#6275,0.5);
#1139=CYLINDRICAL_SURFACE('',#6278,0.5);
#1140=CYLINDRICAL_SURFACE('',#6280,1.);
#1141=CYLINDRICAL_SURFACE('',#6290,0.5);
#1142=CYLINDRICAL_SURFACE('',#6296,0.5);
#1143=CYLINDRICAL_SURFACE('',#6305,0.5);
#1144=CYLINDRICAL_SURFACE('',#6313,0.5);
#1145=CYLINDRICAL_SURFACE('',#6318,0.5);
#1146=CYLINDRICAL_SURFACE('',#6322,0.5);
#1147=CYLINDRICAL_SURFACE('',#6323,0.5);
#1148=CYLINDRICAL_SURFACE('',#6324,0.5);
#1149=CYLINDRICAL_SURFACE('',#6325,0.5);
#1150=CYLINDRICAL_SURFACE('',#6326,0.5);
#1151=CYLINDRICAL_SURFACE('',#6329,0.5);
#1152=CYLINDRICAL_SURFACE('',#6332,0.5);
#1153=CYLINDRICAL_SURFACE('',#6333,0.5);
#1154=CYLINDRICAL_SURFACE('',#6334,0.5);
#1155=CYLINDRICAL_SURFACE('',#6342,2.5);
#1156=CYLINDRICAL_SURFACE('',#6343,2.5);
#1157=CYLINDRICAL_SURFACE('',#6344,2.5);
#1158=CYLINDRICAL_SURFACE('',#6345,2.5);
#1159=CYLINDRICAL_SURFACE('',#6346,2.5);
#1160=CYLINDRICAL_SURFACE('',#6347,2.5);
#1161=CYLINDRICAL_SURFACE('',#6349,2.5);
#1162=CYLINDRICAL_SURFACE('',#6350,2.5);
#1163=CYLINDRICAL_SURFACE('',#6351,2.5);
#1164=CYLINDRICAL_SURFACE('',#6412,0.5);
#1165=CYLINDRICAL_SURFACE('',#6417,0.5);
#1166=CYLINDRICAL_SURFACE('',#6423,0.5);
#1167=CYLINDRICAL_SURFACE('',#6424,0.5);
#1168=CYLINDRICAL_SURFACE('',#6427,0.5);
#1169=CYLINDRICAL_SURFACE('',#6442,0.5);
#1170=CYLINDRICAL_SURFACE('',#6445,0.5);
#1171=CYLINDRICAL_SURFACE('',#6446,0.5);
#1172=CYLINDRICAL_SURFACE('',#6448,0.5);
#1173=CYLINDRICAL_SURFACE('',#6454,0.5);
#1174=CYLINDRICAL_SURFACE('',#6456,0.999999999999998);
#1175=CYLINDRICAL_SURFACE('',#6457,3.25);
#1176=CYLINDRICAL_SURFACE('',#6458,1.);
#1177=CYLINDRICAL_SURFACE('',#6461,1.);
#1178=CYLINDRICAL_SURFACE('',#6463,0.5);
#1179=CYLINDRICAL_SURFACE('',#6465,1.);
#1180=CYLINDRICAL_SURFACE('',#6466,1.55);
#1181=CYLINDRICAL_SURFACE('',#6468,1.55);
#1182=CIRCLE('',#5962,0.499999999999998);
#1183=CIRCLE('',#5963,0.499924494298885);
#1184=CIRCLE('',#5964,0.499999999999998);
#1185=CIRCLE('',#5965,0.499999999999994);
#1186=CIRCLE('',#5966,0.499924494298885);
#1187=CIRCLE('',#5967,0.499999999999994);
#1188=CIRCLE('',#5968,0.5);
#1189=CIRCLE('',#5969,0.499924494298887);
#1190=CIRCLE('',#5970,0.5);
#1191=CIRCLE('',#5971,0.499999999999994);
#1192=CIRCLE('',#5972,0.499924494298887);
#1193=CIRCLE('',#5973,0.499999999999994);
#1194=CIRCLE('',#5974,0.5);
#1195=CIRCLE('',#5975,0.499924494298885);
#1196=CIRCLE('',#5976,0.5);
#1197=CIRCLE('',#5977,0.499999999999994);
#1198=CIRCLE('',#5978,0.499924494298885);
#1199=CIRCLE('',#5979,0.499999999999994);
#1200=CIRCLE('',#5980,0.499999999999994);
#1201=CIRCLE('',#5981,0.500000000000003);
#1202=CIRCLE('',#5982,0.499924494298882);
#1203=CIRCLE('',#5983,0.500000000000003);
#1204=CIRCLE('',#5984,0.97992600441291);
#1205=CIRCLE('',#5985,0.489999999999999);
#1206=CIRCLE('',#5986,0.489999999999999);
#1207=CIRCLE('',#5987,0.97992600441291);
#1208=CIRCLE('',#5988,0.489999999999999);
#1209=CIRCLE('',#5989,0.489999999999999);
#1210=CIRCLE('',#5990,0.979926004412908);
#1211=CIRCLE('',#5991,0.489999999999999);
#1212=CIRCLE('',#5992,0.490000000000002);
#1213=CIRCLE('',#5993,0.979926004412908);
#1214=CIRCLE('',#5994,0.490000000000002);
#1215=CIRCLE('',#5995,0.97992600441291);
#1216=CIRCLE('',#5996,0.489999999999999);
#1217=CIRCLE('',#5997,0.489999999999999);
#1218=CIRCLE('',#5998,0.97992600441291);
#1219=CIRCLE('',#5999,0.489999999999999);
#1220=CIRCLE('',#6000,0.489999999999999);
#1221=CIRCLE('',#6001,0.97992600441291);
#1222=CIRCLE('',#6002,0.489999999999999);
#1223=CIRCLE('',#6003,0.489999999999997);
#1224=CIRCLE('',#6004,0.97992600441291);
#1225=CIRCLE('',#6005,0.489999999999997);
#1226=CIRCLE('',#6006,0.97992600441291);
#1227=CIRCLE('',#6007,0.489999999999999);
#1228=CIRCLE('',#6008,0.489999999999999);
#1229=CIRCLE('',#6009,0.97992600441291);
#1230=CIRCLE('',#6010,0.489999999999999);
#1231=CIRCLE('',#6011,0.489999999999999);
#1232=CIRCLE('',#6012,0.979926004412912);
#1233=CIRCLE('',#6013,0.489999999999999);
#1234=CIRCLE('',#6014,0.489999999999999);
#1235=CIRCLE('',#6015,0.979926004412912);
#1236=CIRCLE('',#6016,0.489999999999999);
#1237=CIRCLE('',#6017,0.97992600441291);
#1238=CIRCLE('',#6018,0.489999999999999);
#1239=CIRCLE('',#6019,0.489999999999999);
#1240=CIRCLE('',#6020,0.97992600441291);
#1241=CIRCLE('',#6021,0.489999999999999);
#1242=CIRCLE('',#6022,0.489999999999999);
#1243=CIRCLE('',#6023,0.97992600441291);
#1244=CIRCLE('',#6024,0.489999999999999);
#1245=CIRCLE('',#6025,0.489999999999997);
#1246=CIRCLE('',#6026,0.97992600441291);
#1247=CIRCLE('',#6027,0.489999999999997);
#1248=CIRCLE('',#6028,0.489999999999999);
#1249=CIRCLE('',#6029,0.489999999999999);
#1250=CIRCLE('',#6031,0.489999999999999);
#1251=CIRCLE('',#6034,0.489999999999999);
#1252=CIRCLE('',#6046,0.5);
#1253=CIRCLE('',#6047,0.5);
#1254=CIRCLE('',#6048,0.5);
#1255=CIRCLE('',#6049,0.5);
#1256=CIRCLE('',#6051,0.499999999999998);
#1257=CIRCLE('',#6052,0.5);
#1258=CIRCLE('',#6054,0.499999999999999);
#1259=CIRCLE('',#6055,1.);
#1260=CIRCLE('',#6057,0.5);
#1261=CIRCLE('',#6058,0.500000000000003);
#1262=CIRCLE('',#6059,1.);
#1263=CIRCLE('',#6062,0.499999999999994);
#1264=CIRCLE('',#6063,0.5);
#1265=CIRCLE('',#6065,1.);
#1266=CIRCLE('',#6066,0.499999999999998);
#1267=CIRCLE('',#6068,1.);
#1268=CIRCLE('',#6069,0.499999999999998);
#1269=CIRCLE('',#6070,0.499999999999994);
#1270=CIRCLE('',#6071,0.499924494298882);
#1271=CIRCLE('',#6073,1.);
#1272=CIRCLE('',#6075,0.5);
#1273=CIRCLE('',#6076,0.500000000000003);
#1274=CIRCLE('',#6077,0.499999999999994);
#1275=CIRCLE('',#6079,0.499999999999998);
#1276=CIRCLE('',#6080,0.5);
#1277=CIRCLE('',#6082,0.5);
#1278=CIRCLE('',#6083,1.);
#1279=CIRCLE('',#6086,0.499999999999994);
#1280=CIRCLE('',#6087,0.499999999999998);
#1281=CIRCLE('',#6089,1.);
#1282=CIRCLE('',#6090,0.499999999999998);
#1283=CIRCLE('',#6092,1.);
#1284=CIRCLE('',#6093,0.499999999999998);
#1285=CIRCLE('',#6095,1.);
#1286=CIRCLE('',#6096,0.499999999999994);
#1287=CIRCLE('',#6099,0.499999999999994);
#1288=CIRCLE('',#6100,0.499999999999998);
#1289=CIRCLE('',#6102,0.499999999999998);
#1290=CIRCLE('',#6103,1.);
#1291=CIRCLE('',#6106,0.499999999999994);
#1292=CIRCLE('',#6107,0.499999999999998);
#1293=CIRCLE('',#6109,1.);
#1294=CIRCLE('',#6110,0.499999999999996);
#1295=CIRCLE('',#6112,1.);
#1296=CIRCLE('',#6113,0.499999999999998);
#1297=CIRCLE('',#6114,0.5);
#1298=CIRCLE('',#6117,0.499999999999998);
#1299=CIRCLE('',#6118,0.5);
#1300=CIRCLE('',#6122,2.5);
#1301=CIRCLE('',#6123,2.5);
#1302=CIRCLE('',#6124,2.5);
#1303=CIRCLE('',#6127,0.499999999999994);
#1304=CIRCLE('',#6128,0.5);
#1305=CIRCLE('',#6130,0.499999999999999);
#1306=CIRCLE('',#6132,0.500000000000001);
#1307=CIRCLE('',#6135,0.499999999999994);
#1308=CIRCLE('',#6137,2.5);
#1309=CIRCLE('',#6138,2.5);
#1310=CIRCLE('',#6139,2.5);
#1311=CIRCLE('',#6141,0.500000000000003);
#1312=CIRCLE('',#6144,0.5);
#1313=CIRCLE('',#6145,0.500000000000003);
#1314=CIRCLE('',#6146,1.);
#1315=CIRCLE('',#6148,1.);
#1316=CIRCLE('',#6149,0.499999999999998);
#1317=CIRCLE('',#6150,0.5);
#1318=CIRCLE('',#6154,2.5);
#1319=CIRCLE('',#6155,2.5);
#1320=CIRCLE('',#6156,2.5);
#1321=CIRCLE('',#6158,0.5);
#1322=CIRCLE('',#6160,0.499999999999998);
#1323=CIRCLE('',#6162,0.499999999999998);
#1324=CIRCLE('',#6165,0.499999999999994);
#1325=CIRCLE('',#6167,0.499999999999999);
#1326=CIRCLE('',#6169,0.499999999999999);
#1327=CIRCLE('',#6172,2.5);
#1328=CIRCLE('',#6173,2.5);
#1329=CIRCLE('',#6174,2.5);
#1330=CIRCLE('',#6177,0.5);
#1331=CIRCLE('',#6178,0.500000000000003);
#1332=CIRCLE('',#6179,1.);
#1333=CIRCLE('',#6181,1.);
#1334=CIRCLE('',#6182,0.499999999999998);
#1335=CIRCLE('',#6183,0.5);
#1336=CIRCLE('',#6186,0.5);
#1337=CIRCLE('',#6188,2.5);
#1338=CIRCLE('',#6189,2.5);
#1339=CIRCLE('',#6190,2.5);
#1340=CIRCLE('',#6193,0.500000000000003);
#1341=CIRCLE('',#6195,0.499999999999998);
#1342=CIRCLE('',#6198,0.499999999999994);
#1343=CIRCLE('',#6200,0.499999999999999);
#1344=CIRCLE('',#6202,0.499999999999999);
#1345=CIRCLE('',#6205,2.5);
#1346=CIRCLE('',#6206,2.5);
#1347=CIRCLE('',#6207,2.5);
#1348=CIRCLE('',#6210,0.5);
#1349=CIRCLE('',#6215,0.5);
#1350=CIRCLE('',#6216,0.5);
#1351=CIRCLE('',#6218,0.999999999999998);
#1352=CIRCLE('',#6219,3.25);
#1353=CIRCLE('',#6220,1.);
#1354=CIRCLE('',#6221,1.55);
#1355=CIRCLE('',#6224,0.5);
#1356=CIRCLE('',#6225,0.5);
#1357=CIRCLE('',#6228,0.5);
#1358=CIRCLE('',#6229,0.5);
#1359=CIRCLE('',#6231,0.999999999999996);
#1360=CIRCLE('',#6232,3.25);
#1361=CIRCLE('',#6233,1.);
#1362=CIRCLE('',#6234,1.55);
#1363=CIRCLE('',#6240,1.);
#1364=CIRCLE('',#6241,3.25);
#1365=CIRCLE('',#6242,1.55);
#1366=CIRCLE('',#6247,1.);
#1367=CIRCLE('',#6248,3.25);
#1368=CIRCLE('',#6249,0.999999999999996);
#1369=CIRCLE('',#6250,1.55);
#1370=CIRCLE('',#6252,0.999999999999996);
#1371=CIRCLE('',#6258,1.);
#1372=CIRCLE('',#6260,0.999999999152071);
#1373=CIRCLE('',#6269,1.);
#1374=CIRCLE('',#6286,0.500000000000003);
#1375=CIRCLE('',#6287,0.5);
#1376=CIRCLE('',#6288,0.499999999999998);
#1377=CIRCLE('',#6289,1.);
#1378=CIRCLE('',#6292,0.5);
#1379=CIRCLE('',#6293,0.5);
#1380=CIRCLE('',#6294,0.499999999999998);
#1381=CIRCLE('',#6295,1.);
#1382=CIRCLE('',#6298,0.499999999999998);
#1383=CIRCLE('',#6299,0.5);
#1384=CIRCLE('',#6300,0.5);
#1385=CIRCLE('',#6302,0.5);
#1386=CIRCLE('',#6303,0.5);
#1387=CIRCLE('',#6304,0.5);
#1388=CIRCLE('',#6307,0.5);
#1389=CIRCLE('',#6308,0.5);
#1390=CIRCLE('',#6309,0.499999999999998);
#1391=CIRCLE('',#6311,0.499999999999996);
#1392=CIRCLE('',#6312,0.499999999999994);
#1393=CIRCLE('',#6315,0.5);
#1394=CIRCLE('',#6316,0.5);
#1395=CIRCLE('',#6317,0.500000000000003);
#1396=CIRCLE('',#6320,0.5);
#1397=CIRCLE('',#6321,0.5);
#1398=CIRCLE('',#6410,0.500000000000003);
#1399=CIRCLE('',#6411,0.500000000000003);
#1400=CIRCLE('',#6415,0.5);
#1401=CIRCLE('',#6416,0.5);
#1402=CIRCLE('',#6418,0.5);
#1403=CIRCLE('',#6419,0.5);
#1404=CIRCLE('',#6421,0.5);
#1405=CIRCLE('',#6422,0.5);
#1406=CIRCLE('',#6428,0.500000000000001);
#1407=CIRCLE('',#6429,0.499999999999998);
#1408=CIRCLE('',#6433,0.499999999999998);
#1409=CIRCLE('',#6434,0.499999999999998);
#1410=CIRCLE('',#6435,0.499999999999998);
#1411=CIRCLE('',#6436,0.500000000000001);
#1412=CIRCLE('',#6437,0.500000000000001);
#1413=CIRCLE('',#6438,0.5);
#1414=CIRCLE('',#6439,0.500000000000001);
#1415=CIRCLE('',#6440,0.5);
#1416=CIRCLE('',#6441,0.5);
#1417=CIRCLE('',#6447,0.500000000000001);
#1418=FACE_OUTER_BOUND('',#1751,.T.);
#1419=FACE_OUTER_BOUND('',#1752,.T.);
#1420=FACE_OUTER_BOUND('',#1753,.T.);
#1421=FACE_OUTER_BOUND('',#1754,.T.);
#1422=FACE_OUTER_BOUND('',#1755,.T.);
#1423=FACE_OUTER_BOUND('',#1756,.T.);
#1424=FACE_OUTER_BOUND('',#1757,.T.);
#1425=FACE_OUTER_BOUND('',#1758,.T.);
#1426=FACE_OUTER_BOUND('',#1759,.T.);
#1427=FACE_OUTER_BOUND('',#1760,.T.);
#1428=FACE_OUTER_BOUND('',#1761,.T.);
#1429=FACE_OUTER_BOUND('',#1762,.T.);
#1430=FACE_OUTER_BOUND('',#1763,.T.);
#1431=FACE_OUTER_BOUND('',#1764,.T.);
#1432=FACE_OUTER_BOUND('',#1765,.T.);
#1433=FACE_OUTER_BOUND('',#1766,.T.);
#1434=FACE_OUTER_BOUND('',#1767,.T.);
#1435=FACE_OUTER_BOUND('',#1768,.T.);
#1436=FACE_OUTER_BOUND('',#1769,.T.);
#1437=FACE_OUTER_BOUND('',#1770,.T.);
#1438=FACE_OUTER_BOUND('',#1771,.T.);
#1439=FACE_OUTER_BOUND('',#1772,.T.);
#1440=FACE_OUTER_BOUND('',#1773,.T.);
#1441=FACE_OUTER_BOUND('',#1774,.T.);
#1442=FACE_OUTER_BOUND('',#1775,.T.);
#1443=FACE_OUTER_BOUND('',#1776,.T.);
#1444=FACE_OUTER_BOUND('',#1777,.T.);
#1445=FACE_OUTER_BOUND('',#1778,.T.);
#1446=FACE_OUTER_BOUND('',#1779,.T.);
#1447=FACE_OUTER_BOUND('',#1780,.T.);
#1448=FACE_OUTER_BOUND('',#1781,.T.);
#1449=FACE_OUTER_BOUND('',#1782,.T.);
#1450=FACE_OUTER_BOUND('',#1783,.T.);
#1451=FACE_OUTER_BOUND('',#1784,.T.);
#1452=FACE_OUTER_BOUND('',#1785,.T.);
#1453=FACE_OUTER_BOUND('',#1786,.T.);
#1454=FACE_OUTER_BOUND('',#1787,.T.);
#1455=FACE_OUTER_BOUND('',#1788,.T.);
#1456=FACE_OUTER_BOUND('',#1789,.T.);
#1457=FACE_OUTER_BOUND('',#1790,.T.);
#1458=FACE_OUTER_BOUND('',#1791,.T.);
#1459=FACE_OUTER_BOUND('',#1792,.T.);
#1460=FACE_OUTER_BOUND('',#1793,.T.);
#1461=FACE_OUTER_BOUND('',#1794,.T.);
#1462=FACE_OUTER_BOUND('',#1795,.T.);
#1463=FACE_OUTER_BOUND('',#1796,.T.);
#1464=FACE_OUTER_BOUND('',#1797,.T.);
#1465=FACE_OUTER_BOUND('',#1798,.T.);
#1466=FACE_OUTER_BOUND('',#1799,.T.);
#1467=FACE_OUTER_BOUND('',#1800,.T.);
#1468=FACE_OUTER_BOUND('',#1801,.T.);
#1469=FACE_OUTER_BOUND('',#1802,.T.);
#1470=FACE_OUTER_BOUND('',#1803,.T.);
#1471=FACE_OUTER_BOUND('',#1804,.T.);
#1472=FACE_OUTER_BOUND('',#1805,.T.);
#1473=FACE_OUTER_BOUND('',#1806,.T.);
#1474=FACE_OUTER_BOUND('',#1807,.T.);
#1475=FACE_OUTER_BOUND('',#1808,.T.);
#1476=FACE_OUTER_BOUND('',#1809,.T.);
#1477=FACE_OUTER_BOUND('',#1810,.T.);
#1478=FACE_OUTER_BOUND('',#1811,.T.);
#1479=FACE_OUTER_BOUND('',#1812,.T.);
#1480=FACE_OUTER_BOUND('',#1813,.T.);
#1481=FACE_OUTER_BOUND('',#1814,.T.);
#1482=FACE_OUTER_BOUND('',#1815,.T.);
#1483=FACE_OUTER_BOUND('',#1817,.T.);
#1484=FACE_OUTER_BOUND('',#1819,.T.);
#1485=FACE_OUTER_BOUND('',#1820,.T.);
#1486=FACE_OUTER_BOUND('',#1821,.T.);
#1487=FACE_OUTER_BOUND('',#1822,.T.);
#1488=FACE_OUTER_BOUND('',#1823,.T.);
#1489=FACE_OUTER_BOUND('',#1824,.T.);
#1490=FACE_OUTER_BOUND('',#1825,.T.);
#1491=FACE_OUTER_BOUND('',#1826,.T.);
#1492=FACE_OUTER_BOUND('',#1827,.T.);
#1493=FACE_OUTER_BOUND('',#1828,.T.);
#1494=FACE_OUTER_BOUND('',#1829,.T.);
#1495=FACE_OUTER_BOUND('',#1830,.T.);
#1496=FACE_OUTER_BOUND('',#1831,.T.);
#1497=FACE_OUTER_BOUND('',#1832,.T.);
#1498=FACE_OUTER_BOUND('',#1833,.T.);
#1499=FACE_OUTER_BOUND('',#1834,.T.);
#1500=FACE_OUTER_BOUND('',#1835,.T.);
#1501=FACE_OUTER_BOUND('',#1836,.T.);
#1502=FACE_OUTER_BOUND('',#1837,.T.);
#1503=FACE_OUTER_BOUND('',#1838,.T.);
#1504=FACE_OUTER_BOUND('',#1839,.T.);
#1505=FACE_OUTER_BOUND('',#1840,.T.);
#1506=FACE_OUTER_BOUND('',#1841,.T.);
#1507=FACE_OUTER_BOUND('',#1842,.T.);
#1508=FACE_OUTER_BOUND('',#1843,.T.);
#1509=FACE_OUTER_BOUND('',#1844,.T.);
#1510=FACE_OUTER_BOUND('',#1845,.T.);
#1511=FACE_OUTER_BOUND('',#1846,.T.);
#1512=FACE_OUTER_BOUND('',#1847,.T.);
#1513=FACE_OUTER_BOUND('',#1848,.T.);
#1514=FACE_OUTER_BOUND('',#1849,.T.);
#1515=FACE_OUTER_BOUND('',#1850,.T.);
#1516=FACE_OUTER_BOUND('',#1851,.T.);
#1517=FACE_OUTER_BOUND('',#1852,.T.);
#1518=FACE_OUTER_BOUND('',#1856,.T.);
#1519=FACE_OUTER_BOUND('',#1857,.T.);
#1520=FACE_OUTER_BOUND('',#1858,.T.);
#1521=FACE_OUTER_BOUND('',#1859,.T.);
#1522=FACE_OUTER_BOUND('',#1860,.T.);
#1523=FACE_OUTER_BOUND('',#1861,.T.);
#1524=FACE_OUTER_BOUND('',#1862,.T.);
#1525=FACE_OUTER_BOUND('',#1866,.T.);
#1526=FACE_OUTER_BOUND('',#1867,.T.);
#1527=FACE_OUTER_BOUND('',#1868,.T.);
#1528=FACE_OUTER_BOUND('',#1869,.T.);
#1529=FACE_OUTER_BOUND('',#1870,.T.);
#1530=FACE_OUTER_BOUND('',#1871,.T.);
#1531=FACE_OUTER_BOUND('',#1872,.T.);
#1532=FACE_OUTER_BOUND('',#1876,.T.);
#1533=FACE_OUTER_BOUND('',#1877,.T.);
#1534=FACE_OUTER_BOUND('',#1878,.T.);
#1535=FACE_OUTER_BOUND('',#1879,.T.);
#1536=FACE_OUTER_BOUND('',#1880,.T.);
#1537=FACE_OUTER_BOUND('',#1881,.T.);
#1538=FACE_OUTER_BOUND('',#1882,.T.);
#1539=FACE_OUTER_BOUND('',#1883,.T.);
#1540=FACE_OUTER_BOUND('',#1884,.T.);
#1541=FACE_OUTER_BOUND('',#1885,.T.);
#1542=FACE_OUTER_BOUND('',#1889,.T.);
#1543=FACE_OUTER_BOUND('',#1890,.T.);
#1544=FACE_OUTER_BOUND('',#1891,.T.);
#1545=FACE_OUTER_BOUND('',#1892,.T.);
#1546=FACE_OUTER_BOUND('',#1893,.T.);
#1547=FACE_OUTER_BOUND('',#1894,.T.);
#1548=FACE_OUTER_BOUND('',#1898,.T.);
#1549=FACE_OUTER_BOUND('',#1899,.T.);
#1550=FACE_OUTER_BOUND('',#1900,.T.);
#1551=FACE_OUTER_BOUND('',#1901,.T.);
#1552=FACE_OUTER_BOUND('',#1902,.T.);
#1553=FACE_OUTER_BOUND('',#1903,.T.);
#1554=FACE_OUTER_BOUND('',#1904,.T.);
#1555=FACE_OUTER_BOUND('',#1905,.T.);
#1556=FACE_OUTER_BOUND('',#1906,.T.);
#1557=FACE_OUTER_BOUND('',#1907,.T.);
#1558=FACE_OUTER_BOUND('',#1911,.T.);
#1559=FACE_OUTER_BOUND('',#1912,.T.);
#1560=FACE_OUTER_BOUND('',#1913,.T.);
#1561=FACE_OUTER_BOUND('',#1914,.T.);
#1562=FACE_OUTER_BOUND('',#1915,.T.);
#1563=FACE_OUTER_BOUND('',#1917,.T.);
#1564=FACE_OUTER_BOUND('',#1918,.T.);
#1565=FACE_OUTER_BOUND('',#1919,.T.);
#1566=FACE_OUTER_BOUND('',#1920,.T.);
#1567=FACE_OUTER_BOUND('',#1921,.T.);
#1568=FACE_OUTER_BOUND('',#1923,.T.);
#1569=FACE_OUTER_BOUND('',#1924,.T.);
#1570=FACE_OUTER_BOUND('',#1925,.T.);
#1571=FACE_OUTER_BOUND('',#1926,.T.);
#1572=FACE_OUTER_BOUND('',#1927,.T.);
#1573=FACE_OUTER_BOUND('',#1928,.T.);
#1574=FACE_OUTER_BOUND('',#1929,.T.);
#1575=FACE_OUTER_BOUND('',#1930,.T.);
#1576=FACE_OUTER_BOUND('',#1932,.T.);
#1577=FACE_OUTER_BOUND('',#1933,.T.);
#1578=FACE_OUTER_BOUND('',#1934,.T.);
#1579=FACE_OUTER_BOUND('',#1935,.T.);
#1580=FACE_OUTER_BOUND('',#1936,.T.);
#1581=FACE_OUTER_BOUND('',#1937,.T.);
#1582=FACE_OUTER_BOUND('',#1938,.T.);
#1583=FACE_OUTER_BOUND('',#1940,.T.);
#1584=FACE_OUTER_BOUND('',#1941,.T.);
#1585=FACE_OUTER_BOUND('',#1942,.T.);
#1586=FACE_OUTER_BOUND('',#1943,.T.);
#1587=FACE_OUTER_BOUND('',#1944,.T.);
#1588=FACE_OUTER_BOUND('',#1945,.T.);
#1589=FACE_OUTER_BOUND('',#1946,.T.);
#1590=FACE_OUTER_BOUND('',#1947,.T.);
#1591=FACE_OUTER_BOUND('',#1948,.T.);
#1592=FACE_OUTER_BOUND('',#1949,.T.);
#1593=FACE_OUTER_BOUND('',#1950,.T.);
#1594=FACE_OUTER_BOUND('',#1951,.T.);
#1595=FACE_OUTER_BOUND('',#1952,.T.);
#1596=FACE_OUTER_BOUND('',#1953,.T.);
#1597=FACE_OUTER_BOUND('',#1954,.T.);
#1598=FACE_OUTER_BOUND('',#1955,.T.);
#1599=FACE_OUTER_BOUND('',#1956,.T.);
#1600=FACE_OUTER_BOUND('',#1957,.T.);
#1601=FACE_OUTER_BOUND('',#1958,.T.);
#1602=FACE_OUTER_BOUND('',#1959,.T.);
#1603=FACE_OUTER_BOUND('',#1960,.T.);
#1604=FACE_OUTER_BOUND('',#1961,.T.);
#1605=FACE_OUTER_BOUND('',#1962,.T.);
#1606=FACE_OUTER_BOUND('',#1963,.T.);
#1607=FACE_OUTER_BOUND('',#1964,.T.);
#1608=FACE_OUTER_BOUND('',#1965,.T.);
#1609=FACE_OUTER_BOUND('',#1966,.T.);
#1610=FACE_OUTER_BOUND('',#1967,.T.);
#1611=FACE_OUTER_BOUND('',#1968,.T.);
#1612=FACE_OUTER_BOUND('',#1969,.T.);
#1613=FACE_OUTER_BOUND('',#1970,.T.);
#1614=FACE_OUTER_BOUND('',#1971,.T.);
#1615=FACE_OUTER_BOUND('',#1972,.T.);
#1616=FACE_OUTER_BOUND('',#1973,.T.);
#1617=FACE_OUTER_BOUND('',#1974,.T.);
#1618=FACE_OUTER_BOUND('',#1975,.T.);
#1619=FACE_OUTER_BOUND('',#1976,.T.);
#1620=FACE_OUTER_BOUND('',#1977,.T.);
#1621=FACE_OUTER_BOUND('',#1978,.T.);
#1622=FACE_OUTER_BOUND('',#1979,.T.);
#1623=FACE_OUTER_BOUND('',#1980,.T.);
#1624=FACE_OUTER_BOUND('',#1981,.T.);
#1625=FACE_OUTER_BOUND('',#1982,.T.);
#1626=FACE_OUTER_BOUND('',#1983,.T.);
#1627=FACE_OUTER_BOUND('',#1984,.T.);
#1628=FACE_OUTER_BOUND('',#1985,.T.);
#1629=FACE_OUTER_BOUND('',#1986,.T.);
#1630=FACE_OUTER_BOUND('',#1987,.T.);
#1631=FACE_OUTER_BOUND('',#2006,.T.);
#1632=FACE_OUTER_BOUND('',#2007,.T.);
#1633=FACE_OUTER_BOUND('',#2008,.T.);
#1634=FACE_OUTER_BOUND('',#2009,.T.);
#1635=FACE_OUTER_BOUND('',#2010,.T.);
#1636=FACE_OUTER_BOUND('',#2011,.T.);
#1637=FACE_OUTER_BOUND('',#2012,.T.);
#1638=FACE_OUTER_BOUND('',#2013,.T.);
#1639=FACE_OUTER_BOUND('',#2014,.T.);
#1640=FACE_OUTER_BOUND('',#2015,.T.);
#1641=FACE_OUTER_BOUND('',#2016,.T.);
#1642=FACE_OUTER_BOUND('',#2017,.T.);
#1643=FACE_OUTER_BOUND('',#2018,.T.);
#1644=FACE_OUTER_BOUND('',#2019,.T.);
#1645=FACE_OUTER_BOUND('',#2020,.T.);
#1646=FACE_OUTER_BOUND('',#2021,.T.);
#1647=FACE_OUTER_BOUND('',#2022,.T.);
#1648=FACE_OUTER_BOUND('',#2023,.T.);
#1649=FACE_OUTER_BOUND('',#2024,.T.);
#1650=FACE_OUTER_BOUND('',#2025,.T.);
#1651=FACE_OUTER_BOUND('',#2026,.T.);
#1652=FACE_OUTER_BOUND('',#2027,.T.);
#1653=FACE_OUTER_BOUND('',#2028,.T.);
#1654=FACE_OUTER_BOUND('',#2029,.T.);
#1655=FACE_OUTER_BOUND('',#2030,.T.);
#1656=FACE_OUTER_BOUND('',#2031,.T.);
#1657=FACE_OUTER_BOUND('',#2032,.T.);
#1658=FACE_OUTER_BOUND('',#2033,.T.);
#1659=FACE_OUTER_BOUND('',#2034,.T.);
#1660=FACE_OUTER_BOUND('',#2035,.T.);
#1661=FACE_OUTER_BOUND('',#2036,.T.);
#1662=FACE_OUTER_BOUND('',#2037,.T.);
#1663=FACE_OUTER_BOUND('',#2038,.T.);
#1664=FACE_OUTER_BOUND('',#2039,.T.);
#1665=FACE_OUTER_BOUND('',#2040,.T.);
#1666=FACE_OUTER_BOUND('',#2041,.T.);
#1667=FACE_OUTER_BOUND('',#2042,.T.);
#1668=FACE_OUTER_BOUND('',#2043,.T.);
#1669=FACE_OUTER_BOUND('',#2044,.T.);
#1670=FACE_OUTER_BOUND('',#2045,.T.);
#1671=FACE_OUTER_BOUND('',#2046,.T.);
#1672=FACE_OUTER_BOUND('',#2047,.T.);
#1673=FACE_OUTER_BOUND('',#2048,.T.);
#1674=FACE_OUTER_BOUND('',#2049,.T.);
#1675=FACE_OUTER_BOUND('',#2050,.T.);
#1676=FACE_OUTER_BOUND('',#2051,.T.);
#1677=FACE_OUTER_BOUND('',#2052,.T.);
#1678=FACE_OUTER_BOUND('',#2053,.T.);
#1679=FACE_OUTER_BOUND('',#2054,.T.);
#1680=FACE_OUTER_BOUND('',#2055,.T.);
#1681=FACE_OUTER_BOUND('',#2056,.T.);
#1682=FACE_OUTER_BOUND('',#2057,.T.);
#1683=FACE_OUTER_BOUND('',#2058,.T.);
#1684=FACE_OUTER_BOUND('',#2059,.T.);
#1685=FACE_OUTER_BOUND('',#2060,.T.);
#1686=FACE_OUTER_BOUND('',#2061,.T.);
#1687=FACE_OUTER_BOUND('',#2062,.T.);
#1688=FACE_OUTER_BOUND('',#2063,.T.);
#1689=FACE_OUTER_BOUND('',#2064,.T.);
#1690=FACE_OUTER_BOUND('',#2065,.T.);
#1691=FACE_OUTER_BOUND('',#2066,.T.);
#1692=FACE_OUTER_BOUND('',#2067,.T.);
#1693=FACE_OUTER_BOUND('',#2068,.T.);
#1694=FACE_OUTER_BOUND('',#2069,.T.);
#1695=FACE_OUTER_BOUND('',#2070,.T.);
#1696=FACE_OUTER_BOUND('',#2071,.T.);
#1697=FACE_OUTER_BOUND('',#2072,.T.);
#1698=FACE_OUTER_BOUND('',#2073,.T.);
#1699=FACE_OUTER_BOUND('',#2074,.T.);
#1700=FACE_OUTER_BOUND('',#2075,.T.);
#1701=FACE_OUTER_BOUND('',#2076,.T.);
#1702=FACE_OUTER_BOUND('',#2077,.T.);
#1703=FACE_OUTER_BOUND('',#2078,.T.);
#1704=FACE_OUTER_BOUND('',#2079,.T.);
#1705=FACE_OUTER_BOUND('',#2080,.T.);
#1706=FACE_OUTER_BOUND('',#2081,.T.);
#1707=FACE_OUTER_BOUND('',#2082,.T.);
#1708=FACE_OUTER_BOUND('',#2083,.T.);
#1709=FACE_OUTER_BOUND('',#2084,.T.);
#1710=FACE_OUTER_BOUND('',#2085,.T.);
#1711=FACE_OUTER_BOUND('',#2086,.T.);
#1712=FACE_OUTER_BOUND('',#2087,.T.);
#1713=FACE_OUTER_BOUND('',#2088,.T.);
#1714=FACE_OUTER_BOUND('',#2089,.T.);
#1715=FACE_OUTER_BOUND('',#2090,.T.);
#1716=FACE_OUTER_BOUND('',#2091,.T.);
#1717=FACE_OUTER_BOUND('',#2092,.T.);
#1718=FACE_OUTER_BOUND('',#2093,.T.);
#1719=FACE_OUTER_BOUND('',#2094,.T.);
#1720=FACE_OUTER_BOUND('',#2095,.T.);
#1721=FACE_OUTER_BOUND('',#2096,.T.);
#1722=FACE_OUTER_BOUND('',#2097,.T.);
#1723=FACE_OUTER_BOUND('',#2098,.T.);
#1724=FACE_OUTER_BOUND('',#2099,.T.);
#1725=FACE_OUTER_BOUND('',#2100,.T.);
#1726=FACE_OUTER_BOUND('',#2101,.T.);
#1727=FACE_OUTER_BOUND('',#2102,.T.);
#1728=FACE_OUTER_BOUND('',#2103,.T.);
#1729=FACE_OUTER_BOUND('',#2104,.T.);
#1730=FACE_OUTER_BOUND('',#2105,.T.);
#1731=FACE_OUTER_BOUND('',#2106,.T.);
#1732=FACE_OUTER_BOUND('',#2107,.T.);
#1733=FACE_OUTER_BOUND('',#2108,.T.);
#1734=FACE_OUTER_BOUND('',#2109,.T.);
#1735=FACE_OUTER_BOUND('',#2110,.T.);
#1736=FACE_OUTER_BOUND('',#2111,.T.);
#1737=FACE_OUTER_BOUND('',#2112,.T.);
#1738=FACE_OUTER_BOUND('',#2113,.T.);
#1739=FACE_OUTER_BOUND('',#2114,.T.);
#1740=FACE_OUTER_BOUND('',#2115,.T.);
#1741=FACE_OUTER_BOUND('',#2116,.T.);
#1742=FACE_OUTER_BOUND('',#2117,.T.);
#1743=FACE_OUTER_BOUND('',#2118,.T.);
#1744=FACE_OUTER_BOUND('',#2119,.T.);
#1745=FACE_OUTER_BOUND('',#2120,.T.);
#1746=FACE_OUTER_BOUND('',#2121,.T.);
#1747=FACE_OUTER_BOUND('',#2122,.T.);
#1748=FACE_OUTER_BOUND('',#2123,.T.);
#1749=FACE_OUTER_BOUND('',#2124,.T.);
#1750=FACE_OUTER_BOUND('',#2125,.T.);
#1751=EDGE_LOOP('',(#3759,#3760,#3761));
#1752=EDGE_LOOP('',(#3762,#3763,#3764,#3765));
#1753=EDGE_LOOP('',(#3766,#3767,#3768,#3769));
#1754=EDGE_LOOP('',(#3770,#3771,#3772,#3773));
#1755=EDGE_LOOP('',(#3774,#3775,#3776,#3777));
#1756=EDGE_LOOP('',(#3778,#3779,#3780));
#1757=EDGE_LOOP('',(#3781,#3782,#3783,#3784));
#1758=EDGE_LOOP('',(#3785,#3786,#3787,#3788));
#1759=EDGE_LOOP('',(#3789,#3790,#3791,#3792));
#1760=EDGE_LOOP('',(#3793,#3794,#3795,#3796));
#1761=EDGE_LOOP('',(#3797,#3798,#3799));
#1762=EDGE_LOOP('',(#3800,#3801,#3802,#3803));
#1763=EDGE_LOOP('',(#3804,#3805,#3806,#3807));
#1764=EDGE_LOOP('',(#3808,#3809,#3810,#3811));
#1765=EDGE_LOOP('',(#3812,#3813,#3814,#3815));
#1766=EDGE_LOOP('',(#3816,#3817,#3818,#3819));
#1767=EDGE_LOOP('',(#3820,#3821,#3822));
#1768=EDGE_LOOP('',(#3823,#3824,#3825));
#1769=EDGE_LOOP('',(#3826,#3827,#3828,#3829));
#1770=EDGE_LOOP('',(#3830,#3831,#3832,#3833));
#1771=EDGE_LOOP('',(#3834,#3835,#3836,#3837));
#1772=EDGE_LOOP('',(#3838,#3839,#3840,#3841));
#1773=EDGE_LOOP('',(#3842,#3843,#3844,#3845));
#1774=EDGE_LOOP('',(#3846,#3847,#3848,#3849));
#1775=EDGE_LOOP('',(#3850,#3851,#3852,#3853));
#1776=EDGE_LOOP('',(#3854,#3855,#3856,#3857));
#1777=EDGE_LOOP('',(#3858,#3859,#3860,#3861));
#1778=EDGE_LOOP('',(#3862,#3863,#3864,#3865));
#1779=EDGE_LOOP('',(#3866,#3867,#3868,#3869));
#1780=EDGE_LOOP('',(#3870,#3871,#3872,#3873));
#1781=EDGE_LOOP('',(#3874,#3875,#3876,#3877));
#1782=EDGE_LOOP('',(#3878,#3879,#3880,#3881));
#1783=EDGE_LOOP('',(#3882,#3883,#3884,#3885));
#1784=EDGE_LOOP('',(#3886,#3887,#3888,#3889));
#1785=EDGE_LOOP('',(#3890,#3891,#3892,#3893));
#1786=EDGE_LOOP('',(#3894,#3895,#3896,#3897));
#1787=EDGE_LOOP('',(#3898,#3899,#3900,#3901));
#1788=EDGE_LOOP('',(#3902,#3903,#3904,#3905));
#1789=EDGE_LOOP('',(#3906,#3907,#3908,#3909));
#1790=EDGE_LOOP('',(#3910,#3911,#3912,#3913));
#1791=EDGE_LOOP('',(#3914,#3915,#3916,#3917));
#1792=EDGE_LOOP('',(#3918,#3919,#3920,#3921));
#1793=EDGE_LOOP('',(#3922,#3923,#3924,#3925));
#1794=EDGE_LOOP('',(#3926,#3927,#3928,#3929));
#1795=EDGE_LOOP('',(#3930,#3931,#3932,#3933));
#1796=EDGE_LOOP('',(#3934,#3935,#3936,#3937));
#1797=EDGE_LOOP('',(#3938,#3939,#3940,#3941));
#1798=EDGE_LOOP('',(#3942,#3943,#3944,#3945));
#1799=EDGE_LOOP('',(#3946,#3947,#3948,#3949));
#1800=EDGE_LOOP('',(#3950,#3951,#3952,#3953));
#1801=EDGE_LOOP('',(#3954,#3955,#3956,#3957,#3958,#3959));
#1802=EDGE_LOOP('',(#3960,#3961,#3962,#3963));
#1803=EDGE_LOOP('',(#3964,#3965,#3966,#3967,#3968,#3969));
#1804=EDGE_LOOP('',(#3970,#3971,#3972,#3973,#3974,#3975));
#1805=EDGE_LOOP('',(#3976,#3977,#3978,#3979));
#1806=EDGE_LOOP('',(#3980,#3981,#3982,#3983,#3984,#3985));
#1807=EDGE_LOOP('',(#3986,#3987,#3988,#3989,#3990,#3991));
#1808=EDGE_LOOP('',(#3992,#3993,#3994,#3995,#3996,#3997));
#1809=EDGE_LOOP('',(#3998,#3999,#4000,#4001,#4002,#4003));
#1810=EDGE_LOOP('',(#4004,#4005,#4006,#4007,#4008,#4009));
#1811=EDGE_LOOP('',(#4010,#4011,#4012,#4013,#4014,#4015));
#1812=EDGE_LOOP('',(#4016,#4017,#4018,#4019,#4020,#4021));
#1813=EDGE_LOOP('',(#4022,#4023,#4024,#4025,#4026,#4027));
#1814=EDGE_LOOP('',(#4028,#4029,#4030,#4031,#4032,#4033));
#1815=EDGE_LOOP('',(#4034,#4035,#4036,#4037));
#1816=EDGE_LOOP('',(#4038,#4039,#4040,#4041,#4042,#4043,#4044,#4045,#4046,
#4047,#4048,#4049));
#1817=EDGE_LOOP('',(#4050,#4051,#4052,#4053,#4054,#4055,#4056,#4057));
#1818=EDGE_LOOP('',(#4058,#4059,#4060,#4061,#4062,#4063,#4064,#4065,#4066,
#4067,#4068,#4069));
#1819=EDGE_LOOP('',(#4070,#4071,#4072,#4073));
#1820=EDGE_LOOP('',(#4074,#4075,#4076,#4077));
#1821=EDGE_LOOP('',(#4078,#4079,#4080,#4081,#4082));
#1822=EDGE_LOOP('',(#4083,#4084,#4085,#4086,#4087));
#1823=EDGE_LOOP('',(#4088,#4089,#4090,#4091));
#1824=EDGE_LOOP('',(#4092,#4093,#4094,#4095));
#1825=EDGE_LOOP('',(#4096,#4097,#4098));
#1826=EDGE_LOOP('',(#4099,#4100,#4101,#4102,#4103,#4104,#4105));
#1827=EDGE_LOOP('',(#4106,#4107,#4108,#4109));
#1828=EDGE_LOOP('',(#4110,#4111,#4112));
#1829=EDGE_LOOP('',(#4113,#4114,#4115,#4116,#4117));
#1830=EDGE_LOOP('',(#4118,#4119,#4120,#4121,#4122,#4123,#4124));
#1831=EDGE_LOOP('',(#4125,#4126,#4127,#4128));
#1832=EDGE_LOOP('',(#4129,#4130,#4131,#4132));
#1833=EDGE_LOOP('',(#4133,#4134,#4135,#4136,#4137,#4138));
#1834=EDGE_LOOP('',(#4139,#4140,#4141,#4142));
#1835=EDGE_LOOP('',(#4143,#4144,#4145,#4146));
#1836=EDGE_LOOP('',(#4147,#4148,#4149));
#1837=EDGE_LOOP('',(#4150,#4151,#4152,#4153,#4154,#4155,#4156));
#1838=EDGE_LOOP('',(#4157,#4158,#4159));
#1839=EDGE_LOOP('',(#4160,#4161,#4162));
#1840=EDGE_LOOP('',(#4163,#4164,#4165,#4166,#4167,#4168,#4169));
#1841=EDGE_LOOP('',(#4170,#4171,#4172,#4173));
#1842=EDGE_LOOP('',(#4174,#4175,#4176,#4177));
#1843=EDGE_LOOP('',(#4178,#4179,#4180,#4181));
#1844=EDGE_LOOP('',(#4182,#4183,#4184,#4185,#4186,#4187));
#1845=EDGE_LOOP('',(#4188,#4189,#4190,#4191));
#1846=EDGE_LOOP('',(#4192,#4193,#4194,#4195));
#1847=EDGE_LOOP('',(#4196,#4197,#4198,#4199,#4200));
#1848=EDGE_LOOP('',(#4201,#4202,#4203));
#1849=EDGE_LOOP('',(#4204,#4205,#4206,#4207,#4208));
#1850=EDGE_LOOP('',(#4209,#4210,#4211));
#1851=EDGE_LOOP('',(#4212,#4213,#4214,#4215));
#1852=EDGE_LOOP('',(#4216,#4217,#4218,#4219));
#1853=EDGE_LOOP('',(#4220));
#1854=EDGE_LOOP('',(#4221));
#1855=EDGE_LOOP('',(#4222));
#1856=EDGE_LOOP('',(#4223,#4224,#4225,#4226));
#1857=EDGE_LOOP('',(#4227,#4228,#4229,#4230,#4231,#4232,#4233,#4234,#4235,
#4236));
#1858=EDGE_LOOP('',(#4237,#4238,#4239));
#1859=EDGE_LOOP('',(#4240,#4241,#4242));
#1860=EDGE_LOOP('',(#4243,#4244,#4245,#4246,#4247,#4248,#4249,#4250,#4251,
#4252,#4253,#4254,#4255,#4256));
#1861=EDGE_LOOP('',(#4257,#4258,#4259,#4260));
#1862=EDGE_LOOP('',(#4261,#4262,#4263,#4264));
#1863=EDGE_LOOP('',(#4265));
#1864=EDGE_LOOP('',(#4266));
#1865=EDGE_LOOP('',(#4267));
#1866=EDGE_LOOP('',(#4268,#4269,#4270,#4271));
#1867=EDGE_LOOP('',(#4272,#4273,#4274,#4275,#4276,#4277,#4278,#4279,#4280,
#4281,#4282,#4283,#4284,#4285));
#1868=EDGE_LOOP('',(#4286,#4287,#4288,#4289,#4290));
#1869=EDGE_LOOP('',(#4291,#4292,#4293,#4294,#4295));
#1870=EDGE_LOOP('',(#4296,#4297,#4298));
#1871=EDGE_LOOP('',(#4299,#4300,#4301,#4302));
#1872=EDGE_LOOP('',(#4303,#4304,#4305,#4306));
#1873=EDGE_LOOP('',(#4307));
#1874=EDGE_LOOP('',(#4308));
#1875=EDGE_LOOP('',(#4309));
#1876=EDGE_LOOP('',(#4310,#4311,#4312,#4313));
#1877=EDGE_LOOP('',(#4314,#4315,#4316,#4317,#4318));
#1878=EDGE_LOOP('',(#4319,#4320,#4321,#4322,#4323,#4324,#4325,#4326,#4327,
#4328));
#1879=EDGE_LOOP('',(#4329,#4330,#4331));
#1880=EDGE_LOOP('',(#4332,#4333,#4334,#4335,#4336,#4337));
#1881=EDGE_LOOP('',(#4338,#4339,#4340,#4341,#4342,#4343,#4344,#4345,#4346,
#4347));
#1882=EDGE_LOOP('',(#4348,#4349,#4350));
#1883=EDGE_LOOP('',(#4351,#4352,#4353));
#1884=EDGE_LOOP('',(#4354,#4355,#4356));
#1885=EDGE_LOOP('',(#4357,#4358,#4359,#4360,#4361,#4362,#4363,#4364));
#1886=EDGE_LOOP('',(#4365));
#1887=EDGE_LOOP('',(#4366));
#1888=EDGE_LOOP('',(#4367));
#1889=EDGE_LOOP('',(#4368,#4369,#4370,#4371));
#1890=EDGE_LOOP('',(#4372,#4373,#4374,#4375,#4376));
#1891=EDGE_LOOP('',(#4377,#4378,#4379,#4380,#4381));
#1892=EDGE_LOOP('',(#4382,#4383,#4384));
#1893=EDGE_LOOP('',(#4385,#4386,#4387,#4388));
#1894=EDGE_LOOP('',(#4389,#4390,#4391,#4392));
#1895=EDGE_LOOP('',(#4393));
#1896=EDGE_LOOP('',(#4394));
#1897=EDGE_LOOP('',(#4395));
#1898=EDGE_LOOP('',(#4396,#4397,#4398,#4399));
#1899=EDGE_LOOP('',(#4400,#4401,#4402,#4403,#4404));
#1900=EDGE_LOOP('',(#4405,#4406,#4407,#4408,#4409,#4410,#4411,#4412,#4413,
#4414));
#1901=EDGE_LOOP('',(#4415,#4416,#4417));
#1902=EDGE_LOOP('',(#4418,#4419,#4420,#4421,#4422,#4423));
#1903=EDGE_LOOP('',(#4424,#4425,#4426,#4427,#4428,#4429,#4430,#4431,#4432,
#4433));
#1904=EDGE_LOOP('',(#4434,#4435,#4436));
#1905=EDGE_LOOP('',(#4437,#4438,#4439));
#1906=EDGE_LOOP('',(#4440,#4441,#4442));
#1907=EDGE_LOOP('',(#4443,#4444,#4445,#4446,#4447,#4448,#4449,#4450));
#1908=EDGE_LOOP('',(#4451));
#1909=EDGE_LOOP('',(#4452));
#1910=EDGE_LOOP('',(#4453));
#1911=EDGE_LOOP('',(#4454,#4455,#4456,#4457));
#1912=EDGE_LOOP('',(#4458,#4459,#4460,#4461,#4462));
#1913=EDGE_LOOP('',(#4463,#4464,#4465,#4466,#4467,#4468));
#1914=EDGE_LOOP('',(#4469,#4470,#4471,#4472));
#1915=EDGE_LOOP('',(#4473,#4474,#4475,#4476,#4477,#4478,#4479,#4480));
#1916=EDGE_LOOP('',(#4481));
#1917=EDGE_LOOP('',(#4482,#4483,#4484,#4485,#4486,#4487,#4488,#4489));
#1918=EDGE_LOOP('',(#4490,#4491,#4492,#4493));
#1919=EDGE_LOOP('',(#4494,#4495,#4496,#4497));
#1920=EDGE_LOOP('',(#4498,#4499,#4500,#4501));
#1921=EDGE_LOOP('',(#4502,#4503,#4504,#4505,#4506,#4507,#4508,#4509,#4510,
#4511));
#1922=EDGE_LOOP('',(#4512));
#1923=EDGE_LOOP('',(#4513,#4514,#4515,#4516,#4517,#4518,#4519,#4520,#4521));
#1924=EDGE_LOOP('',(#4522,#4523,#4524,#4525));
#1925=EDGE_LOOP('',(#4526,#4527,#4528,#4529));
#1926=EDGE_LOOP('',(#4530,#4531,#4532,#4533));
#1927=EDGE_LOOP('',(#4534,#4535,#4536,#4537));
#1928=EDGE_LOOP('',(#4538,#4539,#4540,#4541));
#1929=EDGE_LOOP('',(#4542,#4543,#4544,#4545));
#1930=EDGE_LOOP('',(#4546,#4547,#4548,#4549,#4550,#4551,#4552,#4553));
#1931=EDGE_LOOP('',(#4554));
#1932=EDGE_LOOP('',(#4555,#4556,#4557,#4558));
#1933=EDGE_LOOP('',(#4559,#4560,#4561,#4562));
#1934=EDGE_LOOP('',(#4563,#4564,#4565,#4566));
#1935=EDGE_LOOP('',(#4567,#4568,#4569,#4570));
#1936=EDGE_LOOP('',(#4571,#4572,#4573,#4574));
#1937=EDGE_LOOP('',(#4575,#4576,#4577,#4578));
#1938=EDGE_LOOP('',(#4579,#4580,#4581,#4582,#4583,#4584,#4585,#4586,#4587));
#1939=EDGE_LOOP('',(#4588));
#1940=EDGE_LOOP('',(#4589,#4590,#4591,#4592,#4593,#4594,#4595,#4596,#4597));
#1941=EDGE_LOOP('',(#4598,#4599,#4600,#4601,#4602,#4603,#4604,#4605));
#1942=EDGE_LOOP('',(#4606,#4607,#4608,#4609));
#1943=EDGE_LOOP('',(#4610,#4611,#4612));
#1944=EDGE_LOOP('',(#4613,#4614,#4615,#4616,#4617,#4618,#4619));
#1945=EDGE_LOOP('',(#4620,#4621,#4622,#4623));
#1946=EDGE_LOOP('',(#4624,#4625,#4626,#4627));
#1947=EDGE_LOOP('',(#4628,#4629,#4630,#4631,#4632,#4633,#4634));
#1948=EDGE_LOOP('',(#4635,#4636,#4637,#4638,#4639,#4640,#4641,#4642,#4643));
#1949=EDGE_LOOP('',(#4644,#4645,#4646,#4647,#4648,#4649));
#1950=EDGE_LOOP('',(#4650,#4651,#4652,#4653));
#1951=EDGE_LOOP('',(#4654,#4655,#4656,#4657));
#1952=EDGE_LOOP('',(#4658,#4659,#4660,#4661,#4662));
#1953=EDGE_LOOP('',(#4663,#4664,#4665));
#1954=EDGE_LOOP('',(#4666,#4667,#4668,#4669));
#1955=EDGE_LOOP('',(#4670,#4671,#4672,#4673));
#1956=EDGE_LOOP('',(#4674,#4675,#4676,#4677));
#1957=EDGE_LOOP('',(#4678,#4679,#4680,#4681,#4682,#4683));
#1958=EDGE_LOOP('',(#4684,#4685,#4686,#4687,#4688,#4689,#4690,#4691));
#1959=EDGE_LOOP('',(#4692,#4693,#4694,#4695,#4696,#4697,#4698,#4699,#4700));
#1960=EDGE_LOOP('',(#4701,#4702,#4703,#4704,#4705));
#1961=EDGE_LOOP('',(#4706,#4707,#4708,#4709,#4710));
#1962=EDGE_LOOP('',(#4711,#4712,#4713,#4714,#4715,#4716,#4717,#4718,#4719,
#4720,#4721,#4722,#4723,#4724,#4725,#4726,#4727,#4728,#4729,#4730,#4731,
#4732,#4733,#4734,#4735,#4736,#4737,#4738,#4739));
#1963=EDGE_LOOP('',(#4740,#4741,#4742,#4743,#4744,#4745,#4746,#4747,#4748,
#4749,#4750,#4751,#4752,#4753,#4754,#4755,#4756,#4757,#4758,#4759,#4760,
#4761,#4762,#4763,#4764,#4765,#4766,#4767,#4768));
#1964=EDGE_LOOP('',(#4769,#4770,#4771,#4772));
#1965=EDGE_LOOP('',(#4773,#4774,#4775,#4776));
#1966=EDGE_LOOP('',(#4777,#4778,#4779,#4780));
#1967=EDGE_LOOP('',(#4781,#4782,#4783,#4784));
#1968=EDGE_LOOP('',(#4785,#4786,#4787));
#1969=EDGE_LOOP('',(#4788,#4789,#4790));
#1970=EDGE_LOOP('',(#4791,#4792,#4793,#4794));
#1971=EDGE_LOOP('',(#4795,#4796,#4797));
#1972=EDGE_LOOP('',(#4798,#4799,#4800));
#1973=EDGE_LOOP('',(#4801,#4802,#4803,#4804));
#1974=EDGE_LOOP('',(#4805,#4806,#4807));
#1975=EDGE_LOOP('',(#4808,#4809,#4810,#4811));
#1976=EDGE_LOOP('',(#4812,#4813,#4814));
#1977=EDGE_LOOP('',(#4815,#4816,#4817,#4818));
#1978=EDGE_LOOP('',(#4819,#4820,#4821,#4822));
#1979=EDGE_LOOP('',(#4823,#4824,#4825,#4826));
#1980=EDGE_LOOP('',(#4827,#4828,#4829,#4830));
#1981=EDGE_LOOP('',(#4831,#4832,#4833));
#1982=EDGE_LOOP('',(#4834,#4835,#4836,#4837,#4838,#4839,#4840));
#1983=EDGE_LOOP('',(#4841,#4842,#4843,#4844,#4845,#4846,#4847));
#1984=EDGE_LOOP('',(#4848,#4849,#4850));
#1985=EDGE_LOOP('',(#4851,#4852,#4853,#4854));
#1986=EDGE_LOOP('',(#4855,#4856,#4857,#4858));
#1987=EDGE_LOOP('',(#4859,#4860,#4861,#4862));
#1988=EDGE_LOOP('',(#4863,#4864,#4865,#4866,#4867,#4868,#4869,#4870,#4871,
#4872));
#1989=EDGE_LOOP('',(#4873,#4874,#4875,#4876,#4877,#4878,#4879,#4880,#4881,
#4882));
#1990=EDGE_LOOP('',(#4883,#4884,#4885));
#1991=EDGE_LOOP('',(#4886,#4887,#4888));
#1992=EDGE_LOOP('',(#4889,#4890,#4891));
#1993=EDGE_LOOP('',(#4892,#4893,#4894,#4895,#4896));
#1994=EDGE_LOOP('',(#4897,#4898,#4899));
#1995=EDGE_LOOP('',(#4900,#4901,#4902));
#1996=EDGE_LOOP('',(#4903,#4904,#4905,#4906));
#1997=EDGE_LOOP('',(#4907,#4908,#4909,#4910));
#1998=EDGE_LOOP('',(#4911,#4912,#4913,#4914));
#1999=EDGE_LOOP('',(#4915,#4916,#4917,#4918));
#2000=EDGE_LOOP('',(#4919,#4920,#4921));
#2001=EDGE_LOOP('',(#4922,#4923,#4924,#4925));
#2002=EDGE_LOOP('',(#4926,#4927,#4928));
#2003=EDGE_LOOP('',(#4929,#4930,#4931,#4932));
#2004=EDGE_LOOP('',(#4933,#4934,#4935,#4936));
#2005=EDGE_LOOP('',(#4937,#4938,#4939,#4940));
#2006=EDGE_LOOP('',(#4941,#4942,#4943,#4944,#4945,#4946));
#2007=EDGE_LOOP('',(#4947,#4948,#4949,#4950));
#2008=EDGE_LOOP('',(#4951,#4952,#4953,#4954));
#2009=EDGE_LOOP('',(#4955,#4956,#4957,#4958));
#2010=EDGE_LOOP('',(#4959,#4960,#4961,#4962));
#2011=EDGE_LOOP('',(#4963,#4964,#4965,#4966));
#2012=EDGE_LOOP('',(#4967,#4968,#4969,#4970));
#2013=EDGE_LOOP('',(#4971,#4972,#4973,#4974,#4975));
#2014=EDGE_LOOP('',(#4976,#4977,#4978,#4979));
#2015=EDGE_LOOP('',(#4980,#4981,#4982,#4983));
#2016=EDGE_LOOP('',(#4984,#4985,#4986,#4987));
#2017=EDGE_LOOP('',(#4988,#4989,#4990,#4991));
#2018=EDGE_LOOP('',(#4992,#4993,#4994,#4995));
#2019=EDGE_LOOP('',(#4996,#4997,#4998,#4999));
#2020=EDGE_LOOP('',(#5000,#5001,#5002,#5003));
#2021=EDGE_LOOP('',(#5004,#5005,#5006,#5007));
#2022=EDGE_LOOP('',(#5008,#5009,#5010,#5011));
#2023=EDGE_LOOP('',(#5012,#5013,#5014,#5015));
#2024=EDGE_LOOP('',(#5016,#5017,#5018,#5019));
#2025=EDGE_LOOP('',(#5020,#5021,#5022,#5023));
#2026=EDGE_LOOP('',(#5024,#5025,#5026,#5027));
#2027=EDGE_LOOP('',(#5028,#5029,#5030,#5031));
#2028=EDGE_LOOP('',(#5032,#5033,#5034,#5035));
#2029=EDGE_LOOP('',(#5036,#5037,#5038,#5039));
#2030=EDGE_LOOP('',(#5040,#5041,#5042,#5043));
#2031=EDGE_LOOP('',(#5044,#5045,#5046,#5047));
#2032=EDGE_LOOP('',(#5048,#5049,#5050,#5051));
#2033=EDGE_LOOP('',(#5052,#5053,#5054,#5055));
#2034=EDGE_LOOP('',(#5056,#5057,#5058,#5059));
#2035=EDGE_LOOP('',(#5060,#5061,#5062,#5063));
#2036=EDGE_LOOP('',(#5064,#5065,#5066,#5067));
#2037=EDGE_LOOP('',(#5068,#5069,#5070,#5071));
#2038=EDGE_LOOP('',(#5072,#5073,#5074,#5075));
#2039=EDGE_LOOP('',(#5076,#5077,#5078,#5079));
#2040=EDGE_LOOP('',(#5080,#5081,#5082,#5083));
#2041=EDGE_LOOP('',(#5084,#5085,#5086,#5087));
#2042=EDGE_LOOP('',(#5088,#5089,#5090,#5091));
#2043=EDGE_LOOP('',(#5092,#5093,#5094,#5095));
#2044=EDGE_LOOP('',(#5096,#5097,#5098,#5099));
#2045=EDGE_LOOP('',(#5100,#5101,#5102,#5103));
#2046=EDGE_LOOP('',(#5104,#5105,#5106,#5107));
#2047=EDGE_LOOP('',(#5108,#5109,#5110,#5111));
#2048=EDGE_LOOP('',(#5112,#5113,#5114,#5115));
#2049=EDGE_LOOP('',(#5116,#5117,#5118,#5119));
#2050=EDGE_LOOP('',(#5120,#5121,#5122,#5123));
#2051=EDGE_LOOP('',(#5124,#5125,#5126,#5127));
#2052=EDGE_LOOP('',(#5128,#5129,#5130,#5131));
#2053=EDGE_LOOP('',(#5132,#5133,#5134,#5135));
#2054=EDGE_LOOP('',(#5136,#5137,#5138,#5139));
#2055=EDGE_LOOP('',(#5140,#5141,#5142,#5143));
#2056=EDGE_LOOP('',(#5144,#5145,#5146,#5147));
#2057=EDGE_LOOP('',(#5148,#5149,#5150,#5151));
#2058=EDGE_LOOP('',(#5152,#5153,#5154,#5155));
#2059=EDGE_LOOP('',(#5156,#5157,#5158,#5159));
#2060=EDGE_LOOP('',(#5160,#5161,#5162,#5163));
#2061=EDGE_LOOP('',(#5164,#5165,#5166,#5167));
#2062=EDGE_LOOP('',(#5168,#5169,#5170,#5171));
#2063=EDGE_LOOP('',(#5172,#5173,#5174,#5175));
#2064=EDGE_LOOP('',(#5176,#5177,#5178,#5179));
#2065=EDGE_LOOP('',(#5180,#5181,#5182,#5183));
#2066=EDGE_LOOP('',(#5184,#5185,#5186,#5187));
#2067=EDGE_LOOP('',(#5188,#5189,#5190,#5191));
#2068=EDGE_LOOP('',(#5192,#5193,#5194,#5195));
#2069=EDGE_LOOP('',(#5196,#5197,#5198,#5199));
#2070=EDGE_LOOP('',(#5200,#5201,#5202,#5203));
#2071=EDGE_LOOP('',(#5204,#5205,#5206,#5207));
#2072=EDGE_LOOP('',(#5208,#5209,#5210,#5211));
#2073=EDGE_LOOP('',(#5212,#5213,#5214,#5215));
#2074=EDGE_LOOP('',(#5216,#5217,#5218,#5219));
#2075=EDGE_LOOP('',(#5220,#5221,#5222,#5223));
#2076=EDGE_LOOP('',(#5224,#5225,#5226,#5227,#5228));
#2077=EDGE_LOOP('',(#5229,#5230,#5231,#5232));
#2078=EDGE_LOOP('',(#5233,#5234,#5235,#5236));
#2079=EDGE_LOOP('',(#5237,#5238,#5239,#5240));
#2080=EDGE_LOOP('',(#5241,#5242,#5243,#5244));
#2081=EDGE_LOOP('',(#5245,#5246,#5247,#5248));
#2082=EDGE_LOOP('',(#5249,#5250,#5251,#5252));
#2083=EDGE_LOOP('',(#5253,#5254,#5255,#5256,#5257));
#2084=EDGE_LOOP('',(#5258,#5259,#5260,#5261,#5262));
#2085=EDGE_LOOP('',(#5263,#5264,#5265,#5266));
#2086=EDGE_LOOP('',(#5267,#5268,#5269,#5270));
#2087=EDGE_LOOP('',(#5271,#5272,#5273,#5274,#5275,#5276));
#2088=EDGE_LOOP('',(#5277,#5278,#5279,#5280,#5281));
#2089=EDGE_LOOP('',(#5282,#5283,#5284,#5285,#5286));
#2090=EDGE_LOOP('',(#5287,#5288,#5289));
#2091=EDGE_LOOP('',(#5290,#5291,#5292));
#2092=EDGE_LOOP('',(#5293,#5294,#5295,#5296));
#2093=EDGE_LOOP('',(#5297,#5298,#5299,#5300));
#2094=EDGE_LOOP('',(#5301,#5302,#5303,#5304));
#2095=EDGE_LOOP('',(#5305,#5306,#5307,#5308,#5309,#5310));
#2096=EDGE_LOOP('',(#5311,#5312,#5313,#5314,#5315));
#2097=EDGE_LOOP('',(#5316,#5317,#5318,#5319));
#2098=EDGE_LOOP('',(#5320,#5321,#5322,#5323,#5324));
#2099=EDGE_LOOP('',(#5325,#5326,#5327,#5328));
#2100=EDGE_LOOP('',(#5329,#5330,#5331,#5332));
#2101=EDGE_LOOP('',(#5333,#5334,#5335,#5336));
#2102=EDGE_LOOP('',(#5337,#5338,#5339,#5340));
#2103=EDGE_LOOP('',(#5341,#5342,#5343,#5344));
#2104=EDGE_LOOP('',(#5345,#5346,#5347,#5348,#5349));
#2105=EDGE_LOOP('',(#5350,#5351,#5352,#5353));
#2106=EDGE_LOOP('',(#5354,#5355,#5356,#5357));
#2107=EDGE_LOOP('',(#5358,#5359,#5360,#5361,#5362,#5363));
#2108=EDGE_LOOP('',(#5364,#5365,#5366));
#2109=EDGE_LOOP('',(#5367,#5368,#5369));
#2110=EDGE_LOOP('',(#5370,#5371,#5372,#5373));
#2111=EDGE_LOOP('',(#5374,#5375,#5376,#5377,#5378,#5379));
#2112=EDGE_LOOP('',(#5380,#5381,#5382,#5383));
#2113=EDGE_LOOP('',(#5384,#5385,#5386,#5387,#5388));
#2114=EDGE_LOOP('',(#5389,#5390,#5391,#5392,#5393,#5394,#5395,#5396));
#2115=EDGE_LOOP('',(#5397,#5398,#5399,#5400,#5401));
#2116=EDGE_LOOP('',(#5402,#5403,#5404,#5405,#5406,#5407,#5408,#5409,#5410,
#5411,#5412));
#2117=EDGE_LOOP('',(#5413,#5414,#5415,#5416,#5417));
#2118=EDGE_LOOP('',(#5418,#5419,#5420,#5421));
#2119=EDGE_LOOP('',(#5422,#5423,#5424,#5425,#5426,#5427));
#2120=EDGE_LOOP('',(#5428,#5429,#5430,#5431,#5432,#5433,#5434,#5435,#5436,
#5437,#5438));
#2121=EDGE_LOOP('',(#5439,#5440,#5441,#5442));
#2122=EDGE_LOOP('',(#5443,#5444,#5445,#5446));
#2123=EDGE_LOOP('',(#5447,#5448,#5449,#5450,#5451,#5452));
#2124=EDGE_LOOP('',(#5453,#5454,#5455,#5456));
#2125=EDGE_LOOP('',(#5457,#5458,#5459,#5460));
#2126=EDGE_LOOP('',(#5461,#5462,#5463,#5464));
#2127=EDGE_LOOP('',(#5465,#5466,#5467,#5468));
#2128=EDGE_LOOP('',(#5469,#5470,#5471,#5472));
#2129=EDGE_LOOP('',(#5473,#5474,#5475));
#2130=EDGE_LOOP('',(#5476,#5477,#5478,#5479));
#2131=EDGE_LOOP('',(#5480,#5481,#5482));
#2132=EDGE_LOOP('',(#5483,#5484,#5485,#5486));
#2133=EDGE_LOOP('',(#5487,#5488,#5489,#5490));
#2134=EDGE_LOOP('',(#5491,#5492,#5493,#5494));
#2135=EDGE_LOOP('',(#5495,#5496,#5497,#5498));
#2136=EDGE_LOOP('',(#5499,#5500,#5501));
#2137=EDGE_LOOP('',(#5502,#5503,#5504));
#2138=EDGE_LOOP('',(#5505,#5506,#5507,#5508,#5509));
#2139=EDGE_LOOP('',(#5510,#5511,#5512));
#2140=EDGE_LOOP('',(#5513,#5514,#5515));
#2141=EDGE_LOOP('',(#5516,#5517,#5518));
#2142=B_SPLINE_CURVE_WITH_KNOTS('',3,(#7945,#7946,#7947,#7948,#7949,#7950,
#7951),.UNSPECIFIED.,.F.,.F.,(4,3,4),(0.,0.335761700201725,0.566811820278641),
 .UNSPECIFIED.);
#2143=B_SPLINE_CURVE_WITH_KNOTS('',3,(#7953,#7954,#7955,#7956,#7957,#7958,
#7959,#7960,#7961,#7962),.UNSPECIFIED.,.F.,.F.,(4,3,3,4),(0.,0.331195953761645,
0.662391907523291,0.831624709678839),.UNSPECIFIED.);
#2144=B_SPLINE_CURVE_WITH_KNOTS('',3,(#7963,#7964,#7965,#7966,#7967,#7968),
 .UNSPECIFIED.,.F.,.F.,(4,1,1,4),(-0.125050047110739,-0.107184495548031,
-0.0714563303653547,-0.050090019691273),.UNSPECIFIED.);
#2145=B_SPLINE_CURVE_WITH_KNOTS('',3,(#8006,#8007,#8008,#8009,#8010,#8011),
 .UNSPECIFIED.,.F.,.F.,(4,1,1,4),(0.,0.333333333333333,0.666666666666667,
1.),.UNSPECIFIED.);
#2146=B_SPLINE_CURVE_WITH_KNOTS('',3,(#8014,#8015,#8016,#8017,#8018,#8019),
 .UNSPECIFIED.,.F.,.F.,(4,1,1,4),(-0.049855543152705,-0.0357281651826782,
-0.026796123887009,-1.60667919872328E-15),.UNSPECIFIED.);
#2147=B_SPLINE_CURVE_WITH_KNOTS('',3,(#8057,#8058,#8059,#8060,#8061,#8062),
 .UNSPECIFIED.,.F.,.F.,(4,1,1,4),(0.,0.333333333333333,0.666666666666667,
1.),.UNSPECIFIED.);
#2148=B_SPLINE_CURVE_WITH_KNOTS('',3,(#8103,#8104,#8105,#8106,#8107,#8108),
 .UNSPECIFIED.,.F.,.F.,(4,1,1,4),(0.,0.333333333333333,0.666666666666667,
1.),.UNSPECIFIED.);
#2149=B_SPLINE_CURVE_WITH_KNOTS('',3,(#8149,#8150,#8151,#8152,#8153,#8154),
 .UNSPECIFIED.,.F.,.F.,(4,1,1,4),(0.,0.333333333333333,0.666666666666667,
0.836991616024133),.UNSPECIFIED.);
#2150=B_SPLINE_CURVE_WITH_KNOTS('',3,(#8156,#8157,#8158,#8159,#8160,#8161),
 .UNSPECIFIED.,.F.,.F.,(4,1,1,4),(-0.250097156278738,-0.22330103239173,
-0.214368991096061,-0.200215120629339),.UNSPECIFIED.);
#2151=B_SPLINE_CURVE_WITH_KNOTS('',3,(#8201,#8202,#8203,#8204,#8205,#8206,
#8207),.UNSPECIFIED.,.F.,.F.,(4,3,4),(0.,0.335761700201726,0.566811820278644),
 .UNSPECIFIED.);
#2152=B_SPLINE_CURVE_WITH_KNOTS('',3,(#8209,#8210,#8211,#8212,#8213,#8214,
#8215,#8216,#8217,#8218),.UNSPECIFIED.,.F.,.F.,(4,3,3,4),(0.,0.33119595376165,
0.662391907523299,0.831624709678859),.UNSPECIFIED.);
#2153=B_SPLINE_CURVE_WITH_KNOTS('',3,(#8219,#8220,#8221,#8222,#8223,#8224,
#8225),.UNSPECIFIED.,.F.,.F.,(4,1,1,1,4),(-0.12545081364603,-0.107184495548032,
-0.0893204129566939,-0.0714563303653555,-0.0501572511713164),
 .UNSPECIFIED.);
#2154=B_SPLINE_CURVE_WITH_KNOTS('',3,(#8263,#8264,#8265,#8266,#8267,#8268),
 .UNSPECIFIED.,.F.,.F.,(4,1,1,4),(0.,0.333333333333333,0.666666666666667,
1.),.UNSPECIFIED.);
#2155=B_SPLINE_CURVE_WITH_KNOTS('',3,(#8271,#8272,#8273,#8274,#8275),
 .UNSPECIFIED.,.F.,.F.,(4,1,4),(-0.0501572511713164,-0.0357281651826787,
-1.84442305103641E-15),.UNSPECIFIED.);
#2156=B_SPLINE_CURVE_WITH_KNOTS('',3,(#8313,#8314,#8315,#8316,#8317,#8318),
 .UNSPECIFIED.,.F.,.F.,(4,1,1,4),(0.,0.333333333333333,0.666666666666667,
1.),.UNSPECIFIED.);
#2157=B_SPLINE_CURVE_WITH_KNOTS('',3,(#8359,#8360,#8361,#8362,#8363,#8364),
 .UNSPECIFIED.,.F.,.F.,(4,1,1,4),(0.,0.333333333333333,0.666666666666667,
1.),.UNSPECIFIED.);
#2158=B_SPLINE_CURVE_WITH_KNOTS('',3,(#8405,#8406,#8407,#8408,#8409,#8410),
 .UNSPECIFIED.,.F.,.F.,(4,1,1,4),(0.,0.333333333333333,0.666666666666667,
0.836991616024128),.UNSPECIFIED.);
#2159=B_SPLINE_CURVE_WITH_KNOTS('',3,(#8412,#8413,#8414,#8415,#8416,#8417),
 .UNSPECIFIED.,.F.,.F.,(4,1,1,4),(-0.25009715627874,-0.223301032391732,
-0.214368991096063,-0.200287959408219),.UNSPECIFIED.);
#2160=B_SPLINE_CURVE_WITH_KNOTS('',3,(#8457,#8458,#8459,#8460,#8461,#8462,
#8463),.UNSPECIFIED.,.F.,.F.,(4,3,4),(0.,0.335761700201733,0.566811820278645),
 .UNSPECIFIED.);
#2161=B_SPLINE_CURVE_WITH_KNOTS('',3,(#8465,#8466,#8467,#8468,#8469,#8470,
#8471,#8472,#8473,#8474),.UNSPECIFIED.,.F.,.F.,(4,3,3,4),(0.,0.331195953761657,
0.662391907523315,0.831624709678879),.UNSPECIFIED.);
#2162=B_SPLINE_CURVE_WITH_KNOTS('',3,(#8475,#8476,#8477,#8478,#8479,#8480),
 .UNSPECIFIED.,.F.,.F.,(4,1,1,4),(-0.125042177049745,-0.107179747557199,
-0.0714531650381325,-0.0500834855164345),.UNSPECIFIED.);
#2163=B_SPLINE_CURVE_WITH_KNOTS('',3,(#8518,#8519,#8520,#8521,#8522,#8523),
 .UNSPECIFIED.,.F.,.F.,(4,1,1,4),(0.,0.333333333333333,0.666666666666667,
1.),.UNSPECIFIED.);
#2164=B_SPLINE_CURVE_WITH_KNOTS('',3,(#8526,#8527,#8528,#8529,#8530,#8531),
 .UNSPECIFIED.,.F.,.F.,(4,1,1,4),(-0.0498582090151862,-0.0357265825190662,
-0.0267949368892997,0.),.UNSPECIFIED.);
#2165=B_SPLINE_CURVE_WITH_KNOTS('',3,(#8569,#8570,#8571,#8572,#8573,#8574),
 .UNSPECIFIED.,.F.,.F.,(4,1,1,4),(0.,0.333333333333333,0.666666666666667,
1.),.UNSPECIFIED.);
#2166=B_SPLINE_CURVE_WITH_KNOTS('',3,(#8615,#8616,#8617,#8618,#8619,#8620),
 .UNSPECIFIED.,.F.,.F.,(4,1,1,4),(0.,0.333333333333333,0.666666666666667,
1.),.UNSPECIFIED.);
#2167=B_SPLINE_CURVE_WITH_KNOTS('',3,(#8661,#8662,#8663,#8664,#8665,#8666),
 .UNSPECIFIED.,.F.,.F.,(4,1,1,4),(0.,0.333333333333333,0.666666666666667,
0.836991616024146),.UNSPECIFIED.);
#2168=B_SPLINE_CURVE_WITH_KNOTS('',3,(#8668,#8669,#8670,#8671,#8672,#8673),
 .UNSPECIFIED.,.F.,.F.,(4,1,1,4),(-0.250086077633464,-0.223291140744164,
-0.214359495114397,-0.200206167809179),.UNSPECIFIED.);
#2169=B_SPLINE_CURVE_WITH_KNOTS('',3,(#8713,#8714,#8715,#8716,#8717,#8718),
 .UNSPECIFIED.,.F.,.F.,(4,1,1,4),(0.,0.333333333333333,0.666666666666667,
1.),.UNSPECIFIED.);
#2170=B_SPLINE_CURVE_WITH_KNOTS('',3,(#8720,#8721,#8722,#8723,#8724,#8725,
#8726,#8727,#8728,#8729),.UNSPECIFIED.,.F.,.F.,(4,3,3,4),(0.,0.331195953761648,
0.662391907523296,0.831624709678848),.UNSPECIFIED.);
#2171=B_SPLINE_CURVE_WITH_KNOTS('',3,(#8731,#8732,#8733,#8734,#8735,#8736),
 .UNSPECIFIED.,.F.,.F.,(4,1,1,4),(-0.25009155310706,-0.223296029559875,
-0.21436418837748,-0.200088806865328),.UNSPECIFIED.);
#2172=B_SPLINE_CURVE_WITH_KNOTS('',3,(#8775,#8776,#8777,#8778,#8779,#8780,
#8781),.UNSPECIFIED.,.F.,.F.,(4,3,4),(0.,0.335761700201725,0.566811820278643),
 .UNSPECIFIED.);
#2173=B_SPLINE_CURVE_WITH_KNOTS('',3,(#8782,#8783,#8784,#8785,#8786,#8787,
#8788),.UNSPECIFIED.,.F.,.F.,(4,1,1,1,4),(-0.200088806865328,-0.19650050601269,
-0.1786368236479,-0.14290945891832,-0.125240373547984),.UNSPECIFIED.);
#2174=B_SPLINE_CURVE_WITH_KNOTS('',3,(#8826,#8827,#8828,#8829,#8830,#8831,
#8832,#8833,#8834,#8835),.UNSPECIFIED.,.F.,.F.,(4,3,3,4),(0.,0.331195953761646,
0.662391907523292,0.831624709678858),.UNSPECIFIED.);
#2175=B_SPLINE_CURVE_WITH_KNOTS('',3,(#8836,#8837,#8838,#8839,#8840,#8841),
 .UNSPECIFIED.,.F.,.F.,(4,1,1,4),(-0.125240373547984,-0.0714547294591599,
-0.0535910470943699,-0.0500378717189281),.UNSPECIFIED.);
#2176=B_SPLINE_CURVE_WITH_KNOTS('',3,(#8879,#8880,#8881,#8882,#8883,#8884),
 .UNSPECIFIED.,.F.,.F.,(4,1,1,4),(0.,0.333333333333333,0.666666666666667,
1.),.UNSPECIFIED.);
#2177=B_SPLINE_CURVE_WITH_KNOTS('',3,(#8887,#8888,#8889,#8890,#8891,#8892),
 .UNSPECIFIED.,.F.,.F.,(4,1,1,4),(-0.050083868887275,-0.03572736472958,
-0.026795523547185,0.),.UNSPECIFIED.);
#2178=B_SPLINE_CURVE_WITH_KNOTS('',3,(#8930,#8931,#8932,#8933,#8934,#8935),
 .UNSPECIFIED.,.F.,.F.,(4,1,1,4),(0.,0.333333333333333,0.666666666666667,
1.),.UNSPECIFIED.);
#2179=B_SPLINE_CURVE_WITH_KNOTS('',3,(#8977,#8978,#8979,#8980,#8981,#8982),
 .UNSPECIFIED.,.F.,.F.,(4,1,1,4),(0.,0.333333333333333,0.666666666666667,
1.),.UNSPECIFIED.);
#2180=B_SPLINE_CURVE_WITH_KNOTS('',3,(#8984,#8985,#8986,#8987,#8988,#8989),
 .UNSPECIFIED.,.F.,.F.,(4,1,1,4),(0.,0.333333333333333,0.666666666666667,
1.),.UNSPECIFIED.);
#2181=B_SPLINE_CURVE_WITH_KNOTS('',3,(#9030,#9031,#9032,#9033,#9034,#9035),
 .UNSPECIFIED.,.F.,.F.,(4,1,1,4),(0.,0.333333333333333,0.666666666666667,
1.),.UNSPECIFIED.);
#2182=B_SPLINE_CURVE_WITH_KNOTS('',3,(#9076,#9077,#9078,#9079,#9080,#9081),
 .UNSPECIFIED.,.F.,.F.,(4,1,1,4),(0.,0.333333333333333,0.666666666666667,
1.),.UNSPECIFIED.);
#2183=B_SPLINE_CURVE_WITH_KNOTS('',3,(#9083,#9084,#9085,#9086,#9087,#9088,
#9089,#9090,#9091,#9092,#9093,#9094,#9095,#9096,#9097,#9098,#9099,#9100,
#9101,#9102,#9103,#9104),.UNSPECIFIED.,.F.,.F.,(4,3,3,3,3,3,3,4),(0.499999999999949,
0.602587666031262,0.695534066148162,0.771650549611122,0.854949932763005,
0.927474966381503,0.9862676215682,1.),.UNSPECIFIED.);
#2184=B_SPLINE_CURVE_WITH_KNOTS('',3,(#9143,#9144,#9145,#9146,#9147,#9148),
 .UNSPECIFIED.,.F.,.F.,(4,1,1,4),(0.,0.333333333333333,0.666666666666667,
1.),.UNSPECIFIED.);
#2185=B_SPLINE_CURVE_WITH_KNOTS('',3,(#9151,#9152,#9153,#9154,#9155,#9156,
#9157,#9158,#9159,#9160,#9161,#9162,#9163,#9164,#9165,#9166,#9167,#9168,
#9169,#9170,#9171,#9172),.UNSPECIFIED.,.F.,.F.,(4,3,3,3,3,3,3,4),(0.,0.0550474659502034,
0.120409463981962,0.195493164852122,0.305688240741389,0.402844120370669,
0.487641604063115,0.499999999999949),.UNSPECIFIED.);
#2186=B_SPLINE_CURVE_WITH_KNOTS('',3,(#9210,#9211,#9212,#9213,#9214,#9215),
 .UNSPECIFIED.,.F.,.F.,(4,1,1,4),(0.,0.333333333333333,0.666666666666667,
1.),.UNSPECIFIED.);
#2187=B_SPLINE_CURVE_WITH_KNOTS('',3,(#9256,#9257,#9258,#9259,#9260,#9261),
 .UNSPECIFIED.,.F.,.F.,(4,1,1,4),(0.,0.333333333333333,0.666666666666667,
1.),.UNSPECIFIED.);
#2188=B_SPLINE_CURVE_WITH_KNOTS('',3,(#9302,#9303,#9304,#9305,#9306,#9307),
 .UNSPECIFIED.,.F.,.F.,(4,1,1,4),(0.,0.333333333333333,0.666666666666667,
1.),.UNSPECIFIED.);
#2189=B_SPLINE_CURVE_WITH_KNOTS('',3,(#9309,#9310,#9311,#9312,#9313,#9314,
#9315,#9316,#9317,#9318,#9319,#9320,#9321,#9322,#9323,#9324,#9325,#9326,
#9327,#9328,#9329,#9330),.UNSPECIFIED.,.F.,.F.,(4,3,3,3,3,3,3,4),(0.500000000000086,
0.602587666030538,0.695534066137462,0.771650549603097,0.854949932752728,
0.927474966376364,0.986267621565244,1.),.UNSPECIFIED.);
#2190=B_SPLINE_CURVE_WITH_KNOTS('',3,(#9370,#9371,#9372,#9373,#9374,#9375),
 .UNSPECIFIED.,.F.,.F.,(4,1,1,4),(0.,0.333333333333333,0.666666666666667,
1.),.UNSPECIFIED.);
#2191=B_SPLINE_CURVE_WITH_KNOTS('',3,(#9377,#9378,#9379,#9380,#9381,#9382),
 .UNSPECIFIED.,.F.,.F.,(4,1,1,4),(0.,0.333333333333333,0.666666666666667,
1.),.UNSPECIFIED.);
#2192=B_SPLINE_CURVE_WITH_KNOTS('',3,(#9423,#9424,#9425,#9426,#9427,#9428),
 .UNSPECIFIED.,.F.,.F.,(4,1,1,4),(0.,0.333333333333333,0.666666666666667,
1.),.UNSPECIFIED.);
#2193=B_SPLINE_CURVE_WITH_KNOTS('',3,(#9469,#9470,#9471,#9472,#9473,#9474),
 .UNSPECIFIED.,.F.,.F.,(4,1,1,4),(0.,0.333333333333333,0.666666666666667,
1.),.UNSPECIFIED.);
#2194=B_SPLINE_CURVE_WITH_KNOTS('',3,(#9476,#9477,#9478,#9479,#9480,#9481,
#9482,#9483,#9484,#9485,#9486,#9487,#9488,#9489,#9490,#9491,#9492,#9493,
#9494,#9495,#9496,#9497),.UNSPECIFIED.,.F.,.F.,(4,3,3,3,3,3,3,4),(0.499999999999998,
0.602587666032678,0.695534066140789,0.771650549605592,0.854949932756397,
0.927474966378198,0.986267621566923,1.),.UNSPECIFIED.);
#2195=B_SPLINE_CURVE_WITH_KNOTS('',3,(#9536,#9537,#9538,#9539,#9540,#9541),
 .UNSPECIFIED.,.F.,.F.,(4,1,1,4),(0.,0.333333333333333,0.666666666666667,
1.),.UNSPECIFIED.);
#2196=B_SPLINE_CURVE_WITH_KNOTS('',3,(#9544,#9545,#9546,#9547,#9548,#9549,
#9550,#9551,#9552,#9553,#9554,#9555,#9556,#9557,#9558,#9559,#9560,#9561,
#9562,#9563,#9564,#9565),.UNSPECIFIED.,.F.,.F.,(4,3,3,3,3,3,3,4),(0.,0.0550474659570544,
0.120409463982454,0.195493164857321,0.305688240707625,0.402844120353811,
0.487641604004133,0.499999999999998),.UNSPECIFIED.);
#2197=B_SPLINE_CURVE_WITH_KNOTS('',3,(#9603,#9604,#9605,#9606,#9607,#9608),
 .UNSPECIFIED.,.F.,.F.,(4,1,1,4),(0.,0.333333333333333,0.666666666666667,
1.),.UNSPECIFIED.);
#2198=B_SPLINE_CURVE_WITH_KNOTS('',3,(#9649,#9650,#9651,#9652,#9653,#9654),
 .UNSPECIFIED.,.F.,.F.,(4,1,1,4),(0.,0.333333333333333,0.666666666666667,
1.),.UNSPECIFIED.);
#2199=B_SPLINE_CURVE_WITH_KNOTS('',3,(#9695,#9696,#9697,#9698,#9699,#9700),
 .UNSPECIFIED.,.F.,.F.,(4,1,1,4),(0.,0.333333333333333,0.666666666666667,
1.),.UNSPECIFIED.);
#2200=B_SPLINE_CURVE_WITH_KNOTS('',3,(#9702,#9703,#9704,#9705,#9706,#9707,
#9708,#9709,#9710,#9711,#9712,#9713,#9714,#9715,#9716,#9717,#9718,#9719,
#9720,#9721,#9722,#9723),.UNSPECIFIED.,.F.,.F.,(4,3,3,3,3,3,3,4),(0.49999999999996,
0.602587666032237,0.695534066140706,0.77165054960553,0.854949932755418,
0.927474966377709,0.986267621567034,1.),.UNSPECIFIED.);
#2201=B_SPLINE_CURVE_WITH_KNOTS('',3,(#9763,#9764,#9765,#9766,#9767,#9768),
 .UNSPECIFIED.,.F.,.F.,(4,1,1,4),(0.,0.333333333333333,0.666666666666667,
1.),.UNSPECIFIED.);
#2202=B_SPLINE_CURVE_WITH_KNOTS('',3,(#9770,#9771,#9772,#9773,#9774,#9775),
 .UNSPECIFIED.,.F.,.F.,(4,1,1,4),(0.,0.333333333333333,0.666666666666667,
1.),.UNSPECIFIED.);
#2203=B_SPLINE_CURVE_WITH_KNOTS('',3,(#9816,#9817,#9818,#9819,#9820,#9821),
 .UNSPECIFIED.,.F.,.F.,(4,1,1,4),(0.,0.333333333333333,0.666666666666667,
1.),.UNSPECIFIED.);
#2204=B_SPLINE_CURVE_WITH_KNOTS('',3,(#9862,#9863,#9864,#9865,#9866,#9867),
 .UNSPECIFIED.,.F.,.F.,(4,1,1,4),(0.,0.333333333333333,0.666666666666667,
1.),.UNSPECIFIED.);
#2205=B_SPLINE_CURVE_WITH_KNOTS('',3,(#9869,#9870,#9871,#9872,#9873,#9874,
#9875,#9876,#9877,#9878,#9879,#9880,#9881,#9882,#9883,#9884,#9885,#9886,
#9887,#9888,#9889,#9890),.UNSPECIFIED.,.F.,.F.,(4,3,3,3,3,3,3,4),(0.50000000000002,
0.602587666032038,0.6955340661386,0.77165054960395,0.854949932754003,0.927474966377002,
0.986267621565721,1.),.UNSPECIFIED.);
#2206=B_SPLINE_CURVE_WITH_KNOTS('',3,(#9929,#9930,#9931,#9932,#9933,#9934),
 .UNSPECIFIED.,.F.,.F.,(4,1,1,4),(0.,0.333333333333333,0.666666666666667,
1.),.UNSPECIFIED.);
#2207=B_SPLINE_CURVE_WITH_KNOTS('',3,(#9937,#9938,#9939,#9940,#9941,#9942,
#9943,#9944,#9945,#9946,#9947,#9948,#9949,#9950,#9951,#9952,#9953,#9954,
#9955,#9956,#9957,#9958),.UNSPECIFIED.,.F.,.F.,(4,3,3,3,3,3,3,4),(0.,0.0550474659571145,
0.120409463982365,0.195493164858005,0.305688240707086,0.402844120353553,
0.487641604004406,0.50000000000002),.UNSPECIFIED.);
#2208=B_SPLINE_CURVE_WITH_KNOTS('',3,(#9996,#9997,#9998,#9999,#10000,#10001),
 .UNSPECIFIED.,.F.,.F.,(4,1,1,4),(0.,0.333333333333333,0.666666666666667,
1.),.UNSPECIFIED.);
#2209=B_SPLINE_CURVE_WITH_KNOTS('',3,(#10042,#10043,#10044,#10045,#10046,
#10047),.UNSPECIFIED.,.F.,.F.,(4,1,1,4),(0.,0.333333333333333,0.666666666666667,
1.),.UNSPECIFIED.);
#2210=B_SPLINE_CURVE_WITH_KNOTS('',3,(#10088,#10089,#10090,#10091,#10092,
#10093),.UNSPECIFIED.,.F.,.F.,(4,1,1,4),(0.,0.333333333333333,0.666666666666667,
1.),.UNSPECIFIED.);
#2211=B_SPLINE_CURVE_WITH_KNOTS('',3,(#10095,#10096,#10097,#10098,#10099,
#10100,#10101,#10102,#10103,#10104,#10105,#10106,#10107,#10108,#10109,#10110,
#10111,#10112,#10113,#10114,#10115,#10116),.UNSPECIFIED.,.F.,.F.,(4,3,3,
3,3,3,3,4),(0.499999999999941,0.602587666029521,0.695534066129192,0.771650549596894,
0.854949932745514,0.927474966372757,0.986267621562299,1.),.UNSPECIFIED.);
#2212=B_SPLINE_CURVE_WITH_KNOTS('',3,(#10156,#10157,#10158,#10159,#10160,
#10161),.UNSPECIFIED.,.F.,.F.,(4,1,1,4),(0.,0.333333333333333,0.666666666666667,
1.),.UNSPECIFIED.);
#2213=B_SPLINE_CURVE_WITH_KNOTS('',3,(#10163,#10164,#10165,#10166,#10167,
#10168),.UNSPECIFIED.,.F.,.F.,(4,1,1,4),(0.,0.333333333333333,0.666666666666667,
1.),.UNSPECIFIED.);
#2214=B_SPLINE_CURVE_WITH_KNOTS('',3,(#10209,#10210,#10211,#10212,#10213,
#10214),.UNSPECIFIED.,.F.,.F.,(4,1,1,4),(0.,0.333333333333333,0.666666666666667,
1.),.UNSPECIFIED.);
#2215=B_SPLINE_CURVE_WITH_KNOTS('',3,(#10255,#10256,#10257,#10258,#10259,
#10260),.UNSPECIFIED.,.F.,.F.,(4,1,1,4),(0.,0.333333333333333,0.666666666666667,
1.),.UNSPECIFIED.);
#2216=B_SPLINE_CURVE_WITH_KNOTS('',3,(#10262,#10263,#10264,#10265,#10266,
#10267,#10268,#10269,#10270,#10271,#10272,#10273,#10274,#10275,#10276,#10277,
#10278,#10279,#10280,#10281,#10282,#10283),.UNSPECIFIED.,.F.,.F.,(4,3,3,
3,3,3,3,4),(0.50000000000002,0.602587666030468,0.695534066136922,0.771650549602691,
0.854949932752319,0.92747496637616,0.986267621565038,1.),.UNSPECIFIED.);
#2217=B_SPLINE_CURVE_WITH_KNOTS('',3,(#10322,#10323,#10324,#10325,#10326,
#10327),.UNSPECIFIED.,.F.,.F.,(4,1,1,4),(0.,0.333333333333333,0.666666666666667,
1.),.UNSPECIFIED.);
#2218=B_SPLINE_CURVE_WITH_KNOTS('',3,(#10330,#10331,#10332,#10333,#10334,
#10335,#10336,#10337,#10338,#10339,#10340,#10341,#10342,#10343,#10344,#10345,
#10346,#10347,#10348,#10349,#10350,#10351),.UNSPECIFIED.,.F.,.F.,(4,3,3,
3,3,3,3,4),(0.,0.0550474659570345,0.12040946398227,0.195493164857384,0.30568824070814,
0.40284412035408,0.487641604059962,0.50000000000002),.UNSPECIFIED.);
#2219=B_SPLINE_CURVE_WITH_KNOTS('',3,(#10389,#10390,#10391,#10392,#10393,
#10394),.UNSPECIFIED.,.F.,.F.,(4,1,1,4),(0.,0.333333333333333,0.666666666666667,
1.),.UNSPECIFIED.);
#2220=B_SPLINE_CURVE_WITH_KNOTS('',3,(#10435,#10436,#10437,#10438,#10439,
#10440),.UNSPECIFIED.,.F.,.F.,(4,1,1,4),(0.,0.333333333333333,0.666666666666667,
1.),.UNSPECIFIED.);
#2221=B_SPLINE_CURVE_WITH_KNOTS('',3,(#10481,#10482,#10483,#10484,#10485,
#10486),.UNSPECIFIED.,.F.,.F.,(4,1,1,4),(0.,0.333333333333333,0.666666666666667,
1.),.UNSPECIFIED.);
#2222=B_SPLINE_CURVE_WITH_KNOTS('',3,(#10488,#10489,#10490,#10491,#10492,
#10493,#10494,#10495,#10496,#10497,#10498,#10499,#10500,#10501,#10502,#10503,
#10504,#10505,#10506,#10507,#10508,#10509),.UNSPECIFIED.,.F.,.F.,(4,3,3,
3,3,3,3,4),(0.499999999999944,0.602587666034379,0.695534066120395,0.771650549590296,
0.854949932738699,0.92747496636935,0.986267621558116,1.),.UNSPECIFIED.);
#2223=B_SPLINE_CURVE_WITH_KNOTS('',3,(#10549,#10550,#10551,#10552,#10553,
#10554,#10555,#10556,#10557,#10558,#10559,#10560,#10561,#10562,#10563,#10564,
#10565,#10566,#10567,#10568,#10569,#10570),.UNSPECIFIED.,.F.,.F.,(4,3,3,
3,3,3,3,4),(0.,0.0550474659511926,0.120409463972948,0.195493164851931,0.305688240759762,
0.402844120379853,0.487641604089415,0.499999999999944),.UNSPECIFIED.);
#2224=B_SPLINE_CURVE_WITH_KNOTS('',3,(#10609,#10610,#10611,#10612,#10613,
#10614,#10615,#10616,#10617,#10618,#10619,#10620,#10621,#10622,#10623,#10624,
#10625,#10626,#10627,#10628,#10629,#10630),.UNSPECIFIED.,.F.,.F.,(4,3,3,
3,3,3,3,4),(0.,0.0550474659580206,0.120409463983418,0.19549316486033,0.305688240703219,
0.40284412035158,0.487641604047263,0.499999999999941),.UNSPECIFIED.);
#2225=B_SPLINE_CURVE_WITH_KNOTS('',3,(#10672,#10673,#10674,#10675,#10676,
#10677,#10678,#10679,#10680,#10681,#10682,#10683,#10684,#10685,#10686,#10687,
#10688,#10689,#10690,#10691,#10692,#10693),.UNSPECIFIED.,.F.,.F.,(4,3,3,
3,3,3,3,4),(0.,0.0550474659580095,0.12040946398467,0.195493164858791,0.305688240712794,
0.402844120356377,0.487641604023399,0.49999999999996),.UNSPECIFIED.);
#2226=B_SPLINE_CURVE_WITH_KNOTS('',3,(#10738,#10739,#10740,#10741,#10742,
#10743,#10744,#10745,#10746,#10747,#10748,#10749,#10750,#10751,#10752,#10753,
#10754,#10755,#10756,#10757,#10758,#10759),.UNSPECIFIED.,.F.,.F.,(4,3,3,
3,3,3,3,4),(0.,0.0550474659571065,0.120409463982454,0.195493164857514,0.305688240707158,
0.402844120353622,0.487641604051744,0.500000000000086),.UNSPECIFIED.);
#2227=B_SPLINE_CURVE_WITH_KNOTS('',3,(#10818,#10819,#10820,#10821,#10822,
#10823),.UNSPECIFIED.,.F.,.F.,(4,2,4),(0.,0.058781409566454,0.097013022847789),
 .UNSPECIFIED.);
#2228=B_SPLINE_CURVE_WITH_KNOTS('',3,(#10828,#10829,#10830,#10831),
 .UNSPECIFIED.,.F.,.F.,(4,4),(0.252766120019255,0.288777757942646),
 .UNSPECIFIED.);
#2229=B_SPLINE_CURVE_WITH_KNOTS('',3,(#10833,#10834,#10835,#10836,#10837,
#10838),.UNSPECIFIED.,.F.,.F.,(4,2,4),(0.,0.0587814095664543,0.0610013849242447),
 .UNSPECIFIED.);
#2230=B_SPLINE_CURVE_WITH_KNOTS('',3,(#10849,#10850,#10851,#10852,#10853,
#10854,#10855),.UNSPECIFIED.,.F.,.F.,(4,1,1,1,4),(1.84442305103641E-15,
0.0357281651826787,0.0714563303653555,0.0893204129566939,0.103520569664864),
 .UNSPECIFIED.);
#2231=B_SPLINE_CURVE_WITH_KNOTS('',3,(#10869,#10870,#10871,#10872,#10873,
#10874),.UNSPECIFIED.,.F.,.F.,(4,2,4),(0.252766120019254,0.290997733300589,
0.349779142867043),.UNSPECIFIED.);
#2232=B_SPLINE_CURVE_WITH_KNOTS('',3,(#10948,#10949,#10950,#10951,#10952,
#10953,#10954,#10955,#10956,#10957,#10958,#10959,#10960,#10961,#10962,#10963),
 .UNSPECIFIED.,.F.,.F.,(4,2,2,2,2,2,2,4),(-0.00116026758393177,0.,0.0136038944042347,
0.0456461899182621,0.0870674488582524,0.15029053345954,0.2156294906441,
0.265850932190388),.UNSPECIFIED.);
#2233=B_SPLINE_CURVE_WITH_KNOTS('',3,(#10965,#10966,#10967,#10968,#10969,
#10970,#10971,#10972),.UNSPECIFIED.,.F.,.F.,(4,1,1,1,1,4),(0.14657806946216,
0.1786368236479,0.19650050601269,0.21436418837748,0.223296029559875,0.25009155310706),
 .UNSPECIFIED.);
#2234=B_SPLINE_CURVE_WITH_KNOTS('',3,(#11021,#11022,#11023,#11024),
 .UNSPECIFIED.,.F.,.F.,(4,4),(0.252766120019254,0.288777757942645),
 .UNSPECIFIED.);
#2235=B_SPLINE_CURVE_WITH_KNOTS('',3,(#11026,#11027,#11028,#11029,#11030,
#11031),.UNSPECIFIED.,.F.,.F.,(4,2,4),(0.,0.0587814095664536,0.061001384924245),
 .UNSPECIFIED.);
#2236=B_SPLINE_CURVE_WITH_KNOTS('',3,(#11090,#11091,#11092,#11093,#11094,
#11095,#11096,#11097,#11098,#11099,#11100,#11101,#11102,#11103,#11104,#11105),
 .UNSPECIFIED.,.F.,.F.,(4,2,2,2,2,2,2,4),(0.,0.0307811279238728,0.0708271195370302,
0.109576002380463,0.134963276645948,0.154570430563007,0.162878748556062,
0.163588027238011),.UNSPECIFIED.);
#2237=B_SPLINE_CURVE_WITH_KNOTS('',3,(#11106,#11107,#11108,#11109,#11110),
 .UNSPECIFIED.,.F.,.F.,(4,1,4),(-0.200287959408219,-0.142912660730709,-0.12545081364603),
 .UNSPECIFIED.);
#2238=B_SPLINE_CURVE_WITH_KNOTS('',3,(#11125,#11126,#11127,#11128,#11129,
#11130),.UNSPECIFIED.,.F.,.F.,(4,2,4),(0.,0.0587814095664538,0.0970130228477889),
 .UNSPECIFIED.);
#2239=B_SPLINE_CURVE_WITH_KNOTS('',3,(#11148,#11149,#11150,#11151,#11152,
#11153),.UNSPECIFIED.,.F.,.F.,(4,2,4),(0.252766120019254,0.29099773330059,
0.349779142867043),.UNSPECIFIED.);
#2240=B_SPLINE_CURVE_WITH_KNOTS('',3,(#11222,#11223,#11224,#11225,#11226,
#11227,#11228,#11229,#11230,#11231,#11232,#11233,#11234,#11235,#11236,#11237),
 .UNSPECIFIED.,.F.,.F.,(4,2,2,2,2,2,2,4),(-0.00116015147290928,0.,0.0136097569751103,
0.0456372796071262,0.0870252465125734,0.150194642039541,0.215478093098648,
0.265656487146612),.UNSPECIFIED.);
#2241=B_SPLINE_CURVE_WITH_KNOTS('',3,(#11239,#11240,#11241,#11242,#11243,
#11244,#11245),.UNSPECIFIED.,.F.,.F.,(4,1,1,1,4),(0.146574593707482,0.178632912595331,
0.214359495114397,0.223291140744164,0.250086077633464),.UNSPECIFIED.);
#2242=B_SPLINE_CURVE_WITH_KNOTS('',3,(#11247,#11248,#11249,#11250,#11251,
#11252),.UNSPECIFIED.,.F.,.F.,(4,1,1,4),(-0.200000121447135,-0.178632912595331,
-0.142906330076265,-0.125042177049745),.UNSPECIFIED.);
#2243=B_SPLINE_CURVE_WITH_KNOTS('',3,(#11356,#11357,#11358,#11359,#11360,
#11361,#11362,#11363,#11364,#11365,#11366,#11367,#11368,#11369,#11370,#11371),
 .UNSPECIFIED.,.F.,.F.,(4,2,2,2,2,2,2,4),(0.,0.0307811279240266,0.0708271195376849,
0.10957600231491,0.13496327583438,0.154570437123572,0.162878760617905,0.163588039633785),
 .UNSPECIFIED.);
#2244=B_SPLINE_CURVE_WITH_KNOTS('',3,(#11372,#11373,#11374,#11375,#11376,
#11377),.UNSPECIFIED.,.F.,.F.,(4,1,1,4),(-0.200009643310755,-0.178640825913384,
-0.142912660730708,-0.125050047110739),.UNSPECIFIED.);
#2245=B_SPLINE_CURVE_WITH_KNOTS('',3,(#11380,#11381,#11382,#11383,#11384,
#11385,#11386),.UNSPECIFIED.,.F.,.F.,(4,1,1,1,4),(1.60667919872328E-15,
0.026796123887009,0.0357281651826782,0.0714563303653547,0.103520569664863),
 .UNSPECIFIED.);
#2246=B_SPLINE_CURVE_WITH_KNOTS('',3,(#11403,#11404,#11405,#11406,#11407,
#11408),.UNSPECIFIED.,.F.,.F.,(4,2,4),(0.,0.0587814095664536,0.097013022847789),
 .UNSPECIFIED.);
#2247=B_SPLINE_CURVE_WITH_KNOTS('',3,(#11426,#11427,#11428,#11429,#11430,
#11431),.UNSPECIFIED.,.F.,.F.,(4,2,4),(0.252766120019255,0.29099773330059,
0.349779142867044),.UNSPECIFIED.);
#2248=B_SPLINE_CURVE_WITH_KNOTS('',3,(#11436,#11437,#11438,#11439),
 .UNSPECIFIED.,.F.,.F.,(4,4),(0.0610013849243989,0.0970130228477889),
 .UNSPECIFIED.);
#2249=B_SPLINE_CURVE_WITH_KNOTS('',3,(#11446,#11447,#11448,#11449,#11450,
#11451),.UNSPECIFIED.,.F.,.F.,(4,2,4),(0.288777757942799,0.29099773330059,
0.349779142867044),.UNSPECIFIED.);
#2250=B_SPLINE_CURVE_WITH_KNOTS('',3,(#11457,#11458,#11459,#11460),
 .UNSPECIFIED.,.F.,.F.,(4,4),(0.0610013849243975,0.097013022847789),
 .UNSPECIFIED.);
#2251=B_SPLINE_CURVE_WITH_KNOTS('',3,(#11465,#11466,#11467,#11468,#11469,
#11470),.UNSPECIFIED.,.F.,.F.,(4,2,4),(0.288777757942799,0.29099773330059,
0.349779142867044),.UNSPECIFIED.);
#2252=B_SPLINE_CURVE_WITH_KNOTS('',3,(#11541,#11542,#11543,#11544),
 .UNSPECIFIED.,.F.,.F.,(4,4),(0.252407623058081,0.288419260981472),
 .UNSPECIFIED.);
#2253=B_SPLINE_CURVE_WITH_KNOTS('',3,(#11546,#11547,#11548,#11549,#11550,
#11551),.UNSPECIFIED.,.F.,.F.,(4,2,4),(0.,0.0587814095664543,0.0610013849242449),
 .UNSPECIFIED.);
#2254=B_SPLINE_CURVE_WITH_KNOTS('',3,(#11560,#11561,#11562,#11563,#11564,
#11565),.UNSPECIFIED.,.F.,.F.,(4,2,4),(0.0608348580039839,0.0756949915349031,
0.0966545258866152),.UNSPECIFIED.);
#2255=B_SPLINE_CURVE_WITH_KNOTS('',3,(#11572,#11573,#11574,#11575,#11576,
#11577),.UNSPECIFIED.,.F.,.F.,(4,2,4),(0.288585787902003,0.298433284190742,
0.34942064590587),.UNSPECIFIED.);
#2256=B_SPLINE_CURVE_WITH_KNOTS('',3,(#11601,#11602,#11603,#11604),
 .UNSPECIFIED.,.F.,.F.,(4,4),(0.0610013849243986,0.0970130228477889),
 .UNSPECIFIED.);
#2257=B_SPLINE_CURVE_WITH_KNOTS('',3,(#11606,#11607,#11608,#11609,#11610,
#11611),.UNSPECIFIED.,.F.,.F.,(4,2,4),(0.288777757942799,0.29099773330059,
0.349779142867044),.UNSPECIFIED.);
#2258=B_SPLINE_CURVE_WITH_KNOTS('',3,(#11677,#11678,#11679,#11680),
 .UNSPECIFIED.,.F.,.F.,(4,4),(0.252407623058081,0.288419260981471),
 .UNSPECIFIED.);
#2259=B_SPLINE_CURVE_WITH_KNOTS('',3,(#11682,#11683,#11684,#11685,#11686,
#11687),.UNSPECIFIED.,.F.,.F.,(4,2,4),(0.,0.0587814095664546,0.0610013849242451),
 .UNSPECIFIED.);
#2260=B_SPLINE_CURVE_WITH_KNOTS('',3,(#11696,#11697,#11698,#11699,#11700,
#11701),.UNSPECIFIED.,.F.,.F.,(4,2,4),(0.0608348580039834,0.0756949915349027,
0.0966545258866152),.UNSPECIFIED.);
#2261=B_SPLINE_CURVE_WITH_KNOTS('',3,(#11708,#11709,#11710,#11711,#11712,
#11713),.UNSPECIFIED.,.F.,.F.,(4,2,4),(0.288585787902003,0.298433284190743,
0.34942064590587),.UNSPECIFIED.);
#2262=B_SPLINE_CURVE_WITH_KNOTS('',3,(#11737,#11738,#11739,#11740),
 .UNSPECIFIED.,.F.,.F.,(4,4),(0.252766120019255,0.288777757942647),
 .UNSPECIFIED.);
#2263=B_SPLINE_CURVE_WITH_KNOTS('',3,(#11741,#11742,#11743,#11744,#11745,
#11746),.UNSPECIFIED.,.F.,.F.,(4,2,4),(0.,0.0587814095664543,0.0610013849242445),
 .UNSPECIFIED.);
#2264=B_SPLINE_CURVE_WITH_KNOTS('',3,(#11845,#11846,#11847,#11848,#11849,
#11850,#11851),.UNSPECIFIED.,.F.,.F.,(4,3,4),(0.125013187283815,0.181834655050916,
0.201367561561011),.UNSPECIFIED.);
#2265=B_SPLINE_CURVE_WITH_KNOTS('',3,(#11853,#11854,#11855,#11856,#11857,
#11858,#11859,#11860,#11861,#11862,#11863,#11864,#11865,#11866,#11867,#11868,
#11869,#11870),.UNSPECIFIED.,.F.,.F.,(4,2,2,2,2,2,2,2,4),(0.15280522971335,
0.156187324403557,0.1824447492806,0.208702174157643,0.234717759666785,0.260733345175927,
0.286748930685069,0.312764516194211,0.32163040559688),.UNSPECIFIED.);
#2266=B_SPLINE_CURVE_WITH_KNOTS('',3,(#11913,#11914,#11915,#11916,#11917,
#11918,#11919,#11920,#11921,#11922),.UNSPECIFIED.,.F.,.F.,(4,2,2,2,4),(0.649943836226396,
0.653150179397566,0.697528900589736,0.741907621781906,0.767609783016022),
 .UNSPECIFIED.);
#2267=B_SPLINE_CURVE_WITH_KNOTS('',3,(#11924,#11925,#11926,#11927),
 .UNSPECIFIED.,.F.,.F.,(4,4),(-0.155475318352305,-0.125013187283813),
 .UNSPECIFIED.);
#2268=B_SPLINE_CURVE_WITH_KNOTS('',3,(#11931,#11932,#11933,#11934,#11935,
#11936,#11937),.UNSPECIFIED.,.F.,.F.,(4,3,4),(0.125013187283809,0.181834655050914,
0.201367561561009),.UNSPECIFIED.);
#2269=B_SPLINE_CURVE_WITH_KNOTS('',3,(#11939,#11940,#11941,#11942,#11943,
#11944,#11945,#11946,#11947,#11948,#11949,#11950,#11951,#11952,#11953,#11954,
#11955,#11956),.UNSPECIFIED.,.F.,.F.,(4,2,2,2,2,2,2,2,4),(0.152805229713351,
0.156187324403557,0.1824447492806,0.208702174157644,0.234717759666786,0.260733345175928,
0.28674893068507,0.312764516194212,0.32163040559688),.UNSPECIFIED.);
#2270=B_SPLINE_CURVE_WITH_KNOTS('',3,(#11990,#11991,#11992,#11993,#11994,
#11995,#11996,#11997,#11998,#11999),.UNSPECIFIED.,.F.,.F.,(4,3,3,4),(0.0302625337959974,
0.0384477630536346,0.112493396200464,0.113620264749767),.UNSPECIFIED.);
#2271=B_SPLINE_CURVE_WITH_KNOTS('',3,(#12003,#12004,#12005,#12006,#12007,
#12008,#12009,#12010,#12011,#12012),.UNSPECIFIED.,.F.,.F.,(4,3,3,4),(-0.113620264749767,
-0.112493396200464,-0.0384477630536346,-0.0302625337959974),
 .UNSPECIFIED.);
#2272=B_SPLINE_CURVE_WITH_KNOTS('',3,(#12049,#12050,#12051,#12052,#12053,
#12054),.UNSPECIFIED.,.F.,.F.,(4,1,1,4),(-0.365345841428873,-0.285865775936319,
-0.175149343368759,-0.040135777789716),.UNSPECIFIED.);
#2273=B_SPLINE_CURVE_WITH_KNOTS('',3,(#12057,#12058,#12059,#12060,#12061,
#12062,#12063,#12064,#12065,#12066,#12067,#12068,#12069,#12070,#12071,#12072,
#12073,#12074,#12075,#12076,#12077,#12078),.UNSPECIFIED.,.F.,.F.,(4,3,3,
3,3,3,3,4),(-0.365387879179808,-0.319780559166307,-0.260578607011058,-0.223577386914028,
-0.18639257208608,-0.126896868361364,-0.049552453519234,-0.0400596458867629),
 .UNSPECIFIED.);
#2274=B_SPLINE_CURVE_WITH_KNOTS('',3,(#12096,#12097,#12098,#12099,#12100,
#12101,#12102,#12103,#12104,#12105),.UNSPECIFIED.,.F.,.F.,(4,3,3,4),(-0.00092685749492134,
0.,0.0593562488431672,0.0904145611311691),.UNSPECIFIED.);
#2275=B_SPLINE_CURVE_WITH_KNOTS('',3,(#12108,#12109,#12110,#12111,#12112,
#12113,#12114,#12115,#12116,#12117),.UNSPECIFIED.,.F.,.F.,(4,3,3,4),(-0.0904145611311691,
-0.0593562488431672,0.,0.00092685749492134),.UNSPECIFIED.);
#2276=B_SPLINE_CURVE_WITH_KNOTS('',3,(#12160,#12161,#12162,#12163,#12164,
#12165,#12166,#12167,#12168,#12169),.UNSPECIFIED.,.F.,.F.,(4,3,3,4),(0.0304012702125008,
0.0384433969237226,0.1124742628399,0.113600907890075),.UNSPECIFIED.);
#2277=B_SPLINE_CURVE_WITH_KNOTS('',3,(#12173,#12174,#12175,#12176,#12177,
#12178,#12179,#12180,#12181,#12182),.UNSPECIFIED.,.F.,.F.,(4,3,3,4),(-0.113600907890075,
-0.1124742628399,-0.0384433969237226,-0.0304012702125008),.UNSPECIFIED.);
#2278=B_SPLINE_CURVE_WITH_KNOTS('',3,(#12219,#12220,#12221,#12222,#12223,
#12224),.UNSPECIFIED.,.F.,.F.,(4,1,1,4),(-0.365392294663984,-0.285903528847854,
-0.175187803919226,-0.0401820579667545),.UNSPECIFIED.);
#2279=B_SPLINE_CURVE_WITH_KNOTS('',3,(#12227,#12228,#12229,#12230,#12231,
#12232,#12233,#12234,#12235,#12236,#12237,#12238,#12239,#12240,#12241,#12242,
#12243,#12244,#12245,#12246,#12247,#12248),.UNSPECIFIED.,.F.,.F.,(4,3,3,
3,3,3,3,4),(-0.365434974778994,-0.319811060924856,-0.260614637078318,-0.223616872174231,
-0.18642915415233,-0.126928805317288,-0.0495783518317326,-0.0401056811659988),
 .UNSPECIFIED.);
#2280=B_SPLINE_CURVE_WITH_KNOTS('',3,(#12266,#12267,#12268,#12269,#12270,
#12271,#12272,#12273,#12274,#12275),.UNSPECIFIED.,.F.,.F.,(4,3,3,4),(-0.000926858788213213,
0.,0.0593503494637,0.0904041104335683),.UNSPECIFIED.);
#2281=B_SPLINE_CURVE_WITH_KNOTS('',3,(#12278,#12279,#12280,#12281,#12282,
#12283,#12284,#12285,#12286,#12287),.UNSPECIFIED.,.F.,.F.,(4,3,3,4),(-0.0904041104335683,
-0.0593503494637,0.,0.000926858788213213),.UNSPECIFIED.);
#2282=B_SPLINE_CURVE_WITH_KNOTS('',3,(#12318,#12319,#12320,#12321,#12322,
#12323,#12324,#12325,#12326,#12327),.UNSPECIFIED.,.F.,.F.,(4,2,2,2,4),(0.649943836226396,
0.653150179397566,0.697528900589736,0.741907621781906,0.767609783016022),
 .UNSPECIFIED.);
#2283=B_SPLINE_CURVE_WITH_KNOTS('',3,(#12336,#12337,#12338,#12339,#12340,
#12341),.UNSPECIFIED.,.F.,.F.,(4,2,4),(0.125013187283809,0.181834655050914,
0.201367561561009),.UNSPECIFIED.);
#2284=B_SPLINE_CURVE_WITH_KNOTS('',3,(#12345,#12346,#12347,#12348),
 .UNSPECIFIED.,.F.,.F.,(4,4),(-0.155475318352305,-0.125013187283813),
 .UNSPECIFIED.);
#2285=B_SPLINE_CURVE_WITH_KNOTS('',3,(#12363,#12364,#12365,#12366,#12367,
#12368),.UNSPECIFIED.,.F.,.F.,(4,2,4),(0.125013187283815,0.181834655050916,
0.201367561561011),.UNSPECIFIED.);
#2286=B_SPLINE_CURVE_WITH_KNOTS('',3,(#12411,#12412,#12413,#12414,#12415,
#12416),.UNSPECIFIED.,.F.,.F.,(4,2,4),(0.15280522971335,0.156187324403557,
0.156476757775287),.UNSPECIFIED.);
#2287=B_SPLINE_CURVE_WITH_KNOTS('',3,(#12464,#12465,#12466,#12467,#12468,
#12469,#12470,#12471,#12472,#12473,#12474,#12475,#12476,#12477,#12478,#12479,
#12480,#12481),.UNSPECIFIED.,.F.,.F.,(4,2,2,2,2,2,2,2,4),(0.15280522971335,
0.156187324403557,0.1824447492806,0.208702174157643,0.234717759666785,0.260733345175927,
0.286748930685069,0.312764516194211,0.32163040559688),.UNSPECIFIED.);
#2288=B_SPLINE_CURVE_WITH_KNOTS('',3,(#12491,#12492,#12493,#12494,#12495,
#12496,#12497,#12498),.UNSPECIFIED.,.F.,.F.,(4,2,2,4),(0.509862424470118,
0.511664878373457,0.54345089824327,0.572538192428814),.UNSPECIFIED.);
#2289=B_SPLINE_CURVE_WITH_KNOTS('',3,(#12501,#12502,#12503,#12504,#12505,
#12506),.UNSPECIFIED.,.F.,.F.,(4,2,4),(0.,0.00830778008082515,0.025415431260164),
 .UNSPECIFIED.);
#2290=B_SPLINE_CURVE_WITH_KNOTS('',3,(#12508,#12509,#12510,#12511),
 .UNSPECIFIED.,.F.,.F.,(4,4),(0.162509462909403,0.201846550278036),
 .UNSPECIFIED.);
#2291=B_SPLINE_CURVE_WITH_KNOTS('',3,(#12512,#12513,#12514,#12515,#12516,
#12517,#12518,#12519,#12520,#12521),.UNSPECIFIED.,.F.,.F.,(4,2,2,2,4),(0.0764559263914116,
0.0897743868977268,0.109507393029735,0.129240399161743,0.157712039833442),
 .UNSPECIFIED.);
#2292=B_SPLINE_CURVE_WITH_KNOTS('',3,(#12530,#12531,#12532,#12533,#12534,
#12535),.UNSPECIFIED.,.F.,.F.,(4,2,4),(0.,0.319454923844535,0.322469703283028),
 .UNSPECIFIED.);
#2293=B_SPLINE_CURVE_WITH_KNOTS('',3,(#12537,#12538,#12539,#12540,#12541,
#12542,#12543,#12544,#12545,#12546,#12547,#12548,#12549,#12550,#12551,#12552),
 .UNSPECIFIED.,.F.,.F.,(4,3,3,3,3,4),(-0.000664992948665438,0.,0.0117489346723114,
0.0172962446018737,0.0283222060267966,0.0391505954836314),.UNSPECIFIED.);
#2294=B_SPLINE_CURVE_WITH_KNOTS('',3,(#12603,#12604,#12605,#12606,#12607,
#12608),.UNSPECIFIED.,.F.,.F.,(4,2,4),(0.152805229713351,0.156187324403557,
0.156476757775288),.UNSPECIFIED.);
#2295=B_SPLINE_CURVE_WITH_KNOTS('',3,(#12694,#12695,#12696,#12697,#12698,
#12699,#12700,#12701,#12702,#12703,#12704,#12705,#12706,#12707,#12708,#12709,
#12710,#12711),.UNSPECIFIED.,.F.,.F.,(4,2,2,2,2,2,2,2,4),(0.152805229713351,
0.156187324403557,0.1824447492806,0.208702174157644,0.234717759666786,0.260733345175928,
0.28674893068507,0.312764516194212,0.32163040559688),.UNSPECIFIED.);
#2296=B_SPLINE_CURVE_WITH_KNOTS('',3,(#12719,#12720,#12721,#12722,#12723,
#12724,#12725,#12726),.UNSPECIFIED.,.F.,.F.,(4,2,2,4),(0.0476005984631846,
0.0609237388718142,0.0810868388017282,0.101249938731642),.UNSPECIFIED.);
#2297=B_SPLINE_CURVE_WITH_KNOTS('',3,(#12729,#12730,#12731,#12732,#12733,
#12734),.UNSPECIFIED.,.F.,.F.,(4,2,4),(0.,0.00830975956003012,0.0255213748958467),
 .UNSPECIFIED.);
#2298=B_SPLINE_CURVE_WITH_KNOTS('',3,(#12741,#12742,#12743,#12744,#12745,
#12746),.UNSPECIFIED.,.F.,.F.,(4,2,4),(0.,0.321315868889356,0.324329751715468),
 .UNSPECIFIED.);
#2299=B_SPLINE_CURVE_WITH_KNOTS('',3,(#12748,#12749,#12750,#12751,#12752,
#12753,#12754,#12755,#12756,#12757,#12758,#12759,#12760,#12761,#12762,#12763),
 .UNSPECIFIED.,.F.,.F.,(4,3,3,3,3,4),(-0.000663894305181735,0.,0.0117521008052471,
0.0173566414666469,0.0283794697619902,0.0392099555772997),.UNSPECIFIED.);
#2300=B_SPLINE_CURVE_WITH_KNOTS('',3,(#12774,#12775,#12776,#12777,#12778,
#12779,#12780,#12781),.UNSPECIFIED.,.F.,.F.,(4,2,2,4),(0.305580891064827,
0.329510045365709,0.35343919966659,0.359285291373743),.UNSPECIFIED.);
#2301=B_SPLINE_CURVE_WITH_KNOTS('',3,(#12889,#12890,#12891,#12892),
 .UNSPECIFIED.,.F.,.F.,(4,4),(-0.00971409938997338,0.),.UNSPECIFIED.);
#2302=B_SPLINE_CURVE_WITH_KNOTS('',3,(#12894,#12895,#12896,#12897,#12898),
 .UNSPECIFIED.,.F.,.F.,(4,1,4),(-0.563021421284116,-0.293358366751218,-0.0911110758515443),
 .UNSPECIFIED.);
#2303=B_SPLINE_CURVE_WITH_KNOTS('',3,(#12900,#12901,#12902,#12903),
 .UNSPECIFIED.,.F.,.F.,(4,4),(-0.00971778520696938,-2.70912724269314E-15),
 .UNSPECIFIED.);
#2304=B_SPLINE_CURVE_WITH_KNOTS('',3,(#12919,#12920,#12921,#12922),
 .UNSPECIFIED.,.F.,.F.,(4,4),(-0.00971359185239387,0.),.UNSPECIFIED.);
#2305=B_SPLINE_CURVE_WITH_KNOTS('',3,(#12924,#12925,#12926,#12927,#12928),
 .UNSPECIFIED.,.F.,.F.,(4,1,4),(-0.474309550294596,-0.204639812852847,-0.00238750977153598),
 .UNSPECIFIED.);
#2306=B_SPLINE_CURVE_WITH_KNOTS('',3,(#12930,#12931,#12932,#12933),
 .UNSPECIFIED.,.F.,.F.,(4,4),(-0.00971865313908767,-5.72792018371292E-16),
 .UNSPECIFIED.);
#2307=B_SPLINE_CURVE_WITH_KNOTS('',3,(#13377,#13378,#13379,#13380),
 .UNSPECIFIED.,.F.,.F.,(4,4),(5.72792018371292E-16,0.00971865313908767),
 .UNSPECIFIED.);
#2308=B_SPLINE_CURVE_WITH_KNOTS('',3,(#13411,#13412,#13413,#13414),
 .UNSPECIFIED.,.F.,.F.,(4,4),(0.,0.00971359185239387),.UNSPECIFIED.);
#2309=B_SPLINE_CURVE_WITH_KNOTS('',3,(#13447,#13448,#13449,#13450,#13451),
 .UNSPECIFIED.,.F.,.F.,(4,1,4),(0.00238750977153598,0.204639812852847,0.474309550294596),
 .UNSPECIFIED.);
#2310=B_SPLINE_CURVE_WITH_KNOTS('',3,(#13500,#13501,#13502,#13503,#13504,
#13505,#13506,#13507),.UNSPECIFIED.,.F.,.F.,(4,2,2,4),(0.0841803238838787,
0.084234288009662,0.112822555251771,0.137970702118713),.UNSPECIFIED.);
#2311=B_SPLINE_CURVE_WITH_KNOTS('',3,(#13534,#13535,#13536,#13537,#13538,
#13539),.UNSPECIFIED.,.F.,.F.,(4,1,1,4),(0.0813892638510841,0.231204002173868,
0.431376718987644,0.781678973411753),.UNSPECIFIED.);
#2312=B_SPLINE_CURVE_WITH_KNOTS('',3,(#13542,#13543,#13544,#13545,#13546,
#13547),.UNSPECIFIED.,.F.,.F.,(4,1,1,4),(-0.781678973411753,-0.431376718987644,
-0.231204002173868,-0.0810744645635354),.UNSPECIFIED.);
#2313=B_SPLINE_CURVE_WITH_KNOTS('',3,(#13578,#13579,#13580,#13581,#13582,
#13583),.UNSPECIFIED.,.F.,.F.,(4,1,1,4),(-0.172719262014533,-0.123370901438952,
-0.0740225408633714,0.),.UNSPECIFIED.);
#2314=B_SPLINE_CURVE_WITH_KNOTS('',3,(#13584,#13585,#13586,#13587,#13588),
 .UNSPECIFIED.,.F.,.F.,(4,1,4),(0.,0.0740225408633714,0.0809373364272449),
 .UNSPECIFIED.);
#2315=B_SPLINE_CURVE_WITH_KNOTS('',3,(#13621,#13622,#13623,#13624,#13625,
#13626),.UNSPECIFIED.,.F.,.F.,(4,1,1,4),(-0.174154534628054,-0.124396096162895,
-0.0746376576977371,3.33066907387547E-16),.UNSPECIFIED.);
#2316=B_SPLINE_CURVE_WITH_KNOTS('',3,(#13627,#13628,#13629,#13630,#13631),
 .UNSPECIFIED.,.F.,.F.,(4,1,4),(0.0869270047996686,0.124396096162895,0.133610472587433),
 .UNSPECIFIED.);
#2317=B_SPLINE_CURVE_WITH_KNOTS('',3,(#13656,#13657,#13658,#13659,#13660,
#13661),.UNSPECIFIED.,.F.,.F.,(4,1,1,4),(0.314867552695304,0.34971218967237,
0.549547726628009,0.698986803685935),.UNSPECIFIED.);
#2318=B_SPLINE_CURVE_WITH_KNOTS('',3,(#13662,#13663,#13664,#13665,#13666,
#13667),.UNSPECIFIED.,.F.,.F.,(4,1,1,4),(-0.699424379344739,-0.549547726628009,
-0.34971218967237,0.),.UNSPECIFIED.);
#2319=B_SPLINE_CURVE_WITH_KNOTS('',3,(#13736,#13737,#13738,#13739),
 .UNSPECIFIED.,.F.,.F.,(4,4),(0.,0.00971409938997338),.UNSPECIFIED.);
#2320=B_SPLINE_CURVE_WITH_KNOTS('',3,(#13769,#13770,#13771,#13772),
 .UNSPECIFIED.,.F.,.F.,(4,4),(2.70912724269314E-15,0.00971778520696938),
 .UNSPECIFIED.);
#2321=B_SPLINE_CURVE_WITH_KNOTS('',3,(#13806,#13807,#13808,#13809,#13810,
#13811),.UNSPECIFIED.,.F.,.F.,(4,1,1,4),(-0.173959014910183,-0.124256439221558,
-0.0745538635329342,2.05391259555654E-15),.UNSPECIFIED.);
#2322=B_SPLINE_CURVE_WITH_KNOTS('',3,(#13812,#13813,#13814,#13815,#13816),
 .UNSPECIFIED.,.F.,.F.,(4,1,4),(0.086893971277068,0.124256439221558,0.133351449888678),
 .UNSPECIFIED.);
#2323=B_SPLINE_CURVE_WITH_KNOTS('',3,(#13841,#13842,#13843,#13844,#13845,
#13846),.UNSPECIFIED.,.F.,.F.,(4,1,1,4),(0.316589172506659,0.349789266895532,
0.499698952707903,0.699157654127051),.UNSPECIFIED.);
#2324=B_SPLINE_CURVE_WITH_KNOTS('',3,(#13847,#13848,#13849,#13850,#13851,
#13852),.UNSPECIFIED.,.F.,.F.,(4,1,1,4),(-0.699578533791064,-0.499698952707903,
-0.349789266895532,0.),.UNSPECIFIED.);
#2325=B_SPLINE_CURVE_WITH_KNOTS('',3,(#13927,#13928,#13929,#13930,#13931),
 .UNSPECIFIED.,.F.,.F.,(4,1,4),(0.0911110758515443,0.293358366751218,0.563021421284116),
 .UNSPECIFIED.);
#2326=B_SPLINE_CURVE_WITH_KNOTS('',3,(#13959,#13960,#13961,#13962,#13963,
#13964),.UNSPECIFIED.,.F.,.F.,(4,1,1,4),(0.0814509341800721,0.281244603543098,
0.431338455905297,0.781557444750427),.UNSPECIFIED.);
#2327=B_SPLINE_CURVE_WITH_KNOTS('',3,(#13967,#13968,#13969,#13970,#13971,
#13972),.UNSPECIFIED.,.F.,.F.,(4,1,1,4),(-0.781557444750427,-0.431338455905297,
-0.281244603543098,-0.081119467060167),.UNSPECIFIED.);
#2328=B_SPLINE_CURVE_WITH_KNOTS('',3,(#14003,#14004,#14005,#14006,#14007,
#14008),.UNSPECIFIED.,.F.,.F.,(4,1,1,4),(-0.17291385915069,-0.12350989939335,
-0.07410593963601,0.),.UNSPECIFIED.);
#2329=B_SPLINE_CURVE_WITH_KNOTS('',3,(#14009,#14010,#14011,#14012,#14013),
 .UNSPECIFIED.,.F.,.F.,(4,1,4),(0.,0.07410593963601,0.0811340396638937),
 .UNSPECIFIED.);
#2330=B_SPLINE_CURVE_WITH_KNOTS('',3,(#14046,#14047,#14048,#14049,#14050,
#14051),.UNSPECIFIED.,.F.,.F.,(4,1,1,4),(0.0185145862572873,0.175187803919226,
0.285903528847854,0.387325373001251),.UNSPECIFIED.);
#2331=B_SPLINE_CURVE_WITH_KNOTS('',3,(#14118,#14119,#14120,#14121,#14122,
#14123),.UNSPECIFIED.,.F.,.F.,(4,1,1,4),(0.0185238226300089,0.175149343368759,
0.285865775936319,0.387332313072083),.UNSPECIFIED.);
#2332=VERTEX_POINT('',#7943);
#2333=VERTEX_POINT('',#7944);
#2334=VERTEX_POINT('',#7952);
#2335=VERTEX_POINT('',#8005);
#2336=VERTEX_POINT('',#8012);
#2337=VERTEX_POINT('',#8056);
#2338=VERTEX_POINT('',#8063);
#2339=VERTEX_POINT('',#8102);
#2340=VERTEX_POINT('',#8109);
#2341=VERTEX_POINT('',#8148);
#2342=VERTEX_POINT('',#8155);
#2343=VERTEX_POINT('',#8199);
#2344=VERTEX_POINT('',#8200);
#2345=VERTEX_POINT('',#8208);
#2346=VERTEX_POINT('',#8262);
#2347=VERTEX_POINT('',#8269);
#2348=VERTEX_POINT('',#8312);
#2349=VERTEX_POINT('',#8319);
#2350=VERTEX_POINT('',#8358);
#2351=VERTEX_POINT('',#8365);
#2352=VERTEX_POINT('',#8404);
#2353=VERTEX_POINT('',#8411);
#2354=VERTEX_POINT('',#8455);
#2355=VERTEX_POINT('',#8456);
#2356=VERTEX_POINT('',#8464);
#2357=VERTEX_POINT('',#8517);
#2358=VERTEX_POINT('',#8524);
#2359=VERTEX_POINT('',#8568);
#2360=VERTEX_POINT('',#8575);
#2361=VERTEX_POINT('',#8614);
#2362=VERTEX_POINT('',#8621);
#2363=VERTEX_POINT('',#8660);
#2364=VERTEX_POINT('',#8667);
#2365=VERTEX_POINT('',#8711);
#2366=VERTEX_POINT('',#8712);
#2367=VERTEX_POINT('',#8719);
#2368=VERTEX_POINT('',#8730);
#2369=VERTEX_POINT('',#8774);
#2370=VERTEX_POINT('',#8825);
#2371=VERTEX_POINT('',#8878);
#2372=VERTEX_POINT('',#8885);
#2373=VERTEX_POINT('',#8929);
#2374=VERTEX_POINT('',#8936);
#2375=VERTEX_POINT('',#8975);
#2376=VERTEX_POINT('',#8976);
#2377=VERTEX_POINT('',#8983);
#2378=VERTEX_POINT('',#8990);
#2379=VERTEX_POINT('',#9029);
#2380=VERTEX_POINT('',#9036);
#2381=VERTEX_POINT('',#9075);
#2382=VERTEX_POINT('',#9082);
#2383=VERTEX_POINT('',#9142);
#2384=VERTEX_POINT('',#9149);
#2385=VERTEX_POINT('',#9209);
#2386=VERTEX_POINT('',#9216);
#2387=VERTEX_POINT('',#9255);
#2388=VERTEX_POINT('',#9262);
#2389=VERTEX_POINT('',#9301);
#2390=VERTEX_POINT('',#9308);
#2391=VERTEX_POINT('',#9368);
#2392=VERTEX_POINT('',#9369);
#2393=VERTEX_POINT('',#9376);
#2394=VERTEX_POINT('',#9383);
#2395=VERTEX_POINT('',#9422);
#2396=VERTEX_POINT('',#9429);
#2397=VERTEX_POINT('',#9468);
#2398=VERTEX_POINT('',#9475);
#2399=VERTEX_POINT('',#9535);
#2400=VERTEX_POINT('',#9542);
#2401=VERTEX_POINT('',#9602);
#2402=VERTEX_POINT('',#9609);
#2403=VERTEX_POINT('',#9648);
#2404=VERTEX_POINT('',#9655);
#2405=VERTEX_POINT('',#9694);
#2406=VERTEX_POINT('',#9701);
#2407=VERTEX_POINT('',#9761);
#2408=VERTEX_POINT('',#9762);
#2409=VERTEX_POINT('',#9769);
#2410=VERTEX_POINT('',#9776);
#2411=VERTEX_POINT('',#9815);
#2412=VERTEX_POINT('',#9822);
#2413=VERTEX_POINT('',#9861);
#2414=VERTEX_POINT('',#9868);
#2415=VERTEX_POINT('',#9928);
#2416=VERTEX_POINT('',#9935);
#2417=VERTEX_POINT('',#9995);
#2418=VERTEX_POINT('',#10002);
#2419=VERTEX_POINT('',#10041);
#2420=VERTEX_POINT('',#10048);
#2421=VERTEX_POINT('',#10087);
#2422=VERTEX_POINT('',#10094);
#2423=VERTEX_POINT('',#10154);
#2424=VERTEX_POINT('',#10155);
#2425=VERTEX_POINT('',#10162);
#2426=VERTEX_POINT('',#10169);
#2427=VERTEX_POINT('',#10208);
#2428=VERTEX_POINT('',#10215);
#2429=VERTEX_POINT('',#10254);
#2430=VERTEX_POINT('',#10261);
#2431=VERTEX_POINT('',#10321);
#2432=VERTEX_POINT('',#10328);
#2433=VERTEX_POINT('',#10388);
#2434=VERTEX_POINT('',#10395);
#2435=VERTEX_POINT('',#10434);
#2436=VERTEX_POINT('',#10441);
#2437=VERTEX_POINT('',#10480);
#2438=VERTEX_POINT('',#10487);
#2439=VERTEX_POINT('',#10547);
#2440=VERTEX_POINT('',#10607);
#2441=VERTEX_POINT('',#10670);
#2442=VERTEX_POINT('',#10736);
#2443=VERTEX_POINT('',#10780);
#2444=VERTEX_POINT('',#10781);
#2445=VERTEX_POINT('',#10783);
#2446=VERTEX_POINT('',#10785);
#2447=VERTEX_POINT('',#10789);
#2448=VERTEX_POINT('',#10790);
#2449=VERTEX_POINT('',#10792);
#2450=VERTEX_POINT('',#10794);
#2451=VERTEX_POINT('',#10796);
#2452=VERTEX_POINT('',#10798);
#2453=VERTEX_POINT('',#10800);
#2454=VERTEX_POINT('',#10802);
#2455=VERTEX_POINT('',#10806);
#2456=VERTEX_POINT('',#10807);
#2457=VERTEX_POINT('',#10809);
#2458=VERTEX_POINT('',#10811);
#2459=VERTEX_POINT('',#10815);
#2460=VERTEX_POINT('',#10817);
#2461=VERTEX_POINT('',#10826);
#2462=VERTEX_POINT('',#10827);
#2463=VERTEX_POINT('',#10832);
#2464=VERTEX_POINT('',#10839);
#2465=VERTEX_POINT('',#10841);
#2466=VERTEX_POINT('',#10845);
#2467=VERTEX_POINT('',#10847);
#2468=VERTEX_POINT('',#10857);
#2469=VERTEX_POINT('',#10858);
#2470=VERTEX_POINT('',#10860);
#2471=VERTEX_POINT('',#10862);
#2472=VERTEX_POINT('',#10866);
#2473=VERTEX_POINT('',#10868);
#2474=VERTEX_POINT('',#10877);
#2475=VERTEX_POINT('',#10879);
#2476=VERTEX_POINT('',#10947);
#2477=VERTEX_POINT('',#10964);
#2478=VERTEX_POINT('',#11010);
#2479=VERTEX_POINT('',#11014);
#2480=VERTEX_POINT('',#11016);
#2481=VERTEX_POINT('',#11020);
#2482=VERTEX_POINT('',#11025);
#2483=VERTEX_POINT('',#11032);
#2484=VERTEX_POINT('',#11113);
#2485=VERTEX_POINT('',#11114);
#2486=VERTEX_POINT('',#11116);
#2487=VERTEX_POINT('',#11118);
#2488=VERTEX_POINT('',#11122);
#2489=VERTEX_POINT('',#11124);
#2490=VERTEX_POINT('',#11136);
#2491=VERTEX_POINT('',#11137);
#2492=VERTEX_POINT('',#11139);
#2493=VERTEX_POINT('',#11141);
#2494=VERTEX_POINT('',#11145);
#2495=VERTEX_POINT('',#11147);
#2496=VERTEX_POINT('',#11156);
#2497=VERTEX_POINT('',#11158);
#2498=VERTEX_POINT('',#11221);
#2499=VERTEX_POINT('',#11238);
#2500=VERTEX_POINT('',#11290);
#2501=VERTEX_POINT('',#11292);
#2502=VERTEX_POINT('',#11355);
#2503=VERTEX_POINT('',#11378);
#2504=VERTEX_POINT('',#11391);
#2505=VERTEX_POINT('',#11392);
#2506=VERTEX_POINT('',#11394);
#2507=VERTEX_POINT('',#11396);
#2508=VERTEX_POINT('',#11400);
#2509=VERTEX_POINT('',#11402);
#2510=VERTEX_POINT('',#11414);
#2511=VERTEX_POINT('',#11415);
#2512=VERTEX_POINT('',#11417);
#2513=VERTEX_POINT('',#11419);
#2514=VERTEX_POINT('',#11423);
#2515=VERTEX_POINT('',#11425);
#2516=VERTEX_POINT('',#11434);
#2517=VERTEX_POINT('',#11435);
#2518=VERTEX_POINT('',#11440);
#2519=VERTEX_POINT('',#11442);
#2520=VERTEX_POINT('',#11444);
#2521=VERTEX_POINT('',#11456);
#2522=VERTEX_POINT('',#11461);
#2523=VERTEX_POINT('',#11463);
#2524=VERTEX_POINT('',#11480);
#2525=VERTEX_POINT('',#11482);
#2526=VERTEX_POINT('',#11484);
#2527=VERTEX_POINT('',#11489);
#2528=VERTEX_POINT('',#11491);
#2529=VERTEX_POINT('',#11499);
#2530=VERTEX_POINT('',#11501);
#2531=VERTEX_POINT('',#11503);
#2532=VERTEX_POINT('',#11505);
#2533=VERTEX_POINT('',#11511);
#2534=VERTEX_POINT('',#11515);
#2535=VERTEX_POINT('',#11518);
#2536=VERTEX_POINT('',#11520);
#2537=VERTEX_POINT('',#11522);
#2538=VERTEX_POINT('',#11525);
#2539=VERTEX_POINT('',#11531);
#2540=VERTEX_POINT('',#11533);
#2541=VERTEX_POINT('',#11535);
#2542=VERTEX_POINT('',#11539);
#2543=VERTEX_POINT('',#11540);
#2544=VERTEX_POINT('',#11545);
#2545=VERTEX_POINT('',#11552);
#2546=VERTEX_POINT('',#11554);
#2547=VERTEX_POINT('',#11558);
#2548=VERTEX_POINT('',#11559);
#2549=VERTEX_POINT('',#11566);
#2550=VERTEX_POINT('',#11568);
#2551=VERTEX_POINT('',#11570);
#2552=VERTEX_POINT('',#11586);
#2553=VERTEX_POINT('',#11589);
#2554=VERTEX_POINT('',#11591);
#2555=VERTEX_POINT('',#11593);
#2556=VERTEX_POINT('',#11596);
#2557=VERTEX_POINT('',#11600);
#2558=VERTEX_POINT('',#11613);
#2559=VERTEX_POINT('',#11655);
#2560=VERTEX_POINT('',#11667);
#2561=VERTEX_POINT('',#11669);
#2562=VERTEX_POINT('',#11671);
#2563=VERTEX_POINT('',#11675);
#2564=VERTEX_POINT('',#11676);
#2565=VERTEX_POINT('',#11681);
#2566=VERTEX_POINT('',#11688);
#2567=VERTEX_POINT('',#11690);
#2568=VERTEX_POINT('',#11694);
#2569=VERTEX_POINT('',#11695);
#2570=VERTEX_POINT('',#11702);
#2571=VERTEX_POINT('',#11704);
#2572=VERTEX_POINT('',#11706);
#2573=VERTEX_POINT('',#11718);
#2574=VERTEX_POINT('',#11720);
#2575=VERTEX_POINT('',#11727);
#2576=VERTEX_POINT('',#11729);
#2577=VERTEX_POINT('',#11731);
#2578=VERTEX_POINT('',#11736);
#2579=VERTEX_POINT('',#11749);
#2580=VERTEX_POINT('',#11791);
#2581=VERTEX_POINT('',#11803);
#2582=VERTEX_POINT('',#11805);
#2583=VERTEX_POINT('',#11807);
#2584=VERTEX_POINT('',#11811);
#2585=VERTEX_POINT('',#11812);
#2586=VERTEX_POINT('',#11814);
#2587=VERTEX_POINT('',#11816);
#2588=VERTEX_POINT('',#11818);
#2589=VERTEX_POINT('',#11822);
#2590=VERTEX_POINT('',#11824);
#2591=VERTEX_POINT('',#11826);
#2592=VERTEX_POINT('',#11828);
#2593=VERTEX_POINT('',#11832);
#2594=VERTEX_POINT('',#11834);
#2595=VERTEX_POINT('',#11838);
#2596=VERTEX_POINT('',#11840);
#2597=VERTEX_POINT('',#11842);
#2598=VERTEX_POINT('',#11844);
#2599=VERTEX_POINT('',#11852);
#2600=VERTEX_POINT('',#11871);
#2601=VERTEX_POINT('',#11874);
#2602=VERTEX_POINT('',#11877);
#2603=VERTEX_POINT('',#11879);
#2604=VERTEX_POINT('',#11883);
#2605=VERTEX_POINT('',#11887);
#2606=VERTEX_POINT('',#11888);
#2607=VERTEX_POINT('',#11890);
#2608=VERTEX_POINT('',#11892);
#2609=VERTEX_POINT('',#11896);
#2610=VERTEX_POINT('',#11898);
#2611=VERTEX_POINT('',#11902);
#2612=VERTEX_POINT('',#11904);
#2613=VERTEX_POINT('',#11908);
#2614=VERTEX_POINT('',#11910);
#2615=VERTEX_POINT('',#11912);
#2616=VERTEX_POINT('',#11923);
#2617=VERTEX_POINT('',#11928);
#2618=VERTEX_POINT('',#11930);
#2619=VERTEX_POINT('',#11938);
#2620=VERTEX_POINT('',#11957);
#2621=VERTEX_POINT('',#11960);
#2622=VERTEX_POINT('',#11963);
#2623=VERTEX_POINT('',#11965);
#2624=VERTEX_POINT('',#11967);
#2625=VERTEX_POINT('',#11969);
#2626=VERTEX_POINT('',#11988);
#2627=VERTEX_POINT('',#11989);
#2628=VERTEX_POINT('',#12000);
#2629=VERTEX_POINT('',#12002);
#2630=VERTEX_POINT('',#12048);
#2631=VERTEX_POINT('',#12055);
#2632=VERTEX_POINT('',#12095);
#2633=VERTEX_POINT('',#12106);
#2634=VERTEX_POINT('',#12119);
#2635=VERTEX_POINT('',#12121);
#2636=VERTEX_POINT('',#12125);
#2637=VERTEX_POINT('',#12127);
#2638=VERTEX_POINT('',#12131);
#2639=VERTEX_POINT('',#12133);
#2640=VERTEX_POINT('',#12137);
#2641=VERTEX_POINT('',#12140);
#2642=VERTEX_POINT('',#12158);
#2643=VERTEX_POINT('',#12159);
#2644=VERTEX_POINT('',#12170);
#2645=VERTEX_POINT('',#12172);
#2646=VERTEX_POINT('',#12218);
#2647=VERTEX_POINT('',#12225);
#2648=VERTEX_POINT('',#12265);
#2649=VERTEX_POINT('',#12276);
#2650=VERTEX_POINT('',#12289);
#2651=VERTEX_POINT('',#12291);
#2652=VERTEX_POINT('',#12295);
#2653=VERTEX_POINT('',#12297);
#2654=VERTEX_POINT('',#12301);
#2655=VERTEX_POINT('',#12303);
#2656=VERTEX_POINT('',#12307);
#2657=VERTEX_POINT('',#12309);
#2658=VERTEX_POINT('',#12312);
#2659=VERTEX_POINT('',#12315);
#2660=VERTEX_POINT('',#12317);
#2661=VERTEX_POINT('',#12329);
#2662=VERTEX_POINT('',#12333);
#2663=VERTEX_POINT('',#12335);
#2664=VERTEX_POINT('',#12343);
#2665=VERTEX_POINT('',#12361);
#2666=VERTEX_POINT('',#12362);
#2667=VERTEX_POINT('',#12407);
#2668=VERTEX_POINT('',#12408);
#2669=VERTEX_POINT('',#12410);
#2670=VERTEX_POINT('',#12419);
#2671=VERTEX_POINT('',#12421);
#2672=VERTEX_POINT('',#12424);
#2673=VERTEX_POINT('',#12463);
#2674=VERTEX_POINT('',#12484);
#2675=VERTEX_POINT('',#12485);
#2676=VERTEX_POINT('',#12490);
#2677=VERTEX_POINT('',#12499);
#2678=VERTEX_POINT('',#12507);
#2679=VERTEX_POINT('',#12523);
#2680=VERTEX_POINT('',#12525);
#2681=VERTEX_POINT('',#12527);
#2682=VERTEX_POINT('',#12529);
#2683=VERTEX_POINT('',#12536);
#2684=VERTEX_POINT('',#12555);
#2685=VERTEX_POINT('',#12557);
#2686=VERTEX_POINT('',#12595);
#2687=VERTEX_POINT('',#12596);
#2688=VERTEX_POINT('',#12598);
#2689=VERTEX_POINT('',#12600);
#2690=VERTEX_POINT('',#12602);
#2691=VERTEX_POINT('',#12646);
#2692=VERTEX_POINT('',#12693);
#2693=VERTEX_POINT('',#12714);
#2694=VERTEX_POINT('',#12718);
#2695=VERTEX_POINT('',#12727);
#2696=VERTEX_POINT('',#12736);
#2697=VERTEX_POINT('',#12738);
#2698=VERTEX_POINT('',#12740);
#2699=VERTEX_POINT('',#12747);
#2700=VERTEX_POINT('',#12767);
#2701=VERTEX_POINT('',#12769);
#2702=VERTEX_POINT('',#12773);
#2703=VERTEX_POINT('',#12782);
#2704=VERTEX_POINT('',#12789);
#2705=VERTEX_POINT('',#12791);
#2706=VERTEX_POINT('',#12795);
#2707=VERTEX_POINT('',#12797);
#2708=VERTEX_POINT('',#12801);
#2709=VERTEX_POINT('',#12803);
#2710=VERTEX_POINT('',#12805);
#2711=VERTEX_POINT('',#12811);
#2712=VERTEX_POINT('',#12812);
#2713=VERTEX_POINT('',#12815);
#2714=VERTEX_POINT('',#12821);
#2715=VERTEX_POINT('',#12823);
#2716=VERTEX_POINT('',#12828);
#2717=VERTEX_POINT('',#12834);
#2718=VERTEX_POINT('',#12836);
#2719=VERTEX_POINT('',#12844);
#2720=VERTEX_POINT('',#12861);
#2721=VERTEX_POINT('',#12867);
#2722=VERTEX_POINT('',#12879);
#2723=VERTEX_POINT('',#12880);
#2724=VERTEX_POINT('',#12882);
#2725=VERTEX_POINT('',#12884);
#2726=VERTEX_POINT('',#12886);
#2727=VERTEX_POINT('',#12888);
#2728=VERTEX_POINT('',#12893);
#2729=VERTEX_POINT('',#12899);
#2730=VERTEX_POINT('',#12904);
#2731=VERTEX_POINT('',#12906);
#2732=VERTEX_POINT('',#12909);
#2733=VERTEX_POINT('',#12910);
#2734=VERTEX_POINT('',#12912);
#2735=VERTEX_POINT('',#12914);
#2736=VERTEX_POINT('',#12916);
#2737=VERTEX_POINT('',#12918);
#2738=VERTEX_POINT('',#12923);
#2739=VERTEX_POINT('',#12929);
#2740=VERTEX_POINT('',#12934);
#2741=VERTEX_POINT('',#12936);
#2742=VERTEX_POINT('',#12939);
#2743=VERTEX_POINT('',#12940);
#2744=VERTEX_POINT('',#12942);
#2745=VERTEX_POINT('',#12945);
#2746=VERTEX_POINT('',#12946);
#2747=VERTEX_POINT('',#12948);
#2748=VERTEX_POINT('',#12951);
#2749=VERTEX_POINT('',#12952);
#2750=VERTEX_POINT('',#12954);
#2751=VERTEX_POINT('',#12957);
#2752=VERTEX_POINT('',#12958);
#2753=VERTEX_POINT('',#12960);
#2754=VERTEX_POINT('',#12962);
#2755=VERTEX_POINT('',#12964);
#2756=VERTEX_POINT('',#12967);
#2757=VERTEX_POINT('',#12968);
#2758=VERTEX_POINT('',#12970);
#2759=VERTEX_POINT('',#12973);
#2760=VERTEX_POINT('',#12974);
#2761=VERTEX_POINT('',#12976);
#2762=VERTEX_POINT('',#12979);
#2763=VERTEX_POINT('',#12980);
#2764=VERTEX_POINT('',#12982);
#2765=VERTEX_POINT('',#12984);
#2766=VERTEX_POINT('',#12987);
#2767=VERTEX_POINT('',#12988);
#2768=VERTEX_POINT('',#12990);
#2769=VERTEX_POINT('',#12992);
#2770=VERTEX_POINT('',#12995);
#2771=VERTEX_POINT('',#12996);
#2772=VERTEX_POINT('',#12998);
#2773=VERTEX_POINT('',#13000);
#2774=VERTEX_POINT('',#13003);
#2775=VERTEX_POINT('',#13004);
#2776=VERTEX_POINT('',#13006);
#2777=VERTEX_POINT('',#13008);
#2778=VERTEX_POINT('',#13011);
#2779=VERTEX_POINT('',#13012);
#2780=VERTEX_POINT('',#13014);
#2781=VERTEX_POINT('',#13017);
#2782=VERTEX_POINT('',#13018);
#2783=VERTEX_POINT('',#13020);
#2784=VERTEX_POINT('',#13022);
#2785=VERTEX_POINT('',#13025);
#2786=VERTEX_POINT('',#13026);
#2787=VERTEX_POINT('',#13028);
#2788=VERTEX_POINT('',#13031);
#2789=VERTEX_POINT('',#13032);
#2790=VERTEX_POINT('',#13034);
#2791=VERTEX_POINT('',#13036);
#2792=VERTEX_POINT('',#13039);
#2793=VERTEX_POINT('',#13040);
#2794=VERTEX_POINT('',#13042);
#2795=VERTEX_POINT('',#13044);
#2796=VERTEX_POINT('',#13047);
#2797=VERTEX_POINT('',#13048);
#2798=VERTEX_POINT('',#13050);
#2799=VERTEX_POINT('',#13052);
#2800=VERTEX_POINT('',#13076);
#2801=VERTEX_POINT('',#13077);
#2802=VERTEX_POINT('',#13082);
#2803=VERTEX_POINT('',#13086);
#2804=VERTEX_POINT('',#13092);
#2805=VERTEX_POINT('',#13093);
#2806=VERTEX_POINT('',#13098);
#2807=VERTEX_POINT('',#13102);
#2808=VERTEX_POINT('',#13108);
#2809=VERTEX_POINT('',#13109);
#2810=VERTEX_POINT('',#13114);
#2811=VERTEX_POINT('',#13118);
#2812=VERTEX_POINT('',#13124);
#2813=VERTEX_POINT('',#13125);
#2814=VERTEX_POINT('',#13130);
#2815=VERTEX_POINT('',#13136);
#2816=VERTEX_POINT('',#13137);
#2817=VERTEX_POINT('',#13142);
#2818=VERTEX_POINT('',#13146);
#2819=VERTEX_POINT('',#13152);
#2820=VERTEX_POINT('',#13153);
#2821=VERTEX_POINT('',#13158);
#2822=VERTEX_POINT('',#13164);
#2823=VERTEX_POINT('',#13165);
#2824=VERTEX_POINT('',#13170);
#2825=VERTEX_POINT('',#13174);
#2826=VERTEX_POINT('',#13180);
#2827=VERTEX_POINT('',#13181);
#2828=VERTEX_POINT('',#13186);
#2829=VERTEX_POINT('',#13190);
#2830=VERTEX_POINT('',#13196);
#2831=VERTEX_POINT('',#13197);
#2832=VERTEX_POINT('',#13202);
#2833=VERTEX_POINT('',#13206);
#2834=VERTEX_POINT('',#13212);
#2835=VERTEX_POINT('',#13213);
#2836=VERTEX_POINT('',#13218);
#2837=VERTEX_POINT('',#13222);
#2838=VERTEX_POINT('',#13228);
#2839=VERTEX_POINT('',#13229);
#2840=VERTEX_POINT('',#13234);
#2841=VERTEX_POINT('',#13240);
#2842=VERTEX_POINT('',#13241);
#2843=VERTEX_POINT('',#13246);
#2844=VERTEX_POINT('',#13252);
#2845=VERTEX_POINT('',#13253);
#2846=VERTEX_POINT('',#13258);
#2847=VERTEX_POINT('',#13262);
#2848=VERTEX_POINT('',#13266);
#2849=VERTEX_POINT('',#13272);
#2850=VERTEX_POINT('',#13273);
#2851=VERTEX_POINT('',#13278);
#2852=VERTEX_POINT('',#13284);
#2853=VERTEX_POINT('',#13285);
#2854=VERTEX_POINT('',#13290);
#2855=VERTEX_POINT('',#13296);
#2856=VERTEX_POINT('',#13297);
#2857=VERTEX_POINT('',#13302);
#2858=VERTEX_POINT('',#13346);
#2859=VERTEX_POINT('',#13348);
#2860=VERTEX_POINT('',#13375);
#2861=VERTEX_POINT('',#13376);
#2862=VERTEX_POINT('',#13409);
#2863=VERTEX_POINT('',#13410);
#2864=VERTEX_POINT('',#13488);
#2865=VERTEX_POINT('',#13495);
#2866=VERTEX_POINT('',#13499);
#2867=VERTEX_POINT('',#13533);
#2868=VERTEX_POINT('',#13540);
#2869=VERTEX_POINT('',#13619);
#2870=VERTEX_POINT('',#13734);
#2871=VERTEX_POINT('',#13735);
#2872=VERTEX_POINT('',#13766);
#2873=VERTEX_POINT('',#13768);
#2874=VERTEX_POINT('',#13804);
#2875=VERTEX_POINT('',#13892);
#2876=VERTEX_POINT('',#13958);
#2877=VERTEX_POINT('',#13965);
#2878=VERTEX_POINT('',#14015);
#2879=EDGE_CURVE('',#2332,#2333,#2142,.T.);
#2880=EDGE_CURVE('',#2332,#2334,#2143,.T.);
#2881=EDGE_CURVE('',#2333,#2334,#2144,.T.);
#2882=EDGE_CURVE('',#2332,#2335,#2145,.T.);
#2883=EDGE_CURVE('',#2336,#2335,#1182,.T.);
#2884=EDGE_CURVE('',#2334,#2336,#2146,.T.);
#2885=EDGE_CURVE('',#2332,#2337,#2147,.T.);
#2886=EDGE_CURVE('',#2337,#2338,#1183,.T.);
#2887=EDGE_CURVE('',#2335,#2338,#1184,.T.);
#2888=EDGE_CURVE('',#2332,#2339,#2148,.T.);
#2889=EDGE_CURVE('',#2340,#2339,#1185,.T.);
#2890=EDGE_CURVE('',#2340,#2337,#1186,.T.);
#2891=EDGE_CURVE('',#2332,#2341,#2149,.T.);
#2892=EDGE_CURVE('',#2342,#2341,#2150,.T.);
#2893=EDGE_CURVE('',#2339,#2342,#1187,.T.);
#2894=EDGE_CURVE('',#2343,#2344,#2151,.T.);
#2895=EDGE_CURVE('',#2343,#2345,#2152,.T.);
#2896=EDGE_CURVE('',#2344,#2345,#2153,.T.);
#2897=EDGE_CURVE('',#2343,#2346,#2154,.T.);
#2898=EDGE_CURVE('',#2347,#2346,#1188,.T.);
#2899=EDGE_CURVE('',#2345,#2347,#2155,.T.);
#2900=EDGE_CURVE('',#2343,#2348,#2156,.T.);
#2901=EDGE_CURVE('',#2348,#2349,#1189,.T.);
#2902=EDGE_CURVE('',#2346,#2349,#1190,.T.);
#2903=EDGE_CURVE('',#2343,#2350,#2157,.T.);
#2904=EDGE_CURVE('',#2351,#2350,#1191,.T.);
#2905=EDGE_CURVE('',#2351,#2348,#1192,.T.);
#2906=EDGE_CURVE('',#2343,#2352,#2158,.T.);
#2907=EDGE_CURVE('',#2353,#2352,#2159,.T.);
#2908=EDGE_CURVE('',#2350,#2353,#1193,.T.);
#2909=EDGE_CURVE('',#2354,#2355,#2160,.T.);
#2910=EDGE_CURVE('',#2354,#2356,#2161,.T.);
#2911=EDGE_CURVE('',#2355,#2356,#2162,.T.);
#2912=EDGE_CURVE('',#2354,#2357,#2163,.T.);
#2913=EDGE_CURVE('',#2358,#2357,#1194,.T.);
#2914=EDGE_CURVE('',#2356,#2358,#2164,.T.);
#2915=EDGE_CURVE('',#2354,#2359,#2165,.T.);
#2916=EDGE_CURVE('',#2359,#2360,#1195,.T.);
#2917=EDGE_CURVE('',#2357,#2360,#1196,.T.);
#2918=EDGE_CURVE('',#2354,#2361,#2166,.T.);
#2919=EDGE_CURVE('',#2362,#2361,#1197,.T.);
#2920=EDGE_CURVE('',#2362,#2359,#1198,.T.);
#2921=EDGE_CURVE('',#2354,#2363,#2167,.T.);
#2922=EDGE_CURVE('',#2364,#2363,#2168,.T.);
#2923=EDGE_CURVE('',#2361,#2364,#1199,.T.);
#2924=EDGE_CURVE('',#2365,#2366,#2169,.T.);
#2925=EDGE_CURVE('',#2365,#2367,#2170,.T.);
#2926=EDGE_CURVE('',#2368,#2367,#2171,.T.);
#2927=EDGE_CURVE('',#2366,#2368,#1200,.T.);
#2928=EDGE_CURVE('',#2365,#2369,#2172,.T.);
#2929=EDGE_CURVE('',#2367,#2369,#2173,.T.);
#2930=EDGE_CURVE('',#2365,#2370,#2174,.T.);
#2931=EDGE_CURVE('',#2369,#2370,#2175,.T.);
#2932=EDGE_CURVE('',#2365,#2371,#2176,.T.);
#2933=EDGE_CURVE('',#2372,#2371,#1201,.T.);
#2934=EDGE_CURVE('',#2370,#2372,#2177,.T.);
#2935=EDGE_CURVE('',#2365,#2373,#2178,.T.);
#2936=EDGE_CURVE('',#2373,#2374,#1202,.T.);
#2937=EDGE_CURVE('',#2371,#2374,#1203,.T.);
#2938=EDGE_CURVE('',#2375,#2376,#2179,.T.);
#2939=EDGE_CURVE('',#2375,#2377,#2180,.T.);
#2940=EDGE_CURVE('',#2377,#2378,#1204,.T.);
#2941=EDGE_CURVE('',#2376,#2378,#1205,.T.);
#2942=EDGE_CURVE('',#2375,#2379,#2181,.T.);
#2943=EDGE_CURVE('',#2380,#2379,#1206,.T.);
#2944=EDGE_CURVE('',#2380,#2377,#1207,.T.);
#2945=EDGE_CURVE('',#2375,#2381,#2182,.T.);
#2946=EDGE_CURVE('',#2381,#2382,#2183,.T.);
#2947=EDGE_CURVE('',#2379,#2382,#1208,.T.);
#2948=EDGE_CURVE('',#2375,#2383,#2184,.T.);
#2949=EDGE_CURVE('',#2384,#2383,#1209,.T.);
#2950=EDGE_CURVE('',#2384,#2381,#2185,.T.);
#2951=EDGE_CURVE('',#2375,#2385,#2186,.T.);
#2952=EDGE_CURVE('',#2385,#2386,#1210,.T.);
#2953=EDGE_CURVE('',#2383,#2386,#1211,.T.);
#2954=EDGE_CURVE('',#2375,#2387,#2187,.T.);
#2955=EDGE_CURVE('',#2388,#2387,#1212,.T.);
#2956=EDGE_CURVE('',#2388,#2385,#1213,.T.);
#2957=EDGE_CURVE('',#2375,#2389,#2188,.T.);
#2958=EDGE_CURVE('',#2389,#2390,#2189,.T.);
#2959=EDGE_CURVE('',#2387,#2390,#1214,.T.);
#2960=EDGE_CURVE('',#2391,#2392,#2190,.T.);
#2961=EDGE_CURVE('',#2391,#2393,#2191,.T.);
#2962=EDGE_CURVE('',#2393,#2394,#1215,.T.);
#2963=EDGE_CURVE('',#2392,#2394,#1216,.T.);
#2964=EDGE_CURVE('',#2391,#2395,#2192,.T.);
#2965=EDGE_CURVE('',#2396,#2395,#1217,.T.);
#2966=EDGE_CURVE('',#2396,#2393,#1218,.T.);
#2967=EDGE_CURVE('',#2391,#2397,#2193,.T.);
#2968=EDGE_CURVE('',#2397,#2398,#2194,.T.);
#2969=EDGE_CURVE('',#2395,#2398,#1219,.T.);
#2970=EDGE_CURVE('',#2391,#2399,#2195,.T.);
#2971=EDGE_CURVE('',#2400,#2399,#1220,.T.);
#2972=EDGE_CURVE('',#2400,#2397,#2196,.T.);
#2973=EDGE_CURVE('',#2391,#2401,#2197,.T.);
#2974=EDGE_CURVE('',#2401,#2402,#1221,.T.);
#2975=EDGE_CURVE('',#2399,#2402,#1222,.T.);
#2976=EDGE_CURVE('',#2391,#2403,#2198,.T.);
#2977=EDGE_CURVE('',#2404,#2403,#1223,.T.);
#2978=EDGE_CURVE('',#2404,#2401,#1224,.T.);
#2979=EDGE_CURVE('',#2391,#2405,#2199,.T.);
#2980=EDGE_CURVE('',#2405,#2406,#2200,.T.);
#2981=EDGE_CURVE('',#2403,#2406,#1225,.T.);
#2982=EDGE_CURVE('',#2407,#2408,#2201,.T.);
#2983=EDGE_CURVE('',#2407,#2409,#2202,.T.);
#2984=EDGE_CURVE('',#2409,#2410,#1226,.T.);
#2985=EDGE_CURVE('',#2408,#2410,#1227,.T.);
#2986=EDGE_CURVE('',#2407,#2411,#2203,.T.);
#2987=EDGE_CURVE('',#2412,#2411,#1228,.T.);
#2988=EDGE_CURVE('',#2412,#2409,#1229,.T.);
#2989=EDGE_CURVE('',#2407,#2413,#2204,.T.);
#2990=EDGE_CURVE('',#2413,#2414,#2205,.T.);
#2991=EDGE_CURVE('',#2411,#2414,#1230,.T.);
#2992=EDGE_CURVE('',#2407,#2415,#2206,.T.);
#2993=EDGE_CURVE('',#2416,#2415,#1231,.T.);
#2994=EDGE_CURVE('',#2416,#2413,#2207,.T.);
#2995=EDGE_CURVE('',#2407,#2417,#2208,.T.);
#2996=EDGE_CURVE('',#2417,#2418,#1232,.T.);
#2997=EDGE_CURVE('',#2415,#2418,#1233,.T.);
#2998=EDGE_CURVE('',#2407,#2419,#2209,.T.);
#2999=EDGE_CURVE('',#2420,#2419,#1234,.T.);
#3000=EDGE_CURVE('',#2420,#2417,#1235,.T.);
#3001=EDGE_CURVE('',#2407,#2421,#2210,.T.);
#3002=EDGE_CURVE('',#2421,#2422,#2211,.T.);
#3003=EDGE_CURVE('',#2419,#2422,#1236,.T.);
#3004=EDGE_CURVE('',#2423,#2424,#2212,.T.);
#3005=EDGE_CURVE('',#2423,#2425,#2213,.T.);
#3006=EDGE_CURVE('',#2425,#2426,#1237,.T.);
#3007=EDGE_CURVE('',#2424,#2426,#1238,.T.);
#3008=EDGE_CURVE('',#2423,#2427,#2214,.T.);
#3009=EDGE_CURVE('',#2428,#2427,#1239,.T.);
#3010=EDGE_CURVE('',#2428,#2425,#1240,.T.);
#3011=EDGE_CURVE('',#2423,#2429,#2215,.T.);
#3012=EDGE_CURVE('',#2429,#2430,#2216,.T.);
#3013=EDGE_CURVE('',#2427,#2430,#1241,.T.);
#3014=EDGE_CURVE('',#2423,#2431,#2217,.T.);
#3015=EDGE_CURVE('',#2432,#2431,#1242,.T.);
#3016=EDGE_CURVE('',#2432,#2429,#2218,.T.);
#3017=EDGE_CURVE('',#2423,#2433,#2219,.T.);
#3018=EDGE_CURVE('',#2433,#2434,#1243,.T.);
#3019=EDGE_CURVE('',#2431,#2434,#1244,.T.);
#3020=EDGE_CURVE('',#2423,#2435,#2220,.T.);
#3021=EDGE_CURVE('',#2436,#2435,#1245,.T.);
#3022=EDGE_CURVE('',#2436,#2433,#1246,.T.);
#3023=EDGE_CURVE('',#2423,#2437,#2221,.T.);
#3024=EDGE_CURVE('',#2437,#2438,#2222,.T.);
#3025=EDGE_CURVE('',#2435,#2438,#1247,.T.);
#3026=EDGE_CURVE('',#2439,#2424,#1248,.T.);
#3027=EDGE_CURVE('',#2439,#2437,#2223,.T.);
#3028=EDGE_CURVE('',#2440,#2408,#1249,.T.);
#3029=EDGE_CURVE('',#2440,#2421,#2224,.T.);
#3030=EDGE_CURVE('',#2426,#2412,#262,.T.);
#3031=EDGE_CURVE('',#2414,#2439,#263,.T.);
#3032=EDGE_CURVE('',#2441,#2392,#1250,.T.);
#3033=EDGE_CURVE('',#2441,#2405,#2225,.T.);
#3034=EDGE_CURVE('',#2394,#2428,#264,.T.);
#3035=EDGE_CURVE('',#2430,#2441,#265,.T.);
#3036=EDGE_CURVE('',#2434,#2404,#266,.T.);
#3037=EDGE_CURVE('',#2406,#2432,#267,.T.);
#3038=EDGE_CURVE('',#2442,#2376,#1251,.T.);
#3039=EDGE_CURVE('',#2442,#2389,#2226,.T.);
#3040=EDGE_CURVE('',#2410,#2388,#268,.T.);
#3041=EDGE_CURVE('',#2390,#2440,#269,.T.);
#3042=EDGE_CURVE('',#2386,#2396,#270,.T.);
#3043=EDGE_CURVE('',#2398,#2384,#271,.T.);
#3044=EDGE_CURVE('',#2402,#2380,#272,.T.);
#3045=EDGE_CURVE('',#2382,#2400,#273,.T.);
#3046=EDGE_CURVE('',#2378,#2420,#274,.T.);
#3047=EDGE_CURVE('',#2422,#2442,#275,.T.);
#3048=EDGE_CURVE('',#2418,#2436,#276,.T.);
#3049=EDGE_CURVE('',#2438,#2416,#277,.T.);
#3050=EDGE_CURVE('',#2443,#2444,#278,.T.);
#3051=EDGE_CURVE('',#2445,#2443,#279,.T.);
#3052=EDGE_CURVE('',#2446,#2445,#280,.T.);
#3053=EDGE_CURVE('',#2444,#2446,#281,.T.);
#3054=EDGE_CURVE('',#2447,#2448,#1252,.T.);
#3055=EDGE_CURVE('',#2449,#2448,#282,.T.);
#3056=EDGE_CURVE('',#2449,#2450,#1253,.T.);
#3057=EDGE_CURVE('',#2451,#2450,#283,.T.);
#3058=EDGE_CURVE('',#2451,#2452,#1254,.T.);
#3059=EDGE_CURVE('',#2453,#2452,#284,.T.);
#3060=EDGE_CURVE('',#2453,#2454,#1255,.T.);
#3061=EDGE_CURVE('',#2454,#2447,#285,.T.);
#3062=EDGE_CURVE('',#2455,#2456,#1256,.T.);
#3063=EDGE_CURVE('',#2457,#2456,#286,.T.);
#3064=EDGE_CURVE('',#2457,#2458,#1257,.T.);
#3065=EDGE_CURVE('',#2458,#2455,#287,.T.);
#3066=EDGE_CURVE('',#2457,#2459,#1258,.T.);
#3067=EDGE_CURVE('',#2459,#2460,#2227,.T.);
#3068=EDGE_CURVE('',#2460,#2458,#1259,.T.);
#3069=EDGE_CURVE('',#2461,#2462,#2228,.T.);
#3070=EDGE_CURVE('',#2463,#2462,#2229,.T.);
#3071=EDGE_CURVE('',#2463,#2464,#1260,.T.);
#3072=EDGE_CURVE('',#2464,#2465,#1261,.T.);
#3073=EDGE_CURVE('',#2465,#2461,#1262,.T.);
#3074=EDGE_CURVE('',#2466,#2455,#288,.T.);
#3075=EDGE_CURVE('',#2460,#2467,#289,.T.);
#3076=EDGE_CURVE('',#2466,#2467,#2230,.T.);
#3077=EDGE_CURVE('',#2468,#2469,#1263,.T.);
#3078=EDGE_CURVE('',#2470,#2469,#290,.T.);
#3079=EDGE_CURVE('',#2470,#2471,#1264,.T.);
#3080=EDGE_CURVE('',#2471,#2468,#291,.T.);
#3081=EDGE_CURVE('',#2468,#2472,#1265,.T.);
#3082=EDGE_CURVE('',#2472,#2473,#2231,.T.);
#3083=EDGE_CURVE('',#2473,#2469,#1266,.T.);
#3084=EDGE_CURVE('',#2474,#2470,#292,.T.);
#3085=EDGE_CURVE('',#2475,#2470,#293,.T.);
#3086=EDGE_CURVE('',#2474,#2475,#1267,.T.);
#3087=EDGE_CURVE('',#2372,#2476,#2232,.T.);
#3088=EDGE_CURVE('',#2476,#2477,#2233,.T.);
#3089=EDGE_CURVE('',#2368,#2477,#1268,.T.);
#3090=EDGE_CURVE('',#2478,#2366,#1269,.T.);
#3091=EDGE_CURVE('',#2478,#2373,#1270,.T.);
#3092=EDGE_CURVE('',#2368,#2479,#294,.T.);
#3093=EDGE_CURVE('',#2480,#2479,#1271,.T.);
#3094=EDGE_CURVE('',#2368,#2480,#295,.T.);
#3095=EDGE_CURVE('',#2479,#2481,#2234,.T.);
#3096=EDGE_CURVE('',#2482,#2481,#2235,.T.);
#3097=EDGE_CURVE('',#2482,#2483,#1272,.T.);
#3098=EDGE_CURVE('',#2483,#2480,#1273,.T.);
#3099=EDGE_CURVE('',#2353,#2467,#2236,.F.);
#3100=EDGE_CURVE('',#2352,#2344,#2237,.T.);
#3101=EDGE_CURVE('',#2466,#2347,#1274,.T.);
#3102=EDGE_CURVE('',#2484,#2485,#1275,.T.);
#3103=EDGE_CURVE('',#2486,#2485,#296,.T.);
#3104=EDGE_CURVE('',#2486,#2487,#1276,.T.);
#3105=EDGE_CURVE('',#2487,#2484,#297,.T.);
#3106=EDGE_CURVE('',#2486,#2488,#1277,.T.);
#3107=EDGE_CURVE('',#2488,#2489,#2238,.T.);
#3108=EDGE_CURVE('',#2489,#2487,#1278,.T.);
#3109=EDGE_CURVE('',#2471,#2484,#298,.T.);
#3110=EDGE_CURVE('',#2489,#2472,#299,.T.);
#3111=EDGE_CURVE('',#2490,#2491,#1279,.T.);
#3112=EDGE_CURVE('',#2492,#2491,#300,.T.);
#3113=EDGE_CURVE('',#2492,#2493,#1280,.T.);
#3114=EDGE_CURVE('',#2493,#2490,#301,.T.);
#3115=EDGE_CURVE('',#2490,#2494,#1281,.T.);
#3116=EDGE_CURVE('',#2494,#2495,#2239,.T.);
#3117=EDGE_CURVE('',#2495,#2491,#1282,.T.);
#3118=EDGE_CURVE('',#2496,#2492,#302,.T.);
#3119=EDGE_CURVE('',#2497,#2492,#303,.T.);
#3120=EDGE_CURVE('',#2496,#2497,#1283,.T.);
#3121=EDGE_CURVE('',#2358,#2498,#2240,.T.);
#3122=EDGE_CURVE('',#2498,#2499,#2241,.T.);
#3123=EDGE_CURVE('',#2364,#2499,#1284,.T.);
#3124=EDGE_CURVE('',#2363,#2355,#2242,.T.);
#3125=EDGE_CURVE('',#2364,#2500,#304,.T.);
#3126=EDGE_CURVE('',#2501,#2500,#1285,.T.);
#3127=EDGE_CURVE('',#2364,#2501,#305,.T.);
#3128=EDGE_CURVE('',#2342,#2502,#2243,.F.);
#3129=EDGE_CURVE('',#2341,#2333,#2244,.T.);
#3130=EDGE_CURVE('',#2503,#2336,#1286,.T.);
#3131=EDGE_CURVE('',#2503,#2502,#2245,.T.);
#3132=EDGE_CURVE('',#2503,#2477,#306,.T.);
#3133=EDGE_CURVE('',#2476,#2502,#307,.T.);
#3134=EDGE_CURVE('',#2504,#2505,#1287,.T.);
#3135=EDGE_CURVE('',#2506,#2505,#308,.T.);
#3136=EDGE_CURVE('',#2506,#2507,#1288,.T.);
#3137=EDGE_CURVE('',#2507,#2504,#309,.T.);
#3138=EDGE_CURVE('',#2506,#2508,#1289,.T.);
#3139=EDGE_CURVE('',#2508,#2509,#2246,.T.);
#3140=EDGE_CURVE('',#2509,#2507,#1290,.T.);
#3141=EDGE_CURVE('',#2493,#2504,#310,.T.);
#3142=EDGE_CURVE('',#2509,#2494,#311,.T.);
#3143=EDGE_CURVE('',#2510,#2511,#1291,.T.);
#3144=EDGE_CURVE('',#2512,#2511,#312,.T.);
#3145=EDGE_CURVE('',#2512,#2513,#1292,.T.);
#3146=EDGE_CURVE('',#2513,#2510,#313,.T.);
#3147=EDGE_CURVE('',#2510,#2514,#1293,.T.);
#3148=EDGE_CURVE('',#2514,#2515,#2247,.T.);
#3149=EDGE_CURVE('',#2515,#2511,#1294,.T.);
#3150=EDGE_CURVE('',#2516,#2517,#2248,.T.);
#3151=EDGE_CURVE('',#2517,#2518,#1295,.T.);
#3152=EDGE_CURVE('',#2519,#2518,#1296,.T.);
#3153=EDGE_CURVE('',#2519,#2520,#1297,.T.);
#3154=EDGE_CURVE('',#2520,#2516,#2249,.F.);
#3155=EDGE_CURVE('',#2517,#2512,#314,.T.);
#3156=EDGE_CURVE('',#2518,#2512,#315,.T.);
#3157=EDGE_CURVE('',#2521,#2474,#2250,.T.);
#3158=EDGE_CURVE('',#2522,#2475,#1298,.T.);
#3159=EDGE_CURVE('',#2522,#2523,#1299,.T.);
#3160=EDGE_CURVE('',#2523,#2521,#2251,.F.);
#3161=EDGE_CURVE('',#2456,#2461,#316,.T.);
#3162=EDGE_CURVE('',#2456,#2465,#317,.T.);
#3163=EDGE_CURVE('',#2522,#2448,#318,.T.);
#3164=EDGE_CURVE('',#2447,#2523,#319,.T.);
#3165=EDGE_CURVE('',#2464,#2522,#320,.T.);
#3166=EDGE_CURVE('',#2449,#2464,#321,.T.);
#3167=EDGE_CURVE('',#2524,#2524,#1300,.T.);
#3168=EDGE_CURVE('',#2525,#2525,#1301,.T.);
#3169=EDGE_CURVE('',#2526,#2526,#1302,.T.);
#3170=EDGE_CURVE('',#2463,#2450,#322,.T.);
#3171=EDGE_CURVE('',#2527,#2457,#1303,.T.);
#3172=EDGE_CURVE('',#2469,#2528,#1304,.T.);
#3173=EDGE_CURVE('',#2528,#2527,#323,.T.);
#3174=EDGE_CURVE('',#2527,#2459,#1305,.T.);
#3175=EDGE_CURVE('',#2473,#2528,#1306,.T.);
#3176=EDGE_CURVE('',#2529,#2459,#324,.T.);
#3177=EDGE_CURVE('',#2530,#2529,#325,.T.);
#3178=EDGE_CURVE('',#2531,#2530,#326,.T.);
#3179=EDGE_CURVE('',#2532,#2531,#327,.T.);
#3180=EDGE_CURVE('',#2498,#2532,#328,.T.);
#3181=EDGE_CURVE('',#2342,#2358,#329,.T.);
#3182=EDGE_CURVE('',#2353,#2372,#330,.T.);
#3183=EDGE_CURVE('',#2527,#2533,#331,.T.);
#3184=EDGE_CURVE('',#2533,#2529,#1307,.F.);
#3185=EDGE_CURVE('',#2534,#2528,#332,.T.);
#3186=EDGE_CURVE('',#2533,#2534,#333,.T.);
#3187=EDGE_CURVE('',#2535,#2535,#1308,.T.);
#3188=EDGE_CURVE('',#2536,#2536,#1309,.T.);
#3189=EDGE_CURVE('',#2537,#2537,#1310,.T.);
#3190=EDGE_CURVE('',#2473,#2538,#334,.T.);
#3191=EDGE_CURVE('',#2538,#2534,#1311,.F.);
#3192=EDGE_CURVE('',#2495,#2488,#335,.T.);
#3193=EDGE_CURVE('',#2515,#2508,#336,.T.);
#3194=EDGE_CURVE('',#2539,#2514,#337,.T.);
#3195=EDGE_CURVE('',#2540,#2539,#338,.T.);
#3196=EDGE_CURVE('',#2541,#2540,#339,.T.);
#3197=EDGE_CURVE('',#2538,#2541,#340,.T.);
#3198=EDGE_CURVE('',#2542,#2543,#2252,.T.);
#3199=EDGE_CURVE('',#2544,#2543,#2253,.T.);
#3200=EDGE_CURVE('',#2544,#2545,#1312,.T.);
#3201=EDGE_CURVE('',#2545,#2546,#1313,.T.);
#3202=EDGE_CURVE('',#2546,#2542,#1314,.T.);
#3203=EDGE_CURVE('',#2547,#2548,#2254,.T.);
#3204=EDGE_CURVE('',#2548,#2549,#1315,.T.);
#3205=EDGE_CURVE('',#2550,#2549,#1316,.T.);
#3206=EDGE_CURVE('',#2550,#2551,#1317,.T.);
#3207=EDGE_CURVE('',#2551,#2547,#2255,.F.);
#3208=EDGE_CURVE('',#2485,#2542,#341,.T.);
#3209=EDGE_CURVE('',#2485,#2546,#342,.T.);
#3210=EDGE_CURVE('',#2550,#2483,#343,.T.);
#3211=EDGE_CURVE('',#2482,#2551,#344,.T.);
#3212=EDGE_CURVE('',#2545,#2550,#345,.T.);
#3213=EDGE_CURVE('',#2552,#2545,#346,.T.);
#3214=EDGE_CURVE('',#2483,#2552,#347,.T.);
#3215=EDGE_CURVE('',#2553,#2553,#1318,.T.);
#3216=EDGE_CURVE('',#2554,#2554,#1319,.T.);
#3217=EDGE_CURVE('',#2555,#2555,#1320,.T.);
#3218=EDGE_CURVE('',#2544,#2556,#348,.T.);
#3219=EDGE_CURVE('',#2552,#2556,#1321,.T.);
#3220=EDGE_CURVE('',#2557,#2496,#2256,.T.);
#3221=EDGE_CURVE('',#2552,#2497,#1322,.T.);
#3222=EDGE_CURVE('',#2556,#2557,#2257,.F.);
#3223=EDGE_CURVE('',#2491,#2558,#1323,.T.);
#3224=EDGE_CURVE('',#2558,#2478,#349,.T.);
#3225=EDGE_CURVE('',#2374,#2351,#350,.T.);
#3226=EDGE_CURVE('',#2349,#2559,#351,.T.);
#3227=EDGE_CURVE('',#2559,#2486,#1324,.T.);
#3228=EDGE_CURVE('',#2549,#2347,#352,.T.);
#3229=EDGE_CURVE('',#2559,#2488,#1325,.T.);
#3230=EDGE_CURVE('',#2495,#2558,#1326,.T.);
#3231=EDGE_CURVE('',#2548,#2347,#353,.T.);
#3232=EDGE_CURVE('',#2559,#2558,#354,.T.);
#3233=EDGE_CURVE('',#2560,#2560,#1327,.T.);
#3234=EDGE_CURVE('',#2561,#2561,#1328,.T.);
#3235=EDGE_CURVE('',#2562,#2562,#1329,.T.);
#3236=EDGE_CURVE('',#2563,#2564,#2258,.T.);
#3237=EDGE_CURVE('',#2565,#2564,#2259,.T.);
#3238=EDGE_CURVE('',#2565,#2566,#1330,.T.);
#3239=EDGE_CURVE('',#2566,#2567,#1331,.T.);
#3240=EDGE_CURVE('',#2567,#2563,#1332,.T.);
#3241=EDGE_CURVE('',#2568,#2569,#2260,.T.);
#3242=EDGE_CURVE('',#2569,#2570,#1333,.T.);
#3243=EDGE_CURVE('',#2571,#2570,#1334,.T.);
#3244=EDGE_CURVE('',#2571,#2572,#1335,.T.);
#3245=EDGE_CURVE('',#2572,#2568,#2261,.F.);
#3246=EDGE_CURVE('',#2505,#2563,#355,.T.);
#3247=EDGE_CURVE('',#2505,#2567,#356,.T.);
#3248=EDGE_CURVE('',#2571,#2573,#357,.T.);
#3249=EDGE_CURVE('',#2574,#2573,#1336,.T.);
#3250=EDGE_CURVE('',#2574,#2572,#358,.T.);
#3251=EDGE_CURVE('',#2566,#2571,#359,.T.);
#3252=EDGE_CURVE('',#2519,#2566,#360,.T.);
#3253=EDGE_CURVE('',#2573,#2519,#361,.T.);
#3254=EDGE_CURVE('',#2575,#2575,#1337,.T.);
#3255=EDGE_CURVE('',#2576,#2576,#1338,.T.);
#3256=EDGE_CURVE('',#2577,#2577,#1339,.T.);
#3257=EDGE_CURVE('',#2565,#2520,#362,.T.);
#3258=EDGE_CURVE('',#2500,#2578,#2262,.T.);
#3259=EDGE_CURVE('',#2574,#2578,#2263,.T.);
#3260=EDGE_CURVE('',#2573,#2501,#1340,.T.);
#3261=EDGE_CURVE('',#2511,#2579,#1341,.T.);
#3262=EDGE_CURVE('',#2579,#2362,#363,.T.);
#3263=EDGE_CURVE('',#2360,#2340,#364,.T.);
#3264=EDGE_CURVE('',#2338,#2580,#365,.T.);
#3265=EDGE_CURVE('',#2580,#2506,#1342,.T.);
#3266=EDGE_CURVE('',#2570,#2336,#366,.T.);
#3267=EDGE_CURVE('',#2580,#2508,#1343,.T.);
#3268=EDGE_CURVE('',#2515,#2579,#1344,.T.);
#3269=EDGE_CURVE('',#2569,#2336,#367,.T.);
#3270=EDGE_CURVE('',#2580,#2579,#368,.T.);
#3271=EDGE_CURVE('',#2581,#2581,#1345,.T.);
#3272=EDGE_CURVE('',#2582,#2582,#1346,.T.);
#3273=EDGE_CURVE('',#2583,#2583,#1347,.T.);
#3274=EDGE_CURVE('',#2584,#2585,#1348,.F.);
#3275=EDGE_CURVE('',#2584,#2586,#369,.T.);
#3276=EDGE_CURVE('',#2586,#2587,#16,.T.);
#3277=EDGE_CURVE('',#2587,#2588,#370,.T.);
#3278=EDGE_CURVE('',#2588,#2585,#17,.T.);
#3279=EDGE_CURVE('',#2589,#2584,#371,.T.);
#3280=EDGE_CURVE('',#2590,#2589,#372,.T.);
#3281=EDGE_CURVE('',#2590,#2591,#373,.T.);
#3282=EDGE_CURVE('',#2592,#2591,#374,.T.);
#3283=EDGE_CURVE('',#2586,#2592,#375,.T.);
#3284=EDGE_CURVE('',#2589,#2593,#1349,.T.);
#3285=EDGE_CURVE('',#2593,#2594,#376,.T.);
#3286=EDGE_CURVE('',#2594,#2590,#1350,.T.);
#3287=EDGE_CURVE('',#2595,#2593,#377,.T.);
#3288=EDGE_CURVE('',#2595,#2596,#1351,.T.);
#3289=EDGE_CURVE('',#2596,#2597,#1352,.T.);
#3290=EDGE_CURVE('',#2597,#2598,#2264,.T.);
#3291=EDGE_CURVE('',#2599,#2598,#2265,.T.);
#3292=EDGE_CURVE('',#2599,#2600,#1353,.T.);
#3293=EDGE_CURVE('',#2594,#2600,#378,.T.);
#3294=EDGE_CURVE('',#2601,#2601,#1354,.T.);
#3295=EDGE_CURVE('',#2602,#2585,#379,.T.);
#3296=EDGE_CURVE('',#2603,#2602,#15,.T.);
#3297=EDGE_CURVE('',#2604,#2603,#380,.T.);
#3298=EDGE_CURVE('',#2595,#2604,#381,.T.);
#3299=EDGE_CURVE('',#2605,#2606,#1355,.T.);
#3300=EDGE_CURVE('',#2606,#2607,#382,.T.);
#3301=EDGE_CURVE('',#2607,#2608,#1356,.T.);
#3302=EDGE_CURVE('',#2608,#2605,#383,.T.);
#3303=EDGE_CURVE('',#2609,#2606,#384,.T.);
#3304=EDGE_CURVE('',#2610,#2609,#385,.T.);
#3305=EDGE_CURVE('',#2610,#2607,#386,.T.);
#3306=EDGE_CURVE('',#2611,#2610,#1357,.T.);
#3307=EDGE_CURVE('',#2609,#2612,#1358,.T.);
#3308=EDGE_CURVE('',#2612,#2611,#387,.T.);
#3309=EDGE_CURVE('',#2613,#2612,#388,.T.);
#3310=EDGE_CURVE('',#2613,#2614,#1359,.T.);
#3311=EDGE_CURVE('',#2615,#2614,#2266,.T.);
#3312=EDGE_CURVE('',#2615,#2616,#2267,.T.);
#3313=EDGE_CURVE('',#2616,#2617,#1360,.T.);
#3314=EDGE_CURVE('',#2617,#2618,#2268,.T.);
#3315=EDGE_CURVE('',#2619,#2618,#2269,.T.);
#3316=EDGE_CURVE('',#2619,#2620,#1361,.T.);
#3317=EDGE_CURVE('',#2611,#2620,#389,.T.);
#3318=EDGE_CURVE('',#2621,#2621,#1362,.T.);
#3319=EDGE_CURVE('',#2605,#2622,#390,.T.);
#3320=EDGE_CURVE('',#2623,#2622,#391,.T.);
#3321=EDGE_CURVE('',#2624,#2623,#392,.T.);
#3322=EDGE_CURVE('',#2625,#2624,#393,.T.);
#3323=EDGE_CURVE('',#2613,#2625,#394,.T.);
#3324=EDGE_CURVE('',#2626,#2627,#2270,.F.);
#3325=EDGE_CURVE('',#2626,#2628,#395,.T.);
#3326=EDGE_CURVE('',#2628,#2629,#2271,.T.);
#3327=EDGE_CURVE('',#2627,#2629,#396,.T.);
#3328=EDGE_CURVE('',#2630,#2626,#2272,.T.);
#3329=EDGE_CURVE('',#2630,#2631,#397,.T.);
#3330=EDGE_CURVE('',#2631,#2628,#2273,.T.);
#3331=EDGE_CURVE('',#2632,#2630,#2274,.F.);
#3332=EDGE_CURVE('',#2632,#2633,#398,.T.);
#3333=EDGE_CURVE('',#2633,#2631,#2275,.T.);
#3334=EDGE_CURVE('',#2632,#2634,#399,.T.);
#3335=EDGE_CURVE('',#2634,#2635,#400,.T.);
#3336=EDGE_CURVE('',#2635,#2633,#401,.T.);
#3337=EDGE_CURVE('',#2636,#2634,#402,.T.);
#3338=EDGE_CURVE('',#2637,#2636,#403,.T.);
#3339=EDGE_CURVE('',#2637,#2635,#404,.T.);
#3340=EDGE_CURVE('',#2627,#2638,#405,.T.);
#3341=EDGE_CURVE('',#2629,#2639,#406,.T.);
#3342=EDGE_CURVE('',#2638,#2639,#407,.T.);
#3343=EDGE_CURVE('',#2640,#2637,#1363,.T.);
#3344=EDGE_CURVE('',#2639,#2640,#1364,.T.);
#3345=EDGE_CURVE('',#2641,#2641,#1365,.T.);
#3346=EDGE_CURVE('',#2642,#2643,#2276,.F.);
#3347=EDGE_CURVE('',#2642,#2644,#408,.T.);
#3348=EDGE_CURVE('',#2644,#2645,#2277,.T.);
#3349=EDGE_CURVE('',#2643,#2645,#409,.T.);
#3350=EDGE_CURVE('',#2646,#2642,#2278,.T.);
#3351=EDGE_CURVE('',#2646,#2647,#410,.T.);
#3352=EDGE_CURVE('',#2647,#2644,#2279,.T.);
#3353=EDGE_CURVE('',#2648,#2646,#2280,.F.);
#3354=EDGE_CURVE('',#2648,#2649,#411,.T.);
#3355=EDGE_CURVE('',#2649,#2647,#2281,.T.);
#3356=EDGE_CURVE('',#2648,#2650,#412,.T.);
#3357=EDGE_CURVE('',#2650,#2651,#413,.T.);
#3358=EDGE_CURVE('',#2651,#2649,#414,.T.);
#3359=EDGE_CURVE('',#2652,#2650,#415,.T.);
#3360=EDGE_CURVE('',#2653,#2652,#416,.T.);
#3361=EDGE_CURVE('',#2653,#2651,#417,.T.);
#3362=EDGE_CURVE('',#2643,#2654,#418,.T.);
#3363=EDGE_CURVE('',#2645,#2655,#419,.T.);
#3364=EDGE_CURVE('',#2654,#2655,#420,.T.);
#3365=EDGE_CURVE('',#2656,#2653,#1366,.T.);
#3366=EDGE_CURVE('',#2657,#2656,#1367,.T.);
#3367=EDGE_CURVE('',#2655,#2657,#1368,.T.);
#3368=EDGE_CURVE('',#2658,#2658,#1369,.T.);
#3369=EDGE_CURVE('',#2657,#2659,#421,.T.);
#3370=EDGE_CURVE('',#2659,#2660,#2282,.T.);
#3371=EDGE_CURVE('',#2660,#2614,#422,.T.);
#3372=EDGE_CURVE('',#2661,#2625,#1370,.T.);
#3373=EDGE_CURVE('',#2661,#2654,#18,.T.);
#3374=EDGE_CURVE('',#2662,#2656,#423,.T.);
#3375=EDGE_CURVE('',#2663,#2662,#2283,.T.);
#3376=EDGE_CURVE('',#2663,#2617,#424,.T.);
#3377=EDGE_CURVE('',#2616,#2664,#425,.T.);
#3378=EDGE_CURVE('',#2659,#2664,#2284,.T.);
#3379=EDGE_CURVE('',#2665,#2666,#2285,.T.);
#3380=EDGE_CURVE('',#2598,#2666,#426,.T.);
#3381=EDGE_CURVE('',#2665,#2597,#427,.T.);
#3382=EDGE_CURVE('',#2667,#2668,#19,.T.);
#3383=EDGE_CURVE('',#2669,#2668,#2286,.T.);
#3384=EDGE_CURVE('',#2667,#2669,#428,.T.);
#3385=EDGE_CURVE('',#2670,#2668,#429,.T.);
#3386=EDGE_CURVE('',#2671,#2670,#20,.T.);
#3387=EDGE_CURVE('',#2592,#2671,#430,.T.);
#3388=EDGE_CURVE('',#2591,#2672,#431,.T.);
#3389=EDGE_CURVE('',#2672,#2669,#1371,.T.);
#3390=EDGE_CURVE('',#2673,#2666,#2287,.T.);
#3391=EDGE_CURVE('',#2673,#2599,#432,.T.);
#3392=EDGE_CURVE('',#2674,#2675,#433,.T.);
#3393=EDGE_CURVE('',#2674,#2604,#1372,.T.);
#3394=EDGE_CURVE('',#2675,#2603,#21,.T.);
#3395=EDGE_CURVE('',#2676,#2675,#2288,.F.);
#3396=EDGE_CURVE('',#2676,#2677,#22,.T.);
#3397=EDGE_CURVE('',#2677,#2627,#2289,.T.);
#3398=EDGE_CURVE('',#2638,#2678,#2290,.T.);
#3399=EDGE_CURVE('',#2678,#2674,#2291,.T.);
#3400=EDGE_CURVE('',#2602,#2679,#434,.T.);
#3401=EDGE_CURVE('',#2679,#2680,#23,.F.);
#3402=EDGE_CURVE('',#2680,#2681,#435,.T.);
#3403=EDGE_CURVE('',#2682,#2681,#2292,.T.);
#3404=EDGE_CURVE('',#2683,#2682,#2293,.T.);
#3405=EDGE_CURVE('',#2683,#2676,#436,.T.);
#3406=EDGE_CURVE('',#2684,#2671,#437,.T.);
#3407=EDGE_CURVE('',#2685,#2684,#438,.T.);
#3408=EDGE_CURVE('',#2587,#2685,#439,.T.);
#3409=EDGE_CURVE('',#2615,#2659,#440,.T.);
#3410=EDGE_CURVE('',#2618,#2662,#441,.T.);
#3411=EDGE_CURVE('',#2686,#2687,#24,.T.);
#3412=EDGE_CURVE('',#2686,#2688,#442,.T.);
#3413=EDGE_CURVE('',#2688,#2689,#1373,.T.);
#3414=EDGE_CURVE('',#2689,#2690,#2294,.T.);
#3415=EDGE_CURVE('',#2687,#2690,#443,.T.);
#3416=EDGE_CURVE('',#2691,#2690,#25,.T.);
#3417=EDGE_CURVE('',#2691,#2689,#444,.T.);
#3418=EDGE_CURVE('',#2692,#2662,#2295,.T.);
#3419=EDGE_CURVE('',#2692,#2619,#445,.T.);
#3420=EDGE_CURVE('',#2661,#2693,#446,.T.);
#3421=EDGE_CURVE('',#2693,#2624,#26,.T.);
#3422=EDGE_CURVE('',#2694,#2693,#2296,.F.);
#3423=EDGE_CURVE('',#2695,#2694,#27,.T.);
#3424=EDGE_CURVE('',#2695,#2643,#2297,.T.);
#3425=EDGE_CURVE('',#2623,#2696,#28,.F.);
#3426=EDGE_CURVE('',#2696,#2697,#447,.T.);
#3427=EDGE_CURVE('',#2698,#2697,#2298,.T.);
#3428=EDGE_CURVE('',#2699,#2698,#2299,.T.);
#3429=EDGE_CURVE('',#2699,#2694,#448,.T.);
#3430=EDGE_CURVE('',#2620,#2688,#449,.T.);
#3431=EDGE_CURVE('',#2700,#2686,#450,.T.);
#3432=EDGE_CURVE('',#2701,#2700,#451,.T.);
#3433=EDGE_CURVE('',#2608,#2701,#452,.T.);
#3434=EDGE_CURVE('',#2687,#2702,#2300,.F.);
#3435=EDGE_CURVE('',#2702,#2703,#453,.T.);
#3436=EDGE_CURVE('',#2703,#2700,#29,.F.);
#3437=EDGE_CURVE('',#2690,#2652,#30,.T.);
#3438=EDGE_CURVE('',#2650,#2702,#31,.F.);
#3439=EDGE_CURVE('',#2704,#2454,#454,.T.);
#3440=EDGE_CURVE('',#2705,#2704,#455,.T.);
#3441=EDGE_CURVE('',#2513,#2705,#456,.T.);
#3442=EDGE_CURVE('',#2706,#2499,#457,.T.);
#3443=EDGE_CURVE('',#2707,#2706,#458,.T.);
#3444=EDGE_CURVE('',#2451,#2707,#459,.T.);
#3445=EDGE_CURVE('',#2704,#2708,#1374,.T.);
#3446=EDGE_CURVE('',#2709,#2704,#1375,.F.);
#3447=EDGE_CURVE('',#2710,#2709,#1376,.T.);
#3448=EDGE_CURVE('',#2710,#2708,#1377,.T.);
#3449=EDGE_CURVE('',#2453,#2709,#460,.T.);
#3450=EDGE_CURVE('',#2711,#2712,#1378,.T.);
#3451=EDGE_CURVE('',#2707,#2711,#1379,.F.);
#3452=EDGE_CURVE('',#2713,#2707,#1380,.T.);
#3453=EDGE_CURVE('',#2713,#2712,#1381,.T.);
#3454=EDGE_CURVE('',#2711,#2452,#461,.T.);
#3455=EDGE_CURVE('',#2714,#2540,#1382,.F.);
#3456=EDGE_CURVE('',#2715,#2714,#1383,.F.);
#3457=EDGE_CURVE('',#2540,#2715,#1384,.F.);
#3458=EDGE_CURVE('',#2541,#2446,#1385,.F.);
#3459=EDGE_CURVE('',#2716,#2541,#1386,.F.);
#3460=EDGE_CURVE('',#2446,#2716,#1387,.F.);
#3461=EDGE_CURVE('',#2715,#2716,#462,.T.);
#3462=EDGE_CURVE('',#2531,#2717,#1388,.F.);
#3463=EDGE_CURVE('',#2718,#2531,#1389,.F.);
#3464=EDGE_CURVE('',#2717,#2718,#1390,.F.);
#3465=EDGE_CURVE('',#2445,#2538,#1391,.F.);
#3466=EDGE_CURVE('',#2534,#2445,#1392,.F.);
#3467=EDGE_CURVE('',#2719,#2444,#1393,.F.);
#3468=EDGE_CURVE('',#2530,#2719,#1394,.F.);
#3469=EDGE_CURVE('',#2444,#2530,#1395,.F.);
#3470=EDGE_CURVE('',#2719,#2718,#463,.T.);
#3471=EDGE_CURVE('',#2443,#2533,#1396,.F.);
#3472=EDGE_CURVE('',#2529,#2443,#1397,.F.);
#3473=EDGE_CURVE('',#2716,#2719,#464,.T.);
#3474=EDGE_CURVE('',#2714,#2717,#465,.T.);
#3475=EDGE_CURVE('',#2718,#2715,#466,.T.);
#3476=EDGE_CURVE('',#2720,#2706,#32,.T.);
#3477=EDGE_CURVE('',#2706,#2532,#467,.T.);
#3478=EDGE_CURVE('',#2720,#2532,#33,.T.);
#3479=EDGE_CURVE('',#2708,#2714,#468,.T.);
#3480=EDGE_CURVE('',#2539,#2721,#34,.T.);
#3481=EDGE_CURVE('',#2721,#2705,#35,.T.);
#3482=EDGE_CURVE('',#2717,#2713,#469,.T.);
#3483=EDGE_CURVE('',#2539,#2705,#470,.T.);
#3484=EDGE_CURVE('',#2709,#2711,#471,.T.);
#3485=EDGE_CURVE('',#2712,#2710,#472,.T.);
#3486=EDGE_CURVE('',#2722,#2723,#473,.T.);
#3487=EDGE_CURVE('',#2724,#2722,#474,.T.);
#3488=EDGE_CURVE('',#2725,#2724,#36,.T.);
#3489=EDGE_CURVE('',#2726,#2725,#475,.T.);
#3490=EDGE_CURVE('',#2727,#2726,#2301,.T.);
#3491=EDGE_CURVE('',#2728,#2727,#2302,.T.);
#3492=EDGE_CURVE('',#2729,#2728,#2303,.T.);
#3493=EDGE_CURVE('',#2730,#2729,#476,.T.);
#3494=EDGE_CURVE('',#2731,#2730,#37,.T.);
#3495=EDGE_CURVE('',#2723,#2731,#477,.T.);
#3496=EDGE_CURVE('',#2732,#2733,#478,.T.);
#3497=EDGE_CURVE('',#2734,#2732,#479,.T.);
#3498=EDGE_CURVE('',#2735,#2734,#38,.T.);
#3499=EDGE_CURVE('',#2736,#2735,#480,.T.);
#3500=EDGE_CURVE('',#2737,#2736,#2304,.T.);
#3501=EDGE_CURVE('',#2738,#2737,#2305,.T.);
#3502=EDGE_CURVE('',#2739,#2738,#2306,.T.);
#3503=EDGE_CURVE('',#2740,#2739,#481,.T.);
#3504=EDGE_CURVE('',#2741,#2740,#39,.T.);
#3505=EDGE_CURVE('',#2733,#2741,#482,.T.);
#3506=EDGE_CURVE('',#2742,#2743,#483,.T.);
#3507=EDGE_CURVE('',#2743,#2744,#484,.T.);
#3508=EDGE_CURVE('',#2744,#2742,#485,.T.);
#3509=EDGE_CURVE('',#2745,#2746,#486,.T.);
#3510=EDGE_CURVE('',#2746,#2747,#487,.T.);
#3511=EDGE_CURVE('',#2747,#2745,#488,.T.);
#3512=EDGE_CURVE('',#2748,#2749,#489,.T.);
#3513=EDGE_CURVE('',#2749,#2750,#490,.T.);
#3514=EDGE_CURVE('',#2750,#2748,#491,.T.);
#3515=EDGE_CURVE('',#2751,#2752,#492,.T.);
#3516=EDGE_CURVE('',#2752,#2753,#493,.T.);
#3517=EDGE_CURVE('',#2753,#2754,#494,.T.);
#3518=EDGE_CURVE('',#2754,#2755,#495,.T.);
#3519=EDGE_CURVE('',#2755,#2751,#496,.T.);
#3520=EDGE_CURVE('',#2756,#2757,#497,.T.);
#3521=EDGE_CURVE('',#2757,#2758,#498,.T.);
#3522=EDGE_CURVE('',#2758,#2756,#499,.T.);
#3523=EDGE_CURVE('',#2759,#2760,#500,.T.);
#3524=EDGE_CURVE('',#2760,#2761,#501,.T.);
#3525=EDGE_CURVE('',#2761,#2759,#502,.T.);
#3526=EDGE_CURVE('',#2762,#2763,#503,.T.);
#3527=EDGE_CURVE('',#2763,#2764,#504,.T.);
#3528=EDGE_CURVE('',#2764,#2765,#505,.T.);
#3529=EDGE_CURVE('',#2765,#2762,#506,.T.);
#3530=EDGE_CURVE('',#2766,#2767,#507,.T.);
#3531=EDGE_CURVE('',#2767,#2768,#508,.T.);
#3532=EDGE_CURVE('',#2768,#2769,#509,.T.);
#3533=EDGE_CURVE('',#2769,#2766,#510,.T.);
#3534=EDGE_CURVE('',#2770,#2771,#511,.T.);
#3535=EDGE_CURVE('',#2771,#2772,#512,.T.);
#3536=EDGE_CURVE('',#2772,#2773,#513,.T.);
#3537=EDGE_CURVE('',#2773,#2770,#514,.T.);
#3538=EDGE_CURVE('',#2774,#2775,#515,.T.);
#3539=EDGE_CURVE('',#2775,#2776,#516,.T.);
#3540=EDGE_CURVE('',#2776,#2777,#517,.T.);
#3541=EDGE_CURVE('',#2777,#2774,#518,.T.);
#3542=EDGE_CURVE('',#2778,#2779,#519,.T.);
#3543=EDGE_CURVE('',#2779,#2780,#520,.T.);
#3544=EDGE_CURVE('',#2780,#2778,#521,.T.);
#3545=EDGE_CURVE('',#2781,#2782,#522,.T.);
#3546=EDGE_CURVE('',#2782,#2783,#523,.T.);
#3547=EDGE_CURVE('',#2783,#2784,#524,.T.);
#3548=EDGE_CURVE('',#2784,#2781,#525,.T.);
#3549=EDGE_CURVE('',#2785,#2786,#526,.T.);
#3550=EDGE_CURVE('',#2786,#2787,#527,.T.);
#3551=EDGE_CURVE('',#2787,#2785,#528,.T.);
#3552=EDGE_CURVE('',#2788,#2789,#529,.T.);
#3553=EDGE_CURVE('',#2789,#2790,#530,.T.);
#3554=EDGE_CURVE('',#2790,#2791,#531,.T.);
#3555=EDGE_CURVE('',#2791,#2788,#532,.T.);
#3556=EDGE_CURVE('',#2792,#2793,#533,.T.);
#3557=EDGE_CURVE('',#2793,#2794,#534,.T.);
#3558=EDGE_CURVE('',#2794,#2795,#535,.T.);
#3559=EDGE_CURVE('',#2795,#2792,#536,.T.);
#3560=EDGE_CURVE('',#2796,#2797,#537,.T.);
#3561=EDGE_CURVE('',#2797,#2798,#538,.T.);
#3562=EDGE_CURVE('',#2798,#2799,#539,.T.);
#3563=EDGE_CURVE('',#2799,#2796,#540,.T.);
#3564=EDGE_CURVE('',#2537,#2526,#541,.T.);
#3565=EDGE_CURVE('',#2536,#2525,#542,.T.);
#3566=EDGE_CURVE('',#2535,#2524,#543,.T.);
#3567=EDGE_CURVE('',#2581,#2577,#544,.T.);
#3568=EDGE_CURVE('',#2582,#2576,#545,.T.);
#3569=EDGE_CURVE('',#2583,#2575,#546,.T.);
#3570=EDGE_CURVE('',#2560,#2555,#547,.T.);
#3571=EDGE_CURVE('',#2561,#2554,#548,.T.);
#3572=EDGE_CURVE('',#2562,#2553,#549,.T.);
#3573=EDGE_CURVE('',#2800,#2801,#550,.T.);
#3574=EDGE_CURVE('',#2800,#2797,#551,.T.);
#3575=EDGE_CURVE('',#2801,#2796,#552,.T.);
#3576=EDGE_CURVE('',#2802,#2800,#553,.T.);
#3577=EDGE_CURVE('',#2802,#2798,#554,.T.);
#3578=EDGE_CURVE('',#2803,#2802,#555,.T.);
#3579=EDGE_CURVE('',#2803,#2799,#556,.T.);
#3580=EDGE_CURVE('',#2801,#2803,#557,.T.);
#3581=EDGE_CURVE('',#2804,#2805,#558,.T.);
#3582=EDGE_CURVE('',#2804,#2793,#559,.T.);
#3583=EDGE_CURVE('',#2805,#2792,#560,.T.);
#3584=EDGE_CURVE('',#2806,#2804,#561,.T.);
#3585=EDGE_CURVE('',#2806,#2794,#562,.T.);
#3586=EDGE_CURVE('',#2807,#2806,#563,.T.);
#3587=EDGE_CURVE('',#2807,#2795,#564,.T.);
#3588=EDGE_CURVE('',#2805,#2807,#565,.T.);
#3589=EDGE_CURVE('',#2808,#2809,#566,.T.);
#3590=EDGE_CURVE('',#2808,#2789,#567,.T.);
#3591=EDGE_CURVE('',#2809,#2788,#568,.T.);
#3592=EDGE_CURVE('',#2810,#2808,#569,.T.);
#3593=EDGE_CURVE('',#2810,#2790,#570,.T.);
#3594=EDGE_CURVE('',#2811,#2810,#571,.T.);
#3595=EDGE_CURVE('',#2811,#2791,#572,.T.);
#3596=EDGE_CURVE('',#2809,#2811,#573,.T.);
#3597=EDGE_CURVE('',#2812,#2813,#574,.T.);
#3598=EDGE_CURVE('',#2812,#2786,#575,.T.);
#3599=EDGE_CURVE('',#2813,#2785,#576,.T.);
#3600=EDGE_CURVE('',#2814,#2812,#577,.T.);
#3601=EDGE_CURVE('',#2814,#2787,#578,.T.);
#3602=EDGE_CURVE('',#2813,#2814,#579,.T.);
#3603=EDGE_CURVE('',#2815,#2816,#580,.T.);
#3604=EDGE_CURVE('',#2815,#2782,#581,.T.);
#3605=EDGE_CURVE('',#2816,#2781,#582,.T.);
#3606=EDGE_CURVE('',#2817,#2815,#583,.T.);
#3607=EDGE_CURVE('',#2817,#2783,#584,.T.);
#3608=EDGE_CURVE('',#2818,#2817,#585,.T.);
#3609=EDGE_CURVE('',#2818,#2784,#586,.T.);
#3610=EDGE_CURVE('',#2816,#2818,#587,.T.);
#3611=EDGE_CURVE('',#2819,#2820,#588,.T.);
#3612=EDGE_CURVE('',#2819,#2779,#589,.T.);
#3613=EDGE_CURVE('',#2820,#2778,#590,.T.);
#3614=EDGE_CURVE('',#2821,#2819,#591,.T.);
#3615=EDGE_CURVE('',#2821,#2780,#592,.T.);
#3616=EDGE_CURVE('',#2820,#2821,#593,.T.);
#3617=EDGE_CURVE('',#2822,#2823,#594,.T.);
#3618=EDGE_CURVE('',#2822,#2775,#595,.T.);
#3619=EDGE_CURVE('',#2823,#2774,#596,.T.);
#3620=EDGE_CURVE('',#2824,#2822,#597,.T.);
#3621=EDGE_CURVE('',#2824,#2776,#598,.T.);
#3622=EDGE_CURVE('',#2825,#2824,#599,.T.);
#3623=EDGE_CURVE('',#2825,#2777,#600,.T.);
#3624=EDGE_CURVE('',#2823,#2825,#601,.T.);
#3625=EDGE_CURVE('',#2826,#2827,#602,.T.);
#3626=EDGE_CURVE('',#2826,#2771,#603,.T.);
#3627=EDGE_CURVE('',#2827,#2770,#604,.T.);
#3628=EDGE_CURVE('',#2828,#2826,#605,.T.);
#3629=EDGE_CURVE('',#2828,#2772,#606,.T.);
#3630=EDGE_CURVE('',#2829,#2828,#607,.T.);
#3631=EDGE_CURVE('',#2829,#2773,#608,.T.);
#3632=EDGE_CURVE('',#2827,#2829,#609,.T.);
#3633=EDGE_CURVE('',#2830,#2831,#610,.T.);
#3634=EDGE_CURVE('',#2830,#2767,#611,.T.);
#3635=EDGE_CURVE('',#2831,#2766,#612,.T.);
#3636=EDGE_CURVE('',#2832,#2830,#613,.T.);
#3637=EDGE_CURVE('',#2832,#2768,#614,.T.);
#3638=EDGE_CURVE('',#2833,#2832,#615,.T.);
#3639=EDGE_CURVE('',#2833,#2769,#616,.T.);
#3640=EDGE_CURVE('',#2831,#2833,#617,.T.);
#3641=EDGE_CURVE('',#2834,#2835,#618,.T.);
#3642=EDGE_CURVE('',#2834,#2763,#619,.T.);
#3643=EDGE_CURVE('',#2835,#2762,#620,.T.);
#3644=EDGE_CURVE('',#2836,#2834,#621,.T.);
#3645=EDGE_CURVE('',#2836,#2764,#622,.T.);
#3646=EDGE_CURVE('',#2837,#2836,#623,.T.);
#3647=EDGE_CURVE('',#2837,#2765,#624,.T.);
#3648=EDGE_CURVE('',#2835,#2837,#625,.T.);
#3649=EDGE_CURVE('',#2838,#2839,#626,.T.);
#3650=EDGE_CURVE('',#2838,#2760,#627,.T.);
#3651=EDGE_CURVE('',#2839,#2759,#628,.T.);
#3652=EDGE_CURVE('',#2840,#2838,#629,.T.);
#3653=EDGE_CURVE('',#2840,#2761,#630,.T.);
#3654=EDGE_CURVE('',#2839,#2840,#631,.T.);
#3655=EDGE_CURVE('',#2841,#2842,#632,.T.);
#3656=EDGE_CURVE('',#2841,#2757,#633,.T.);
#3657=EDGE_CURVE('',#2842,#2756,#634,.T.);
#3658=EDGE_CURVE('',#2843,#2841,#635,.T.);
#3659=EDGE_CURVE('',#2843,#2758,#636,.T.);
#3660=EDGE_CURVE('',#2842,#2843,#637,.T.);
#3661=EDGE_CURVE('',#2844,#2845,#638,.T.);
#3662=EDGE_CURVE('',#2844,#2752,#639,.T.);
#3663=EDGE_CURVE('',#2845,#2751,#640,.T.);
#3664=EDGE_CURVE('',#2846,#2844,#641,.T.);
#3665=EDGE_CURVE('',#2846,#2753,#642,.T.);
#3666=EDGE_CURVE('',#2847,#2846,#643,.T.);
#3667=EDGE_CURVE('',#2847,#2754,#644,.T.);
#3668=EDGE_CURVE('',#2848,#2847,#645,.T.);
#3669=EDGE_CURVE('',#2848,#2755,#646,.T.);
#3670=EDGE_CURVE('',#2845,#2848,#647,.T.);
#3671=EDGE_CURVE('',#2849,#2850,#648,.T.);
#3672=EDGE_CURVE('',#2849,#2749,#649,.T.);
#3673=EDGE_CURVE('',#2850,#2748,#650,.T.);
#3674=EDGE_CURVE('',#2851,#2849,#651,.T.);
#3675=EDGE_CURVE('',#2851,#2750,#652,.T.);
#3676=EDGE_CURVE('',#2850,#2851,#653,.T.);
#3677=EDGE_CURVE('',#2852,#2853,#654,.T.);
#3678=EDGE_CURVE('',#2852,#2746,#655,.T.);
#3679=EDGE_CURVE('',#2853,#2745,#656,.T.);
#3680=EDGE_CURVE('',#2854,#2852,#657,.T.);
#3681=EDGE_CURVE('',#2854,#2747,#658,.T.);
#3682=EDGE_CURVE('',#2853,#2854,#659,.T.);
#3683=EDGE_CURVE('',#2855,#2856,#660,.T.);
#3684=EDGE_CURVE('',#2855,#2743,#661,.T.);
#3685=EDGE_CURVE('',#2856,#2742,#662,.T.);
#3686=EDGE_CURVE('',#2857,#2855,#663,.T.);
#3687=EDGE_CURVE('',#2857,#2744,#664,.T.);
#3688=EDGE_CURVE('',#2856,#2857,#665,.T.);
#3689=EDGE_CURVE('',#2741,#2679,#1398,.T.);
#3690=EDGE_CURVE('',#2680,#2740,#1399,.T.);
#3691=EDGE_CURVE('',#2733,#2858,#40,.F.);
#3692=EDGE_CURVE('',#2679,#2859,#666,.T.);
#3693=EDGE_CURVE('',#2858,#2859,#41,.F.);
#3694=EDGE_CURVE('',#2860,#2861,#2307,.F.);
#3695=EDGE_CURVE('',#2739,#2860,#1400,.T.);
#3696=EDGE_CURVE('',#2861,#2738,#1401,.T.);
#3697=EDGE_CURVE('',#2860,#2680,#667,.T.);
#3698=EDGE_CURVE('',#2862,#2863,#2308,.F.);
#3699=EDGE_CURVE('',#2737,#2862,#1402,.T.);
#3700=EDGE_CURVE('',#2863,#2736,#1403,.T.);
#3701=EDGE_CURVE('',#2862,#2861,#2309,.T.);
#3702=EDGE_CURVE('',#2864,#2684,#42,.F.);
#3703=EDGE_CURVE('',#2735,#2864,#1404,.T.);
#3704=EDGE_CURVE('',#2684,#2734,#1405,.T.);
#3705=EDGE_CURVE('',#2864,#2863,#668,.T.);
#3706=EDGE_CURVE('',#2865,#2685,#43,.T.);
#3707=EDGE_CURVE('',#2732,#2865,#44,.T.);
#3708=EDGE_CURVE('',#2670,#2866,#2310,.F.);
#3709=EDGE_CURVE('',#2866,#2864,#669,.T.);
#3710=EDGE_CURVE('',#2863,#2867,#2311,.T.);
#3711=EDGE_CURVE('',#2867,#2868,#1406,.T.);
#3712=EDGE_CURVE('',#2868,#2862,#2312,.T.);
#3713=EDGE_CURVE('',#2630,#2868,#2313,.T.);
#3714=EDGE_CURVE('',#2867,#2632,#2314,.T.);
#3715=EDGE_CURVE('',#2682,#2869,#1407,.T.);
#3716=EDGE_CURVE('',#2869,#2626,#2315,.T.);
#3717=EDGE_CURVE('',#2677,#2683,#2316,.T.);
#3718=EDGE_CURVE('',#2681,#2860,#2317,.T.);
#3719=EDGE_CURVE('',#2861,#2869,#2318,.T.);
#3720=EDGE_CURVE('',#2588,#2859,#670,.T.);
#3721=EDGE_CURVE('',#2725,#2703,#1408,.T.);
#3722=EDGE_CURVE('',#2700,#2724,#1409,.T.);
#3723=EDGE_CURVE('',#2870,#2871,#2319,.F.);
#3724=EDGE_CURVE('',#2727,#2870,#1410,.T.);
#3725=EDGE_CURVE('',#2871,#2726,#1411,.T.);
#3726=EDGE_CURVE('',#2872,#2728,#1412,.T.);
#3727=EDGE_CURVE('',#2873,#2872,#2320,.F.);
#3728=EDGE_CURVE('',#2729,#2873,#1413,.T.);
#3729=EDGE_CURVE('',#2698,#2874,#1414,.T.);
#3730=EDGE_CURVE('',#2874,#2642,#2321,.T.);
#3731=EDGE_CURVE('',#2695,#2699,#2322,.T.);
#3732=EDGE_CURVE('',#2697,#2873,#2323,.T.);
#3733=EDGE_CURVE('',#2872,#2874,#2324,.T.);
#3734=EDGE_CURVE('',#2731,#2623,#1415,.T.);
#3735=EDGE_CURVE('',#2696,#2730,#1416,.T.);
#3736=EDGE_CURVE('',#2723,#2875,#45,.F.);
#3737=EDGE_CURVE('',#2875,#2622,#46,.F.);
#3738=EDGE_CURVE('',#2873,#2696,#671,.T.);
#3739=EDGE_CURVE('',#2870,#2872,#2325,.T.);
#3740=EDGE_CURVE('',#2703,#2871,#672,.T.);
#3741=EDGE_CURVE('',#2871,#2876,#2326,.T.);
#3742=EDGE_CURVE('',#2876,#2877,#1417,.T.);
#3743=EDGE_CURVE('',#2877,#2870,#2327,.T.);
#3744=EDGE_CURVE('',#2646,#2877,#2328,.T.);
#3745=EDGE_CURVE('',#2876,#2648,#2329,.T.);
#3746=EDGE_CURVE('',#2878,#2701,#47,.T.);
#3747=EDGE_CURVE('',#2722,#2878,#48,.T.);
#3748=EDGE_CURVE('',#2874,#2877,#2330,.T.);
#3749=EDGE_CURVE('',#2858,#2865,#673,.T.);
#3750=EDGE_CURVE('',#2869,#2868,#2331,.T.);
#3751=EDGE_CURVE('',#2678,#2596,#674,.T.);
#3752=EDGE_CURVE('',#2666,#2640,#675,.T.);
#3753=EDGE_CURVE('',#2668,#2636,#49,.T.);
#3754=EDGE_CURVE('',#2866,#2634,#50,.T.);
#3755=EDGE_CURVE('',#2600,#2672,#676,.T.);
#3756=EDGE_CURVE('',#2875,#2878,#677,.T.);
#3757=EDGE_CURVE('',#2658,#2621,#678,.T.);
#3758=EDGE_CURVE('',#2641,#2601,#679,.T.);
#3759=ORIENTED_EDGE('',*,*,#2879,.F.);
#3760=ORIENTED_EDGE('',*,*,#2880,.T.);
#3761=ORIENTED_EDGE('',*,*,#2881,.F.);
#3762=ORIENTED_EDGE('',*,*,#2880,.F.);
#3763=ORIENTED_EDGE('',*,*,#2882,.T.);
#3764=ORIENTED_EDGE('',*,*,#2883,.F.);
#3765=ORIENTED_EDGE('',*,*,#2884,.F.);
#3766=ORIENTED_EDGE('',*,*,#2882,.F.);
#3767=ORIENTED_EDGE('',*,*,#2885,.T.);
#3768=ORIENTED_EDGE('',*,*,#2886,.T.);
#3769=ORIENTED_EDGE('',*,*,#2887,.F.);
#3770=ORIENTED_EDGE('',*,*,#2885,.F.);
#3771=ORIENTED_EDGE('',*,*,#2888,.T.);
#3772=ORIENTED_EDGE('',*,*,#2889,.F.);
#3773=ORIENTED_EDGE('',*,*,#2890,.T.);
#3774=ORIENTED_EDGE('',*,*,#2888,.F.);
#3775=ORIENTED_EDGE('',*,*,#2891,.T.);
#3776=ORIENTED_EDGE('',*,*,#2892,.F.);
#3777=ORIENTED_EDGE('',*,*,#2893,.F.);
#3778=ORIENTED_EDGE('',*,*,#2894,.F.);
#3779=ORIENTED_EDGE('',*,*,#2895,.T.);
#3780=ORIENTED_EDGE('',*,*,#2896,.F.);
#3781=ORIENTED_EDGE('',*,*,#2895,.F.);
#3782=ORIENTED_EDGE('',*,*,#2897,.T.);
#3783=ORIENTED_EDGE('',*,*,#2898,.F.);
#3784=ORIENTED_EDGE('',*,*,#2899,.F.);
#3785=ORIENTED_EDGE('',*,*,#2897,.F.);
#3786=ORIENTED_EDGE('',*,*,#2900,.T.);
#3787=ORIENTED_EDGE('',*,*,#2901,.T.);
#3788=ORIENTED_EDGE('',*,*,#2902,.F.);
#3789=ORIENTED_EDGE('',*,*,#2900,.F.);
#3790=ORIENTED_EDGE('',*,*,#2903,.T.);
#3791=ORIENTED_EDGE('',*,*,#2904,.F.);
#3792=ORIENTED_EDGE('',*,*,#2905,.T.);
#3793=ORIENTED_EDGE('',*,*,#2903,.F.);
#3794=ORIENTED_EDGE('',*,*,#2906,.T.);
#3795=ORIENTED_EDGE('',*,*,#2907,.F.);
#3796=ORIENTED_EDGE('',*,*,#2908,.F.);
#3797=ORIENTED_EDGE('',*,*,#2909,.F.);
#3798=ORIENTED_EDGE('',*,*,#2910,.T.);
#3799=ORIENTED_EDGE('',*,*,#2911,.F.);
#3800=ORIENTED_EDGE('',*,*,#2910,.F.);
#3801=ORIENTED_EDGE('',*,*,#2912,.T.);
#3802=ORIENTED_EDGE('',*,*,#2913,.F.);
#3803=ORIENTED_EDGE('',*,*,#2914,.F.);
#3804=ORIENTED_EDGE('',*,*,#2912,.F.);
#3805=ORIENTED_EDGE('',*,*,#2915,.T.);
#3806=ORIENTED_EDGE('',*,*,#2916,.T.);
#3807=ORIENTED_EDGE('',*,*,#2917,.F.);
#3808=ORIENTED_EDGE('',*,*,#2915,.F.);
#3809=ORIENTED_EDGE('',*,*,#2918,.T.);
#3810=ORIENTED_EDGE('',*,*,#2919,.F.);
#3811=ORIENTED_EDGE('',*,*,#2920,.T.);
#3812=ORIENTED_EDGE('',*,*,#2918,.F.);
#3813=ORIENTED_EDGE('',*,*,#2921,.T.);
#3814=ORIENTED_EDGE('',*,*,#2922,.F.);
#3815=ORIENTED_EDGE('',*,*,#2923,.F.);
#3816=ORIENTED_EDGE('',*,*,#2924,.F.);
#3817=ORIENTED_EDGE('',*,*,#2925,.T.);
#3818=ORIENTED_EDGE('',*,*,#2926,.F.);
#3819=ORIENTED_EDGE('',*,*,#2927,.F.);
#3820=ORIENTED_EDGE('',*,*,#2925,.F.);
#3821=ORIENTED_EDGE('',*,*,#2928,.T.);
#3822=ORIENTED_EDGE('',*,*,#2929,.F.);
#3823=ORIENTED_EDGE('',*,*,#2928,.F.);
#3824=ORIENTED_EDGE('',*,*,#2930,.T.);
#3825=ORIENTED_EDGE('',*,*,#2931,.F.);
#3826=ORIENTED_EDGE('',*,*,#2930,.F.);
#3827=ORIENTED_EDGE('',*,*,#2932,.T.);
#3828=ORIENTED_EDGE('',*,*,#2933,.F.);
#3829=ORIENTED_EDGE('',*,*,#2934,.F.);
#3830=ORIENTED_EDGE('',*,*,#2932,.F.);
#3831=ORIENTED_EDGE('',*,*,#2935,.T.);
#3832=ORIENTED_EDGE('',*,*,#2936,.T.);
#3833=ORIENTED_EDGE('',*,*,#2937,.F.);
#3834=ORIENTED_EDGE('',*,*,#2938,.F.);
#3835=ORIENTED_EDGE('',*,*,#2939,.T.);
#3836=ORIENTED_EDGE('',*,*,#2940,.T.);
#3837=ORIENTED_EDGE('',*,*,#2941,.F.);
#3838=ORIENTED_EDGE('',*,*,#2939,.F.);
#3839=ORIENTED_EDGE('',*,*,#2942,.T.);
#3840=ORIENTED_EDGE('',*,*,#2943,.F.);
#3841=ORIENTED_EDGE('',*,*,#2944,.T.);
#3842=ORIENTED_EDGE('',*,*,#2942,.F.);
#3843=ORIENTED_EDGE('',*,*,#2945,.T.);
#3844=ORIENTED_EDGE('',*,*,#2946,.T.);
#3845=ORIENTED_EDGE('',*,*,#2947,.F.);
#3846=ORIENTED_EDGE('',*,*,#2945,.F.);
#3847=ORIENTED_EDGE('',*,*,#2948,.T.);
#3848=ORIENTED_EDGE('',*,*,#2949,.F.);
#3849=ORIENTED_EDGE('',*,*,#2950,.T.);
#3850=ORIENTED_EDGE('',*,*,#2948,.F.);
#3851=ORIENTED_EDGE('',*,*,#2951,.T.);
#3852=ORIENTED_EDGE('',*,*,#2952,.T.);
#3853=ORIENTED_EDGE('',*,*,#2953,.F.);
#3854=ORIENTED_EDGE('',*,*,#2951,.F.);
#3855=ORIENTED_EDGE('',*,*,#2954,.T.);
#3856=ORIENTED_EDGE('',*,*,#2955,.F.);
#3857=ORIENTED_EDGE('',*,*,#2956,.T.);
#3858=ORIENTED_EDGE('',*,*,#2954,.F.);
#3859=ORIENTED_EDGE('',*,*,#2957,.T.);
#3860=ORIENTED_EDGE('',*,*,#2958,.T.);
#3861=ORIENTED_EDGE('',*,*,#2959,.F.);
#3862=ORIENTED_EDGE('',*,*,#2960,.F.);
#3863=ORIENTED_EDGE('',*,*,#2961,.T.);
#3864=ORIENTED_EDGE('',*,*,#2962,.T.);
#3865=ORIENTED_EDGE('',*,*,#2963,.F.);
#3866=ORIENTED_EDGE('',*,*,#2961,.F.);
#3867=ORIENTED_EDGE('',*,*,#2964,.T.);
#3868=ORIENTED_EDGE('',*,*,#2965,.F.);
#3869=ORIENTED_EDGE('',*,*,#2966,.T.);
#3870=ORIENTED_EDGE('',*,*,#2964,.F.);
#3871=ORIENTED_EDGE('',*,*,#2967,.T.);
#3872=ORIENTED_EDGE('',*,*,#2968,.T.);
#3873=ORIENTED_EDGE('',*,*,#2969,.F.);
#3874=ORIENTED_EDGE('',*,*,#2967,.F.);
#3875=ORIENTED_EDGE('',*,*,#2970,.T.);
#3876=ORIENTED_EDGE('',*,*,#2971,.F.);
#3877=ORIENTED_EDGE('',*,*,#2972,.T.);
#3878=ORIENTED_EDGE('',*,*,#2970,.F.);
#3879=ORIENTED_EDGE('',*,*,#2973,.T.);
#3880=ORIENTED_EDGE('',*,*,#2974,.T.);
#3881=ORIENTED_EDGE('',*,*,#2975,.F.);
#3882=ORIENTED_EDGE('',*,*,#2973,.F.);
#3883=ORIENTED_EDGE('',*,*,#2976,.T.);
#3884=ORIENTED_EDGE('',*,*,#2977,.F.);
#3885=ORIENTED_EDGE('',*,*,#2978,.T.);
#3886=ORIENTED_EDGE('',*,*,#2976,.F.);
#3887=ORIENTED_EDGE('',*,*,#2979,.T.);
#3888=ORIENTED_EDGE('',*,*,#2980,.T.);
#3889=ORIENTED_EDGE('',*,*,#2981,.F.);
#3890=ORIENTED_EDGE('',*,*,#2982,.F.);
#3891=ORIENTED_EDGE('',*,*,#2983,.T.);
#3892=ORIENTED_EDGE('',*,*,#2984,.T.);
#3893=ORIENTED_EDGE('',*,*,#2985,.F.);
#3894=ORIENTED_EDGE('',*,*,#2983,.F.);
#3895=ORIENTED_EDGE('',*,*,#2986,.T.);
#3896=ORIENTED_EDGE('',*,*,#2987,.F.);
#3897=ORIENTED_EDGE('',*,*,#2988,.T.);
#3898=ORIENTED_EDGE('',*,*,#2986,.F.);
#3899=ORIENTED_EDGE('',*,*,#2989,.T.);
#3900=ORIENTED_EDGE('',*,*,#2990,.T.);
#3901=ORIENTED_EDGE('',*,*,#2991,.F.);
#3902=ORIENTED_EDGE('',*,*,#2989,.F.);
#3903=ORIENTED_EDGE('',*,*,#2992,.T.);
#3904=ORIENTED_EDGE('',*,*,#2993,.F.);
#3905=ORIENTED_EDGE('',*,*,#2994,.T.);
#3906=ORIENTED_EDGE('',*,*,#2992,.F.);
#3907=ORIENTED_EDGE('',*,*,#2995,.T.);
#3908=ORIENTED_EDGE('',*,*,#2996,.T.);
#3909=ORIENTED_EDGE('',*,*,#2997,.F.);
#3910=ORIENTED_EDGE('',*,*,#2995,.F.);
#3911=ORIENTED_EDGE('',*,*,#2998,.T.);
#3912=ORIENTED_EDGE('',*,*,#2999,.F.);
#3913=ORIENTED_EDGE('',*,*,#3000,.T.);
#3914=ORIENTED_EDGE('',*,*,#2998,.F.);
#3915=ORIENTED_EDGE('',*,*,#3001,.T.);
#3916=ORIENTED_EDGE('',*,*,#3002,.T.);
#3917=ORIENTED_EDGE('',*,*,#3003,.F.);
#3918=ORIENTED_EDGE('',*,*,#3004,.F.);
#3919=ORIENTED_EDGE('',*,*,#3005,.T.);
#3920=ORIENTED_EDGE('',*,*,#3006,.T.);
#3921=ORIENTED_EDGE('',*,*,#3007,.F.);
#3922=ORIENTED_EDGE('',*,*,#3005,.F.);
#3923=ORIENTED_EDGE('',*,*,#3008,.T.);
#3924=ORIENTED_EDGE('',*,*,#3009,.F.);
#3925=ORIENTED_EDGE('',*,*,#3010,.T.);
#3926=ORIENTED_EDGE('',*,*,#3008,.F.);
#3927=ORIENTED_EDGE('',*,*,#3011,.T.);
#3928=ORIENTED_EDGE('',*,*,#3012,.T.);
#3929=ORIENTED_EDGE('',*,*,#3013,.F.);
#3930=ORIENTED_EDGE('',*,*,#3011,.F.);
#3931=ORIENTED_EDGE('',*,*,#3014,.T.);
#3932=ORIENTED_EDGE('',*,*,#3015,.F.);
#3933=ORIENTED_EDGE('',*,*,#3016,.T.);
#3934=ORIENTED_EDGE('',*,*,#3014,.F.);
#3935=ORIENTED_EDGE('',*,*,#3017,.T.);
#3936=ORIENTED_EDGE('',*,*,#3018,.T.);
#3937=ORIENTED_EDGE('',*,*,#3019,.F.);
#3938=ORIENTED_EDGE('',*,*,#3017,.F.);
#3939=ORIENTED_EDGE('',*,*,#3020,.T.);
#3940=ORIENTED_EDGE('',*,*,#3021,.F.);
#3941=ORIENTED_EDGE('',*,*,#3022,.T.);
#3942=ORIENTED_EDGE('',*,*,#3020,.F.);
#3943=ORIENTED_EDGE('',*,*,#3023,.T.);
#3944=ORIENTED_EDGE('',*,*,#3024,.T.);
#3945=ORIENTED_EDGE('',*,*,#3025,.F.);
#3946=ORIENTED_EDGE('',*,*,#3004,.T.);
#3947=ORIENTED_EDGE('',*,*,#3026,.F.);
#3948=ORIENTED_EDGE('',*,*,#3027,.T.);
#3949=ORIENTED_EDGE('',*,*,#3023,.F.);
#3950=ORIENTED_EDGE('',*,*,#2982,.T.);
#3951=ORIENTED_EDGE('',*,*,#3028,.F.);
#3952=ORIENTED_EDGE('',*,*,#3029,.T.);
#3953=ORIENTED_EDGE('',*,*,#3001,.F.);
#3954=ORIENTED_EDGE('',*,*,#3026,.T.);
#3955=ORIENTED_EDGE('',*,*,#3007,.T.);
#3956=ORIENTED_EDGE('',*,*,#3030,.T.);
#3957=ORIENTED_EDGE('',*,*,#2987,.T.);
#3958=ORIENTED_EDGE('',*,*,#2991,.T.);
#3959=ORIENTED_EDGE('',*,*,#3031,.T.);
#3960=ORIENTED_EDGE('',*,*,#2960,.T.);
#3961=ORIENTED_EDGE('',*,*,#3032,.F.);
#3962=ORIENTED_EDGE('',*,*,#3033,.T.);
#3963=ORIENTED_EDGE('',*,*,#2979,.F.);
#3964=ORIENTED_EDGE('',*,*,#3032,.T.);
#3965=ORIENTED_EDGE('',*,*,#2963,.T.);
#3966=ORIENTED_EDGE('',*,*,#3034,.T.);
#3967=ORIENTED_EDGE('',*,*,#3009,.T.);
#3968=ORIENTED_EDGE('',*,*,#3013,.T.);
#3969=ORIENTED_EDGE('',*,*,#3035,.T.);
#3970=ORIENTED_EDGE('',*,*,#3015,.T.);
#3971=ORIENTED_EDGE('',*,*,#3019,.T.);
#3972=ORIENTED_EDGE('',*,*,#3036,.T.);
#3973=ORIENTED_EDGE('',*,*,#2977,.T.);
#3974=ORIENTED_EDGE('',*,*,#2981,.T.);
#3975=ORIENTED_EDGE('',*,*,#3037,.T.);
#3976=ORIENTED_EDGE('',*,*,#2938,.T.);
#3977=ORIENTED_EDGE('',*,*,#3038,.F.);
#3978=ORIENTED_EDGE('',*,*,#3039,.T.);
#3979=ORIENTED_EDGE('',*,*,#2957,.F.);
#3980=ORIENTED_EDGE('',*,*,#3028,.T.);
#3981=ORIENTED_EDGE('',*,*,#2985,.T.);
#3982=ORIENTED_EDGE('',*,*,#3040,.T.);
#3983=ORIENTED_EDGE('',*,*,#2955,.T.);
#3984=ORIENTED_EDGE('',*,*,#2959,.T.);
#3985=ORIENTED_EDGE('',*,*,#3041,.T.);
#3986=ORIENTED_EDGE('',*,*,#2949,.T.);
#3987=ORIENTED_EDGE('',*,*,#2953,.T.);
#3988=ORIENTED_EDGE('',*,*,#3042,.T.);
#3989=ORIENTED_EDGE('',*,*,#2965,.T.);
#3990=ORIENTED_EDGE('',*,*,#2969,.T.);
#3991=ORIENTED_EDGE('',*,*,#3043,.T.);
#3992=ORIENTED_EDGE('',*,*,#2971,.T.);
#3993=ORIENTED_EDGE('',*,*,#2975,.T.);
#3994=ORIENTED_EDGE('',*,*,#3044,.T.);
#3995=ORIENTED_EDGE('',*,*,#2943,.T.);
#3996=ORIENTED_EDGE('',*,*,#2947,.T.);
#3997=ORIENTED_EDGE('',*,*,#3045,.T.);
#3998=ORIENTED_EDGE('',*,*,#3038,.T.);
#3999=ORIENTED_EDGE('',*,*,#2941,.T.);
#4000=ORIENTED_EDGE('',*,*,#3046,.T.);
#4001=ORIENTED_EDGE('',*,*,#2999,.T.);
#4002=ORIENTED_EDGE('',*,*,#3003,.T.);
#4003=ORIENTED_EDGE('',*,*,#3047,.T.);
#4004=ORIENTED_EDGE('',*,*,#2993,.T.);
#4005=ORIENTED_EDGE('',*,*,#2997,.T.);
#4006=ORIENTED_EDGE('',*,*,#3048,.T.);
#4007=ORIENTED_EDGE('',*,*,#3021,.T.);
#4008=ORIENTED_EDGE('',*,*,#3025,.T.);
#4009=ORIENTED_EDGE('',*,*,#3049,.T.);
#4010=ORIENTED_EDGE('',*,*,#2994,.F.);
#4011=ORIENTED_EDGE('',*,*,#3049,.F.);
#4012=ORIENTED_EDGE('',*,*,#3024,.F.);
#4013=ORIENTED_EDGE('',*,*,#3027,.F.);
#4014=ORIENTED_EDGE('',*,*,#3031,.F.);
#4015=ORIENTED_EDGE('',*,*,#2990,.F.);
#4016=ORIENTED_EDGE('',*,*,#3033,.F.);
#4017=ORIENTED_EDGE('',*,*,#3035,.F.);
#4018=ORIENTED_EDGE('',*,*,#3012,.F.);
#4019=ORIENTED_EDGE('',*,*,#3016,.F.);
#4020=ORIENTED_EDGE('',*,*,#3037,.F.);
#4021=ORIENTED_EDGE('',*,*,#2980,.F.);
#4022=ORIENTED_EDGE('',*,*,#3039,.F.);
#4023=ORIENTED_EDGE('',*,*,#3047,.F.);
#4024=ORIENTED_EDGE('',*,*,#3002,.F.);
#4025=ORIENTED_EDGE('',*,*,#3029,.F.);
#4026=ORIENTED_EDGE('',*,*,#3041,.F.);
#4027=ORIENTED_EDGE('',*,*,#2958,.F.);
#4028=ORIENTED_EDGE('',*,*,#2950,.F.);
#4029=ORIENTED_EDGE('',*,*,#3043,.F.);
#4030=ORIENTED_EDGE('',*,*,#2968,.F.);
#4031=ORIENTED_EDGE('',*,*,#2972,.F.);
#4032=ORIENTED_EDGE('',*,*,#3045,.F.);
#4033=ORIENTED_EDGE('',*,*,#2946,.F.);
#4034=ORIENTED_EDGE('',*,*,#3050,.F.);
#4035=ORIENTED_EDGE('',*,*,#3051,.F.);
#4036=ORIENTED_EDGE('',*,*,#3052,.F.);
#4037=ORIENTED_EDGE('',*,*,#3053,.F.);
#4038=ORIENTED_EDGE('',*,*,#2956,.F.);
#4039=ORIENTED_EDGE('',*,*,#3040,.F.);
#4040=ORIENTED_EDGE('',*,*,#2984,.F.);
#4041=ORIENTED_EDGE('',*,*,#2988,.F.);
#4042=ORIENTED_EDGE('',*,*,#3030,.F.);
#4043=ORIENTED_EDGE('',*,*,#3006,.F.);
#4044=ORIENTED_EDGE('',*,*,#3010,.F.);
#4045=ORIENTED_EDGE('',*,*,#3034,.F.);
#4046=ORIENTED_EDGE('',*,*,#2962,.F.);
#4047=ORIENTED_EDGE('',*,*,#2966,.F.);
#4048=ORIENTED_EDGE('',*,*,#3042,.F.);
#4049=ORIENTED_EDGE('',*,*,#2952,.F.);
#4050=ORIENTED_EDGE('',*,*,#3054,.T.);
#4051=ORIENTED_EDGE('',*,*,#3055,.F.);
#4052=ORIENTED_EDGE('',*,*,#3056,.T.);
#4053=ORIENTED_EDGE('',*,*,#3057,.F.);
#4054=ORIENTED_EDGE('',*,*,#3058,.T.);
#4055=ORIENTED_EDGE('',*,*,#3059,.F.);
#4056=ORIENTED_EDGE('',*,*,#3060,.T.);
#4057=ORIENTED_EDGE('',*,*,#3061,.T.);
#4058=ORIENTED_EDGE('',*,*,#2944,.F.);
#4059=ORIENTED_EDGE('',*,*,#3044,.F.);
#4060=ORIENTED_EDGE('',*,*,#2974,.F.);
#4061=ORIENTED_EDGE('',*,*,#2978,.F.);
#4062=ORIENTED_EDGE('',*,*,#3036,.F.);
#4063=ORIENTED_EDGE('',*,*,#3018,.F.);
#4064=ORIENTED_EDGE('',*,*,#3022,.F.);
#4065=ORIENTED_EDGE('',*,*,#3048,.F.);
#4066=ORIENTED_EDGE('',*,*,#2996,.F.);
#4067=ORIENTED_EDGE('',*,*,#3000,.F.);
#4068=ORIENTED_EDGE('',*,*,#3046,.F.);
#4069=ORIENTED_EDGE('',*,*,#2940,.F.);
#4070=ORIENTED_EDGE('',*,*,#3062,.T.);
#4071=ORIENTED_EDGE('',*,*,#3063,.F.);
#4072=ORIENTED_EDGE('',*,*,#3064,.T.);
#4073=ORIENTED_EDGE('',*,*,#3065,.T.);
#4074=ORIENTED_EDGE('',*,*,#3064,.F.);
#4075=ORIENTED_EDGE('',*,*,#3066,.T.);
#4076=ORIENTED_EDGE('',*,*,#3067,.T.);
#4077=ORIENTED_EDGE('',*,*,#3068,.T.);
#4078=ORIENTED_EDGE('',*,*,#3069,.T.);
#4079=ORIENTED_EDGE('',*,*,#3070,.F.);
#4080=ORIENTED_EDGE('',*,*,#3071,.T.);
#4081=ORIENTED_EDGE('',*,*,#3072,.T.);
#4082=ORIENTED_EDGE('',*,*,#3073,.T.);
#4083=ORIENTED_EDGE('',*,*,#3074,.T.);
#4084=ORIENTED_EDGE('',*,*,#3065,.F.);
#4085=ORIENTED_EDGE('',*,*,#3068,.F.);
#4086=ORIENTED_EDGE('',*,*,#3075,.T.);
#4087=ORIENTED_EDGE('',*,*,#3076,.F.);
#4088=ORIENTED_EDGE('',*,*,#3077,.T.);
#4089=ORIENTED_EDGE('',*,*,#3078,.F.);
#4090=ORIENTED_EDGE('',*,*,#3079,.T.);
#4091=ORIENTED_EDGE('',*,*,#3080,.T.);
#4092=ORIENTED_EDGE('',*,*,#3077,.F.);
#4093=ORIENTED_EDGE('',*,*,#3081,.T.);
#4094=ORIENTED_EDGE('',*,*,#3082,.T.);
#4095=ORIENTED_EDGE('',*,*,#3083,.T.);
#4096=ORIENTED_EDGE('',*,*,#3084,.T.);
#4097=ORIENTED_EDGE('',*,*,#3085,.F.);
#4098=ORIENTED_EDGE('',*,*,#3086,.F.);
#4099=ORIENTED_EDGE('',*,*,#3087,.T.);
#4100=ORIENTED_EDGE('',*,*,#3088,.T.);
#4101=ORIENTED_EDGE('',*,*,#3089,.F.);
#4102=ORIENTED_EDGE('',*,*,#2926,.T.);
#4103=ORIENTED_EDGE('',*,*,#2929,.T.);
#4104=ORIENTED_EDGE('',*,*,#2931,.T.);
#4105=ORIENTED_EDGE('',*,*,#2934,.T.);
#4106=ORIENTED_EDGE('',*,*,#2924,.T.);
#4107=ORIENTED_EDGE('',*,*,#3090,.F.);
#4108=ORIENTED_EDGE('',*,*,#3091,.T.);
#4109=ORIENTED_EDGE('',*,*,#2935,.F.);
#4110=ORIENTED_EDGE('',*,*,#3092,.T.);
#4111=ORIENTED_EDGE('',*,*,#3093,.F.);
#4112=ORIENTED_EDGE('',*,*,#3094,.F.);
#4113=ORIENTED_EDGE('',*,*,#3095,.T.);
#4114=ORIENTED_EDGE('',*,*,#3096,.F.);
#4115=ORIENTED_EDGE('',*,*,#3097,.T.);
#4116=ORIENTED_EDGE('',*,*,#3098,.T.);
#4117=ORIENTED_EDGE('',*,*,#3093,.T.);
#4118=ORIENTED_EDGE('',*,*,#3099,.F.);
#4119=ORIENTED_EDGE('',*,*,#2907,.T.);
#4120=ORIENTED_EDGE('',*,*,#3100,.T.);
#4121=ORIENTED_EDGE('',*,*,#2896,.T.);
#4122=ORIENTED_EDGE('',*,*,#2899,.T.);
#4123=ORIENTED_EDGE('',*,*,#3101,.F.);
#4124=ORIENTED_EDGE('',*,*,#3076,.T.);
#4125=ORIENTED_EDGE('',*,*,#3102,.T.);
#4126=ORIENTED_EDGE('',*,*,#3103,.F.);
#4127=ORIENTED_EDGE('',*,*,#3104,.T.);
#4128=ORIENTED_EDGE('',*,*,#3105,.T.);
#4129=ORIENTED_EDGE('',*,*,#3104,.F.);
#4130=ORIENTED_EDGE('',*,*,#3106,.T.);
#4131=ORIENTED_EDGE('',*,*,#3107,.T.);
#4132=ORIENTED_EDGE('',*,*,#3108,.T.);
#4133=ORIENTED_EDGE('',*,*,#3080,.F.);
#4134=ORIENTED_EDGE('',*,*,#3109,.T.);
#4135=ORIENTED_EDGE('',*,*,#3105,.F.);
#4136=ORIENTED_EDGE('',*,*,#3108,.F.);
#4137=ORIENTED_EDGE('',*,*,#3110,.T.);
#4138=ORIENTED_EDGE('',*,*,#3081,.F.);
#4139=ORIENTED_EDGE('',*,*,#3111,.T.);
#4140=ORIENTED_EDGE('',*,*,#3112,.F.);
#4141=ORIENTED_EDGE('',*,*,#3113,.T.);
#4142=ORIENTED_EDGE('',*,*,#3114,.T.);
#4143=ORIENTED_EDGE('',*,*,#3111,.F.);
#4144=ORIENTED_EDGE('',*,*,#3115,.T.);
#4145=ORIENTED_EDGE('',*,*,#3116,.T.);
#4146=ORIENTED_EDGE('',*,*,#3117,.T.);
#4147=ORIENTED_EDGE('',*,*,#3118,.T.);
#4148=ORIENTED_EDGE('',*,*,#3119,.F.);
#4149=ORIENTED_EDGE('',*,*,#3120,.F.);
#4150=ORIENTED_EDGE('',*,*,#3121,.T.);
#4151=ORIENTED_EDGE('',*,*,#3122,.T.);
#4152=ORIENTED_EDGE('',*,*,#3123,.F.);
#4153=ORIENTED_EDGE('',*,*,#2922,.T.);
#4154=ORIENTED_EDGE('',*,*,#3124,.T.);
#4155=ORIENTED_EDGE('',*,*,#2911,.T.);
#4156=ORIENTED_EDGE('',*,*,#2914,.T.);
#4157=ORIENTED_EDGE('',*,*,#2909,.T.);
#4158=ORIENTED_EDGE('',*,*,#3124,.F.);
#4159=ORIENTED_EDGE('',*,*,#2921,.F.);
#4160=ORIENTED_EDGE('',*,*,#3125,.T.);
#4161=ORIENTED_EDGE('',*,*,#3126,.F.);
#4162=ORIENTED_EDGE('',*,*,#3127,.F.);
#4163=ORIENTED_EDGE('',*,*,#3128,.F.);
#4164=ORIENTED_EDGE('',*,*,#2892,.T.);
#4165=ORIENTED_EDGE('',*,*,#3129,.T.);
#4166=ORIENTED_EDGE('',*,*,#2881,.T.);
#4167=ORIENTED_EDGE('',*,*,#2884,.T.);
#4168=ORIENTED_EDGE('',*,*,#3130,.F.);
#4169=ORIENTED_EDGE('',*,*,#3131,.T.);
#4170=ORIENTED_EDGE('',*,*,#3132,.T.);
#4171=ORIENTED_EDGE('',*,*,#3088,.F.);
#4172=ORIENTED_EDGE('',*,*,#3133,.T.);
#4173=ORIENTED_EDGE('',*,*,#3131,.F.);
#4174=ORIENTED_EDGE('',*,*,#3134,.T.);
#4175=ORIENTED_EDGE('',*,*,#3135,.F.);
#4176=ORIENTED_EDGE('',*,*,#3136,.T.);
#4177=ORIENTED_EDGE('',*,*,#3137,.T.);
#4178=ORIENTED_EDGE('',*,*,#3136,.F.);
#4179=ORIENTED_EDGE('',*,*,#3138,.T.);
#4180=ORIENTED_EDGE('',*,*,#3139,.T.);
#4181=ORIENTED_EDGE('',*,*,#3140,.T.);
#4182=ORIENTED_EDGE('',*,*,#3114,.F.);
#4183=ORIENTED_EDGE('',*,*,#3141,.T.);
#4184=ORIENTED_EDGE('',*,*,#3137,.F.);
#4185=ORIENTED_EDGE('',*,*,#3140,.F.);
#4186=ORIENTED_EDGE('',*,*,#3142,.T.);
#4187=ORIENTED_EDGE('',*,*,#3115,.F.);
#4188=ORIENTED_EDGE('',*,*,#3143,.T.);
#4189=ORIENTED_EDGE('',*,*,#3144,.F.);
#4190=ORIENTED_EDGE('',*,*,#3145,.T.);
#4191=ORIENTED_EDGE('',*,*,#3146,.T.);
#4192=ORIENTED_EDGE('',*,*,#3143,.F.);
#4193=ORIENTED_EDGE('',*,*,#3147,.T.);
#4194=ORIENTED_EDGE('',*,*,#3148,.T.);
#4195=ORIENTED_EDGE('',*,*,#3149,.T.);
#4196=ORIENTED_EDGE('',*,*,#3150,.T.);
#4197=ORIENTED_EDGE('',*,*,#3151,.T.);
#4198=ORIENTED_EDGE('',*,*,#3152,.F.);
#4199=ORIENTED_EDGE('',*,*,#3153,.T.);
#4200=ORIENTED_EDGE('',*,*,#3154,.T.);
#4201=ORIENTED_EDGE('',*,*,#3155,.T.);
#4202=ORIENTED_EDGE('',*,*,#3156,.F.);
#4203=ORIENTED_EDGE('',*,*,#3151,.F.);
#4204=ORIENTED_EDGE('',*,*,#3157,.T.);
#4205=ORIENTED_EDGE('',*,*,#3086,.T.);
#4206=ORIENTED_EDGE('',*,*,#3158,.F.);
#4207=ORIENTED_EDGE('',*,*,#3159,.T.);
#4208=ORIENTED_EDGE('',*,*,#3160,.T.);
#4209=ORIENTED_EDGE('',*,*,#3161,.T.);
#4210=ORIENTED_EDGE('',*,*,#3073,.F.);
#4211=ORIENTED_EDGE('',*,*,#3162,.F.);
#4212=ORIENTED_EDGE('',*,*,#3159,.F.);
#4213=ORIENTED_EDGE('',*,*,#3163,.T.);
#4214=ORIENTED_EDGE('',*,*,#3054,.F.);
#4215=ORIENTED_EDGE('',*,*,#3164,.T.);
#4216=ORIENTED_EDGE('',*,*,#3165,.F.);
#4217=ORIENTED_EDGE('',*,*,#3166,.F.);
#4218=ORIENTED_EDGE('',*,*,#3055,.T.);
#4219=ORIENTED_EDGE('',*,*,#3163,.F.);
#4220=ORIENTED_EDGE('',*,*,#3167,.F.);
#4221=ORIENTED_EDGE('',*,*,#3168,.F.);
#4222=ORIENTED_EDGE('',*,*,#3169,.F.);
#4223=ORIENTED_EDGE('',*,*,#3071,.F.);
#4224=ORIENTED_EDGE('',*,*,#3170,.T.);
#4225=ORIENTED_EDGE('',*,*,#3056,.F.);
#4226=ORIENTED_EDGE('',*,*,#3166,.T.);
#4227=ORIENTED_EDGE('',*,*,#3171,.T.);
#4228=ORIENTED_EDGE('',*,*,#3063,.T.);
#4229=ORIENTED_EDGE('',*,*,#3162,.T.);
#4230=ORIENTED_EDGE('',*,*,#3072,.F.);
#4231=ORIENTED_EDGE('',*,*,#3165,.T.);
#4232=ORIENTED_EDGE('',*,*,#3158,.T.);
#4233=ORIENTED_EDGE('',*,*,#3085,.T.);
#4234=ORIENTED_EDGE('',*,*,#3078,.T.);
#4235=ORIENTED_EDGE('',*,*,#3172,.T.);
#4236=ORIENTED_EDGE('',*,*,#3173,.T.);
#4237=ORIENTED_EDGE('',*,*,#3171,.F.);
#4238=ORIENTED_EDGE('',*,*,#3174,.T.);
#4239=ORIENTED_EDGE('',*,*,#3066,.F.);
#4240=ORIENTED_EDGE('',*,*,#3083,.F.);
#4241=ORIENTED_EDGE('',*,*,#3175,.T.);
#4242=ORIENTED_EDGE('',*,*,#3172,.F.);
#4243=ORIENTED_EDGE('',*,*,#3099,.T.);
#4244=ORIENTED_EDGE('',*,*,#3075,.F.);
#4245=ORIENTED_EDGE('',*,*,#3067,.F.);
#4246=ORIENTED_EDGE('',*,*,#3176,.F.);
#4247=ORIENTED_EDGE('',*,*,#3177,.F.);
#4248=ORIENTED_EDGE('',*,*,#3178,.F.);
#4249=ORIENTED_EDGE('',*,*,#3179,.F.);
#4250=ORIENTED_EDGE('',*,*,#3180,.F.);
#4251=ORIENTED_EDGE('',*,*,#3121,.F.);
#4252=ORIENTED_EDGE('',*,*,#3181,.F.);
#4253=ORIENTED_EDGE('',*,*,#3128,.T.);
#4254=ORIENTED_EDGE('',*,*,#3133,.F.);
#4255=ORIENTED_EDGE('',*,*,#3087,.F.);
#4256=ORIENTED_EDGE('',*,*,#3182,.F.);
#4257=ORIENTED_EDGE('',*,*,#3174,.F.);
#4258=ORIENTED_EDGE('',*,*,#3183,.T.);
#4259=ORIENTED_EDGE('',*,*,#3184,.T.);
#4260=ORIENTED_EDGE('',*,*,#3176,.T.);
#4261=ORIENTED_EDGE('',*,*,#3173,.F.);
#4262=ORIENTED_EDGE('',*,*,#3185,.F.);
#4263=ORIENTED_EDGE('',*,*,#3186,.F.);
#4264=ORIENTED_EDGE('',*,*,#3183,.F.);
#4265=ORIENTED_EDGE('',*,*,#3187,.T.);
#4266=ORIENTED_EDGE('',*,*,#3188,.T.);
#4267=ORIENTED_EDGE('',*,*,#3189,.T.);
#4268=ORIENTED_EDGE('',*,*,#3175,.F.);
#4269=ORIENTED_EDGE('',*,*,#3190,.T.);
#4270=ORIENTED_EDGE('',*,*,#3191,.T.);
#4271=ORIENTED_EDGE('',*,*,#3185,.T.);
#4272=ORIENTED_EDGE('',*,*,#3082,.F.);
#4273=ORIENTED_EDGE('',*,*,#3110,.F.);
#4274=ORIENTED_EDGE('',*,*,#3107,.F.);
#4275=ORIENTED_EDGE('',*,*,#3192,.F.);
#4276=ORIENTED_EDGE('',*,*,#3116,.F.);
#4277=ORIENTED_EDGE('',*,*,#3142,.F.);
#4278=ORIENTED_EDGE('',*,*,#3139,.F.);
#4279=ORIENTED_EDGE('',*,*,#3193,.F.);
#4280=ORIENTED_EDGE('',*,*,#3148,.F.);
#4281=ORIENTED_EDGE('',*,*,#3194,.F.);
#4282=ORIENTED_EDGE('',*,*,#3195,.F.);
#4283=ORIENTED_EDGE('',*,*,#3196,.F.);
#4284=ORIENTED_EDGE('',*,*,#3197,.F.);
#4285=ORIENTED_EDGE('',*,*,#3190,.F.);
#4286=ORIENTED_EDGE('',*,*,#3198,.T.);
#4287=ORIENTED_EDGE('',*,*,#3199,.F.);
#4288=ORIENTED_EDGE('',*,*,#3200,.T.);
#4289=ORIENTED_EDGE('',*,*,#3201,.T.);
#4290=ORIENTED_EDGE('',*,*,#3202,.T.);
#4291=ORIENTED_EDGE('',*,*,#3203,.T.);
#4292=ORIENTED_EDGE('',*,*,#3204,.T.);
#4293=ORIENTED_EDGE('',*,*,#3205,.F.);
#4294=ORIENTED_EDGE('',*,*,#3206,.T.);
#4295=ORIENTED_EDGE('',*,*,#3207,.T.);
#4296=ORIENTED_EDGE('',*,*,#3208,.T.);
#4297=ORIENTED_EDGE('',*,*,#3202,.F.);
#4298=ORIENTED_EDGE('',*,*,#3209,.F.);
#4299=ORIENTED_EDGE('',*,*,#3206,.F.);
#4300=ORIENTED_EDGE('',*,*,#3210,.T.);
#4301=ORIENTED_EDGE('',*,*,#3097,.F.);
#4302=ORIENTED_EDGE('',*,*,#3211,.T.);
#4303=ORIENTED_EDGE('',*,*,#3212,.F.);
#4304=ORIENTED_EDGE('',*,*,#3213,.F.);
#4305=ORIENTED_EDGE('',*,*,#3214,.F.);
#4306=ORIENTED_EDGE('',*,*,#3210,.F.);
#4307=ORIENTED_EDGE('',*,*,#3215,.F.);
#4308=ORIENTED_EDGE('',*,*,#3216,.F.);
#4309=ORIENTED_EDGE('',*,*,#3217,.F.);
#4310=ORIENTED_EDGE('',*,*,#3200,.F.);
#4311=ORIENTED_EDGE('',*,*,#3218,.T.);
#4312=ORIENTED_EDGE('',*,*,#3219,.F.);
#4313=ORIENTED_EDGE('',*,*,#3213,.T.);
#4314=ORIENTED_EDGE('',*,*,#3220,.T.);
#4315=ORIENTED_EDGE('',*,*,#3120,.T.);
#4316=ORIENTED_EDGE('',*,*,#3221,.F.);
#4317=ORIENTED_EDGE('',*,*,#3219,.T.);
#4318=ORIENTED_EDGE('',*,*,#3222,.T.);
#4319=ORIENTED_EDGE('',*,*,#3094,.T.);
#4320=ORIENTED_EDGE('',*,*,#3098,.F.);
#4321=ORIENTED_EDGE('',*,*,#3214,.T.);
#4322=ORIENTED_EDGE('',*,*,#3221,.T.);
#4323=ORIENTED_EDGE('',*,*,#3119,.T.);
#4324=ORIENTED_EDGE('',*,*,#3112,.T.);
#4325=ORIENTED_EDGE('',*,*,#3223,.T.);
#4326=ORIENTED_EDGE('',*,*,#3224,.T.);
#4327=ORIENTED_EDGE('',*,*,#3090,.T.);
#4328=ORIENTED_EDGE('',*,*,#2927,.T.);
#4329=ORIENTED_EDGE('',*,*,#2894,.T.);
#4330=ORIENTED_EDGE('',*,*,#3100,.F.);
#4331=ORIENTED_EDGE('',*,*,#2906,.F.);
#4332=ORIENTED_EDGE('',*,*,#2933,.T.);
#4333=ORIENTED_EDGE('',*,*,#2937,.T.);
#4334=ORIENTED_EDGE('',*,*,#3225,.T.);
#4335=ORIENTED_EDGE('',*,*,#2904,.T.);
#4336=ORIENTED_EDGE('',*,*,#2908,.T.);
#4337=ORIENTED_EDGE('',*,*,#3182,.T.);
#4338=ORIENTED_EDGE('',*,*,#2898,.T.);
#4339=ORIENTED_EDGE('',*,*,#2902,.T.);
#4340=ORIENTED_EDGE('',*,*,#3226,.T.);
#4341=ORIENTED_EDGE('',*,*,#3227,.T.);
#4342=ORIENTED_EDGE('',*,*,#3103,.T.);
#4343=ORIENTED_EDGE('',*,*,#3209,.T.);
#4344=ORIENTED_EDGE('',*,*,#3201,.F.);
#4345=ORIENTED_EDGE('',*,*,#3212,.T.);
#4346=ORIENTED_EDGE('',*,*,#3205,.T.);
#4347=ORIENTED_EDGE('',*,*,#3228,.T.);
#4348=ORIENTED_EDGE('',*,*,#3227,.F.);
#4349=ORIENTED_EDGE('',*,*,#3229,.T.);
#4350=ORIENTED_EDGE('',*,*,#3106,.F.);
#4351=ORIENTED_EDGE('',*,*,#3117,.F.);
#4352=ORIENTED_EDGE('',*,*,#3230,.T.);
#4353=ORIENTED_EDGE('',*,*,#3223,.F.);
#4354=ORIENTED_EDGE('',*,*,#3231,.T.);
#4355=ORIENTED_EDGE('',*,*,#3228,.F.);
#4356=ORIENTED_EDGE('',*,*,#3204,.F.);
#4357=ORIENTED_EDGE('',*,*,#3226,.F.);
#4358=ORIENTED_EDGE('',*,*,#2901,.F.);
#4359=ORIENTED_EDGE('',*,*,#2905,.F.);
#4360=ORIENTED_EDGE('',*,*,#3225,.F.);
#4361=ORIENTED_EDGE('',*,*,#2936,.F.);
#4362=ORIENTED_EDGE('',*,*,#3091,.F.);
#4363=ORIENTED_EDGE('',*,*,#3224,.F.);
#4364=ORIENTED_EDGE('',*,*,#3232,.F.);
#4365=ORIENTED_EDGE('',*,*,#3233,.T.);
#4366=ORIENTED_EDGE('',*,*,#3234,.T.);
#4367=ORIENTED_EDGE('',*,*,#3235,.T.);
#4368=ORIENTED_EDGE('',*,*,#3229,.F.);
#4369=ORIENTED_EDGE('',*,*,#3232,.T.);
#4370=ORIENTED_EDGE('',*,*,#3230,.F.);
#4371=ORIENTED_EDGE('',*,*,#3192,.T.);
#4372=ORIENTED_EDGE('',*,*,#3236,.T.);
#4373=ORIENTED_EDGE('',*,*,#3237,.F.);
#4374=ORIENTED_EDGE('',*,*,#3238,.T.);
#4375=ORIENTED_EDGE('',*,*,#3239,.T.);
#4376=ORIENTED_EDGE('',*,*,#3240,.T.);
#4377=ORIENTED_EDGE('',*,*,#3241,.T.);
#4378=ORIENTED_EDGE('',*,*,#3242,.T.);
#4379=ORIENTED_EDGE('',*,*,#3243,.F.);
#4380=ORIENTED_EDGE('',*,*,#3244,.T.);
#4381=ORIENTED_EDGE('',*,*,#3245,.T.);
#4382=ORIENTED_EDGE('',*,*,#3246,.T.);
#4383=ORIENTED_EDGE('',*,*,#3240,.F.);
#4384=ORIENTED_EDGE('',*,*,#3247,.F.);
#4385=ORIENTED_EDGE('',*,*,#3244,.F.);
#4386=ORIENTED_EDGE('',*,*,#3248,.T.);
#4387=ORIENTED_EDGE('',*,*,#3249,.F.);
#4388=ORIENTED_EDGE('',*,*,#3250,.T.);
#4389=ORIENTED_EDGE('',*,*,#3251,.F.);
#4390=ORIENTED_EDGE('',*,*,#3252,.F.);
#4391=ORIENTED_EDGE('',*,*,#3253,.F.);
#4392=ORIENTED_EDGE('',*,*,#3248,.F.);
#4393=ORIENTED_EDGE('',*,*,#3254,.F.);
#4394=ORIENTED_EDGE('',*,*,#3255,.F.);
#4395=ORIENTED_EDGE('',*,*,#3256,.F.);
#4396=ORIENTED_EDGE('',*,*,#3238,.F.);
#4397=ORIENTED_EDGE('',*,*,#3257,.T.);
#4398=ORIENTED_EDGE('',*,*,#3153,.F.);
#4399=ORIENTED_EDGE('',*,*,#3252,.T.);
#4400=ORIENTED_EDGE('',*,*,#3258,.T.);
#4401=ORIENTED_EDGE('',*,*,#3259,.F.);
#4402=ORIENTED_EDGE('',*,*,#3249,.T.);
#4403=ORIENTED_EDGE('',*,*,#3260,.T.);
#4404=ORIENTED_EDGE('',*,*,#3126,.T.);
#4405=ORIENTED_EDGE('',*,*,#3127,.T.);
#4406=ORIENTED_EDGE('',*,*,#3260,.F.);
#4407=ORIENTED_EDGE('',*,*,#3253,.T.);
#4408=ORIENTED_EDGE('',*,*,#3152,.T.);
#4409=ORIENTED_EDGE('',*,*,#3156,.T.);
#4410=ORIENTED_EDGE('',*,*,#3144,.T.);
#4411=ORIENTED_EDGE('',*,*,#3261,.T.);
#4412=ORIENTED_EDGE('',*,*,#3262,.T.);
#4413=ORIENTED_EDGE('',*,*,#2919,.T.);
#4414=ORIENTED_EDGE('',*,*,#2923,.T.);
#4415=ORIENTED_EDGE('',*,*,#2879,.T.);
#4416=ORIENTED_EDGE('',*,*,#3129,.F.);
#4417=ORIENTED_EDGE('',*,*,#2891,.F.);
#4418=ORIENTED_EDGE('',*,*,#2913,.T.);
#4419=ORIENTED_EDGE('',*,*,#2917,.T.);
#4420=ORIENTED_EDGE('',*,*,#3263,.T.);
#4421=ORIENTED_EDGE('',*,*,#2889,.T.);
#4422=ORIENTED_EDGE('',*,*,#2893,.T.);
#4423=ORIENTED_EDGE('',*,*,#3181,.T.);
#4424=ORIENTED_EDGE('',*,*,#2883,.T.);
#4425=ORIENTED_EDGE('',*,*,#2887,.T.);
#4426=ORIENTED_EDGE('',*,*,#3264,.T.);
#4427=ORIENTED_EDGE('',*,*,#3265,.T.);
#4428=ORIENTED_EDGE('',*,*,#3135,.T.);
#4429=ORIENTED_EDGE('',*,*,#3247,.T.);
#4430=ORIENTED_EDGE('',*,*,#3239,.F.);
#4431=ORIENTED_EDGE('',*,*,#3251,.T.);
#4432=ORIENTED_EDGE('',*,*,#3243,.T.);
#4433=ORIENTED_EDGE('',*,*,#3266,.T.);
#4434=ORIENTED_EDGE('',*,*,#3265,.F.);
#4435=ORIENTED_EDGE('',*,*,#3267,.T.);
#4436=ORIENTED_EDGE('',*,*,#3138,.F.);
#4437=ORIENTED_EDGE('',*,*,#3149,.F.);
#4438=ORIENTED_EDGE('',*,*,#3268,.T.);
#4439=ORIENTED_EDGE('',*,*,#3261,.F.);
#4440=ORIENTED_EDGE('',*,*,#3269,.T.);
#4441=ORIENTED_EDGE('',*,*,#3266,.F.);
#4442=ORIENTED_EDGE('',*,*,#3242,.F.);
#4443=ORIENTED_EDGE('',*,*,#3264,.F.);
#4444=ORIENTED_EDGE('',*,*,#2886,.F.);
#4445=ORIENTED_EDGE('',*,*,#2890,.F.);
#4446=ORIENTED_EDGE('',*,*,#3263,.F.);
#4447=ORIENTED_EDGE('',*,*,#2916,.F.);
#4448=ORIENTED_EDGE('',*,*,#2920,.F.);
#4449=ORIENTED_EDGE('',*,*,#3262,.F.);
#4450=ORIENTED_EDGE('',*,*,#3270,.F.);
#4451=ORIENTED_EDGE('',*,*,#3271,.T.);
#4452=ORIENTED_EDGE('',*,*,#3272,.T.);
#4453=ORIENTED_EDGE('',*,*,#3273,.T.);
#4454=ORIENTED_EDGE('',*,*,#3267,.F.);
#4455=ORIENTED_EDGE('',*,*,#3270,.T.);
#4456=ORIENTED_EDGE('',*,*,#3268,.F.);
#4457=ORIENTED_EDGE('',*,*,#3193,.T.);
#4458=ORIENTED_EDGE('',*,*,#3274,.F.);
#4459=ORIENTED_EDGE('',*,*,#3275,.T.);
#4460=ORIENTED_EDGE('',*,*,#3276,.T.);
#4461=ORIENTED_EDGE('',*,*,#3277,.T.);
#4462=ORIENTED_EDGE('',*,*,#3278,.T.);
#4463=ORIENTED_EDGE('',*,*,#3275,.F.);
#4464=ORIENTED_EDGE('',*,*,#3279,.F.);
#4465=ORIENTED_EDGE('',*,*,#3280,.F.);
#4466=ORIENTED_EDGE('',*,*,#3281,.T.);
#4467=ORIENTED_EDGE('',*,*,#3282,.F.);
#4468=ORIENTED_EDGE('',*,*,#3283,.F.);
#4469=ORIENTED_EDGE('',*,*,#3284,.T.);
#4470=ORIENTED_EDGE('',*,*,#3285,.T.);
#4471=ORIENTED_EDGE('',*,*,#3286,.T.);
#4472=ORIENTED_EDGE('',*,*,#3280,.T.);
#4473=ORIENTED_EDGE('',*,*,#3285,.F.);
#4474=ORIENTED_EDGE('',*,*,#3287,.F.);
#4475=ORIENTED_EDGE('',*,*,#3288,.T.);
#4476=ORIENTED_EDGE('',*,*,#3289,.T.);
#4477=ORIENTED_EDGE('',*,*,#3290,.T.);
#4478=ORIENTED_EDGE('',*,*,#3291,.F.);
#4479=ORIENTED_EDGE('',*,*,#3292,.T.);
#4480=ORIENTED_EDGE('',*,*,#3293,.F.);
#4481=ORIENTED_EDGE('',*,*,#3294,.F.);
#4482=ORIENTED_EDGE('',*,*,#3284,.F.);
#4483=ORIENTED_EDGE('',*,*,#3279,.T.);
#4484=ORIENTED_EDGE('',*,*,#3274,.T.);
#4485=ORIENTED_EDGE('',*,*,#3295,.F.);
#4486=ORIENTED_EDGE('',*,*,#3296,.F.);
#4487=ORIENTED_EDGE('',*,*,#3297,.F.);
#4488=ORIENTED_EDGE('',*,*,#3298,.F.);
#4489=ORIENTED_EDGE('',*,*,#3287,.T.);
#4490=ORIENTED_EDGE('',*,*,#3299,.T.);
#4491=ORIENTED_EDGE('',*,*,#3300,.T.);
#4492=ORIENTED_EDGE('',*,*,#3301,.T.);
#4493=ORIENTED_EDGE('',*,*,#3302,.T.);
#4494=ORIENTED_EDGE('',*,*,#3300,.F.);
#4495=ORIENTED_EDGE('',*,*,#3303,.F.);
#4496=ORIENTED_EDGE('',*,*,#3304,.F.);
#4497=ORIENTED_EDGE('',*,*,#3305,.T.);
#4498=ORIENTED_EDGE('',*,*,#3306,.T.);
#4499=ORIENTED_EDGE('',*,*,#3304,.T.);
#4500=ORIENTED_EDGE('',*,*,#3307,.T.);
#4501=ORIENTED_EDGE('',*,*,#3308,.T.);
#4502=ORIENTED_EDGE('',*,*,#3308,.F.);
#4503=ORIENTED_EDGE('',*,*,#3309,.F.);
#4504=ORIENTED_EDGE('',*,*,#3310,.T.);
#4505=ORIENTED_EDGE('',*,*,#3311,.F.);
#4506=ORIENTED_EDGE('',*,*,#3312,.T.);
#4507=ORIENTED_EDGE('',*,*,#3313,.T.);
#4508=ORIENTED_EDGE('',*,*,#3314,.T.);
#4509=ORIENTED_EDGE('',*,*,#3315,.F.);
#4510=ORIENTED_EDGE('',*,*,#3316,.T.);
#4511=ORIENTED_EDGE('',*,*,#3317,.F.);
#4512=ORIENTED_EDGE('',*,*,#3318,.F.);
#4513=ORIENTED_EDGE('',*,*,#3307,.F.);
#4514=ORIENTED_EDGE('',*,*,#3303,.T.);
#4515=ORIENTED_EDGE('',*,*,#3299,.F.);
#4516=ORIENTED_EDGE('',*,*,#3319,.T.);
#4517=ORIENTED_EDGE('',*,*,#3320,.F.);
#4518=ORIENTED_EDGE('',*,*,#3321,.F.);
#4519=ORIENTED_EDGE('',*,*,#3322,.F.);
#4520=ORIENTED_EDGE('',*,*,#3323,.F.);
#4521=ORIENTED_EDGE('',*,*,#3309,.T.);
#4522=ORIENTED_EDGE('',*,*,#3324,.F.);
#4523=ORIENTED_EDGE('',*,*,#3325,.T.);
#4524=ORIENTED_EDGE('',*,*,#3326,.T.);
#4525=ORIENTED_EDGE('',*,*,#3327,.F.);
#4526=ORIENTED_EDGE('',*,*,#3328,.F.);
#4527=ORIENTED_EDGE('',*,*,#3329,.T.);
#4528=ORIENTED_EDGE('',*,*,#3330,.T.);
#4529=ORIENTED_EDGE('',*,*,#3325,.F.);
#4530=ORIENTED_EDGE('',*,*,#3331,.F.);
#4531=ORIENTED_EDGE('',*,*,#3332,.T.);
#4532=ORIENTED_EDGE('',*,*,#3333,.T.);
#4533=ORIENTED_EDGE('',*,*,#3329,.F.);
#4534=ORIENTED_EDGE('',*,*,#3334,.T.);
#4535=ORIENTED_EDGE('',*,*,#3335,.T.);
#4536=ORIENTED_EDGE('',*,*,#3336,.T.);
#4537=ORIENTED_EDGE('',*,*,#3332,.F.);
#4538=ORIENTED_EDGE('',*,*,#3337,.F.);
#4539=ORIENTED_EDGE('',*,*,#3338,.F.);
#4540=ORIENTED_EDGE('',*,*,#3339,.T.);
#4541=ORIENTED_EDGE('',*,*,#3335,.F.);
#4542=ORIENTED_EDGE('',*,*,#3340,.F.);
#4543=ORIENTED_EDGE('',*,*,#3327,.T.);
#4544=ORIENTED_EDGE('',*,*,#3341,.T.);
#4545=ORIENTED_EDGE('',*,*,#3342,.F.);
#4546=ORIENTED_EDGE('',*,*,#3341,.F.);
#4547=ORIENTED_EDGE('',*,*,#3326,.F.);
#4548=ORIENTED_EDGE('',*,*,#3330,.F.);
#4549=ORIENTED_EDGE('',*,*,#3333,.F.);
#4550=ORIENTED_EDGE('',*,*,#3336,.F.);
#4551=ORIENTED_EDGE('',*,*,#3339,.F.);
#4552=ORIENTED_EDGE('',*,*,#3343,.F.);
#4553=ORIENTED_EDGE('',*,*,#3344,.F.);
#4554=ORIENTED_EDGE('',*,*,#3345,.F.);
#4555=ORIENTED_EDGE('',*,*,#3346,.F.);
#4556=ORIENTED_EDGE('',*,*,#3347,.T.);
#4557=ORIENTED_EDGE('',*,*,#3348,.T.);
#4558=ORIENTED_EDGE('',*,*,#3349,.F.);
#4559=ORIENTED_EDGE('',*,*,#3350,.F.);
#4560=ORIENTED_EDGE('',*,*,#3351,.T.);
#4561=ORIENTED_EDGE('',*,*,#3352,.T.);
#4562=ORIENTED_EDGE('',*,*,#3347,.F.);
#4563=ORIENTED_EDGE('',*,*,#3353,.F.);
#4564=ORIENTED_EDGE('',*,*,#3354,.T.);
#4565=ORIENTED_EDGE('',*,*,#3355,.T.);
#4566=ORIENTED_EDGE('',*,*,#3351,.F.);
#4567=ORIENTED_EDGE('',*,*,#3356,.T.);
#4568=ORIENTED_EDGE('',*,*,#3357,.T.);
#4569=ORIENTED_EDGE('',*,*,#3358,.T.);
#4570=ORIENTED_EDGE('',*,*,#3354,.F.);
#4571=ORIENTED_EDGE('',*,*,#3359,.F.);
#4572=ORIENTED_EDGE('',*,*,#3360,.F.);
#4573=ORIENTED_EDGE('',*,*,#3361,.T.);
#4574=ORIENTED_EDGE('',*,*,#3357,.F.);
#4575=ORIENTED_EDGE('',*,*,#3362,.F.);
#4576=ORIENTED_EDGE('',*,*,#3349,.T.);
#4577=ORIENTED_EDGE('',*,*,#3363,.T.);
#4578=ORIENTED_EDGE('',*,*,#3364,.F.);
#4579=ORIENTED_EDGE('',*,*,#3363,.F.);
#4580=ORIENTED_EDGE('',*,*,#3348,.F.);
#4581=ORIENTED_EDGE('',*,*,#3352,.F.);
#4582=ORIENTED_EDGE('',*,*,#3355,.F.);
#4583=ORIENTED_EDGE('',*,*,#3358,.F.);
#4584=ORIENTED_EDGE('',*,*,#3361,.F.);
#4585=ORIENTED_EDGE('',*,*,#3365,.F.);
#4586=ORIENTED_EDGE('',*,*,#3366,.F.);
#4587=ORIENTED_EDGE('',*,*,#3367,.F.);
#4588=ORIENTED_EDGE('',*,*,#3368,.F.);
#4589=ORIENTED_EDGE('',*,*,#3364,.T.);
#4590=ORIENTED_EDGE('',*,*,#3367,.T.);
#4591=ORIENTED_EDGE('',*,*,#3369,.T.);
#4592=ORIENTED_EDGE('',*,*,#3370,.T.);
#4593=ORIENTED_EDGE('',*,*,#3371,.T.);
#4594=ORIENTED_EDGE('',*,*,#3310,.F.);
#4595=ORIENTED_EDGE('',*,*,#3323,.T.);
#4596=ORIENTED_EDGE('',*,*,#3372,.F.);
#4597=ORIENTED_EDGE('',*,*,#3373,.T.);
#4598=ORIENTED_EDGE('',*,*,#3366,.T.);
#4599=ORIENTED_EDGE('',*,*,#3374,.F.);
#4600=ORIENTED_EDGE('',*,*,#3375,.F.);
#4601=ORIENTED_EDGE('',*,*,#3376,.T.);
#4602=ORIENTED_EDGE('',*,*,#3313,.F.);
#4603=ORIENTED_EDGE('',*,*,#3377,.T.);
#4604=ORIENTED_EDGE('',*,*,#3378,.F.);
#4605=ORIENTED_EDGE('',*,*,#3369,.F.);
#4606=ORIENTED_EDGE('',*,*,#3379,.T.);
#4607=ORIENTED_EDGE('',*,*,#3380,.F.);
#4608=ORIENTED_EDGE('',*,*,#3290,.F.);
#4609=ORIENTED_EDGE('',*,*,#3381,.F.);
#4610=ORIENTED_EDGE('',*,*,#3382,.T.);
#4611=ORIENTED_EDGE('',*,*,#3383,.F.);
#4612=ORIENTED_EDGE('',*,*,#3384,.F.);
#4613=ORIENTED_EDGE('',*,*,#3385,.F.);
#4614=ORIENTED_EDGE('',*,*,#3386,.F.);
#4615=ORIENTED_EDGE('',*,*,#3387,.F.);
#4616=ORIENTED_EDGE('',*,*,#3282,.T.);
#4617=ORIENTED_EDGE('',*,*,#3388,.T.);
#4618=ORIENTED_EDGE('',*,*,#3389,.T.);
#4619=ORIENTED_EDGE('',*,*,#3383,.T.);
#4620=ORIENTED_EDGE('',*,*,#3390,.F.);
#4621=ORIENTED_EDGE('',*,*,#3391,.T.);
#4622=ORIENTED_EDGE('',*,*,#3291,.T.);
#4623=ORIENTED_EDGE('',*,*,#3380,.T.);
#4624=ORIENTED_EDGE('',*,*,#3392,.F.);
#4625=ORIENTED_EDGE('',*,*,#3393,.T.);
#4626=ORIENTED_EDGE('',*,*,#3297,.T.);
#4627=ORIENTED_EDGE('',*,*,#3394,.F.);
#4628=ORIENTED_EDGE('',*,*,#3392,.T.);
#4629=ORIENTED_EDGE('',*,*,#3395,.F.);
#4630=ORIENTED_EDGE('',*,*,#3396,.T.);
#4631=ORIENTED_EDGE('',*,*,#3397,.T.);
#4632=ORIENTED_EDGE('',*,*,#3340,.T.);
#4633=ORIENTED_EDGE('',*,*,#3398,.T.);
#4634=ORIENTED_EDGE('',*,*,#3399,.T.);
#4635=ORIENTED_EDGE('',*,*,#3394,.T.);
#4636=ORIENTED_EDGE('',*,*,#3296,.T.);
#4637=ORIENTED_EDGE('',*,*,#3400,.T.);
#4638=ORIENTED_EDGE('',*,*,#3401,.T.);
#4639=ORIENTED_EDGE('',*,*,#3402,.T.);
#4640=ORIENTED_EDGE('',*,*,#3403,.F.);
#4641=ORIENTED_EDGE('',*,*,#3404,.F.);
#4642=ORIENTED_EDGE('',*,*,#3405,.T.);
#4643=ORIENTED_EDGE('',*,*,#3395,.T.);
#4644=ORIENTED_EDGE('',*,*,#3387,.T.);
#4645=ORIENTED_EDGE('',*,*,#3406,.F.);
#4646=ORIENTED_EDGE('',*,*,#3407,.F.);
#4647=ORIENTED_EDGE('',*,*,#3408,.F.);
#4648=ORIENTED_EDGE('',*,*,#3276,.F.);
#4649=ORIENTED_EDGE('',*,*,#3283,.T.);
#4650=ORIENTED_EDGE('',*,*,#3370,.F.);
#4651=ORIENTED_EDGE('',*,*,#3409,.F.);
#4652=ORIENTED_EDGE('',*,*,#3311,.T.);
#4653=ORIENTED_EDGE('',*,*,#3371,.F.);
#4654=ORIENTED_EDGE('',*,*,#3375,.T.);
#4655=ORIENTED_EDGE('',*,*,#3410,.F.);
#4656=ORIENTED_EDGE('',*,*,#3314,.F.);
#4657=ORIENTED_EDGE('',*,*,#3376,.F.);
#4658=ORIENTED_EDGE('',*,*,#3411,.F.);
#4659=ORIENTED_EDGE('',*,*,#3412,.T.);
#4660=ORIENTED_EDGE('',*,*,#3413,.T.);
#4661=ORIENTED_EDGE('',*,*,#3414,.T.);
#4662=ORIENTED_EDGE('',*,*,#3415,.F.);
#4663=ORIENTED_EDGE('',*,*,#3416,.T.);
#4664=ORIENTED_EDGE('',*,*,#3414,.F.);
#4665=ORIENTED_EDGE('',*,*,#3417,.F.);
#4666=ORIENTED_EDGE('',*,*,#3378,.T.);
#4667=ORIENTED_EDGE('',*,*,#3377,.F.);
#4668=ORIENTED_EDGE('',*,*,#3312,.F.);
#4669=ORIENTED_EDGE('',*,*,#3409,.T.);
#4670=ORIENTED_EDGE('',*,*,#3418,.F.);
#4671=ORIENTED_EDGE('',*,*,#3419,.T.);
#4672=ORIENTED_EDGE('',*,*,#3315,.T.);
#4673=ORIENTED_EDGE('',*,*,#3410,.T.);
#4674=ORIENTED_EDGE('',*,*,#3420,.F.);
#4675=ORIENTED_EDGE('',*,*,#3372,.T.);
#4676=ORIENTED_EDGE('',*,*,#3322,.T.);
#4677=ORIENTED_EDGE('',*,*,#3421,.F.);
#4678=ORIENTED_EDGE('',*,*,#3420,.T.);
#4679=ORIENTED_EDGE('',*,*,#3422,.F.);
#4680=ORIENTED_EDGE('',*,*,#3423,.F.);
#4681=ORIENTED_EDGE('',*,*,#3424,.T.);
#4682=ORIENTED_EDGE('',*,*,#3362,.T.);
#4683=ORIENTED_EDGE('',*,*,#3373,.F.);
#4684=ORIENTED_EDGE('',*,*,#3421,.T.);
#4685=ORIENTED_EDGE('',*,*,#3321,.T.);
#4686=ORIENTED_EDGE('',*,*,#3425,.T.);
#4687=ORIENTED_EDGE('',*,*,#3426,.T.);
#4688=ORIENTED_EDGE('',*,*,#3427,.F.);
#4689=ORIENTED_EDGE('',*,*,#3428,.F.);
#4690=ORIENTED_EDGE('',*,*,#3429,.T.);
#4691=ORIENTED_EDGE('',*,*,#3422,.T.);
#4692=ORIENTED_EDGE('',*,*,#3306,.F.);
#4693=ORIENTED_EDGE('',*,*,#3317,.T.);
#4694=ORIENTED_EDGE('',*,*,#3430,.T.);
#4695=ORIENTED_EDGE('',*,*,#3412,.F.);
#4696=ORIENTED_EDGE('',*,*,#3431,.F.);
#4697=ORIENTED_EDGE('',*,*,#3432,.F.);
#4698=ORIENTED_EDGE('',*,*,#3433,.F.);
#4699=ORIENTED_EDGE('',*,*,#3301,.F.);
#4700=ORIENTED_EDGE('',*,*,#3305,.F.);
#4701=ORIENTED_EDGE('',*,*,#3411,.T.);
#4702=ORIENTED_EDGE('',*,*,#3434,.T.);
#4703=ORIENTED_EDGE('',*,*,#3435,.T.);
#4704=ORIENTED_EDGE('',*,*,#3436,.T.);
#4705=ORIENTED_EDGE('',*,*,#3431,.T.);
#4706=ORIENTED_EDGE('',*,*,#3415,.T.);
#4707=ORIENTED_EDGE('',*,*,#3437,.T.);
#4708=ORIENTED_EDGE('',*,*,#3359,.T.);
#4709=ORIENTED_EDGE('',*,*,#3438,.T.);
#4710=ORIENTED_EDGE('',*,*,#3434,.F.);
#4711=ORIENTED_EDGE('',*,*,#3164,.F.);
#4712=ORIENTED_EDGE('',*,*,#3061,.F.);
#4713=ORIENTED_EDGE('',*,*,#3439,.F.);
#4714=ORIENTED_EDGE('',*,*,#3440,.F.);
#4715=ORIENTED_EDGE('',*,*,#3441,.F.);
#4716=ORIENTED_EDGE('',*,*,#3145,.F.);
#4717=ORIENTED_EDGE('',*,*,#3155,.F.);
#4718=ORIENTED_EDGE('',*,*,#3150,.F.);
#4719=ORIENTED_EDGE('',*,*,#3154,.F.);
#4720=ORIENTED_EDGE('',*,*,#3257,.F.);
#4721=ORIENTED_EDGE('',*,*,#3237,.T.);
#4722=ORIENTED_EDGE('',*,*,#3236,.F.);
#4723=ORIENTED_EDGE('',*,*,#3246,.F.);
#4724=ORIENTED_EDGE('',*,*,#3134,.F.);
#4725=ORIENTED_EDGE('',*,*,#3141,.F.);
#4726=ORIENTED_EDGE('',*,*,#3113,.F.);
#4727=ORIENTED_EDGE('',*,*,#3118,.F.);
#4728=ORIENTED_EDGE('',*,*,#3220,.F.);
#4729=ORIENTED_EDGE('',*,*,#3222,.F.);
#4730=ORIENTED_EDGE('',*,*,#3218,.F.);
#4731=ORIENTED_EDGE('',*,*,#3199,.T.);
#4732=ORIENTED_EDGE('',*,*,#3198,.F.);
#4733=ORIENTED_EDGE('',*,*,#3208,.F.);
#4734=ORIENTED_EDGE('',*,*,#3102,.F.);
#4735=ORIENTED_EDGE('',*,*,#3109,.F.);
#4736=ORIENTED_EDGE('',*,*,#3079,.F.);
#4737=ORIENTED_EDGE('',*,*,#3084,.F.);
#4738=ORIENTED_EDGE('',*,*,#3157,.F.);
#4739=ORIENTED_EDGE('',*,*,#3160,.F.);
#4740=ORIENTED_EDGE('',*,*,#3207,.F.);
#4741=ORIENTED_EDGE('',*,*,#3211,.F.);
#4742=ORIENTED_EDGE('',*,*,#3096,.T.);
#4743=ORIENTED_EDGE('',*,*,#3095,.F.);
#4744=ORIENTED_EDGE('',*,*,#3092,.F.);
#4745=ORIENTED_EDGE('',*,*,#3089,.T.);
#4746=ORIENTED_EDGE('',*,*,#3132,.F.);
#4747=ORIENTED_EDGE('',*,*,#3130,.T.);
#4748=ORIENTED_EDGE('',*,*,#3269,.F.);
#4749=ORIENTED_EDGE('',*,*,#3241,.F.);
#4750=ORIENTED_EDGE('',*,*,#3245,.F.);
#4751=ORIENTED_EDGE('',*,*,#3250,.F.);
#4752=ORIENTED_EDGE('',*,*,#3259,.T.);
#4753=ORIENTED_EDGE('',*,*,#3258,.F.);
#4754=ORIENTED_EDGE('',*,*,#3125,.F.);
#4755=ORIENTED_EDGE('',*,*,#3123,.T.);
#4756=ORIENTED_EDGE('',*,*,#3442,.F.);
#4757=ORIENTED_EDGE('',*,*,#3443,.F.);
#4758=ORIENTED_EDGE('',*,*,#3444,.F.);
#4759=ORIENTED_EDGE('',*,*,#3057,.T.);
#4760=ORIENTED_EDGE('',*,*,#3170,.F.);
#4761=ORIENTED_EDGE('',*,*,#3070,.T.);
#4762=ORIENTED_EDGE('',*,*,#3069,.F.);
#4763=ORIENTED_EDGE('',*,*,#3161,.F.);
#4764=ORIENTED_EDGE('',*,*,#3062,.F.);
#4765=ORIENTED_EDGE('',*,*,#3074,.F.);
#4766=ORIENTED_EDGE('',*,*,#3101,.T.);
#4767=ORIENTED_EDGE('',*,*,#3231,.F.);
#4768=ORIENTED_EDGE('',*,*,#3203,.F.);
#4769=ORIENTED_EDGE('',*,*,#3445,.F.);
#4770=ORIENTED_EDGE('',*,*,#3446,.F.);
#4771=ORIENTED_EDGE('',*,*,#3447,.F.);
#4772=ORIENTED_EDGE('',*,*,#3448,.T.);
#4773=ORIENTED_EDGE('',*,*,#3060,.F.);
#4774=ORIENTED_EDGE('',*,*,#3449,.T.);
#4775=ORIENTED_EDGE('',*,*,#3446,.T.);
#4776=ORIENTED_EDGE('',*,*,#3439,.T.);
#4777=ORIENTED_EDGE('',*,*,#3450,.F.);
#4778=ORIENTED_EDGE('',*,*,#3451,.F.);
#4779=ORIENTED_EDGE('',*,*,#3452,.F.);
#4780=ORIENTED_EDGE('',*,*,#3453,.T.);
#4781=ORIENTED_EDGE('',*,*,#3058,.F.);
#4782=ORIENTED_EDGE('',*,*,#3444,.T.);
#4783=ORIENTED_EDGE('',*,*,#3451,.T.);
#4784=ORIENTED_EDGE('',*,*,#3454,.T.);
#4785=ORIENTED_EDGE('',*,*,#3455,.F.);
#4786=ORIENTED_EDGE('',*,*,#3456,.F.);
#4787=ORIENTED_EDGE('',*,*,#3457,.F.);
#4788=ORIENTED_EDGE('',*,*,#3458,.F.);
#4789=ORIENTED_EDGE('',*,*,#3459,.F.);
#4790=ORIENTED_EDGE('',*,*,#3460,.F.);
#4791=ORIENTED_EDGE('',*,*,#3459,.T.);
#4792=ORIENTED_EDGE('',*,*,#3196,.T.);
#4793=ORIENTED_EDGE('',*,*,#3457,.T.);
#4794=ORIENTED_EDGE('',*,*,#3461,.T.);
#4795=ORIENTED_EDGE('',*,*,#3462,.F.);
#4796=ORIENTED_EDGE('',*,*,#3463,.F.);
#4797=ORIENTED_EDGE('',*,*,#3464,.F.);
#4798=ORIENTED_EDGE('',*,*,#3191,.F.);
#4799=ORIENTED_EDGE('',*,*,#3465,.F.);
#4800=ORIENTED_EDGE('',*,*,#3466,.F.);
#4801=ORIENTED_EDGE('',*,*,#3465,.T.);
#4802=ORIENTED_EDGE('',*,*,#3197,.T.);
#4803=ORIENTED_EDGE('',*,*,#3458,.T.);
#4804=ORIENTED_EDGE('',*,*,#3052,.T.);
#4805=ORIENTED_EDGE('',*,*,#3467,.F.);
#4806=ORIENTED_EDGE('',*,*,#3468,.F.);
#4807=ORIENTED_EDGE('',*,*,#3469,.F.);
#4808=ORIENTED_EDGE('',*,*,#3463,.T.);
#4809=ORIENTED_EDGE('',*,*,#3178,.T.);
#4810=ORIENTED_EDGE('',*,*,#3468,.T.);
#4811=ORIENTED_EDGE('',*,*,#3470,.T.);
#4812=ORIENTED_EDGE('',*,*,#3471,.F.);
#4813=ORIENTED_EDGE('',*,*,#3472,.F.);
#4814=ORIENTED_EDGE('',*,*,#3184,.F.);
#4815=ORIENTED_EDGE('',*,*,#3472,.T.);
#4816=ORIENTED_EDGE('',*,*,#3050,.T.);
#4817=ORIENTED_EDGE('',*,*,#3469,.T.);
#4818=ORIENTED_EDGE('',*,*,#3177,.T.);
#4819=ORIENTED_EDGE('',*,*,#3471,.T.);
#4820=ORIENTED_EDGE('',*,*,#3186,.T.);
#4821=ORIENTED_EDGE('',*,*,#3466,.T.);
#4822=ORIENTED_EDGE('',*,*,#3051,.T.);
#4823=ORIENTED_EDGE('',*,*,#3467,.T.);
#4824=ORIENTED_EDGE('',*,*,#3053,.T.);
#4825=ORIENTED_EDGE('',*,*,#3460,.T.);
#4826=ORIENTED_EDGE('',*,*,#3473,.T.);
#4827=ORIENTED_EDGE('',*,*,#3456,.T.);
#4828=ORIENTED_EDGE('',*,*,#3474,.T.);
#4829=ORIENTED_EDGE('',*,*,#3464,.T.);
#4830=ORIENTED_EDGE('',*,*,#3475,.T.);
#4831=ORIENTED_EDGE('',*,*,#3476,.T.);
#4832=ORIENTED_EDGE('',*,*,#3477,.T.);
#4833=ORIENTED_EDGE('',*,*,#3478,.F.);
#4834=ORIENTED_EDGE('',*,*,#3479,.T.);
#4835=ORIENTED_EDGE('',*,*,#3455,.T.);
#4836=ORIENTED_EDGE('',*,*,#3195,.T.);
#4837=ORIENTED_EDGE('',*,*,#3480,.T.);
#4838=ORIENTED_EDGE('',*,*,#3481,.T.);
#4839=ORIENTED_EDGE('',*,*,#3440,.T.);
#4840=ORIENTED_EDGE('',*,*,#3445,.T.);
#4841=ORIENTED_EDGE('',*,*,#3452,.T.);
#4842=ORIENTED_EDGE('',*,*,#3443,.T.);
#4843=ORIENTED_EDGE('',*,*,#3476,.F.);
#4844=ORIENTED_EDGE('',*,*,#3478,.T.);
#4845=ORIENTED_EDGE('',*,*,#3179,.T.);
#4846=ORIENTED_EDGE('',*,*,#3462,.T.);
#4847=ORIENTED_EDGE('',*,*,#3482,.T.);
#4848=ORIENTED_EDGE('',*,*,#3480,.F.);
#4849=ORIENTED_EDGE('',*,*,#3483,.T.);
#4850=ORIENTED_EDGE('',*,*,#3481,.F.);
#4851=ORIENTED_EDGE('',*,*,#3447,.T.);
#4852=ORIENTED_EDGE('',*,*,#3484,.T.);
#4853=ORIENTED_EDGE('',*,*,#3450,.T.);
#4854=ORIENTED_EDGE('',*,*,#3485,.T.);
#4855=ORIENTED_EDGE('',*,*,#3122,.F.);
#4856=ORIENTED_EDGE('',*,*,#3180,.T.);
#4857=ORIENTED_EDGE('',*,*,#3477,.F.);
#4858=ORIENTED_EDGE('',*,*,#3442,.T.);
#4859=ORIENTED_EDGE('',*,*,#3470,.F.);
#4860=ORIENTED_EDGE('',*,*,#3473,.F.);
#4861=ORIENTED_EDGE('',*,*,#3461,.F.);
#4862=ORIENTED_EDGE('',*,*,#3475,.F.);
#4863=ORIENTED_EDGE('',*,*,#3486,.F.);
#4864=ORIENTED_EDGE('',*,*,#3487,.F.);
#4865=ORIENTED_EDGE('',*,*,#3488,.F.);
#4866=ORIENTED_EDGE('',*,*,#3489,.F.);
#4867=ORIENTED_EDGE('',*,*,#3490,.F.);
#4868=ORIENTED_EDGE('',*,*,#3491,.F.);
#4869=ORIENTED_EDGE('',*,*,#3492,.F.);
#4870=ORIENTED_EDGE('',*,*,#3493,.F.);
#4871=ORIENTED_EDGE('',*,*,#3494,.F.);
#4872=ORIENTED_EDGE('',*,*,#3495,.F.);
#4873=ORIENTED_EDGE('',*,*,#3496,.F.);
#4874=ORIENTED_EDGE('',*,*,#3497,.F.);
#4875=ORIENTED_EDGE('',*,*,#3498,.F.);
#4876=ORIENTED_EDGE('',*,*,#3499,.F.);
#4877=ORIENTED_EDGE('',*,*,#3500,.F.);
#4878=ORIENTED_EDGE('',*,*,#3501,.F.);
#4879=ORIENTED_EDGE('',*,*,#3502,.F.);
#4880=ORIENTED_EDGE('',*,*,#3503,.F.);
#4881=ORIENTED_EDGE('',*,*,#3504,.F.);
#4882=ORIENTED_EDGE('',*,*,#3505,.F.);
#4883=ORIENTED_EDGE('',*,*,#3506,.T.);
#4884=ORIENTED_EDGE('',*,*,#3507,.T.);
#4885=ORIENTED_EDGE('',*,*,#3508,.T.);
#4886=ORIENTED_EDGE('',*,*,#3509,.T.);
#4887=ORIENTED_EDGE('',*,*,#3510,.T.);
#4888=ORIENTED_EDGE('',*,*,#3511,.T.);
#4889=ORIENTED_EDGE('',*,*,#3512,.T.);
#4890=ORIENTED_EDGE('',*,*,#3513,.T.);
#4891=ORIENTED_EDGE('',*,*,#3514,.T.);
#4892=ORIENTED_EDGE('',*,*,#3515,.T.);
#4893=ORIENTED_EDGE('',*,*,#3516,.T.);
#4894=ORIENTED_EDGE('',*,*,#3517,.T.);
#4895=ORIENTED_EDGE('',*,*,#3518,.T.);
#4896=ORIENTED_EDGE('',*,*,#3519,.T.);
#4897=ORIENTED_EDGE('',*,*,#3520,.T.);
#4898=ORIENTED_EDGE('',*,*,#3521,.T.);
#4899=ORIENTED_EDGE('',*,*,#3522,.T.);
#4900=ORIENTED_EDGE('',*,*,#3523,.T.);
#4901=ORIENTED_EDGE('',*,*,#3524,.T.);
#4902=ORIENTED_EDGE('',*,*,#3525,.T.);
#4903=ORIENTED_EDGE('',*,*,#3526,.T.);
#4904=ORIENTED_EDGE('',*,*,#3527,.T.);
#4905=ORIENTED_EDGE('',*,*,#3528,.T.);
#4906=ORIENTED_EDGE('',*,*,#3529,.T.);
#4907=ORIENTED_EDGE('',*,*,#3530,.T.);
#4908=ORIENTED_EDGE('',*,*,#3531,.T.);
#4909=ORIENTED_EDGE('',*,*,#3532,.T.);
#4910=ORIENTED_EDGE('',*,*,#3533,.T.);
#4911=ORIENTED_EDGE('',*,*,#3534,.T.);
#4912=ORIENTED_EDGE('',*,*,#3535,.T.);
#4913=ORIENTED_EDGE('',*,*,#3536,.T.);
#4914=ORIENTED_EDGE('',*,*,#3537,.T.);
#4915=ORIENTED_EDGE('',*,*,#3538,.T.);
#4916=ORIENTED_EDGE('',*,*,#3539,.T.);
#4917=ORIENTED_EDGE('',*,*,#3540,.T.);
#4918=ORIENTED_EDGE('',*,*,#3541,.T.);
#4919=ORIENTED_EDGE('',*,*,#3542,.T.);
#4920=ORIENTED_EDGE('',*,*,#3543,.T.);
#4921=ORIENTED_EDGE('',*,*,#3544,.T.);
#4922=ORIENTED_EDGE('',*,*,#3545,.T.);
#4923=ORIENTED_EDGE('',*,*,#3546,.T.);
#4924=ORIENTED_EDGE('',*,*,#3547,.T.);
#4925=ORIENTED_EDGE('',*,*,#3548,.T.);
#4926=ORIENTED_EDGE('',*,*,#3549,.T.);
#4927=ORIENTED_EDGE('',*,*,#3550,.T.);
#4928=ORIENTED_EDGE('',*,*,#3551,.T.);
#4929=ORIENTED_EDGE('',*,*,#3552,.T.);
#4930=ORIENTED_EDGE('',*,*,#3553,.T.);
#4931=ORIENTED_EDGE('',*,*,#3554,.T.);
#4932=ORIENTED_EDGE('',*,*,#3555,.T.);
#4933=ORIENTED_EDGE('',*,*,#3556,.T.);
#4934=ORIENTED_EDGE('',*,*,#3557,.T.);
#4935=ORIENTED_EDGE('',*,*,#3558,.T.);
#4936=ORIENTED_EDGE('',*,*,#3559,.T.);
#4937=ORIENTED_EDGE('',*,*,#3560,.T.);
#4938=ORIENTED_EDGE('',*,*,#3561,.T.);
#4939=ORIENTED_EDGE('',*,*,#3562,.T.);
#4940=ORIENTED_EDGE('',*,*,#3563,.T.);
#4941=ORIENTED_EDGE('',*,*,#3474,.F.);
#4942=ORIENTED_EDGE('',*,*,#3479,.F.);
#4943=ORIENTED_EDGE('',*,*,#3448,.F.);
#4944=ORIENTED_EDGE('',*,*,#3485,.F.);
#4945=ORIENTED_EDGE('',*,*,#3453,.F.);
#4946=ORIENTED_EDGE('',*,*,#3482,.F.);
#4947=ORIENTED_EDGE('',*,*,#3189,.F.);
#4948=ORIENTED_EDGE('',*,*,#3564,.T.);
#4949=ORIENTED_EDGE('',*,*,#3169,.T.);
#4950=ORIENTED_EDGE('',*,*,#3564,.F.);
#4951=ORIENTED_EDGE('',*,*,#3188,.F.);
#4952=ORIENTED_EDGE('',*,*,#3565,.T.);
#4953=ORIENTED_EDGE('',*,*,#3168,.T.);
#4954=ORIENTED_EDGE('',*,*,#3565,.F.);
#4955=ORIENTED_EDGE('',*,*,#3187,.F.);
#4956=ORIENTED_EDGE('',*,*,#3566,.T.);
#4957=ORIENTED_EDGE('',*,*,#3167,.T.);
#4958=ORIENTED_EDGE('',*,*,#3566,.F.);
#4959=ORIENTED_EDGE('',*,*,#3271,.F.);
#4960=ORIENTED_EDGE('',*,*,#3567,.T.);
#4961=ORIENTED_EDGE('',*,*,#3256,.T.);
#4962=ORIENTED_EDGE('',*,*,#3567,.F.);
#4963=ORIENTED_EDGE('',*,*,#3272,.F.);
#4964=ORIENTED_EDGE('',*,*,#3568,.T.);
#4965=ORIENTED_EDGE('',*,*,#3255,.T.);
#4966=ORIENTED_EDGE('',*,*,#3568,.F.);
#4967=ORIENTED_EDGE('',*,*,#3273,.F.);
#4968=ORIENTED_EDGE('',*,*,#3569,.T.);
#4969=ORIENTED_EDGE('',*,*,#3254,.T.);
#4970=ORIENTED_EDGE('',*,*,#3569,.F.);
#4971=ORIENTED_EDGE('',*,*,#3146,.F.);
#4972=ORIENTED_EDGE('',*,*,#3441,.T.);
#4973=ORIENTED_EDGE('',*,*,#3483,.F.);
#4974=ORIENTED_EDGE('',*,*,#3194,.T.);
#4975=ORIENTED_EDGE('',*,*,#3147,.F.);
#4976=ORIENTED_EDGE('',*,*,#3233,.F.);
#4977=ORIENTED_EDGE('',*,*,#3570,.T.);
#4978=ORIENTED_EDGE('',*,*,#3217,.T.);
#4979=ORIENTED_EDGE('',*,*,#3570,.F.);
#4980=ORIENTED_EDGE('',*,*,#3234,.F.);
#4981=ORIENTED_EDGE('',*,*,#3571,.T.);
#4982=ORIENTED_EDGE('',*,*,#3216,.T.);
#4983=ORIENTED_EDGE('',*,*,#3571,.F.);
#4984=ORIENTED_EDGE('',*,*,#3235,.F.);
#4985=ORIENTED_EDGE('',*,*,#3572,.T.);
#4986=ORIENTED_EDGE('',*,*,#3215,.T.);
#4987=ORIENTED_EDGE('',*,*,#3572,.F.);
#4988=ORIENTED_EDGE('',*,*,#3573,.F.);
#4989=ORIENTED_EDGE('',*,*,#3574,.T.);
#4990=ORIENTED_EDGE('',*,*,#3560,.F.);
#4991=ORIENTED_EDGE('',*,*,#3575,.F.);
#4992=ORIENTED_EDGE('',*,*,#3576,.F.);
#4993=ORIENTED_EDGE('',*,*,#3577,.T.);
#4994=ORIENTED_EDGE('',*,*,#3561,.F.);
#4995=ORIENTED_EDGE('',*,*,#3574,.F.);
#4996=ORIENTED_EDGE('',*,*,#3578,.F.);
#4997=ORIENTED_EDGE('',*,*,#3579,.T.);
#4998=ORIENTED_EDGE('',*,*,#3562,.F.);
#4999=ORIENTED_EDGE('',*,*,#3577,.F.);
#5000=ORIENTED_EDGE('',*,*,#3580,.F.);
#5001=ORIENTED_EDGE('',*,*,#3575,.T.);
#5002=ORIENTED_EDGE('',*,*,#3563,.F.);
#5003=ORIENTED_EDGE('',*,*,#3579,.F.);
#5004=ORIENTED_EDGE('',*,*,#3581,.F.);
#5005=ORIENTED_EDGE('',*,*,#3582,.T.);
#5006=ORIENTED_EDGE('',*,*,#3556,.F.);
#5007=ORIENTED_EDGE('',*,*,#3583,.F.);
#5008=ORIENTED_EDGE('',*,*,#3584,.F.);
#5009=ORIENTED_EDGE('',*,*,#3585,.T.);
#5010=ORIENTED_EDGE('',*,*,#3557,.F.);
#5011=ORIENTED_EDGE('',*,*,#3582,.F.);
#5012=ORIENTED_EDGE('',*,*,#3586,.F.);
#5013=ORIENTED_EDGE('',*,*,#3587,.T.);
#5014=ORIENTED_EDGE('',*,*,#3558,.F.);
#5015=ORIENTED_EDGE('',*,*,#3585,.F.);
#5016=ORIENTED_EDGE('',*,*,#3588,.F.);
#5017=ORIENTED_EDGE('',*,*,#3583,.T.);
#5018=ORIENTED_EDGE('',*,*,#3559,.F.);
#5019=ORIENTED_EDGE('',*,*,#3587,.F.);
#5020=ORIENTED_EDGE('',*,*,#3589,.F.);
#5021=ORIENTED_EDGE('',*,*,#3590,.T.);
#5022=ORIENTED_EDGE('',*,*,#3552,.F.);
#5023=ORIENTED_EDGE('',*,*,#3591,.F.);
#5024=ORIENTED_EDGE('',*,*,#3592,.F.);
#5025=ORIENTED_EDGE('',*,*,#3593,.T.);
#5026=ORIENTED_EDGE('',*,*,#3553,.F.);
#5027=ORIENTED_EDGE('',*,*,#3590,.F.);
#5028=ORIENTED_EDGE('',*,*,#3594,.F.);
#5029=ORIENTED_EDGE('',*,*,#3595,.T.);
#5030=ORIENTED_EDGE('',*,*,#3554,.F.);
#5031=ORIENTED_EDGE('',*,*,#3593,.F.);
#5032=ORIENTED_EDGE('',*,*,#3596,.F.);
#5033=ORIENTED_EDGE('',*,*,#3591,.T.);
#5034=ORIENTED_EDGE('',*,*,#3555,.F.);
#5035=ORIENTED_EDGE('',*,*,#3595,.F.);
#5036=ORIENTED_EDGE('',*,*,#3597,.F.);
#5037=ORIENTED_EDGE('',*,*,#3598,.T.);
#5038=ORIENTED_EDGE('',*,*,#3549,.F.);
#5039=ORIENTED_EDGE('',*,*,#3599,.F.);
#5040=ORIENTED_EDGE('',*,*,#3600,.F.);
#5041=ORIENTED_EDGE('',*,*,#3601,.T.);
#5042=ORIENTED_EDGE('',*,*,#3550,.F.);
#5043=ORIENTED_EDGE('',*,*,#3598,.F.);
#5044=ORIENTED_EDGE('',*,*,#3602,.F.);
#5045=ORIENTED_EDGE('',*,*,#3599,.T.);
#5046=ORIENTED_EDGE('',*,*,#3551,.F.);
#5047=ORIENTED_EDGE('',*,*,#3601,.F.);
#5048=ORIENTED_EDGE('',*,*,#3603,.F.);
#5049=ORIENTED_EDGE('',*,*,#3604,.T.);
#5050=ORIENTED_EDGE('',*,*,#3545,.F.);
#5051=ORIENTED_EDGE('',*,*,#3605,.F.);
#5052=ORIENTED_EDGE('',*,*,#3606,.F.);
#5053=ORIENTED_EDGE('',*,*,#3607,.T.);
#5054=ORIENTED_EDGE('',*,*,#3546,.F.);
#5055=ORIENTED_EDGE('',*,*,#3604,.F.);
#5056=ORIENTED_EDGE('',*,*,#3608,.F.);
#5057=ORIENTED_EDGE('',*,*,#3609,.T.);
#5058=ORIENTED_EDGE('',*,*,#3547,.F.);
#5059=ORIENTED_EDGE('',*,*,#3607,.F.);
#5060=ORIENTED_EDGE('',*,*,#3610,.F.);
#5061=ORIENTED_EDGE('',*,*,#3605,.T.);
#5062=ORIENTED_EDGE('',*,*,#3548,.F.);
#5063=ORIENTED_EDGE('',*,*,#3609,.F.);
#5064=ORIENTED_EDGE('',*,*,#3611,.F.);
#5065=ORIENTED_EDGE('',*,*,#3612,.T.);
#5066=ORIENTED_EDGE('',*,*,#3542,.F.);
#5067=ORIENTED_EDGE('',*,*,#3613,.F.);
#5068=ORIENTED_EDGE('',*,*,#3614,.F.);
#5069=ORIENTED_EDGE('',*,*,#3615,.T.);
#5070=ORIENTED_EDGE('',*,*,#3543,.F.);
#5071=ORIENTED_EDGE('',*,*,#3612,.F.);
#5072=ORIENTED_EDGE('',*,*,#3616,.F.);
#5073=ORIENTED_EDGE('',*,*,#3613,.T.);
#5074=ORIENTED_EDGE('',*,*,#3544,.F.);
#5075=ORIENTED_EDGE('',*,*,#3615,.F.);
#5076=ORIENTED_EDGE('',*,*,#3617,.F.);
#5077=ORIENTED_EDGE('',*,*,#3618,.T.);
#5078=ORIENTED_EDGE('',*,*,#3538,.F.);
#5079=ORIENTED_EDGE('',*,*,#3619,.F.);
#5080=ORIENTED_EDGE('',*,*,#3620,.F.);
#5081=ORIENTED_EDGE('',*,*,#3621,.T.);
#5082=ORIENTED_EDGE('',*,*,#3539,.F.);
#5083=ORIENTED_EDGE('',*,*,#3618,.F.);
#5084=ORIENTED_EDGE('',*,*,#3622,.F.);
#5085=ORIENTED_EDGE('',*,*,#3623,.T.);
#5086=ORIENTED_EDGE('',*,*,#3540,.F.);
#5087=ORIENTED_EDGE('',*,*,#3621,.F.);
#5088=ORIENTED_EDGE('',*,*,#3624,.F.);
#5089=ORIENTED_EDGE('',*,*,#3619,.T.);
#5090=ORIENTED_EDGE('',*,*,#3541,.F.);
#5091=ORIENTED_EDGE('',*,*,#3623,.F.);
#5092=ORIENTED_EDGE('',*,*,#3625,.F.);
#5093=ORIENTED_EDGE('',*,*,#3626,.T.);
#5094=ORIENTED_EDGE('',*,*,#3534,.F.);
#5095=ORIENTED_EDGE('',*,*,#3627,.F.);
#5096=ORIENTED_EDGE('',*,*,#3628,.F.);
#5097=ORIENTED_EDGE('',*,*,#3629,.T.);
#5098=ORIENTED_EDGE('',*,*,#3535,.F.);
#5099=ORIENTED_EDGE('',*,*,#3626,.F.);
#5100=ORIENTED_EDGE('',*,*,#3630,.F.);
#5101=ORIENTED_EDGE('',*,*,#3631,.T.);
#5102=ORIENTED_EDGE('',*,*,#3536,.F.);
#5103=ORIENTED_EDGE('',*,*,#3629,.F.);
#5104=ORIENTED_EDGE('',*,*,#3632,.F.);
#5105=ORIENTED_EDGE('',*,*,#3627,.T.);
#5106=ORIENTED_EDGE('',*,*,#3537,.F.);
#5107=ORIENTED_EDGE('',*,*,#3631,.F.);
#5108=ORIENTED_EDGE('',*,*,#3633,.F.);
#5109=ORIENTED_EDGE('',*,*,#3634,.T.);
#5110=ORIENTED_EDGE('',*,*,#3530,.F.);
#5111=ORIENTED_EDGE('',*,*,#3635,.F.);
#5112=ORIENTED_EDGE('',*,*,#3636,.F.);
#5113=ORIENTED_EDGE('',*,*,#3637,.T.);
#5114=ORIENTED_EDGE('',*,*,#3531,.F.);
#5115=ORIENTED_EDGE('',*,*,#3634,.F.);
#5116=ORIENTED_EDGE('',*,*,#3638,.F.);
#5117=ORIENTED_EDGE('',*,*,#3639,.T.);
#5118=ORIENTED_EDGE('',*,*,#3532,.F.);
#5119=ORIENTED_EDGE('',*,*,#3637,.F.);
#5120=ORIENTED_EDGE('',*,*,#3640,.F.);
#5121=ORIENTED_EDGE('',*,*,#3635,.T.);
#5122=ORIENTED_EDGE('',*,*,#3533,.F.);
#5123=ORIENTED_EDGE('',*,*,#3639,.F.);
#5124=ORIENTED_EDGE('',*,*,#3641,.F.);
#5125=ORIENTED_EDGE('',*,*,#3642,.T.);
#5126=ORIENTED_EDGE('',*,*,#3526,.F.);
#5127=ORIENTED_EDGE('',*,*,#3643,.F.);
#5128=ORIENTED_EDGE('',*,*,#3644,.F.);
#5129=ORIENTED_EDGE('',*,*,#3645,.T.);
#5130=ORIENTED_EDGE('',*,*,#3527,.F.);
#5131=ORIENTED_EDGE('',*,*,#3642,.F.);
#5132=ORIENTED_EDGE('',*,*,#3646,.F.);
#5133=ORIENTED_EDGE('',*,*,#3647,.T.);
#5134=ORIENTED_EDGE('',*,*,#3528,.F.);
#5135=ORIENTED_EDGE('',*,*,#3645,.F.);
#5136=ORIENTED_EDGE('',*,*,#3648,.F.);
#5137=ORIENTED_EDGE('',*,*,#3643,.T.);
#5138=ORIENTED_EDGE('',*,*,#3529,.F.);
#5139=ORIENTED_EDGE('',*,*,#3647,.F.);
#5140=ORIENTED_EDGE('',*,*,#3649,.F.);
#5141=ORIENTED_EDGE('',*,*,#3650,.T.);
#5142=ORIENTED_EDGE('',*,*,#3523,.F.);
#5143=ORIENTED_EDGE('',*,*,#3651,.F.);
#5144=ORIENTED_EDGE('',*,*,#3652,.F.);
#5145=ORIENTED_EDGE('',*,*,#3653,.T.);
#5146=ORIENTED_EDGE('',*,*,#3524,.F.);
#5147=ORIENTED_EDGE('',*,*,#3650,.F.);
#5148=ORIENTED_EDGE('',*,*,#3654,.F.);
#5149=ORIENTED_EDGE('',*,*,#3651,.T.);
#5150=ORIENTED_EDGE('',*,*,#3525,.F.);
#5151=ORIENTED_EDGE('',*,*,#3653,.F.);
#5152=ORIENTED_EDGE('',*,*,#3655,.F.);
#5153=ORIENTED_EDGE('',*,*,#3656,.T.);
#5154=ORIENTED_EDGE('',*,*,#3520,.F.);
#5155=ORIENTED_EDGE('',*,*,#3657,.F.);
#5156=ORIENTED_EDGE('',*,*,#3658,.F.);
#5157=ORIENTED_EDGE('',*,*,#3659,.T.);
#5158=ORIENTED_EDGE('',*,*,#3521,.F.);
#5159=ORIENTED_EDGE('',*,*,#3656,.F.);
#5160=ORIENTED_EDGE('',*,*,#3660,.F.);
#5161=ORIENTED_EDGE('',*,*,#3657,.T.);
#5162=ORIENTED_EDGE('',*,*,#3522,.F.);
#5163=ORIENTED_EDGE('',*,*,#3659,.F.);
#5164=ORIENTED_EDGE('',*,*,#3661,.F.);
#5165=ORIENTED_EDGE('',*,*,#3662,.T.);
#5166=ORIENTED_EDGE('',*,*,#3515,.F.);
#5167=ORIENTED_EDGE('',*,*,#3663,.F.);
#5168=ORIENTED_EDGE('',*,*,#3664,.F.);
#5169=ORIENTED_EDGE('',*,*,#3665,.T.);
#5170=ORIENTED_EDGE('',*,*,#3516,.F.);
#5171=ORIENTED_EDGE('',*,*,#3662,.F.);
#5172=ORIENTED_EDGE('',*,*,#3666,.F.);
#5173=ORIENTED_EDGE('',*,*,#3667,.T.);
#5174=ORIENTED_EDGE('',*,*,#3517,.F.);
#5175=ORIENTED_EDGE('',*,*,#3665,.F.);
#5176=ORIENTED_EDGE('',*,*,#3668,.F.);
#5177=ORIENTED_EDGE('',*,*,#3669,.T.);
#5178=ORIENTED_EDGE('',*,*,#3518,.F.);
#5179=ORIENTED_EDGE('',*,*,#3667,.F.);
#5180=ORIENTED_EDGE('',*,*,#3670,.F.);
#5181=ORIENTED_EDGE('',*,*,#3663,.T.);
#5182=ORIENTED_EDGE('',*,*,#3519,.F.);
#5183=ORIENTED_EDGE('',*,*,#3669,.F.);
#5184=ORIENTED_EDGE('',*,*,#3671,.F.);
#5185=ORIENTED_EDGE('',*,*,#3672,.T.);
#5186=ORIENTED_EDGE('',*,*,#3512,.F.);
#5187=ORIENTED_EDGE('',*,*,#3673,.F.);
#5188=ORIENTED_EDGE('',*,*,#3674,.F.);
#5189=ORIENTED_EDGE('',*,*,#3675,.T.);
#5190=ORIENTED_EDGE('',*,*,#3513,.F.);
#5191=ORIENTED_EDGE('',*,*,#3672,.F.);
#5192=ORIENTED_EDGE('',*,*,#3676,.F.);
#5193=ORIENTED_EDGE('',*,*,#3673,.T.);
#5194=ORIENTED_EDGE('',*,*,#3514,.F.);
#5195=ORIENTED_EDGE('',*,*,#3675,.F.);
#5196=ORIENTED_EDGE('',*,*,#3677,.F.);
#5197=ORIENTED_EDGE('',*,*,#3678,.T.);
#5198=ORIENTED_EDGE('',*,*,#3509,.F.);
#5199=ORIENTED_EDGE('',*,*,#3679,.F.);
#5200=ORIENTED_EDGE('',*,*,#3680,.F.);
#5201=ORIENTED_EDGE('',*,*,#3681,.T.);
#5202=ORIENTED_EDGE('',*,*,#3510,.F.);
#5203=ORIENTED_EDGE('',*,*,#3678,.F.);
#5204=ORIENTED_EDGE('',*,*,#3682,.F.);
#5205=ORIENTED_EDGE('',*,*,#3679,.T.);
#5206=ORIENTED_EDGE('',*,*,#3511,.F.);
#5207=ORIENTED_EDGE('',*,*,#3681,.F.);
#5208=ORIENTED_EDGE('',*,*,#3683,.F.);
#5209=ORIENTED_EDGE('',*,*,#3684,.T.);
#5210=ORIENTED_EDGE('',*,*,#3506,.F.);
#5211=ORIENTED_EDGE('',*,*,#3685,.F.);
#5212=ORIENTED_EDGE('',*,*,#3686,.F.);
#5213=ORIENTED_EDGE('',*,*,#3687,.T.);
#5214=ORIENTED_EDGE('',*,*,#3507,.F.);
#5215=ORIENTED_EDGE('',*,*,#3684,.F.);
#5216=ORIENTED_EDGE('',*,*,#3688,.F.);
#5217=ORIENTED_EDGE('',*,*,#3685,.T.);
#5218=ORIENTED_EDGE('',*,*,#3508,.F.);
#5219=ORIENTED_EDGE('',*,*,#3687,.F.);
#5220=ORIENTED_EDGE('',*,*,#3401,.F.);
#5221=ORIENTED_EDGE('',*,*,#3689,.F.);
#5222=ORIENTED_EDGE('',*,*,#3504,.T.);
#5223=ORIENTED_EDGE('',*,*,#3690,.F.);
#5224=ORIENTED_EDGE('',*,*,#3691,.F.);
#5225=ORIENTED_EDGE('',*,*,#3505,.T.);
#5226=ORIENTED_EDGE('',*,*,#3689,.T.);
#5227=ORIENTED_EDGE('',*,*,#3692,.T.);
#5228=ORIENTED_EDGE('',*,*,#3693,.F.);
#5229=ORIENTED_EDGE('',*,*,#3694,.F.);
#5230=ORIENTED_EDGE('',*,*,#3695,.F.);
#5231=ORIENTED_EDGE('',*,*,#3502,.T.);
#5232=ORIENTED_EDGE('',*,*,#3696,.F.);
#5233=ORIENTED_EDGE('',*,*,#3690,.T.);
#5234=ORIENTED_EDGE('',*,*,#3503,.T.);
#5235=ORIENTED_EDGE('',*,*,#3695,.T.);
#5236=ORIENTED_EDGE('',*,*,#3697,.T.);
#5237=ORIENTED_EDGE('',*,*,#3698,.F.);
#5238=ORIENTED_EDGE('',*,*,#3699,.F.);
#5239=ORIENTED_EDGE('',*,*,#3500,.T.);
#5240=ORIENTED_EDGE('',*,*,#3700,.F.);
#5241=ORIENTED_EDGE('',*,*,#3696,.T.);
#5242=ORIENTED_EDGE('',*,*,#3501,.T.);
#5243=ORIENTED_EDGE('',*,*,#3699,.T.);
#5244=ORIENTED_EDGE('',*,*,#3701,.T.);
#5245=ORIENTED_EDGE('',*,*,#3702,.F.);
#5246=ORIENTED_EDGE('',*,*,#3703,.F.);
#5247=ORIENTED_EDGE('',*,*,#3498,.T.);
#5248=ORIENTED_EDGE('',*,*,#3704,.F.);
#5249=ORIENTED_EDGE('',*,*,#3700,.T.);
#5250=ORIENTED_EDGE('',*,*,#3499,.T.);
#5251=ORIENTED_EDGE('',*,*,#3703,.T.);
#5252=ORIENTED_EDGE('',*,*,#3705,.T.);
#5253=ORIENTED_EDGE('',*,*,#3706,.T.);
#5254=ORIENTED_EDGE('',*,*,#3407,.T.);
#5255=ORIENTED_EDGE('',*,*,#3704,.T.);
#5256=ORIENTED_EDGE('',*,*,#3497,.T.);
#5257=ORIENTED_EDGE('',*,*,#3707,.T.);
#5258=ORIENTED_EDGE('',*,*,#3386,.T.);
#5259=ORIENTED_EDGE('',*,*,#3708,.T.);
#5260=ORIENTED_EDGE('',*,*,#3709,.T.);
#5261=ORIENTED_EDGE('',*,*,#3702,.T.);
#5262=ORIENTED_EDGE('',*,*,#3406,.T.);
#5263=ORIENTED_EDGE('',*,*,#3698,.T.);
#5264=ORIENTED_EDGE('',*,*,#3710,.T.);
#5265=ORIENTED_EDGE('',*,*,#3711,.T.);
#5266=ORIENTED_EDGE('',*,*,#3712,.T.);
#5267=ORIENTED_EDGE('',*,*,#3331,.T.);
#5268=ORIENTED_EDGE('',*,*,#3713,.T.);
#5269=ORIENTED_EDGE('',*,*,#3711,.F.);
#5270=ORIENTED_EDGE('',*,*,#3714,.T.);
#5271=ORIENTED_EDGE('',*,*,#3404,.T.);
#5272=ORIENTED_EDGE('',*,*,#3715,.T.);
#5273=ORIENTED_EDGE('',*,*,#3716,.T.);
#5274=ORIENTED_EDGE('',*,*,#3324,.T.);
#5275=ORIENTED_EDGE('',*,*,#3397,.F.);
#5276=ORIENTED_EDGE('',*,*,#3717,.T.);
#5277=ORIENTED_EDGE('',*,*,#3403,.T.);
#5278=ORIENTED_EDGE('',*,*,#3718,.T.);
#5279=ORIENTED_EDGE('',*,*,#3694,.T.);
#5280=ORIENTED_EDGE('',*,*,#3719,.T.);
#5281=ORIENTED_EDGE('',*,*,#3715,.F.);
#5282=ORIENTED_EDGE('',*,*,#3692,.F.);
#5283=ORIENTED_EDGE('',*,*,#3400,.F.);
#5284=ORIENTED_EDGE('',*,*,#3295,.T.);
#5285=ORIENTED_EDGE('',*,*,#3278,.F.);
#5286=ORIENTED_EDGE('',*,*,#3720,.T.);
#5287=ORIENTED_EDGE('',*,*,#3402,.F.);
#5288=ORIENTED_EDGE('',*,*,#3697,.F.);
#5289=ORIENTED_EDGE('',*,*,#3718,.F.);
#5290=ORIENTED_EDGE('',*,*,#3405,.F.);
#5291=ORIENTED_EDGE('',*,*,#3717,.F.);
#5292=ORIENTED_EDGE('',*,*,#3396,.F.);
#5293=ORIENTED_EDGE('',*,*,#3436,.F.);
#5294=ORIENTED_EDGE('',*,*,#3721,.F.);
#5295=ORIENTED_EDGE('',*,*,#3488,.T.);
#5296=ORIENTED_EDGE('',*,*,#3722,.F.);
#5297=ORIENTED_EDGE('',*,*,#3723,.F.);
#5298=ORIENTED_EDGE('',*,*,#3724,.F.);
#5299=ORIENTED_EDGE('',*,*,#3490,.T.);
#5300=ORIENTED_EDGE('',*,*,#3725,.F.);
#5301=ORIENTED_EDGE('',*,*,#3726,.F.);
#5302=ORIENTED_EDGE('',*,*,#3727,.F.);
#5303=ORIENTED_EDGE('',*,*,#3728,.F.);
#5304=ORIENTED_EDGE('',*,*,#3492,.T.);
#5305=ORIENTED_EDGE('',*,*,#3428,.T.);
#5306=ORIENTED_EDGE('',*,*,#3729,.T.);
#5307=ORIENTED_EDGE('',*,*,#3730,.T.);
#5308=ORIENTED_EDGE('',*,*,#3346,.T.);
#5309=ORIENTED_EDGE('',*,*,#3424,.F.);
#5310=ORIENTED_EDGE('',*,*,#3731,.T.);
#5311=ORIENTED_EDGE('',*,*,#3427,.T.);
#5312=ORIENTED_EDGE('',*,*,#3732,.T.);
#5313=ORIENTED_EDGE('',*,*,#3727,.T.);
#5314=ORIENTED_EDGE('',*,*,#3733,.T.);
#5315=ORIENTED_EDGE('',*,*,#3729,.F.);
#5316=ORIENTED_EDGE('',*,*,#3425,.F.);
#5317=ORIENTED_EDGE('',*,*,#3734,.F.);
#5318=ORIENTED_EDGE('',*,*,#3494,.T.);
#5319=ORIENTED_EDGE('',*,*,#3735,.F.);
#5320=ORIENTED_EDGE('',*,*,#3736,.F.);
#5321=ORIENTED_EDGE('',*,*,#3495,.T.);
#5322=ORIENTED_EDGE('',*,*,#3734,.T.);
#5323=ORIENTED_EDGE('',*,*,#3320,.T.);
#5324=ORIENTED_EDGE('',*,*,#3737,.F.);
#5325=ORIENTED_EDGE('',*,*,#3735,.T.);
#5326=ORIENTED_EDGE('',*,*,#3493,.T.);
#5327=ORIENTED_EDGE('',*,*,#3728,.T.);
#5328=ORIENTED_EDGE('',*,*,#3738,.T.);
#5329=ORIENTED_EDGE('',*,*,#3726,.T.);
#5330=ORIENTED_EDGE('',*,*,#3491,.T.);
#5331=ORIENTED_EDGE('',*,*,#3724,.T.);
#5332=ORIENTED_EDGE('',*,*,#3739,.T.);
#5333=ORIENTED_EDGE('',*,*,#3725,.T.);
#5334=ORIENTED_EDGE('',*,*,#3489,.T.);
#5335=ORIENTED_EDGE('',*,*,#3721,.T.);
#5336=ORIENTED_EDGE('',*,*,#3740,.T.);
#5337=ORIENTED_EDGE('',*,*,#3723,.T.);
#5338=ORIENTED_EDGE('',*,*,#3741,.T.);
#5339=ORIENTED_EDGE('',*,*,#3742,.T.);
#5340=ORIENTED_EDGE('',*,*,#3743,.T.);
#5341=ORIENTED_EDGE('',*,*,#3353,.T.);
#5342=ORIENTED_EDGE('',*,*,#3744,.T.);
#5343=ORIENTED_EDGE('',*,*,#3742,.F.);
#5344=ORIENTED_EDGE('',*,*,#3745,.T.);
#5345=ORIENTED_EDGE('',*,*,#3746,.T.);
#5346=ORIENTED_EDGE('',*,*,#3432,.T.);
#5347=ORIENTED_EDGE('',*,*,#3722,.T.);
#5348=ORIENTED_EDGE('',*,*,#3487,.T.);
#5349=ORIENTED_EDGE('',*,*,#3747,.T.);
#5350=ORIENTED_EDGE('',*,*,#3733,.F.);
#5351=ORIENTED_EDGE('',*,*,#3739,.F.);
#5352=ORIENTED_EDGE('',*,*,#3743,.F.);
#5353=ORIENTED_EDGE('',*,*,#3748,.F.);
#5354=ORIENTED_EDGE('',*,*,#3730,.F.);
#5355=ORIENTED_EDGE('',*,*,#3748,.T.);
#5356=ORIENTED_EDGE('',*,*,#3744,.F.);
#5357=ORIENTED_EDGE('',*,*,#3350,.T.);
#5358=ORIENTED_EDGE('',*,*,#3745,.F.);
#5359=ORIENTED_EDGE('',*,*,#3741,.F.);
#5360=ORIENTED_EDGE('',*,*,#3740,.F.);
#5361=ORIENTED_EDGE('',*,*,#3435,.F.);
#5362=ORIENTED_EDGE('',*,*,#3438,.F.);
#5363=ORIENTED_EDGE('',*,*,#3356,.F.);
#5364=ORIENTED_EDGE('',*,*,#3426,.F.);
#5365=ORIENTED_EDGE('',*,*,#3738,.F.);
#5366=ORIENTED_EDGE('',*,*,#3732,.F.);
#5367=ORIENTED_EDGE('',*,*,#3429,.F.);
#5368=ORIENTED_EDGE('',*,*,#3731,.F.);
#5369=ORIENTED_EDGE('',*,*,#3423,.T.);
#5370=ORIENTED_EDGE('',*,*,#3749,.T.);
#5371=ORIENTED_EDGE('',*,*,#3707,.F.);
#5372=ORIENTED_EDGE('',*,*,#3496,.T.);
#5373=ORIENTED_EDGE('',*,*,#3691,.T.);
#5374=ORIENTED_EDGE('',*,*,#3277,.F.);
#5375=ORIENTED_EDGE('',*,*,#3408,.T.);
#5376=ORIENTED_EDGE('',*,*,#3706,.F.);
#5377=ORIENTED_EDGE('',*,*,#3749,.F.);
#5378=ORIENTED_EDGE('',*,*,#3693,.T.);
#5379=ORIENTED_EDGE('',*,*,#3720,.F.);
#5380=ORIENTED_EDGE('',*,*,#3713,.F.);
#5381=ORIENTED_EDGE('',*,*,#3328,.T.);
#5382=ORIENTED_EDGE('',*,*,#3716,.F.);
#5383=ORIENTED_EDGE('',*,*,#3750,.T.);
#5384=ORIENTED_EDGE('',*,*,#3399,.F.);
#5385=ORIENTED_EDGE('',*,*,#3751,.T.);
#5386=ORIENTED_EDGE('',*,*,#3288,.F.);
#5387=ORIENTED_EDGE('',*,*,#3298,.T.);
#5388=ORIENTED_EDGE('',*,*,#3393,.F.);
#5389=ORIENTED_EDGE('',*,*,#3344,.T.);
#5390=ORIENTED_EDGE('',*,*,#3752,.F.);
#5391=ORIENTED_EDGE('',*,*,#3379,.F.);
#5392=ORIENTED_EDGE('',*,*,#3381,.T.);
#5393=ORIENTED_EDGE('',*,*,#3289,.F.);
#5394=ORIENTED_EDGE('',*,*,#3751,.F.);
#5395=ORIENTED_EDGE('',*,*,#3398,.F.);
#5396=ORIENTED_EDGE('',*,*,#3342,.T.);
#5397=ORIENTED_EDGE('',*,*,#3385,.T.);
#5398=ORIENTED_EDGE('',*,*,#3753,.T.);
#5399=ORIENTED_EDGE('',*,*,#3337,.T.);
#5400=ORIENTED_EDGE('',*,*,#3754,.F.);
#5401=ORIENTED_EDGE('',*,*,#3708,.F.);
#5402=ORIENTED_EDGE('',*,*,#3338,.T.);
#5403=ORIENTED_EDGE('',*,*,#3753,.F.);
#5404=ORIENTED_EDGE('',*,*,#3382,.F.);
#5405=ORIENTED_EDGE('',*,*,#3384,.T.);
#5406=ORIENTED_EDGE('',*,*,#3389,.F.);
#5407=ORIENTED_EDGE('',*,*,#3755,.F.);
#5408=ORIENTED_EDGE('',*,*,#3292,.F.);
#5409=ORIENTED_EDGE('',*,*,#3391,.F.);
#5410=ORIENTED_EDGE('',*,*,#3390,.T.);
#5411=ORIENTED_EDGE('',*,*,#3752,.T.);
#5412=ORIENTED_EDGE('',*,*,#3343,.T.);
#5413=ORIENTED_EDGE('',*,*,#3286,.F.);
#5414=ORIENTED_EDGE('',*,*,#3293,.T.);
#5415=ORIENTED_EDGE('',*,*,#3755,.T.);
#5416=ORIENTED_EDGE('',*,*,#3388,.F.);
#5417=ORIENTED_EDGE('',*,*,#3281,.F.);
#5418=ORIENTED_EDGE('',*,*,#3756,.T.);
#5419=ORIENTED_EDGE('',*,*,#3747,.F.);
#5420=ORIENTED_EDGE('',*,*,#3486,.T.);
#5421=ORIENTED_EDGE('',*,*,#3736,.T.);
#5422=ORIENTED_EDGE('',*,*,#3302,.F.);
#5423=ORIENTED_EDGE('',*,*,#3433,.T.);
#5424=ORIENTED_EDGE('',*,*,#3746,.F.);
#5425=ORIENTED_EDGE('',*,*,#3756,.F.);
#5426=ORIENTED_EDGE('',*,*,#3737,.T.);
#5427=ORIENTED_EDGE('',*,*,#3319,.F.);
#5428=ORIENTED_EDGE('',*,*,#3360,.T.);
#5429=ORIENTED_EDGE('',*,*,#3437,.F.);
#5430=ORIENTED_EDGE('',*,*,#3416,.F.);
#5431=ORIENTED_EDGE('',*,*,#3417,.T.);
#5432=ORIENTED_EDGE('',*,*,#3413,.F.);
#5433=ORIENTED_EDGE('',*,*,#3430,.F.);
#5434=ORIENTED_EDGE('',*,*,#3316,.F.);
#5435=ORIENTED_EDGE('',*,*,#3419,.F.);
#5436=ORIENTED_EDGE('',*,*,#3418,.T.);
#5437=ORIENTED_EDGE('',*,*,#3374,.T.);
#5438=ORIENTED_EDGE('',*,*,#3365,.T.);
#5439=ORIENTED_EDGE('',*,*,#3368,.T.);
#5440=ORIENTED_EDGE('',*,*,#3757,.T.);
#5441=ORIENTED_EDGE('',*,*,#3318,.T.);
#5442=ORIENTED_EDGE('',*,*,#3757,.F.);
#5443=ORIENTED_EDGE('',*,*,#3712,.F.);
#5444=ORIENTED_EDGE('',*,*,#3750,.F.);
#5445=ORIENTED_EDGE('',*,*,#3719,.F.);
#5446=ORIENTED_EDGE('',*,*,#3701,.F.);
#5447=ORIENTED_EDGE('',*,*,#3709,.F.);
#5448=ORIENTED_EDGE('',*,*,#3754,.T.);
#5449=ORIENTED_EDGE('',*,*,#3334,.F.);
#5450=ORIENTED_EDGE('',*,*,#3714,.F.);
#5451=ORIENTED_EDGE('',*,*,#3710,.F.);
#5452=ORIENTED_EDGE('',*,*,#3705,.F.);
#5453=ORIENTED_EDGE('',*,*,#3345,.T.);
#5454=ORIENTED_EDGE('',*,*,#3758,.T.);
#5455=ORIENTED_EDGE('',*,*,#3294,.T.);
#5456=ORIENTED_EDGE('',*,*,#3758,.F.);
#5457=ORIENTED_EDGE('',*,*,#3449,.F.);
#5458=ORIENTED_EDGE('',*,*,#3059,.T.);
#5459=ORIENTED_EDGE('',*,*,#3454,.F.);
#5460=ORIENTED_EDGE('',*,*,#3484,.F.);
#5461=ORIENTED_EDGE('',*,*,#3573,.T.);
#5462=ORIENTED_EDGE('',*,*,#3580,.T.);
#5463=ORIENTED_EDGE('',*,*,#3578,.T.);
#5464=ORIENTED_EDGE('',*,*,#3576,.T.);
#5465=ORIENTED_EDGE('',*,*,#3581,.T.);
#5466=ORIENTED_EDGE('',*,*,#3588,.T.);
#5467=ORIENTED_EDGE('',*,*,#3586,.T.);
#5468=ORIENTED_EDGE('',*,*,#3584,.T.);
#5469=ORIENTED_EDGE('',*,*,#3589,.T.);
#5470=ORIENTED_EDGE('',*,*,#3596,.T.);
#5471=ORIENTED_EDGE('',*,*,#3594,.T.);
#5472=ORIENTED_EDGE('',*,*,#3592,.T.);
#5473=ORIENTED_EDGE('',*,*,#3597,.T.);
#5474=ORIENTED_EDGE('',*,*,#3602,.T.);
#5475=ORIENTED_EDGE('',*,*,#3600,.T.);
#5476=ORIENTED_EDGE('',*,*,#3603,.T.);
#5477=ORIENTED_EDGE('',*,*,#3610,.T.);
#5478=ORIENTED_EDGE('',*,*,#3608,.T.);
#5479=ORIENTED_EDGE('',*,*,#3606,.T.);
#5480=ORIENTED_EDGE('',*,*,#3611,.T.);
#5481=ORIENTED_EDGE('',*,*,#3616,.T.);
#5482=ORIENTED_EDGE('',*,*,#3614,.T.);
#5483=ORIENTED_EDGE('',*,*,#3617,.T.);
#5484=ORIENTED_EDGE('',*,*,#3624,.T.);
#5485=ORIENTED_EDGE('',*,*,#3622,.T.);
#5486=ORIENTED_EDGE('',*,*,#3620,.T.);
#5487=ORIENTED_EDGE('',*,*,#3625,.T.);
#5488=ORIENTED_EDGE('',*,*,#3632,.T.);
#5489=ORIENTED_EDGE('',*,*,#3630,.T.);
#5490=ORIENTED_EDGE('',*,*,#3628,.T.);
#5491=ORIENTED_EDGE('',*,*,#3633,.T.);
#5492=ORIENTED_EDGE('',*,*,#3640,.T.);
#5493=ORIENTED_EDGE('',*,*,#3638,.T.);
#5494=ORIENTED_EDGE('',*,*,#3636,.T.);
#5495=ORIENTED_EDGE('',*,*,#3641,.T.);
#5496=ORIENTED_EDGE('',*,*,#3648,.T.);
#5497=ORIENTED_EDGE('',*,*,#3646,.T.);
#5498=ORIENTED_EDGE('',*,*,#3644,.T.);
#5499=ORIENTED_EDGE('',*,*,#3649,.T.);
#5500=ORIENTED_EDGE('',*,*,#3654,.T.);
#5501=ORIENTED_EDGE('',*,*,#3652,.T.);
#5502=ORIENTED_EDGE('',*,*,#3655,.T.);
#5503=ORIENTED_EDGE('',*,*,#3660,.T.);
#5504=ORIENTED_EDGE('',*,*,#3658,.T.);
#5505=ORIENTED_EDGE('',*,*,#3661,.T.);
#5506=ORIENTED_EDGE('',*,*,#3670,.T.);
#5507=ORIENTED_EDGE('',*,*,#3668,.T.);
#5508=ORIENTED_EDGE('',*,*,#3666,.T.);
#5509=ORIENTED_EDGE('',*,*,#3664,.T.);
#5510=ORIENTED_EDGE('',*,*,#3671,.T.);
#5511=ORIENTED_EDGE('',*,*,#3676,.T.);
#5512=ORIENTED_EDGE('',*,*,#3674,.T.);
#5513=ORIENTED_EDGE('',*,*,#3677,.T.);
#5514=ORIENTED_EDGE('',*,*,#3682,.T.);
#5515=ORIENTED_EDGE('',*,*,#3680,.T.);
#5516=ORIENTED_EDGE('',*,*,#3683,.T.);
#5517=ORIENTED_EDGE('',*,*,#3688,.T.);
#5518=ORIENTED_EDGE('',*,*,#3686,.T.);
#5519=B_SPLINE_SURFACE_WITH_KNOTS('',3,3,((#7907,#7908,#7909,#7910,#7911,
#7912),(#7913,#7914,#7915,#7916,#7917,#7918),(#7919,#7920,#7921,#7922,#7923,
#7924),(#7925,#7926,#7927,#7928,#7929,#7930),(#7931,#7932,#7933,#7934,#7935,
#7936),(#7937,#7938,#7939,#7940,#7941,#7942)),.UNSPECIFIED.,.F.,.F.,.F.,
(4,1,1,4),(4,1,1,4),(0.,0.333333333333333,0.666666666666667,1.),(0.,0.333333333333333,
0.666666666666667,1.),.UNSPECIFIED.);
#5520=B_SPLINE_SURFACE_WITH_KNOTS('',3,3,((#7969,#7970,#7971,#7972,#7973,
#7974),(#7975,#7976,#7977,#7978,#7979,#7980),(#7981,#7982,#7983,#7984,#7985,
#7986),(#7987,#7988,#7989,#7990,#7991,#7992),(#7993,#7994,#7995,#7996,#7997,
#7998),(#7999,#8000,#8001,#8002,#8003,#8004)),.UNSPECIFIED.,.F.,.F.,.F.,
(4,1,1,4),(4,1,1,4),(0.,0.333333333333333,0.666666666666667,1.),(0.,0.333333333333333,
0.666666666666667,1.),.UNSPECIFIED.);
#5521=B_SPLINE_SURFACE_WITH_KNOTS('',3,3,((#8020,#8021,#8022,#8023,#8024,
#8025),(#8026,#8027,#8028,#8029,#8030,#8031),(#8032,#8033,#8034,#8035,#8036,
#8037),(#8038,#8039,#8040,#8041,#8042,#8043),(#8044,#8045,#8046,#8047,#8048,
#8049),(#8050,#8051,#8052,#8053,#8054,#8055)),.UNSPECIFIED.,.F.,.F.,.F.,
(4,1,1,4),(4,1,1,4),(0.,0.333333333333333,0.666666666666667,1.),(0.,0.333333333333333,
0.666666666666667,1.),.UNSPECIFIED.);
#5522=B_SPLINE_SURFACE_WITH_KNOTS('',3,3,((#8066,#8067,#8068,#8069,#8070,
#8071),(#8072,#8073,#8074,#8075,#8076,#8077),(#8078,#8079,#8080,#8081,#8082,
#8083),(#8084,#8085,#8086,#8087,#8088,#8089),(#8090,#8091,#8092,#8093,#8094,
#8095),(#8096,#8097,#8098,#8099,#8100,#8101)),.UNSPECIFIED.,.F.,.F.,.F.,
(4,1,1,4),(4,1,1,4),(0.,0.333333333333333,0.666666666666667,1.),(0.,0.333333333333333,
0.666666666666667,1.),.UNSPECIFIED.);
#5523=B_SPLINE_SURFACE_WITH_KNOTS('',3,3,((#8112,#8113,#8114,#8115,#8116,
#8117),(#8118,#8119,#8120,#8121,#8122,#8123),(#8124,#8125,#8126,#8127,#8128,
#8129),(#8130,#8131,#8132,#8133,#8134,#8135),(#8136,#8137,#8138,#8139,#8140,
#8141),(#8142,#8143,#8144,#8145,#8146,#8147)),.UNSPECIFIED.,.F.,.F.,.F.,
(4,1,1,4),(4,1,1,4),(0.,0.333333333333333,0.666666666666667,1.),(0.,0.333333333333333,
0.666666666666667,1.),.UNSPECIFIED.);
#5524=B_SPLINE_SURFACE_WITH_KNOTS('',3,3,((#8163,#8164,#8165,#8166,#8167,
#8168),(#8169,#8170,#8171,#8172,#8173,#8174),(#8175,#8176,#8177,#8178,#8179,
#8180),(#8181,#8182,#8183,#8184,#8185,#8186),(#8187,#8188,#8189,#8190,#8191,
#8192),(#8193,#8194,#8195,#8196,#8197,#8198)),.UNSPECIFIED.,.F.,.F.,.F.,
(4,1,1,4),(4,1,1,4),(0.,0.333333333333333,0.666666666666667,1.),(0.,0.333333333333333,
0.666666666666667,1.),.UNSPECIFIED.);
#5525=B_SPLINE_SURFACE_WITH_KNOTS('',3,3,((#8226,#8227,#8228,#8229,#8230,
#8231),(#8232,#8233,#8234,#8235,#8236,#8237),(#8238,#8239,#8240,#8241,#8242,
#8243),(#8244,#8245,#8246,#8247,#8248,#8249),(#8250,#8251,#8252,#8253,#8254,
#8255),(#8256,#8257,#8258,#8259,#8260,#8261)),.UNSPECIFIED.,.F.,.F.,.F.,
(4,1,1,4),(4,1,1,4),(0.,0.333333333333333,0.666666666666667,1.),(0.,0.333333333333333,
0.666666666666667,1.),.UNSPECIFIED.);
#5526=B_SPLINE_SURFACE_WITH_KNOTS('',3,3,((#8276,#8277,#8278,#8279,#8280,
#8281),(#8282,#8283,#8284,#8285,#8286,#8287),(#8288,#8289,#8290,#8291,#8292,
#8293),(#8294,#8295,#8296,#8297,#8298,#8299),(#8300,#8301,#8302,#8303,#8304,
#8305),(#8306,#8307,#8308,#8309,#8310,#8311)),.UNSPECIFIED.,.F.,.F.,.F.,
(4,1,1,4),(4,1,1,4),(0.,0.333333333333333,0.666666666666667,1.),(0.,0.333333333333333,
0.666666666666667,1.),.UNSPECIFIED.);
#5527=B_SPLINE_SURFACE_WITH_KNOTS('',3,3,((#8322,#8323,#8324,#8325,#8326,
#8327),(#8328,#8329,#8330,#8331,#8332,#8333),(#8334,#8335,#8336,#8337,#8338,
#8339),(#8340,#8341,#8342,#8343,#8344,#8345),(#8346,#8347,#8348,#8349,#8350,
#8351),(#8352,#8353,#8354,#8355,#8356,#8357)),.UNSPECIFIED.,.F.,.F.,.F.,
(4,1,1,4),(4,1,1,4),(0.,0.333333333333333,0.666666666666667,1.),(0.,0.333333333333333,
0.666666666666667,1.),.UNSPECIFIED.);
#5528=B_SPLINE_SURFACE_WITH_KNOTS('',3,3,((#8368,#8369,#8370,#8371,#8372,
#8373),(#8374,#8375,#8376,#8377,#8378,#8379),(#8380,#8381,#8382,#8383,#8384,
#8385),(#8386,#8387,#8388,#8389,#8390,#8391),(#8392,#8393,#8394,#8395,#8396,
#8397),(#8398,#8399,#8400,#8401,#8402,#8403)),.UNSPECIFIED.,.F.,.F.,.F.,
(4,1,1,4),(4,1,1,4),(0.,0.333333333333333,0.666666666666667,1.),(0.,0.333333333333333,
0.666666666666667,1.),.UNSPECIFIED.);
#5529=B_SPLINE_SURFACE_WITH_KNOTS('',3,3,((#8419,#8420,#8421,#8422,#8423,
#8424),(#8425,#8426,#8427,#8428,#8429,#8430),(#8431,#8432,#8433,#8434,#8435,
#8436),(#8437,#8438,#8439,#8440,#8441,#8442),(#8443,#8444,#8445,#8446,#8447,
#8448),(#8449,#8450,#8451,#8452,#8453,#8454)),.UNSPECIFIED.,.F.,.F.,.F.,
(4,1,1,4),(4,1,1,4),(0.,0.333333333333333,0.666666666666667,1.),(0.,0.333333333333333,
0.666666666666667,1.),.UNSPECIFIED.);
#5530=B_SPLINE_SURFACE_WITH_KNOTS('',3,3,((#8481,#8482,#8483,#8484,#8485,
#8486),(#8487,#8488,#8489,#8490,#8491,#8492),(#8493,#8494,#8495,#8496,#8497,
#8498),(#8499,#8500,#8501,#8502,#8503,#8504),(#8505,#8506,#8507,#8508,#8509,
#8510),(#8511,#8512,#8513,#8514,#8515,#8516)),.UNSPECIFIED.,.F.,.F.,.F.,
(4,1,1,4),(4,1,1,4),(0.,0.333333333333333,0.666666666666667,1.),(0.,0.333333333333333,
0.666666666666667,1.),.UNSPECIFIED.);
#5531=B_SPLINE_SURFACE_WITH_KNOTS('',3,3,((#8532,#8533,#8534,#8535,#8536,
#8537),(#8538,#8539,#8540,#8541,#8542,#8543),(#8544,#8545,#8546,#8547,#8548,
#8549),(#8550,#8551,#8552,#8553,#8554,#8555),(#8556,#8557,#8558,#8559,#8560,
#8561),(#8562,#8563,#8564,#8565,#8566,#8567)),.UNSPECIFIED.,.F.,.F.,.F.,
(4,1,1,4),(4,1,1,4),(0.,0.333333333333333,0.666666666666667,1.),(0.,0.333333333333333,
0.666666666666667,1.),.UNSPECIFIED.);
#5532=B_SPLINE_SURFACE_WITH_KNOTS('',3,3,((#8578,#8579,#8580,#8581,#8582,
#8583),(#8584,#8585,#8586,#8587,#8588,#8589),(#8590,#8591,#8592,#8593,#8594,
#8595),(#8596,#8597,#8598,#8599,#8600,#8601),(#8602,#8603,#8604,#8605,#8606,
#8607),(#8608,#8609,#8610,#8611,#8612,#8613)),.UNSPECIFIED.,.F.,.F.,.F.,
(4,1,1,4),(4,1,1,4),(0.,0.333333333333333,0.666666666666667,1.),(0.,0.333333333333333,
0.666666666666667,1.),.UNSPECIFIED.);
#5533=B_SPLINE_SURFACE_WITH_KNOTS('',3,3,((#8624,#8625,#8626,#8627,#8628,
#8629),(#8630,#8631,#8632,#8633,#8634,#8635),(#8636,#8637,#8638,#8639,#8640,
#8641),(#8642,#8643,#8644,#8645,#8646,#8647),(#8648,#8649,#8650,#8651,#8652,
#8653),(#8654,#8655,#8656,#8657,#8658,#8659)),.UNSPECIFIED.,.F.,.F.,.F.,
(4,1,1,4),(4,1,1,4),(0.,0.333333333333333,0.666666666666667,1.),(0.,0.333333333333333,
0.666666666666667,1.),.UNSPECIFIED.);
#5534=B_SPLINE_SURFACE_WITH_KNOTS('',3,3,((#8675,#8676,#8677,#8678,#8679,
#8680),(#8681,#8682,#8683,#8684,#8685,#8686),(#8687,#8688,#8689,#8690,#8691,
#8692),(#8693,#8694,#8695,#8696,#8697,#8698),(#8699,#8700,#8701,#8702,#8703,
#8704),(#8705,#8706,#8707,#8708,#8709,#8710)),.UNSPECIFIED.,.F.,.F.,.F.,
(4,1,1,4),(4,1,1,4),(0.,0.333333333333333,0.666666666666667,1.),(0.,0.333333333333333,
0.666666666666667,1.),.UNSPECIFIED.);
#5535=B_SPLINE_SURFACE_WITH_KNOTS('',3,3,((#8738,#8739,#8740,#8741,#8742,
#8743),(#8744,#8745,#8746,#8747,#8748,#8749),(#8750,#8751,#8752,#8753,#8754,
#8755),(#8756,#8757,#8758,#8759,#8760,#8761),(#8762,#8763,#8764,#8765,#8766,
#8767),(#8768,#8769,#8770,#8771,#8772,#8773)),.UNSPECIFIED.,.F.,.F.,.F.,
(4,1,1,4),(4,1,1,4),(0.,0.333333333333333,0.666666666666667,1.),(0.,0.333333333333333,
0.666666666666667,1.),.UNSPECIFIED.);
#5536=B_SPLINE_SURFACE_WITH_KNOTS('',3,3,((#8789,#8790,#8791,#8792,#8793,
#8794),(#8795,#8796,#8797,#8798,#8799,#8800),(#8801,#8802,#8803,#8804,#8805,
#8806),(#8807,#8808,#8809,#8810,#8811,#8812),(#8813,#8814,#8815,#8816,#8817,
#8818),(#8819,#8820,#8821,#8822,#8823,#8824)),.UNSPECIFIED.,.F.,.F.,.F.,
(4,1,1,4),(4,1,1,4),(0.,0.333333333333333,0.666666666666667,1.),(0.,0.333333333333333,
0.666666666666667,1.),.UNSPECIFIED.);
#5537=B_SPLINE_SURFACE_WITH_KNOTS('',3,3,((#8842,#8843,#8844,#8845,#8846,
#8847),(#8848,#8849,#8850,#8851,#8852,#8853),(#8854,#8855,#8856,#8857,#8858,
#8859),(#8860,#8861,#8862,#8863,#8864,#8865),(#8866,#8867,#8868,#8869,#8870,
#8871),(#8872,#8873,#8874,#8875,#8876,#8877)),.UNSPECIFIED.,.F.,.F.,.F.,
(4,1,1,4),(4,1,1,4),(0.,0.333333333333333,0.666666666666667,1.),(0.,0.333333333333333,
0.666666666666667,1.),.UNSPECIFIED.);
#5538=B_SPLINE_SURFACE_WITH_KNOTS('',3,3,((#8893,#8894,#8895,#8896,#8897,
#8898),(#8899,#8900,#8901,#8902,#8903,#8904),(#8905,#8906,#8907,#8908,#8909,
#8910),(#8911,#8912,#8913,#8914,#8915,#8916),(#8917,#8918,#8919,#8920,#8921,
#8922),(#8923,#8924,#8925,#8926,#8927,#8928)),.UNSPECIFIED.,.F.,.F.,.F.,
(4,1,1,4),(4,1,1,4),(0.,0.333333333333333,0.666666666666667,1.),(0.,0.333333333333333,
0.666666666666667,1.),.UNSPECIFIED.);
#5539=B_SPLINE_SURFACE_WITH_KNOTS('',3,3,((#8939,#8940,#8941,#8942,#8943,
#8944),(#8945,#8946,#8947,#8948,#8949,#8950),(#8951,#8952,#8953,#8954,#8955,
#8956),(#8957,#8958,#8959,#8960,#8961,#8962),(#8963,#8964,#8965,#8966,#8967,
#8968),(#8969,#8970,#8971,#8972,#8973,#8974)),.UNSPECIFIED.,.F.,.F.,.F.,
(4,1,1,4),(4,1,1,4),(0.,0.333333333333333,0.666666666666667,1.),(0.,0.333333333333333,
0.666666666666667,1.),.UNSPECIFIED.);
#5540=B_SPLINE_SURFACE_WITH_KNOTS('',3,3,((#8993,#8994,#8995,#8996,#8997,
#8998),(#8999,#9000,#9001,#9002,#9003,#9004),(#9005,#9006,#9007,#9008,#9009,
#9010),(#9011,#9012,#9013,#9014,#9015,#9016),(#9017,#9018,#9019,#9020,#9021,
#9022),(#9023,#9024,#9025,#9026,#9027,#9028)),.UNSPECIFIED.,.F.,.F.,.F.,
(4,1,1,4),(4,1,1,4),(0.,0.333333333333333,0.666666666666667,1.),(0.,0.333333333333333,
0.666666666666667,1.),.UNSPECIFIED.);
#5541=B_SPLINE_SURFACE_WITH_KNOTS('',3,3,((#9039,#9040,#9041,#9042,#9043,
#9044),(#9045,#9046,#9047,#9048,#9049,#9050),(#9051,#9052,#9053,#9054,#9055,
#9056),(#9057,#9058,#9059,#9060,#9061,#9062),(#9063,#9064,#9065,#9066,#9067,
#9068),(#9069,#9070,#9071,#9072,#9073,#9074)),.UNSPECIFIED.,.F.,.F.,.F.,
(4,1,1,4),(4,1,1,4),(0.,0.333333333333333,0.666666666666667,1.),(0.,0.333333333333333,
0.666666666666667,1.),.UNSPECIFIED.);
#5542=B_SPLINE_SURFACE_WITH_KNOTS('',3,3,((#9106,#9107,#9108,#9109,#9110,
#9111),(#9112,#9113,#9114,#9115,#9116,#9117),(#9118,#9119,#9120,#9121,#9122,
#9123),(#9124,#9125,#9126,#9127,#9128,#9129),(#9130,#9131,#9132,#9133,#9134,
#9135),(#9136,#9137,#9138,#9139,#9140,#9141)),.UNSPECIFIED.,.F.,.F.,.F.,
(4,1,1,4),(4,1,1,4),(0.,0.333333333333333,0.666666666666667,1.),(0.,0.333333333333333,
0.666666666666667,1.),.UNSPECIFIED.);
#5543=B_SPLINE_SURFACE_WITH_KNOTS('',3,3,((#9173,#9174,#9175,#9176,#9177,
#9178),(#9179,#9180,#9181,#9182,#9183,#9184),(#9185,#9186,#9187,#9188,#9189,
#9190),(#9191,#9192,#9193,#9194,#9195,#9196),(#9197,#9198,#9199,#9200,#9201,
#9202),(#9203,#9204,#9205,#9206,#9207,#9208)),.UNSPECIFIED.,.F.,.F.,.F.,
(4,1,1,4),(4,1,1,4),(0.,0.333333333333333,0.666666666666667,1.),(0.,0.333333333333333,
0.666666666666667,1.),.UNSPECIFIED.);
#5544=B_SPLINE_SURFACE_WITH_KNOTS('',3,3,((#9219,#9220,#9221,#9222,#9223,
#9224),(#9225,#9226,#9227,#9228,#9229,#9230),(#9231,#9232,#9233,#9234,#9235,
#9236),(#9237,#9238,#9239,#9240,#9241,#9242),(#9243,#9244,#9245,#9246,#9247,
#9248),(#9249,#9250,#9251,#9252,#9253,#9254)),.UNSPECIFIED.,.F.,.F.,.F.,
(4,1,1,4),(4,1,1,4),(0.,0.333333333333333,0.666666666666667,1.),(0.,0.333333333333333,
0.666666666666667,1.),.UNSPECIFIED.);
#5545=B_SPLINE_SURFACE_WITH_KNOTS('',3,3,((#9265,#9266,#9267,#9268,#9269,
#9270),(#9271,#9272,#9273,#9274,#9275,#9276),(#9277,#9278,#9279,#9280,#9281,
#9282),(#9283,#9284,#9285,#9286,#9287,#9288),(#9289,#9290,#9291,#9292,#9293,
#9294),(#9295,#9296,#9297,#9298,#9299,#9300)),.UNSPECIFIED.,.F.,.F.,.F.,
(4,1,1,4),(4,1,1,4),(0.,0.333333333333333,0.666666666666667,1.),(0.,0.333333333333333,
0.666666666666667,1.),.UNSPECIFIED.);
#5546=B_SPLINE_SURFACE_WITH_KNOTS('',3,3,((#9332,#9333,#9334,#9335,#9336,
#9337),(#9338,#9339,#9340,#9341,#9342,#9343),(#9344,#9345,#9346,#9347,#9348,
#9349),(#9350,#9351,#9352,#9353,#9354,#9355),(#9356,#9357,#9358,#9359,#9360,
#9361),(#9362,#9363,#9364,#9365,#9366,#9367)),.UNSPECIFIED.,.F.,.F.,.F.,
(4,1,1,4),(4,1,1,4),(0.,0.333333333333333,0.666666666666667,1.),(0.,0.333333333333333,
0.666666666666667,1.),.UNSPECIFIED.);
#5547=B_SPLINE_SURFACE_WITH_KNOTS('',3,3,((#9386,#9387,#9388,#9389,#9390,
#9391),(#9392,#9393,#9394,#9395,#9396,#9397),(#9398,#9399,#9400,#9401,#9402,
#9403),(#9404,#9405,#9406,#9407,#9408,#9409),(#9410,#9411,#9412,#9413,#9414,
#9415),(#9416,#9417,#9418,#9419,#9420,#9421)),.UNSPECIFIED.,.F.,.F.,.F.,
(4,1,1,4),(4,1,1,4),(0.,0.333333333333333,0.666666666666667,1.),(0.,0.333333333333333,
0.666666666666667,1.),.UNSPECIFIED.);
#5548=B_SPLINE_SURFACE_WITH_KNOTS('',3,3,((#9432,#9433,#9434,#9435,#9436,
#9437),(#9438,#9439,#9440,#9441,#9442,#9443),(#9444,#9445,#9446,#9447,#9448,
#9449),(#9450,#9451,#9452,#9453,#9454,#9455),(#9456,#9457,#9458,#9459,#9460,
#9461),(#9462,#9463,#9464,#9465,#9466,#9467)),.UNSPECIFIED.,.F.,.F.,.F.,
(4,1,1,4),(4,1,1,4),(0.,0.333333333333333,0.666666666666667,1.),(0.,0.333333333333333,
0.666666666666667,1.),.UNSPECIFIED.);
#5549=B_SPLINE_SURFACE_WITH_KNOTS('',3,3,((#9499,#9500,#9501,#9502,#9503,
#9504),(#9505,#9506,#9507,#9508,#9509,#9510),(#9511,#9512,#9513,#9514,#9515,
#9516),(#9517,#9518,#9519,#9520,#9521,#9522),(#9523,#9524,#9525,#9526,#9527,
#9528),(#9529,#9530,#9531,#9532,#9533,#9534)),.UNSPECIFIED.,.F.,.F.,.F.,
(4,1,1,4),(4,1,1,4),(0.,0.333333333333333,0.666666666666667,1.),(0.,0.333333333333333,
0.666666666666667,1.),.UNSPECIFIED.);
#5550=B_SPLINE_SURFACE_WITH_KNOTS('',3,3,((#9566,#9567,#9568,#9569,#9570,
#9571),(#9572,#9573,#9574,#9575,#9576,#9577),(#9578,#9579,#9580,#9581,#9582,
#9583),(#9584,#9585,#9586,#9587,#9588,#9589),(#9590,#9591,#9592,#9593,#9594,
#9595),(#9596,#9597,#9598,#9599,#9600,#9601)),.UNSPECIFIED.,.F.,.F.,.F.,
(4,1,1,4),(4,1,1,4),(0.,0.333333333333333,0.666666666666667,1.),(0.,0.333333333333333,
0.666666666666667,1.),.UNSPECIFIED.);
#5551=B_SPLINE_SURFACE_WITH_KNOTS('',3,3,((#9612,#9613,#9614,#9615,#9616,
#9617),(#9618,#9619,#9620,#9621,#9622,#9623),(#9624,#9625,#9626,#9627,#9628,
#9629),(#9630,#9631,#9632,#9633,#9634,#9635),(#9636,#9637,#9638,#9639,#9640,
#9641),(#9642,#9643,#9644,#9645,#9646,#9647)),.UNSPECIFIED.,.F.,.F.,.F.,
(4,1,1,4),(4,1,1,4),(0.,0.333333333333333,0.666666666666667,1.),(0.,0.333333333333333,
0.666666666666667,1.),.UNSPECIFIED.);
#5552=B_SPLINE_SURFACE_WITH_KNOTS('',3,3,((#9658,#9659,#9660,#9661,#9662,
#9663),(#9664,#9665,#9666,#9667,#9668,#9669),(#9670,#9671,#9672,#9673,#9674,
#9675),(#9676,#9677,#9678,#9679,#9680,#9681),(#9682,#9683,#9684,#9685,#9686,
#9687),(#9688,#9689,#9690,#9691,#9692,#9693)),.UNSPECIFIED.,.F.,.F.,.F.,
(4,1,1,4),(4,1,1,4),(0.,0.333333333333333,0.666666666666667,1.),(0.,0.333333333333333,
0.666666666666667,1.),.UNSPECIFIED.);
#5553=B_SPLINE_SURFACE_WITH_KNOTS('',3,3,((#9725,#9726,#9727,#9728,#9729,
#9730),(#9731,#9732,#9733,#9734,#9735,#9736),(#9737,#9738,#9739,#9740,#9741,
#9742),(#9743,#9744,#9745,#9746,#9747,#9748),(#9749,#9750,#9751,#9752,#9753,
#9754),(#9755,#9756,#9757,#9758,#9759,#9760)),.UNSPECIFIED.,.F.,.F.,.F.,
(4,1,1,4),(4,1,1,4),(0.,0.333333333333333,0.666666666666667,1.),(0.,0.333333333333333,
0.666666666666667,1.),.UNSPECIFIED.);
#5554=B_SPLINE_SURFACE_WITH_KNOTS('',3,3,((#9779,#9780,#9781,#9782,#9783,
#9784),(#9785,#9786,#9787,#9788,#9789,#9790),(#9791,#9792,#9793,#9794,#9795,
#9796),(#9797,#9798,#9799,#9800,#9801,#9802),(#9803,#9804,#9805,#9806,#9807,
#9808),(#9809,#9810,#9811,#9812,#9813,#9814)),.UNSPECIFIED.,.F.,.F.,.F.,
(4,1,1,4),(4,1,1,4),(0.,0.333333333333333,0.666666666666667,1.),(0.,0.333333333333333,
0.666666666666667,1.),.UNSPECIFIED.);
#5555=B_SPLINE_SURFACE_WITH_KNOTS('',3,3,((#9825,#9826,#9827,#9828,#9829,
#9830),(#9831,#9832,#9833,#9834,#9835,#9836),(#9837,#9838,#9839,#9840,#9841,
#9842),(#9843,#9844,#9845,#9846,#9847,#9848),(#9849,#9850,#9851,#9852,#9853,
#9854),(#9855,#9856,#9857,#9858,#9859,#9860)),.UNSPECIFIED.,.F.,.F.,.F.,
(4,1,1,4),(4,1,1,4),(0.,0.333333333333333,0.666666666666667,1.),(0.,0.333333333333333,
0.666666666666667,1.),.UNSPECIFIED.);
#5556=B_SPLINE_SURFACE_WITH_KNOTS('',3,3,((#9892,#9893,#9894,#9895,#9896,
#9897),(#9898,#9899,#9900,#9901,#9902,#9903),(#9904,#9905,#9906,#9907,#9908,
#9909),(#9910,#9911,#9912,#9913,#9914,#9915),(#9916,#9917,#9918,#9919,#9920,
#9921),(#9922,#9923,#9924,#9925,#9926,#9927)),.UNSPECIFIED.,.F.,.F.,.F.,
(4,1,1,4),(4,1,1,4),(0.,0.333333333333333,0.666666666666667,1.),(0.,0.333333333333333,
0.666666666666667,1.),.UNSPECIFIED.);
#5557=B_SPLINE_SURFACE_WITH_KNOTS('',3,3,((#9959,#9960,#9961,#9962,#9963,
#9964),(#9965,#9966,#9967,#9968,#9969,#9970),(#9971,#9972,#9973,#9974,#9975,
#9976),(#9977,#9978,#9979,#9980,#9981,#9982),(#9983,#9984,#9985,#9986,#9987,
#9988),(#9989,#9990,#9991,#9992,#9993,#9994)),.UNSPECIFIED.,.F.,.F.,.F.,
(4,1,1,4),(4,1,1,4),(0.,0.333333333333333,0.666666666666667,1.),(0.,0.333333333333333,
0.666666666666667,1.),.UNSPECIFIED.);
#5558=B_SPLINE_SURFACE_WITH_KNOTS('',3,3,((#10005,#10006,#10007,#10008,
#10009,#10010),(#10011,#10012,#10013,#10014,#10015,#10016),(#10017,#10018,
#10019,#10020,#10021,#10022),(#10023,#10024,#10025,#10026,#10027,#10028),
(#10029,#10030,#10031,#10032,#10033,#10034),(#10035,#10036,#10037,#10038,
#10039,#10040)),.UNSPECIFIED.,.F.,.F.,.F.,(4,1,1,4),(4,1,1,4),(0.,0.333333333333333,
0.666666666666667,1.),(0.,0.333333333333333,0.666666666666667,1.),
 .UNSPECIFIED.);
#5559=B_SPLINE_SURFACE_WITH_KNOTS('',3,3,((#10051,#10052,#10053,#10054,
#10055,#10056),(#10057,#10058,#10059,#10060,#10061,#10062),(#10063,#10064,
#10065,#10066,#10067,#10068),(#10069,#10070,#10071,#10072,#10073,#10074),
(#10075,#10076,#10077,#10078,#10079,#10080),(#10081,#10082,#10083,#10084,
#10085,#10086)),.UNSPECIFIED.,.F.,.F.,.F.,(4,1,1,4),(4,1,1,4),(0.,0.333333333333333,
0.666666666666667,1.),(0.,0.333333333333333,0.666666666666667,1.),
 .UNSPECIFIED.);
#5560=B_SPLINE_SURFACE_WITH_KNOTS('',3,3,((#10118,#10119,#10120,#10121,
#10122,#10123),(#10124,#10125,#10126,#10127,#10128,#10129),(#10130,#10131,
#10132,#10133,#10134,#10135),(#10136,#10137,#10138,#10139,#10140,#10141),
(#10142,#10143,#10144,#10145,#10146,#10147),(#10148,#10149,#10150,#10151,
#10152,#10153)),.UNSPECIFIED.,.F.,.F.,.F.,(4,1,1,4),(4,1,1,4),(0.,0.333333333333333,
0.666666666666667,1.),(0.,0.333333333333333,0.666666666666667,1.),
 .UNSPECIFIED.);
#5561=B_SPLINE_SURFACE_WITH_KNOTS('',3,3,((#10172,#10173,#10174,#10175,
#10176,#10177),(#10178,#10179,#10180,#10181,#10182,#10183),(#10184,#10185,
#10186,#10187,#10188,#10189),(#10190,#10191,#10192,#10193,#10194,#10195),
(#10196,#10197,#10198,#10199,#10200,#10201),(#10202,#10203,#10204,#10205,
#10206,#10207)),.UNSPECIFIED.,.F.,.F.,.F.,(4,1,1,4),(4,1,1,4),(0.,0.333333333333333,
0.666666666666667,1.),(0.,0.333333333333333,0.666666666666667,1.),
 .UNSPECIFIED.);
#5562=B_SPLINE_SURFACE_WITH_KNOTS('',3,3,((#10218,#10219,#10220,#10221,
#10222,#10223),(#10224,#10225,#10226,#10227,#10228,#10229),(#10230,#10231,
#10232,#10233,#10234,#10235),(#10236,#10237,#10238,#10239,#10240,#10241),
(#10242,#10243,#10244,#10245,#10246,#10247),(#10248,#10249,#10250,#10251,
#10252,#10253)),.UNSPECIFIED.,.F.,.F.,.F.,(4,1,1,4),(4,1,1,4),(0.,0.333333333333333,
0.666666666666667,1.),(0.,0.333333333333333,0.666666666666667,1.),
 .UNSPECIFIED.);
#5563=B_SPLINE_SURFACE_WITH_KNOTS('',3,3,((#10285,#10286,#10287,#10288,
#10289,#10290),(#10291,#10292,#10293,#10294,#10295,#10296),(#10297,#10298,
#10299,#10300,#10301,#10302),(#10303,#10304,#10305,#10306,#10307,#10308),
(#10309,#10310,#10311,#10312,#10313,#10314),(#10315,#10316,#10317,#10318,
#10319,#10320)),.UNSPECIFIED.,.F.,.F.,.F.,(4,1,1,4),(4,1,1,4),(0.,0.333333333333333,
0.666666666666667,1.),(0.,0.333333333333333,0.666666666666667,1.),
 .UNSPECIFIED.);
#5564=B_SPLINE_SURFACE_WITH_KNOTS('',3,3,((#10352,#10353,#10354,#10355,
#10356,#10357),(#10358,#10359,#10360,#10361,#10362,#10363),(#10364,#10365,
#10366,#10367,#10368,#10369),(#10370,#10371,#10372,#10373,#10374,#10375),
(#10376,#10377,#10378,#10379,#10380,#10381),(#10382,#10383,#10384,#10385,
#10386,#10387)),.UNSPECIFIED.,.F.,.F.,.F.,(4,1,1,4),(4,1,1,4),(0.,0.333333333333333,
0.666666666666667,1.),(0.,0.333333333333333,0.666666666666667,1.),
 .UNSPECIFIED.);
#5565=B_SPLINE_SURFACE_WITH_KNOTS('',3,3,((#10398,#10399,#10400,#10401,
#10402,#10403),(#10404,#10405,#10406,#10407,#10408,#10409),(#10410,#10411,
#10412,#10413,#10414,#10415),(#10416,#10417,#10418,#10419,#10420,#10421),
(#10422,#10423,#10424,#10425,#10426,#10427),(#10428,#10429,#10430,#10431,
#10432,#10433)),.UNSPECIFIED.,.F.,.F.,.F.,(4,1,1,4),(4,1,1,4),(0.,0.333333333333333,
0.666666666666667,1.),(0.,0.333333333333333,0.666666666666667,1.),
 .UNSPECIFIED.);
#5566=B_SPLINE_SURFACE_WITH_KNOTS('',3,3,((#10444,#10445,#10446,#10447,
#10448,#10449),(#10450,#10451,#10452,#10453,#10454,#10455),(#10456,#10457,
#10458,#10459,#10460,#10461),(#10462,#10463,#10464,#10465,#10466,#10467),
(#10468,#10469,#10470,#10471,#10472,#10473),(#10474,#10475,#10476,#10477,
#10478,#10479)),.UNSPECIFIED.,.F.,.F.,.F.,(4,1,1,4),(4,1,1,4),(0.,0.333333333333333,
0.666666666666667,1.),(0.,0.333333333333333,0.666666666666667,1.),
 .UNSPECIFIED.);
#5567=B_SPLINE_SURFACE_WITH_KNOTS('',3,3,((#10511,#10512,#10513,#10514,
#10515,#10516),(#10517,#10518,#10519,#10520,#10521,#10522),(#10523,#10524,
#10525,#10526,#10527,#10528),(#10529,#10530,#10531,#10532,#10533,#10534),
(#10535,#10536,#10537,#10538,#10539,#10540),(#10541,#10542,#10543,#10544,
#10545,#10546)),.UNSPECIFIED.,.F.,.F.,.F.,(4,1,1,4),(4,1,1,4),(0.,0.333333333333333,
0.666666666666667,1.),(0.,0.333333333333333,0.666666666666667,1.),
 .UNSPECIFIED.);
#5568=B_SPLINE_SURFACE_WITH_KNOTS('',3,3,((#10571,#10572,#10573,#10574,
#10575,#10576),(#10577,#10578,#10579,#10580,#10581,#10582),(#10583,#10584,
#10585,#10586,#10587,#10588),(#10589,#10590,#10591,#10592,#10593,#10594),
(#10595,#10596,#10597,#10598,#10599,#10600),(#10601,#10602,#10603,#10604,
#10605,#10606)),.UNSPECIFIED.,.F.,.F.,.F.,(4,1,1,4),(4,1,1,4),(0.,0.333333333333333,
0.666666666666667,1.),(0.,0.333333333333333,0.666666666666667,1.),
 .UNSPECIFIED.);
#5569=B_SPLINE_SURFACE_WITH_KNOTS('',3,3,((#10634,#10635,#10636,#10637,
#10638,#10639),(#10640,#10641,#10642,#10643,#10644,#10645),(#10646,#10647,
#10648,#10649,#10650,#10651),(#10652,#10653,#10654,#10655,#10656,#10657),
(#10658,#10659,#10660,#10661,#10662,#10663),(#10664,#10665,#10666,#10667,
#10668,#10669)),.UNSPECIFIED.,.F.,.F.,.F.,(4,1,1,4),(4,1,1,4),(0.,0.333333333333333,
0.666666666666667,1.),(0.,0.333333333333333,0.666666666666667,1.),
 .UNSPECIFIED.);
#5570=B_SPLINE_SURFACE_WITH_KNOTS('',3,3,((#10700,#10701,#10702,#10703,
#10704,#10705),(#10706,#10707,#10708,#10709,#10710,#10711),(#10712,#10713,
#10714,#10715,#10716,#10717),(#10718,#10719,#10720,#10721,#10722,#10723),
(#10724,#10725,#10726,#10727,#10728,#10729),(#10730,#10731,#10732,#10733,
#10734,#10735)),.UNSPECIFIED.,.F.,.F.,.F.,(4,1,1,4),(4,1,1,4),(0.,0.333333333333333,
0.666666666666667,1.),(0.,0.333333333333333,0.666666666666667,1.),
 .UNSPECIFIED.);
#5571=B_SPLINE_SURFACE_WITH_KNOTS('',3,3,((#10882,#10883,#10884,#10885,
#10886,#10887,#10888,#10889,#10890,#10891,#10892,#10893,#10894),(#10895,
#10896,#10897,#10898,#10899,#10900,#10901,#10902,#10903,#10904,#10905,#10906,
#10907),(#10908,#10909,#10910,#10911,#10912,#10913,#10914,#10915,#10916,
#10917,#10918,#10919,#10920),(#10921,#10922,#10923,#10924,#10925,#10926,
#10927,#10928,#10929,#10930,#10931,#10932,#10933),(#10934,#10935,#10936,
#10937,#10938,#10939,#10940,#10941,#10942,#10943,#10944,#10945,#10946)),
 .UNSPECIFIED.,.F.,.F.,.F.,(4,1,4),(4,1,1,1,1,1,1,1,1,1,4),(0.,0.5,1.),
(0.,0.026795523547185,0.03572736472958,0.0535910470943699,0.0714547294591599,
0.14290945891832,0.1786368236479,0.19650050601269,0.21436418837748,0.223296029559875,
0.25009155310706),.UNSPECIFIED.);
#5572=B_SPLINE_SURFACE_WITH_KNOTS('',3,3,((#10974,#10975,#10976,#10977,
#10978,#10979),(#10980,#10981,#10982,#10983,#10984,#10985),(#10986,#10987,
#10988,#10989,#10990,#10991),(#10992,#10993,#10994,#10995,#10996,#10997),
(#10998,#10999,#11000,#11001,#11002,#11003),(#11004,#11005,#11006,#11007,
#11008,#11009)),.UNSPECIFIED.,.F.,.F.,.F.,(4,1,1,4),(4,1,1,4),(0.,0.333333333333333,
0.666666666666667,1.),(0.,0.333333333333333,0.666666666666667,1.),
 .UNSPECIFIED.);
#5573=B_SPLINE_SURFACE_WITH_KNOTS('',3,3,((#11035,#11036,#11037,#11038,
#11039,#11040,#11041,#11042,#11043,#11044,#11045),(#11046,#11047,#11048,
#11049,#11050,#11051,#11052,#11053,#11054,#11055,#11056),(#11057,#11058,
#11059,#11060,#11061,#11062,#11063,#11064,#11065,#11066,#11067),(#11068,
#11069,#11070,#11071,#11072,#11073,#11074,#11075,#11076,#11077,#11078),
(#11079,#11080,#11081,#11082,#11083,#11084,#11085,#11086,#11087,#11088,
#11089)),.UNSPECIFIED.,.F.,.F.,.F.,(4,1,4),(4,1,1,1,1,1,1,1,4),(0.,0.5,
1.),(1.84442305103641E-15,0.0357281651826787,0.0714563303653555,0.0893204129566939,
0.107184495548032,0.142912660730709,0.214368991096063,0.223301032391732,
0.25009715627874),.UNSPECIFIED.);
#5574=B_SPLINE_SURFACE_WITH_KNOTS('',3,3,((#11161,#11162,#11163,#11164,
#11165,#11166,#11167,#11168,#11169,#11170,#11171,#11172),(#11173,#11174,
#11175,#11176,#11177,#11178,#11179,#11180,#11181,#11182,#11183,#11184),
(#11185,#11186,#11187,#11188,#11189,#11190,#11191,#11192,#11193,#11194,
#11195,#11196),(#11197,#11198,#11199,#11200,#11201,#11202,#11203,#11204,
#11205,#11206,#11207,#11208),(#11209,#11210,#11211,#11212,#11213,#11214,
#11215,#11216,#11217,#11218,#11219,#11220)),.UNSPECIFIED.,.F.,.F.,.F.,(4,
1,4),(4,1,1,1,1,1,1,1,1,4),(0.,0.5,1.),(0.,0.0267949368892997,0.0357265825190662,
0.0714531650381325,0.107179747557199,0.142906330076265,0.178632912595331,
0.214359495114397,0.223291140744164,0.250086077633464),.UNSPECIFIED.);
#5575=B_SPLINE_SURFACE_WITH_KNOTS('',3,3,((#11253,#11254,#11255,#11256,
#11257,#11258),(#11259,#11260,#11261,#11262,#11263,#11264),(#11265,#11266,
#11267,#11268,#11269,#11270),(#11271,#11272,#11273,#11274,#11275,#11276),
(#11277,#11278,#11279,#11280,#11281,#11282),(#11283,#11284,#11285,#11286,
#11287,#11288)),.UNSPECIFIED.,.F.,.F.,.F.,(4,1,1,4),(4,1,1,4),(0.,0.333333333333333,
0.666666666666667,1.),(0.,0.333333333333333,0.666666666666667,1.),
 .UNSPECIFIED.);
#5576=B_SPLINE_SURFACE_WITH_KNOTS('',3,3,((#11295,#11296,#11297,#11298,
#11299,#11300,#11301,#11302,#11303,#11304,#11305,#11306),(#11307,#11308,
#11309,#11310,#11311,#11312,#11313,#11314,#11315,#11316,#11317,#11318),
(#11319,#11320,#11321,#11322,#11323,#11324,#11325,#11326,#11327,#11328,
#11329,#11330),(#11331,#11332,#11333,#11334,#11335,#11336,#11337,#11338,
#11339,#11340,#11341,#11342),(#11343,#11344,#11345,#11346,#11347,#11348,
#11349,#11350,#11351,#11352,#11353,#11354)),.UNSPECIFIED.,.F.,.F.,.F.,(4,
1,4),(4,1,1,1,1,1,1,1,1,4),(0.,0.5,1.),(1.60667919872328E-15,0.026796123887009,
0.0357281651826782,0.0714563303653547,0.107184495548031,0.142912660730708,
0.178640825913384,0.214368991096061,0.22330103239173,0.250097156278738),
 .UNSPECIFIED.);
#5577=B_SPLINE_SURFACE_WITH_KNOTS('',3,3,((#11616,#11617,#11618,#11619,
#11620,#11621),(#11622,#11623,#11624,#11625,#11626,#11627),(#11628,#11629,
#11630,#11631,#11632,#11633),(#11634,#11635,#11636,#11637,#11638,#11639),
(#11640,#11641,#11642,#11643,#11644,#11645),(#11646,#11647,#11648,#11649,
#11650,#11651)),.UNSPECIFIED.,.F.,.F.,.F.,(4,1,1,4),(4,1,1,4),(0.,0.333333333333333,
0.666666666666667,1.),(0.,0.333333333333333,0.666666666666667,1.),
 .UNSPECIFIED.);
#5578=B_SPLINE_SURFACE_WITH_KNOTS('',3,3,((#11752,#11753,#11754,#11755,
#11756,#11757),(#11758,#11759,#11760,#11761,#11762,#11763),(#11764,#11765,
#11766,#11767,#11768,#11769),(#11770,#11771,#11772,#11773,#11774,#11775),
(#11776,#11777,#11778,#11779,#11780,#11781),(#11782,#11783,#11784,#11785,
#11786,#11787)),.UNSPECIFIED.,.F.,.F.,.F.,(4,1,1,4),(4,1,1,4),(0.,0.333333333333333,
0.666666666666667,1.),(0.,0.333333333333333,0.666666666666667,1.),
 .UNSPECIFIED.);
#5579=B_SPLINE_SURFACE_WITH_KNOTS('',3,1,((#11972,#11973),(#11974,#11975),
(#11976,#11977),(#11978,#11979),(#11980,#11981),(#11982,#11983),(#11984,
#11985),(#11986,#11987)),.UNSPECIFIED.,.F.,.F.,.F.,(4,2,2,4),(2,2),(-0.113620264749767,
-0.112493396200464,-0.0384477630536346,-0.0302625337959974),(0.,0.025),
 .UNSPECIFIED.);
#5580=B_SPLINE_SURFACE_WITH_KNOTS('',3,1,((#12014,#12015),(#12016,#12017),
(#12018,#12019),(#12020,#12021),(#12022,#12023),(#12024,#12025),(#12026,
#12027),(#12028,#12029),(#12030,#12031),(#12032,#12033),(#12034,#12035),
(#12036,#12037),(#12038,#12039),(#12040,#12041),(#12042,#12043),(#12044,
#12045),(#12046,#12047)),.UNSPECIFIED.,.F.,.F.,.F.,(4,2,2,3,2,2,2,4),(2,
2),(-0.365387879179808,-0.319780559166307,-0.260578607011058,-0.223577386914028,
-0.18639257208608,-0.126896868361364,-0.049552453519234,-0.0400596458867629),
(0.,0.025),.UNSPECIFIED.);
#5581=B_SPLINE_SURFACE_WITH_KNOTS('',3,1,((#12079,#12080),(#12081,#12082),
(#12083,#12084),(#12085,#12086),(#12087,#12088),(#12089,#12090),(#12091,
#12092),(#12093,#12094)),.UNSPECIFIED.,.F.,.F.,.F.,(4,2,2,4),(2,2),(-0.0904145611311691,
-0.0593562488431672,0.,0.00092685749492134),(0.,0.025),.UNSPECIFIED.);
#5582=B_SPLINE_SURFACE_WITH_KNOTS('',3,1,((#12142,#12143),(#12144,#12145),
(#12146,#12147),(#12148,#12149),(#12150,#12151),(#12152,#12153),(#12154,
#12155),(#12156,#12157)),.UNSPECIFIED.,.F.,.F.,.F.,(4,2,2,4),(2,2),(-0.113600907890075,
-0.1124742628399,-0.0384433969237226,-0.0304012702125008),(0.,0.025),
 .UNSPECIFIED.);
#5583=B_SPLINE_SURFACE_WITH_KNOTS('',3,1,((#12184,#12185),(#12186,#12187),
(#12188,#12189),(#12190,#12191),(#12192,#12193),(#12194,#12195),(#12196,
#12197),(#12198,#12199),(#12200,#12201),(#12202,#12203),(#12204,#12205),
(#12206,#12207),(#12208,#12209),(#12210,#12211),(#12212,#12213),(#12214,
#12215),(#12216,#12217)),.UNSPECIFIED.,.F.,.F.,.F.,(4,2,2,3,2,2,2,4),(2,
2),(-0.365434974778994,-0.319811060924856,-0.260614637078318,-0.223616872174231,
-0.18642915415233,-0.126928805317288,-0.0495783518317326,-0.0401056811659988),
(0.,0.025),.UNSPECIFIED.);
#5584=B_SPLINE_SURFACE_WITH_KNOTS('',3,1,((#12249,#12250),(#12251,#12252),
(#12253,#12254),(#12255,#12256),(#12257,#12258),(#12259,#12260),(#12261,
#12262),(#12263,#12264)),.UNSPECIFIED.,.F.,.F.,.F.,(4,2,2,4),(2,2),(-0.0904041104335683,
-0.0593503494637,0.,0.000926858788213213),(0.,0.025),.UNSPECIFIED.);
#5585=B_SPLINE_SURFACE_WITH_KNOTS('',3,1,((#12349,#12350),(#12351,#12352),
(#12353,#12354),(#12355,#12356),(#12357,#12358),(#12359,#12360)),
 .UNSPECIFIED.,.F.,.F.,.F.,(4,2,4),(2,2),(-0.201367561561011,-0.181834655050916,
-0.125013187283815),(0.,0.25),.UNSPECIFIED.);
#5586=B_SPLINE_SURFACE_WITH_KNOTS('',3,1,((#12371,#12372),(#12373,#12374),
(#12375,#12376),(#12377,#12378),(#12379,#12380),(#12381,#12382),(#12383,
#12384),(#12385,#12386),(#12387,#12388),(#12389,#12390),(#12391,#12392),
(#12393,#12394),(#12395,#12396),(#12397,#12398),(#12399,#12400),(#12401,
#12402),(#12403,#12404),(#12405,#12406)),.UNSPECIFIED.,.F.,.F.,.F.,(4,2,
2,2,2,2,2,2,4),(2,2),(0.15280522971335,0.156187324403557,0.1824447492806,
0.208702174157643,0.234717759666785,0.260733345175927,0.286748930685069,
0.312764516194211,0.32163040559688),(0.,0.25),.UNSPECIFIED.);
#5587=B_SPLINE_SURFACE_WITH_KNOTS('',3,1,((#12427,#12428),(#12429,#12430),
(#12431,#12432),(#12433,#12434),(#12435,#12436),(#12437,#12438),(#12439,
#12440),(#12441,#12442),(#12443,#12444),(#12445,#12446),(#12447,#12448),
(#12449,#12450),(#12451,#12452),(#12453,#12454),(#12455,#12456),(#12457,
#12458),(#12459,#12460),(#12461,#12462)),.UNSPECIFIED.,.F.,.F.,.F.,(4,2,
2,2,2,2,2,2,4),(2,2),(0.15280522971335,0.156187324403557,0.1824447492806,
0.208702174157643,0.234717759666785,0.260733345175927,0.286748930685069,
0.312764516194211,0.32163040559688),(0.,0.25),.UNSPECIFIED.);
#5588=B_SPLINE_SURFACE_WITH_KNOTS('',3,1,((#12560,#12561),(#12562,#12563),
(#12564,#12565),(#12566,#12567),(#12568,#12569),(#12570,#12571),(#12572,
#12573),(#12574,#12575),(#12576,#12577),(#12578,#12579)),.UNSPECIFIED.,
 .F.,.F.,.F.,(4,2,2,2,4),(2,2),(0.649943836226396,0.653150179397566,0.697528900589736,
0.741907621781906,0.767609783016022),(0.,0.25),.UNSPECIFIED.);
#5589=B_SPLINE_SURFACE_WITH_KNOTS('',3,1,((#12581,#12582),(#12583,#12584),
(#12585,#12586),(#12587,#12588),(#12589,#12590),(#12591,#12592)),
 .UNSPECIFIED.,.F.,.F.,.F.,(4,2,4),(2,2),(-0.201367561561009,-0.181834655050914,
-0.125013187283809),(0.,0.25),.UNSPECIFIED.);
#5590=B_SPLINE_SURFACE_WITH_KNOTS('',3,1,((#12610,#12611),(#12612,#12613),
(#12614,#12615),(#12616,#12617),(#12618,#12619),(#12620,#12621),(#12622,
#12623),(#12624,#12625),(#12626,#12627),(#12628,#12629),(#12630,#12631),
(#12632,#12633),(#12634,#12635),(#12636,#12637),(#12638,#12639),(#12640,
#12641),(#12642,#12643),(#12644,#12645)),.UNSPECIFIED.,.F.,.F.,.F.,(4,2,
2,2,2,2,2,2,4),(2,2),(0.152805229713351,0.156187324403557,0.1824447492806,
0.208702174157644,0.234717759666786,0.260733345175928,0.28674893068507,
0.312764516194212,0.32163040559688),(0.,0.25),.UNSPECIFIED.);
#5591=B_SPLINE_SURFACE_WITH_KNOTS('',3,1,((#12649,#12650),(#12651,#12652),
(#12653,#12654),(#12655,#12656)),.UNSPECIFIED.,.F.,.F.,.F.,(4,4),(2,2),
(0.125013187283813,0.155475318352305),(0.,0.25),.UNSPECIFIED.);
#5592=B_SPLINE_SURFACE_WITH_KNOTS('',3,1,((#12657,#12658),(#12659,#12660),
(#12661,#12662),(#12663,#12664),(#12665,#12666),(#12667,#12668),(#12669,
#12670),(#12671,#12672),(#12673,#12674),(#12675,#12676),(#12677,#12678),
(#12679,#12680),(#12681,#12682),(#12683,#12684),(#12685,#12686),(#12687,
#12688),(#12689,#12690),(#12691,#12692)),.UNSPECIFIED.,.F.,.F.,.F.,(4,2,
2,2,2,2,2,2,4),(2,2),(0.152805229713351,0.156187324403557,0.1824447492806,
0.208702174157644,0.234717759666786,0.260733345175928,0.28674893068507,
0.312764516194212,0.32163040559688),(0.,0.25),.UNSPECIFIED.);
#5593=B_SPLINE_SURFACE_WITH_KNOTS('',3,3,((#13307,#13308,#13309,#13310,
#13311,#13312),(#13313,#13314,#13315,#13316,#13317,#13318),(#13319,#13320,
#13321,#13322,#13323,#13324),(#13325,#13326,#13327,#13328,#13329,#13330),
(#13331,#13332,#13333,#13334,#13335,#13336),(#13337,#13338,#13339,#13340,
#13341,#13342)),.UNSPECIFIED.,.F.,.F.,.F.,(4,1,1,4),(4,1,1,4),(0.,0.285714285714286,
0.571428571428571,1.),(-0.00324325746990021,0.669567076675553,1.11810729943919,
1.56664752220282),.UNSPECIFIED.);
#5594=B_SPLINE_SURFACE_WITH_KNOTS('',3,3,((#13351,#13352,#13353,#13354),
(#13355,#13356,#13357,#13358),(#13359,#13360,#13361,#13362),(#13363,#13364,
#13365,#13366),(#13367,#13368,#13369,#13370),(#13371,#13372,#13373,#13374)),
 .UNSPECIFIED.,.F.,.F.,.F.,(4,1,1,4),(4,4),(0.,0.285714285714286,0.571428571428571,
1.),(5.72792018371292E-16,0.00971865313908767),.UNSPECIFIED.);
#5595=B_SPLINE_SURFACE_WITH_KNOTS('',3,3,((#13385,#13386,#13387,#13388),
(#13389,#13390,#13391,#13392),(#13393,#13394,#13395,#13396),(#13397,#13398,
#13399,#13400),(#13401,#13402,#13403,#13404),(#13405,#13406,#13407,#13408)),
 .UNSPECIFIED.,.F.,.F.,.F.,(4,1,1,4),(4,4),(0.,0.285714285714286,0.571428571428571,
1.),(0.,0.00971359185239387),.UNSPECIFIED.);
#5596=B_SPLINE_SURFACE_WITH_KNOTS('',3,3,((#13417,#13418,#13419,#13420,
#13421),(#13422,#13423,#13424,#13425,#13426),(#13427,#13428,#13429,#13430,
#13431),(#13432,#13433,#13434,#13435,#13436),(#13437,#13438,#13439,#13440,
#13441),(#13442,#13443,#13444,#13445,#13446)),.UNSPECIFIED.,.F.,.F.,.F.,
(4,1,1,4),(4,1,4),(0.,0.285714285714286,0.571428571428571,1.),(0.00238750977153598,
0.204639812852847,0.474309550294596),.UNSPECIFIED.);
#5597=B_SPLINE_SURFACE_WITH_KNOTS('',3,3,((#13452,#13453,#13454,#13455,
#13456,#13457),(#13458,#13459,#13460,#13461,#13462,#13463),(#13464,#13465,
#13466,#13467,#13468,#13469),(#13470,#13471,#13472,#13473,#13474,#13475),
(#13476,#13477,#13478,#13479,#13480,#13481),(#13482,#13483,#13484,#13485,
#13486,#13487)),.UNSPECIFIED.,.F.,.F.,.F.,(4,1,1,4),(4,1,1,4),(0.,0.285714285714286,
0.571428571428571,1.),(-1.57494513138697,-0.90135861399394,-0.452300935731921,
-0.00324325746990265),.UNSPECIFIED.);
#5598=B_SPLINE_SURFACE_WITH_KNOTS('',3,3,((#13509,#13510,#13511,#13512,
#13513,#13514),(#13515,#13516,#13517,#13518,#13519,#13520),(#13521,#13522,
#13523,#13524,#13525,#13526),(#13527,#13528,#13529,#13530,#13531,#13532)),
 .UNSPECIFIED.,.F.,.F.,.F.,(4,4),(4,1,1,4),(0.,1.),(-0.781678973411753,
-0.431376718987644,-0.231204002173868,-0.0810744645635354),
 .UNSPECIFIED.);
#5599=B_SPLINE_SURFACE_WITH_KNOTS('',3,3,((#13548,#13549,#13550,#13551,
#13552,#13553),(#13554,#13555,#13556,#13557,#13558,#13559),(#13560,#13561,
#13562,#13563,#13564,#13565),(#13566,#13567,#13568,#13569,#13570,#13571),
(#13572,#13573,#13574,#13575,#13576,#13577)),.UNSPECIFIED.,.F.,.F.,.F.,
(4,1,4),(4,1,1,4),(0.,0.571428571428571,1.),(0.,0.0740225408633714,0.123370901438952,
0.172719262014533),.UNSPECIFIED.);
#5600=B_SPLINE_SURFACE_WITH_KNOTS('',3,3,((#13589,#13590,#13591,#13592,
#13593,#13594),(#13595,#13596,#13597,#13598,#13599,#13600),(#13601,#13602,
#13603,#13604,#13605,#13606),(#13607,#13608,#13609,#13610,#13611,#13612),
(#13613,#13614,#13615,#13616,#13617,#13618)),.UNSPECIFIED.,.F.,.F.,.F.,
(4,1,4),(4,1,1,4),(0.,0.571428571428571,1.),(-3.33066907387547E-16,0.0746376576977371,
0.124396096162895,0.174154534628054),.UNSPECIFIED.);
#5601=B_SPLINE_SURFACE_WITH_KNOTS('',3,3,((#13632,#13633,#13634,#13635,
#13636,#13637),(#13638,#13639,#13640,#13641,#13642,#13643),(#13644,#13645,
#13646,#13647,#13648,#13649),(#13650,#13651,#13652,#13653,#13654,#13655)),
 .UNSPECIFIED.,.F.,.F.,.F.,(4,4),(4,1,1,4),(0.,1.),(0.,0.34971218967237,
0.549547726628009,0.699424379344739),.UNSPECIFIED.);
#5602=B_SPLINE_SURFACE_WITH_KNOTS('',3,3,((#13672,#13673,#13674,#13675,
#13676,#13677),(#13678,#13679,#13680,#13681,#13682,#13683),(#13684,#13685,
#13686,#13687,#13688,#13689),(#13690,#13691,#13692,#13693,#13694,#13695),
(#13696,#13697,#13698,#13699,#13700,#13701),(#13702,#13703,#13704,#13705,
#13706,#13707)),.UNSPECIFIED.,.F.,.F.,.F.,(4,1,1,4),(4,1,1,4),(0.,0.285714285714286,
0.571428571428571,1.),(-1.57079632679489,-0.897597901025654,-0.448798950512828,
-2.15614695407695E-15),.UNSPECIFIED.);
#5603=B_SPLINE_SURFACE_WITH_KNOTS('',3,3,((#13710,#13711,#13712,#13713),
(#13714,#13715,#13716,#13717),(#13718,#13719,#13720,#13721),(#13722,#13723,
#13724,#13725),(#13726,#13727,#13728,#13729),(#13730,#13731,#13732,#13733)),
 .UNSPECIFIED.,.F.,.F.,.F.,(4,1,1,4),(4,4),(0.,0.285714285714286,0.571428571428571,
1.),(0.,0.00971409938997338),.UNSPECIFIED.);
#5604=B_SPLINE_SURFACE_WITH_KNOTS('',3,3,((#13742,#13743,#13744,#13745),
(#13746,#13747,#13748,#13749),(#13750,#13751,#13752,#13753),(#13754,#13755,
#13756,#13757),(#13758,#13759,#13760,#13761),(#13762,#13763,#13764,#13765)),
 .UNSPECIFIED.,.F.,.F.,.F.,(4,1,1,4),(4,4),(0.,0.285714285714286,0.571428571428571,
1.),(2.70912724269314E-15,0.00971778520696938),.UNSPECIFIED.);
#5605=B_SPLINE_SURFACE_WITH_KNOTS('',3,3,((#13774,#13775,#13776,#13777,
#13778,#13779),(#13780,#13781,#13782,#13783,#13784,#13785),(#13786,#13787,
#13788,#13789,#13790,#13791),(#13792,#13793,#13794,#13795,#13796,#13797),
(#13798,#13799,#13800,#13801,#13802,#13803)),.UNSPECIFIED.,.F.,.F.,.F.,
(4,1,4),(4,1,1,4),(0.,0.571428571428571,1.),(-2.05391259555654E-15,0.0745538635329342,
0.124256439221558,0.173959014910183),.UNSPECIFIED.);
#5606=B_SPLINE_SURFACE_WITH_KNOTS('',3,3,((#13817,#13818,#13819,#13820,
#13821,#13822),(#13823,#13824,#13825,#13826,#13827,#13828),(#13829,#13830,
#13831,#13832,#13833,#13834),(#13835,#13836,#13837,#13838,#13839,#13840)),
 .UNSPECIFIED.,.F.,.F.,.F.,(4,4),(4,1,1,4),(0.,1.),(0.,0.349789266895532,
0.499698952707903,0.699578533791064),.UNSPECIFIED.);
#5607=B_SPLINE_SURFACE_WITH_KNOTS('',3,3,((#13853,#13854,#13855,#13856,
#13857,#13858),(#13859,#13860,#13861,#13862,#13863,#13864),(#13865,#13866,
#13867,#13868,#13869,#13870),(#13871,#13872,#13873,#13874,#13875,#13876),
(#13877,#13878,#13879,#13880,#13881,#13882),(#13883,#13884,#13885,#13886,
#13887,#13888)),.UNSPECIFIED.,.F.,.F.,.F.,(4,1,1,4),(4,1,1,4),(0.,0.285714285714286,
0.571428571428571,1.),(-1.32347968560808E-15,0.448798950512827,0.897597901025655,
1.5707963267949),.UNSPECIFIED.);
#5608=B_SPLINE_SURFACE_WITH_KNOTS('',3,3,((#13897,#13898,#13899,#13900,
#13901),(#13902,#13903,#13904,#13905,#13906),(#13907,#13908,#13909,#13910,
#13911),(#13912,#13913,#13914,#13915,#13916),(#13917,#13918,#13919,#13920,
#13921),(#13922,#13923,#13924,#13925,#13926)),.UNSPECIFIED.,.F.,.F.,.F.,
(4,1,1,4),(4,1,4),(0.,0.285714285714286,0.571428571428571,1.),(0.0911110758515443,
0.293358366751218,0.563021421284116),.UNSPECIFIED.);
#5609=B_SPLINE_SURFACE_WITH_KNOTS('',3,3,((#13934,#13935,#13936,#13937,
#13938,#13939),(#13940,#13941,#13942,#13943,#13944,#13945),(#13946,#13947,
#13948,#13949,#13950,#13951),(#13952,#13953,#13954,#13955,#13956,#13957)),
 .UNSPECIFIED.,.F.,.F.,.F.,(4,4),(4,1,1,4),(0.,1.),(-0.781557444750427,
-0.431338455905297,-0.281244603543098,-0.081119467060167),.UNSPECIFIED.);
#5610=B_SPLINE_SURFACE_WITH_KNOTS('',3,3,((#13973,#13974,#13975,#13976,
#13977,#13978),(#13979,#13980,#13981,#13982,#13983,#13984),(#13985,#13986,
#13987,#13988,#13989,#13990),(#13991,#13992,#13993,#13994,#13995,#13996),
(#13997,#13998,#13999,#14000,#14001,#14002)),.UNSPECIFIED.,.F.,.F.,.F.,
(4,1,4),(4,1,1,4),(0.,0.571428571428571,1.),(0.,0.07410593963601,0.12350989939335,
0.17291385915069),.UNSPECIFIED.);
#5611=B_SPLINE_SURFACE_WITH_KNOTS('',3,3,((#14018,#14019,#14020,#14021),
(#14022,#14023,#14024,#14025),(#14026,#14027,#14028,#14029),(#14030,#14031,
#14032,#14033),(#14034,#14035,#14036,#14037),(#14038,#14039,#14040,#14041),
(#14042,#14043,#14044,#14045)),.UNSPECIFIED.,.F.,.F.,.F.,(4,1,1,1,4),(4,
4),(0.00519867705124522,0.287943162815741,0.570687648580237,0.78274601290361,
0.994804377226982),(0.0679661755363909,0.913247947783476),.UNSPECIFIED.);
#5612=B_SPLINE_SURFACE_WITH_KNOTS('',3,3,((#14052,#14053,#14054,#14055,
#14056,#14057),(#14058,#14059,#14060,#14061,#14062,#14063),(#14064,#14065,
#14066,#14067,#14068,#14069),(#14070,#14071,#14072,#14073,#14074,#14075),
(#14076,#14077,#14078,#14079,#14080,#14081)),.UNSPECIFIED.,.F.,.F.,.F.,
(4,1,4),(4,1,1,4),(0.,0.5,1.),(0.00911421652628253,0.175187803919226,0.285903528847854,
0.396619253776483),.UNSPECIFIED.);
#5613=B_SPLINE_SURFACE_WITH_KNOTS('',3,3,((#14088,#14089,#14090,#14091,
#14092,#14093),(#14094,#14095,#14096,#14097,#14098,#14099),(#14100,#14101,
#14102,#14103,#14104,#14105),(#14106,#14107,#14108,#14109,#14110,#14111),
(#14112,#14113,#14114,#14115,#14116,#14117)),.UNSPECIFIED.,.F.,.F.,.F.,
(4,1,4),(4,1,1,4),(0.,0.5,1.),(0.00907469451741956,0.175149343368759,0.285865775936319,
0.396582208503878),.UNSPECIFIED.);
#5614=B_SPLINE_SURFACE_WITH_KNOTS('',3,3,((#14140,#14141,#14142,#14143),
(#14144,#14145,#14146,#14147),(#14148,#14149,#14150,#14151),(#14152,#14153,
#14154,#14155),(#14156,#14157,#14158,#14159),(#14160,#14161,#14162,#14163),
(#14164,#14165,#14166,#14167)),.UNSPECIFIED.,.F.,.F.,.F.,(4,1,1,1,4),(4,
4),(0.00519934275346848,0.217257666011885,0.429315989270301,0.712060420281522,
0.994804851292743),(0.0679694255705464,0.913252102329769),.UNSPECIFIED.);
#5615=ADVANCED_FACE('',(#1418),#5519,.T.);
#5616=ADVANCED_FACE('',(#1419),#5520,.T.);
#5617=ADVANCED_FACE('',(#1420),#5521,.T.);
#5618=ADVANCED_FACE('',(#1421),#5522,.T.);
#5619=ADVANCED_FACE('',(#1422),#5523,.T.);
#5620=ADVANCED_FACE('',(#1423),#5524,.T.);
#5621=ADVANCED_FACE('',(#1424),#5525,.T.);
#5622=ADVANCED_FACE('',(#1425),#5526,.T.);
#5623=ADVANCED_FACE('',(#1426),#5527,.T.);
#5624=ADVANCED_FACE('',(#1427),#5528,.T.);
#5625=ADVANCED_FACE('',(#1428),#5529,.T.);
#5626=ADVANCED_FACE('',(#1429),#5530,.T.);
#5627=ADVANCED_FACE('',(#1430),#5531,.T.);
#5628=ADVANCED_FACE('',(#1431),#5532,.T.);
#5629=ADVANCED_FACE('',(#1432),#5533,.T.);
#5630=ADVANCED_FACE('',(#1433),#5534,.T.);
#5631=ADVANCED_FACE('',(#1434),#5535,.T.);
#5632=ADVANCED_FACE('',(#1435),#5536,.T.);
#5633=ADVANCED_FACE('',(#1436),#5537,.T.);
#5634=ADVANCED_FACE('',(#1437),#5538,.T.);
#5635=ADVANCED_FACE('',(#1438),#5539,.T.);
#5636=ADVANCED_FACE('',(#1439),#5540,.T.);
#5637=ADVANCED_FACE('',(#1440),#5541,.T.);
#5638=ADVANCED_FACE('',(#1441),#5542,.T.);
#5639=ADVANCED_FACE('',(#1442),#5543,.T.);
#5640=ADVANCED_FACE('',(#1443),#5544,.T.);
#5641=ADVANCED_FACE('',(#1444),#5545,.T.);
#5642=ADVANCED_FACE('',(#1445),#5546,.T.);
#5643=ADVANCED_FACE('',(#1446),#5547,.T.);
#5644=ADVANCED_FACE('',(#1447),#5548,.T.);
#5645=ADVANCED_FACE('',(#1448),#5549,.T.);
#5646=ADVANCED_FACE('',(#1449),#5550,.T.);
#5647=ADVANCED_FACE('',(#1450),#5551,.T.);
#5648=ADVANCED_FACE('',(#1451),#5552,.T.);
#5649=ADVANCED_FACE('',(#1452),#5553,.T.);
#5650=ADVANCED_FACE('',(#1453),#5554,.T.);
#5651=ADVANCED_FACE('',(#1454),#5555,.T.);
#5652=ADVANCED_FACE('',(#1455),#5556,.T.);
#5653=ADVANCED_FACE('',(#1456),#5557,.T.);
#5654=ADVANCED_FACE('',(#1457),#5558,.T.);
#5655=ADVANCED_FACE('',(#1458),#5559,.T.);
#5656=ADVANCED_FACE('',(#1459),#5560,.T.);
#5657=ADVANCED_FACE('',(#1460),#5561,.T.);
#5658=ADVANCED_FACE('',(#1461),#5562,.T.);
#5659=ADVANCED_FACE('',(#1462),#5563,.T.);
#5660=ADVANCED_FACE('',(#1463),#5564,.T.);
#5661=ADVANCED_FACE('',(#1464),#5565,.T.);
#5662=ADVANCED_FACE('',(#1465),#5566,.T.);
#5663=ADVANCED_FACE('',(#1466),#5567,.T.);
#5664=ADVANCED_FACE('',(#1467),#5568,.T.);
#5665=ADVANCED_FACE('',(#1468),#1098,.T.);
#5666=ADVANCED_FACE('',(#1469),#5569,.T.);
#5667=ADVANCED_FACE('',(#1470),#1099,.T.);
#5668=ADVANCED_FACE('',(#1471),#1100,.T.);
#5669=ADVANCED_FACE('',(#1472),#5570,.T.);
#5670=ADVANCED_FACE('',(#1473),#1101,.T.);
#5671=ADVANCED_FACE('',(#1474),#1102,.T.);
#5672=ADVANCED_FACE('',(#1475),#1103,.T.);
#5673=ADVANCED_FACE('',(#1476),#1104,.T.);
#5674=ADVANCED_FACE('',(#1477),#1105,.T.);
#5675=ADVANCED_FACE('',(#1478),#139,.F.);
#5676=ADVANCED_FACE('',(#1479),#140,.F.);
#5677=ADVANCED_FACE('',(#1480),#141,.F.);
#5678=ADVANCED_FACE('',(#1481),#142,.F.);
#5679=ADVANCED_FACE('',(#1482,#81),#143,.T.);
#5680=ADVANCED_FACE('',(#1483,#82),#144,.T.);
#5681=ADVANCED_FACE('',(#1484),#1106,.F.);
#5682=ADVANCED_FACE('',(#1485),#63,.F.);
#5683=ADVANCED_FACE('',(#1486),#64,.T.);
#5684=ADVANCED_FACE('',(#1487),#145,.T.);
#5685=ADVANCED_FACE('',(#1488),#1107,.F.);
#5686=ADVANCED_FACE('',(#1489),#65,.F.);
#5687=ADVANCED_FACE('',(#1490),#146,.T.);
#5688=ADVANCED_FACE('',(#1491),#5571,.T.);
#5689=ADVANCED_FACE('',(#1492),#5572,.T.);
#5690=ADVANCED_FACE('',(#1493),#147,.T.);
#5691=ADVANCED_FACE('',(#1494),#66,.T.);
#5692=ADVANCED_FACE('',(#1495),#5573,.T.);
#5693=ADVANCED_FACE('',(#1496),#1108,.F.);
#5694=ADVANCED_FACE('',(#1497),#67,.F.);
#5695=ADVANCED_FACE('',(#1498),#148,.T.);
#5696=ADVANCED_FACE('',(#1499),#1109,.F.);
#5697=ADVANCED_FACE('',(#1500),#68,.F.);
#5698=ADVANCED_FACE('',(#1501),#149,.T.);
#5699=ADVANCED_FACE('',(#1502),#5574,.T.);
#5700=ADVANCED_FACE('',(#1503),#5575,.T.);
#5701=ADVANCED_FACE('',(#1504),#150,.T.);
#5702=ADVANCED_FACE('',(#1505),#5576,.T.);
#5703=ADVANCED_FACE('',(#1506),#151,.T.);
#5704=ADVANCED_FACE('',(#1507),#1110,.F.);
#5705=ADVANCED_FACE('',(#1508),#69,.F.);
#5706=ADVANCED_FACE('',(#1509),#152,.T.);
#5707=ADVANCED_FACE('',(#1510),#1111,.F.);
#5708=ADVANCED_FACE('',(#1511),#70,.F.);
#5709=ADVANCED_FACE('',(#1512),#71,.T.);
#5710=ADVANCED_FACE('',(#1513),#153,.T.);
#5711=ADVANCED_FACE('',(#1514),#72,.T.);
#5712=ADVANCED_FACE('',(#1515),#154,.T.);
#5713=ADVANCED_FACE('',(#1516),#1112,.F.);
#5714=ADVANCED_FACE('',(#1517,#83,#84,#85),#155,.F.);
#5715=ADVANCED_FACE('',(#1518),#1113,.F.);
#5716=ADVANCED_FACE('',(#1519),#1114,.T.);
#5717=ADVANCED_FACE('',(#1520),#51,.T.);
#5718=ADVANCED_FACE('',(#1521),#52,.T.);
#5719=ADVANCED_FACE('',(#1522),#156,.T.);
#5720=ADVANCED_FACE('',(#1523),#1115,.T.);
#5721=ADVANCED_FACE('',(#1524,#86,#87,#88),#157,.T.);
#5722=ADVANCED_FACE('',(#1525),#1116,.T.);
#5723=ADVANCED_FACE('',(#1526),#158,.T.);
#5724=ADVANCED_FACE('',(#1527),#73,.T.);
#5725=ADVANCED_FACE('',(#1528),#74,.T.);
#5726=ADVANCED_FACE('',(#1529),#159,.T.);
#5727=ADVANCED_FACE('',(#1530),#1117,.F.);
#5728=ADVANCED_FACE('',(#1531,#89,#90,#91),#160,.F.);
#5729=ADVANCED_FACE('',(#1532),#1118,.F.);
#5730=ADVANCED_FACE('',(#1533),#75,.T.);
#5731=ADVANCED_FACE('',(#1534),#1119,.T.);
#5732=ADVANCED_FACE('',(#1535),#5577,.T.);
#5733=ADVANCED_FACE('',(#1536),#1120,.T.);
#5734=ADVANCED_FACE('',(#1537),#1121,.T.);
#5735=ADVANCED_FACE('',(#1538),#53,.T.);
#5736=ADVANCED_FACE('',(#1539),#54,.T.);
#5737=ADVANCED_FACE('',(#1540),#161,.T.);
#5738=ADVANCED_FACE('',(#1541,#92,#93,#94),#162,.T.);
#5739=ADVANCED_FACE('',(#1542),#1122,.T.);
#5740=ADVANCED_FACE('',(#1543),#76,.T.);
#5741=ADVANCED_FACE('',(#1544),#77,.T.);
#5742=ADVANCED_FACE('',(#1545),#163,.T.);
#5743=ADVANCED_FACE('',(#1546),#1123,.F.);
#5744=ADVANCED_FACE('',(#1547,#95,#96,#97),#164,.F.);
#5745=ADVANCED_FACE('',(#1548),#1124,.F.);
#5746=ADVANCED_FACE('',(#1549),#78,.T.);
#5747=ADVANCED_FACE('',(#1550),#1125,.T.);
#5748=ADVANCED_FACE('',(#1551),#5578,.T.);
#5749=ADVANCED_FACE('',(#1552),#1126,.T.);
#5750=ADVANCED_FACE('',(#1553),#1127,.T.);
#5751=ADVANCED_FACE('',(#1554),#55,.T.);
#5752=ADVANCED_FACE('',(#1555),#56,.T.);
#5753=ADVANCED_FACE('',(#1556),#165,.T.);
#5754=ADVANCED_FACE('',(#1557,#98,#99,#100),#166,.T.);
#5755=ADVANCED_FACE('',(#1558),#1128,.T.);
#5756=ADVANCED_FACE('',(#1559),#1129,.F.);
#5757=ADVANCED_FACE('',(#1560),#167,.T.);
#5758=ADVANCED_FACE('',(#1561),#1130,.T.);
#5759=ADVANCED_FACE('',(#1562,#101),#168,.F.);
#5760=ADVANCED_FACE('',(#1563),#169,.T.);
#5761=ADVANCED_FACE('',(#1564),#1131,.F.);
#5762=ADVANCED_FACE('',(#1565),#170,.T.);
#5763=ADVANCED_FACE('',(#1566),#1132,.T.);
#5764=ADVANCED_FACE('',(#1567,#102),#171,.F.);
#5765=ADVANCED_FACE('',(#1568),#172,.T.);
#5766=ADVANCED_FACE('',(#1569),#5579,.F.);
#5767=ADVANCED_FACE('',(#1570),#5580,.F.);
#5768=ADVANCED_FACE('',(#1571),#5581,.F.);
#5769=ADVANCED_FACE('',(#1572),#173,.F.);
#5770=ADVANCED_FACE('',(#1573),#174,.F.);
#5771=ADVANCED_FACE('',(#1574),#175,.F.);
#5772=ADVANCED_FACE('',(#1575,#103),#176,.T.);
#5773=ADVANCED_FACE('',(#1576),#5582,.F.);
#5774=ADVANCED_FACE('',(#1577),#5583,.F.);
#5775=ADVANCED_FACE('',(#1578),#5584,.F.);
#5776=ADVANCED_FACE('',(#1579),#177,.F.);
#5777=ADVANCED_FACE('',(#1580),#178,.F.);
#5778=ADVANCED_FACE('',(#1581),#179,.F.);
#5779=ADVANCED_FACE('',(#1582,#104),#180,.T.);
#5780=ADVANCED_FACE('',(#1583),#1133,.T.);
#5781=ADVANCED_FACE('',(#1584),#1134,.F.);
#5782=ADVANCED_FACE('',(#1585),#5585,.T.);
#5783=ADVANCED_FACE('',(#1586),#5586,.T.);
#5784=ADVANCED_FACE('',(#1587),#181,.F.);
#5785=ADVANCED_FACE('',(#1588),#5587,.T.);
#5786=ADVANCED_FACE('',(#1589),#182,.F.);
#5787=ADVANCED_FACE('',(#1590),#1135,.T.);
#5788=ADVANCED_FACE('',(#1591),#1136,.T.);
#5789=ADVANCED_FACE('',(#1592),#183,.F.);
#5790=ADVANCED_FACE('',(#1593),#5588,.T.);
#5791=ADVANCED_FACE('',(#1594),#5589,.T.);
#5792=ADVANCED_FACE('',(#1595),#184,.F.);
#5793=ADVANCED_FACE('',(#1596),#5590,.T.);
#5794=ADVANCED_FACE('',(#1597),#5591,.T.);
#5795=ADVANCED_FACE('',(#1598),#5592,.T.);
#5796=ADVANCED_FACE('',(#1599),#185,.F.);
#5797=ADVANCED_FACE('',(#1600),#1137,.T.);
#5798=ADVANCED_FACE('',(#1601),#1138,.T.);
#5799=ADVANCED_FACE('',(#1602),#186,.T.);
#5800=ADVANCED_FACE('',(#1603),#1139,.T.);
#5801=ADVANCED_FACE('',(#1604),#1140,.T.);
#5802=ADVANCED_FACE('',(#1605),#187,.T.);
#5803=ADVANCED_FACE('',(#1606),#188,.T.);
#5804=ADVANCED_FACE('',(#1607),#79,.T.);
#5805=ADVANCED_FACE('',(#1608),#1141,.F.);
#5806=ADVANCED_FACE('',(#1609),#80,.T.);
#5807=ADVANCED_FACE('',(#1610),#1142,.F.);
#5808=ADVANCED_FACE('',(#1611),#57,.T.);
#5809=ADVANCED_FACE('',(#1612),#58,.T.);
#5810=ADVANCED_FACE('',(#1613),#1143,.T.);
#5811=ADVANCED_FACE('',(#1614),#59,.T.);
#5812=ADVANCED_FACE('',(#1615),#60,.T.);
#5813=ADVANCED_FACE('',(#1616),#1144,.T.);
#5814=ADVANCED_FACE('',(#1617),#61,.T.);
#5815=ADVANCED_FACE('',(#1618),#1145,.T.);
#5816=ADVANCED_FACE('',(#1619),#62,.T.);
#5817=ADVANCED_FACE('',(#1620),#1146,.T.);
#5818=ADVANCED_FACE('',(#1621),#1147,.T.);
#5819=ADVANCED_FACE('',(#1622),#1148,.T.);
#5820=ADVANCED_FACE('',(#1623),#1149,.T.);
#5821=ADVANCED_FACE('',(#1624),#1150,.T.);
#5822=ADVANCED_FACE('',(#1625),#1151,.T.);
#5823=ADVANCED_FACE('',(#1626),#1152,.T.);
#5824=ADVANCED_FACE('',(#1627),#1153,.T.);
#5825=ADVANCED_FACE('',(#1628),#1154,.T.);
#5826=ADVANCED_FACE('',(#1629),#189,.T.);
#5827=ADVANCED_FACE('',(#1630,#105,#106,#107,#108,#109,#110,#111,#112,#113,
#114,#115,#116,#117,#118,#119,#120,#121,#122),#190,.F.);
#5828=ADVANCED_FACE('',(#1631),#191,.T.);
#5829=ADVANCED_FACE('',(#1632),#1155,.F.);
#5830=ADVANCED_FACE('',(#1633),#1156,.F.);
#5831=ADVANCED_FACE('',(#1634),#1157,.F.);
#5832=ADVANCED_FACE('',(#1635),#1158,.F.);
#5833=ADVANCED_FACE('',(#1636),#1159,.F.);
#5834=ADVANCED_FACE('',(#1637),#1160,.F.);
#5835=ADVANCED_FACE('',(#1638),#192,.T.);
#5836=ADVANCED_FACE('',(#1639),#1161,.F.);
#5837=ADVANCED_FACE('',(#1640),#1162,.F.);
#5838=ADVANCED_FACE('',(#1641),#1163,.F.);
#5839=ADVANCED_FACE('',(#1642),#193,.F.);
#5840=ADVANCED_FACE('',(#1643),#194,.F.);
#5841=ADVANCED_FACE('',(#1644),#195,.F.);
#5842=ADVANCED_FACE('',(#1645),#196,.F.);
#5843=ADVANCED_FACE('',(#1646),#197,.F.);
#5844=ADVANCED_FACE('',(#1647),#198,.F.);
#5845=ADVANCED_FACE('',(#1648),#199,.F.);
#5846=ADVANCED_FACE('',(#1649),#200,.F.);
#5847=ADVANCED_FACE('',(#1650),#201,.F.);
#5848=ADVANCED_FACE('',(#1651),#202,.F.);
#5849=ADVANCED_FACE('',(#1652),#203,.F.);
#5850=ADVANCED_FACE('',(#1653),#204,.F.);
#5851=ADVANCED_FACE('',(#1654),#205,.F.);
#5852=ADVANCED_FACE('',(#1655),#206,.F.);
#5853=ADVANCED_FACE('',(#1656),#207,.F.);
#5854=ADVANCED_FACE('',(#1657),#208,.F.);
#5855=ADVANCED_FACE('',(#1658),#209,.F.);
#5856=ADVANCED_FACE('',(#1659),#210,.F.);
#5857=ADVANCED_FACE('',(#1660),#211,.F.);
#5858=ADVANCED_FACE('',(#1661),#212,.F.);
#5859=ADVANCED_FACE('',(#1662),#213,.F.);
#5860=ADVANCED_FACE('',(#1663),#214,.F.);
#5861=ADVANCED_FACE('',(#1664),#215,.F.);
#5862=ADVANCED_FACE('',(#1665),#216,.F.);
#5863=ADVANCED_FACE('',(#1666),#217,.F.);
#5864=ADVANCED_FACE('',(#1667),#218,.F.);
#5865=ADVANCED_FACE('',(#1668),#219,.F.);
#5866=ADVANCED_FACE('',(#1669),#220,.F.);
#5867=ADVANCED_FACE('',(#1670),#221,.F.);
#5868=ADVANCED_FACE('',(#1671),#222,.F.);
#5869=ADVANCED_FACE('',(#1672),#223,.F.);
#5870=ADVANCED_FACE('',(#1673),#224,.F.);
#5871=ADVANCED_FACE('',(#1674),#225,.F.);
#5872=ADVANCED_FACE('',(#1675),#226,.F.);
#5873=ADVANCED_FACE('',(#1676),#227,.F.);
#5874=ADVANCED_FACE('',(#1677),#228,.F.);
#5875=ADVANCED_FACE('',(#1678),#229,.F.);
#5876=ADVANCED_FACE('',(#1679),#230,.F.);
#5877=ADVANCED_FACE('',(#1680),#231,.F.);
#5878=ADVANCED_FACE('',(#1681),#232,.F.);
#5879=ADVANCED_FACE('',(#1682),#233,.F.);
#5880=ADVANCED_FACE('',(#1683),#234,.F.);
#5881=ADVANCED_FACE('',(#1684),#235,.F.);
#5882=ADVANCED_FACE('',(#1685),#236,.F.);
#5883=ADVANCED_FACE('',(#1686),#237,.F.);
#5884=ADVANCED_FACE('',(#1687),#238,.F.);
#5885=ADVANCED_FACE('',(#1688),#239,.F.);
#5886=ADVANCED_FACE('',(#1689),#240,.F.);
#5887=ADVANCED_FACE('',(#1690),#241,.F.);
#5888=ADVANCED_FACE('',(#1691),#242,.F.);
#5889=ADVANCED_FACE('',(#1692),#243,.F.);
#5890=ADVANCED_FACE('',(#1693),#244,.F.);
#5891=ADVANCED_FACE('',(#1694),#245,.F.);
#5892=ADVANCED_FACE('',(#1695),#246,.F.);
#5893=ADVANCED_FACE('',(#1696),#247,.F.);
#5894=ADVANCED_FACE('',(#1697),#248,.F.);
#5895=ADVANCED_FACE('',(#1698),#249,.F.);
#5896=ADVANCED_FACE('',(#1699),#250,.F.);
#5897=ADVANCED_FACE('',(#1700),#5593,.T.);
#5898=ADVANCED_FACE('',(#1701),#1164,.F.);
#5899=ADVANCED_FACE('',(#1702),#5594,.T.);
#5900=ADVANCED_FACE('',(#1703),#1165,.F.);
#5901=ADVANCED_FACE('',(#1704),#5595,.T.);
#5902=ADVANCED_FACE('',(#1705),#5596,.T.);
#5903=ADVANCED_FACE('',(#1706),#5597,.T.);
#5904=ADVANCED_FACE('',(#1707),#1166,.F.);
#5905=ADVANCED_FACE('',(#1708),#1167,.F.);
#5906=ADVANCED_FACE('',(#1709),#1168,.T.);
#5907=ADVANCED_FACE('',(#1710),#5598,.F.);
#5908=ADVANCED_FACE('',(#1711),#5599,.F.);
#5909=ADVANCED_FACE('',(#1712),#5600,.F.);
#5910=ADVANCED_FACE('',(#1713),#5601,.F.);
#5911=ADVANCED_FACE('',(#1714),#251,.F.);
#5912=ADVANCED_FACE('',(#1715),#252,.F.);
#5913=ADVANCED_FACE('',(#1716),#253,.F.);
#5914=ADVANCED_FACE('',(#1717),#5602,.T.);
#5915=ADVANCED_FACE('',(#1718),#5603,.T.);
#5916=ADVANCED_FACE('',(#1719),#5604,.T.);
#5917=ADVANCED_FACE('',(#1720),#5605,.F.);
#5918=ADVANCED_FACE('',(#1721),#5606,.F.);
#5919=ADVANCED_FACE('',(#1722),#5607,.T.);
#5920=ADVANCED_FACE('',(#1723),#1169,.F.);
#5921=ADVANCED_FACE('',(#1724),#1170,.F.);
#5922=ADVANCED_FACE('',(#1725),#5608,.T.);
#5923=ADVANCED_FACE('',(#1726),#1171,.F.);
#5924=ADVANCED_FACE('',(#1727),#5609,.F.);
#5925=ADVANCED_FACE('',(#1728),#5610,.F.);
#5926=ADVANCED_FACE('',(#1729),#1172,.F.);
#5927=ADVANCED_FACE('',(#1730),#5611,.F.);
#5928=ADVANCED_FACE('',(#1731),#5612,.T.);
#5929=ADVANCED_FACE('',(#1732),#254,.F.);
#5930=ADVANCED_FACE('',(#1733),#255,.F.);
#5931=ADVANCED_FACE('',(#1734),#256,.F.);
#5932=ADVANCED_FACE('',(#1735),#1173,.F.);
#5933=ADVANCED_FACE('',(#1736),#257,.F.);
#5934=ADVANCED_FACE('',(#1737),#5613,.T.);
#5935=ADVANCED_FACE('',(#1738),#1174,.T.);
#5936=ADVANCED_FACE('',(#1739),#1175,.F.);
#5937=ADVANCED_FACE('',(#1740),#1176,.T.);
#5938=ADVANCED_FACE('',(#1741),#1177,.T.);
#5939=ADVANCED_FACE('',(#1742),#258,.T.);
#5940=ADVANCED_FACE('',(#1743),#1178,.F.);
#5941=ADVANCED_FACE('',(#1744),#259,.F.);
#5942=ADVANCED_FACE('',(#1745),#1179,.T.);
#5943=ADVANCED_FACE('',(#1746),#1180,.F.);
#5944=ADVANCED_FACE('',(#1747),#5614,.F.);
#5945=ADVANCED_FACE('',(#1748),#260,.F.);
#5946=ADVANCED_FACE('',(#1749),#1181,.F.);
#5947=ADVANCED_FACE('',(#1750,#123,#124,#125,#126,#127,#128,#129,#130,#131,
#132,#133,#134,#135,#136,#137,#138),#261,.T.);
#5948=CLOSED_SHELL('',(#5615,#5616,#5617,#5618,#5619,#5620,#5621,#5622,
#5623,#5624,#5625,#5626,#5627,#5628,#5629,#5630,#5631,#5632,#5633,#5634,
#5635,#5636,#5637,#5638,#5639,#5640,#5641,#5642,#5643,#5644,#5645,#5646,
#5647,#5648,#5649,#5650,#5651,#5652,#5653,#5654,#5655,#5656,#5657,#5658,
#5659,#5660,#5661,#5662,#5663,#5664,#5665,#5666,#5667,#5668,#5669,#5670,
#5671,#5672,#5673,#5674,#5675,#5676,#5677,#5678,#5679,#5680,#5681,#5682,
#5683,#5684,#5685,#5686,#5687,#5688,#5689,#5690,#5691,#5692,#5693,#5694,
#5695,#5696,#5697,#5698,#5699,#5700,#5701,#5702,#5703,#5704,#5705,#5706,
#5707,#5708,#5709,#5710,#5711,#5712,#5713,#5714,#5715,#5716,#5717,#5718,
#5719,#5720,#5721,#5722,#5723,#5724,#5725,#5726,#5727,#5728,#5729,#5730,
#5731,#5732,#5733,#5734,#5735,#5736,#5737,#5738,#5739,#5740,#5741,#5742,
#5743,#5744,#5745,#5746,#5747,#5748,#5749,#5750,#5751,#5752,#5753,#5754,
#5755,#5756,#5757,#5758,#5759,#5760,#5761,#5762,#5763,#5764,#5765,#5766,
#5767,#5768,#5769,#5770,#5771,#5772,#5773,#5774,#5775,#5776,#5777,#5778,
#5779,#5780,#5781,#5782,#5783,#5784,#5785,#5786,#5787,#5788,#5789,#5790,
#5791,#5792,#5793,#5794,#5795,#5796,#5797,#5798,#5799,#5800,#5801,#5802,
#5803,#5804,#5805,#5806,#5807,#5808,#5809,#5810,#5811,#5812,#5813,#5814,
#5815,#5816,#5817,#5818,#5819,#5820,#5821,#5822,#5823,#5824,#5825,#5826,
#5827,#5828,#5829,#5830,#5831,#5832,#5833,#5834,#5835,#5836,#5837,#5838,
#5839,#5840,#5841,#5842,#5843,#5844,#5845,#5846,#5847,#5848,#5849,#5850,
#5851,#5852,#5853,#5854,#5855,#5856,#5857,#5858,#5859,#5860,#5861,#5862,
#5863,#5864,#5865,#5866,#5867,#5868,#5869,#5870,#5871,#5872,#5873,#5874,
#5875,#5876,#5877,#5878,#5879,#5880,#5881,#5882,#5883,#5884,#5885,#5886,
#5887,#5888,#5889,#5890,#5891,#5892,#5893,#5894,#5895,#5896,#5897,#5898,
#5899,#5900,#5901,#5902,#5903,#5904,#5905,#5906,#5907,#5908,#5909,#5910,
#5911,#5912,#5913,#5914,#5915,#5916,#5917,#5918,#5919,#5920,#5921,#5922,
#5923,#5924,#5925,#5926,#5927,#5928,#5929,#5930,#5931,#5932,#5933,#5934,
#5935,#5936,#5937,#5938,#5939,#5940,#5941,#5942,#5943,#5944,#5945,#5946,
#5947));
#5949=DERIVED_UNIT_ELEMENT(#5951,1.);
#5950=DERIVED_UNIT_ELEMENT(#14177,-3.);
#5951=(
MASS_UNIT()
NAMED_UNIT(*)
SI_UNIT(.KILO.,.GRAM.)
);
#5952=DERIVED_UNIT((#5949,#5950));
#5953=MEASURE_REPRESENTATION_ITEM('density measure',
POSITIVE_RATIO_MEASURE(7850.),#5952);
#5954=PROPERTY_DEFINITION_REPRESENTATION(#5959,#5956);
#5955=PROPERTY_DEFINITION_REPRESENTATION(#5960,#5957);
#5956=REPRESENTATION('material name',(#5958),#14174);
#5957=REPRESENTATION('density',(#5953),#14174);
#5958=DESCRIPTIVE_REPRESENTATION_ITEM('Steel','Steel');
#5959=PROPERTY_DEFINITION('material property','material name',#14184);
#5960=PROPERTY_DEFINITION('material property','density of part',#14184);
#5961=AXIS2_PLACEMENT_3D('',#7906,#6470,#6471);
#5962=AXIS2_PLACEMENT_3D('',#8013,#6472,#6473);
#5963=AXIS2_PLACEMENT_3D('',#8064,#6474,#6475);
#5964=AXIS2_PLACEMENT_3D('',#8065,#6476,#6477);
#5965=AXIS2_PLACEMENT_3D('',#8110,#6478,#6479);
#5966=AXIS2_PLACEMENT_3D('',#8111,#6480,#6481);
#5967=AXIS2_PLACEMENT_3D('',#8162,#6482,#6483);
#5968=AXIS2_PLACEMENT_3D('',#8270,#6484,#6485);
#5969=AXIS2_PLACEMENT_3D('',#8320,#6486,#6487);
#5970=AXIS2_PLACEMENT_3D('',#8321,#6488,#6489);
#5971=AXIS2_PLACEMENT_3D('',#8366,#6490,#6491);
#5972=AXIS2_PLACEMENT_3D('',#8367,#6492,#6493);
#5973=AXIS2_PLACEMENT_3D('',#8418,#6494,#6495);
#5974=AXIS2_PLACEMENT_3D('',#8525,#6496,#6497);
#5975=AXIS2_PLACEMENT_3D('',#8576,#6498,#6499);
#5976=AXIS2_PLACEMENT_3D('',#8577,#6500,#6501);
#5977=AXIS2_PLACEMENT_3D('',#8622,#6502,#6503);
#5978=AXIS2_PLACEMENT_3D('',#8623,#6504,#6505);
#5979=AXIS2_PLACEMENT_3D('',#8674,#6506,#6507);
#5980=AXIS2_PLACEMENT_3D('',#8737,#6508,#6509);
#5981=AXIS2_PLACEMENT_3D('',#8886,#6510,#6511);
#5982=AXIS2_PLACEMENT_3D('',#8937,#6512,#6513);
#5983=AXIS2_PLACEMENT_3D('',#8938,#6514,#6515);
#5984=AXIS2_PLACEMENT_3D('',#8991,#6516,#6517);
#5985=AXIS2_PLACEMENT_3D('',#8992,#6518,#6519);
#5986=AXIS2_PLACEMENT_3D('',#9037,#6520,#6521);
#5987=AXIS2_PLACEMENT_3D('',#9038,#6522,#6523);
#5988=AXIS2_PLACEMENT_3D('',#9105,#6524,#6525);
#5989=AXIS2_PLACEMENT_3D('',#9150,#6526,#6527);
#5990=AXIS2_PLACEMENT_3D('',#9217,#6528,#6529);
#5991=AXIS2_PLACEMENT_3D('',#9218,#6530,#6531);
#5992=AXIS2_PLACEMENT_3D('',#9263,#6532,#6533);
#5993=AXIS2_PLACEMENT_3D('',#9264,#6534,#6535);
#5994=AXIS2_PLACEMENT_3D('',#9331,#6536,#6537);
#5995=AXIS2_PLACEMENT_3D('',#9384,#6538,#6539);
#5996=AXIS2_PLACEMENT_3D('',#9385,#6540,#6541);
#5997=AXIS2_PLACEMENT_3D('',#9430,#6542,#6543);
#5998=AXIS2_PLACEMENT_3D('',#9431,#6544,#6545);
#5999=AXIS2_PLACEMENT_3D('',#9498,#6546,#6547);
#6000=AXIS2_PLACEMENT_3D('',#9543,#6548,#6549);
#6001=AXIS2_PLACEMENT_3D('',#9610,#6550,#6551);
#6002=AXIS2_PLACEMENT_3D('',#9611,#6552,#6553);
#6003=AXIS2_PLACEMENT_3D('',#9656,#6554,#6555);
#6004=AXIS2_PLACEMENT_3D('',#9657,#6556,#6557);
#6005=AXIS2_PLACEMENT_3D('',#9724,#6558,#6559);
#6006=AXIS2_PLACEMENT_3D('',#9777,#6560,#6561);
#6007=AXIS2_PLACEMENT_3D('',#9778,#6562,#6563);
#6008=AXIS2_PLACEMENT_3D('',#9823,#6564,#6565);
#6009=AXIS2_PLACEMENT_3D('',#9824,#6566,#6567);
#6010=AXIS2_PLACEMENT_3D('',#9891,#6568,#6569);
#6011=AXIS2_PLACEMENT_3D('',#9936,#6570,#6571);
#6012=AXIS2_PLACEMENT_3D('',#10003,#6572,#6573);
#6013=AXIS2_PLACEMENT_3D('',#10004,#6574,#6575);
#6014=AXIS2_PLACEMENT_3D('',#10049,#6576,#6577);
#6015=AXIS2_PLACEMENT_3D('',#10050,#6578,#6579);
#6016=AXIS2_PLACEMENT_3D('',#10117,#6580,#6581);
#6017=AXIS2_PLACEMENT_3D('',#10170,#6582,#6583);
#6018=AXIS2_PLACEMENT_3D('',#10171,#6584,#6585);
#6019=AXIS2_PLACEMENT_3D('',#10216,#6586,#6587);
#6020=AXIS2_PLACEMENT_3D('',#10217,#6588,#6589);
#6021=AXIS2_PLACEMENT_3D('',#10284,#6590,#6591);
#6022=AXIS2_PLACEMENT_3D('',#10329,#6592,#6593);
#6023=AXIS2_PLACEMENT_3D('',#10396,#6594,#6595);
#6024=AXIS2_PLACEMENT_3D('',#10397,#6596,#6597);
#6025=AXIS2_PLACEMENT_3D('',#10442,#6598,#6599);
#6026=AXIS2_PLACEMENT_3D('',#10443,#6600,#6601);
#6027=AXIS2_PLACEMENT_3D('',#10510,#6602,#6603);
#6028=AXIS2_PLACEMENT_3D('',#10548,#6604,#6605);
#6029=AXIS2_PLACEMENT_3D('',#10608,#6606,#6607);
#6030=AXIS2_PLACEMENT_3D('',#10631,#6608,#6609);
#6031=AXIS2_PLACEMENT_3D('',#10671,#6612,#6613);
#6032=AXIS2_PLACEMENT_3D('',#10694,#6614,#6615);
#6033=AXIS2_PLACEMENT_3D('',#10697,#6618,#6619);
#6034=AXIS2_PLACEMENT_3D('',#10737,#6622,#6623);
#6035=AXIS2_PLACEMENT_3D('',#10760,#6624,#6625);
#6036=AXIS2_PLACEMENT_3D('',#10763,#6628,#6629);
#6037=AXIS2_PLACEMENT_3D('',#10766,#6632,#6633);
#6038=AXIS2_PLACEMENT_3D('',#10769,#6636,#6637);
#6039=AXIS2_PLACEMENT_3D('',#10772,#6640,#6641);
#6040=AXIS2_PLACEMENT_3D('',#10775,#6644,#6645);
#6041=AXIS2_PLACEMENT_3D('',#10776,#6646,#6647);
#6042=AXIS2_PLACEMENT_3D('',#10777,#6648,#6649);
#6043=AXIS2_PLACEMENT_3D('',#10778,#6650,#6651);
#6044=AXIS2_PLACEMENT_3D('',#10779,#6652,#6653);
#6045=AXIS2_PLACEMENT_3D('',#10788,#6658,#6659);
#6046=AXIS2_PLACEMENT_3D('',#10791,#6660,#6661);
#6047=AXIS2_PLACEMENT_3D('',#10795,#6663,#6664);
#6048=AXIS2_PLACEMENT_3D('',#10799,#6666,#6667);
#6049=AXIS2_PLACEMENT_3D('',#10803,#6669,#6670);
#6050=AXIS2_PLACEMENT_3D('',#10805,#6672,#6673);
#6051=AXIS2_PLACEMENT_3D('',#10808,#6674,#6675);
#6052=AXIS2_PLACEMENT_3D('',#10812,#6677,#6678);
#6053=AXIS2_PLACEMENT_3D('',#10814,#6680,#6681);
#6054=AXIS2_PLACEMENT_3D('',#10816,#6682,#6683);
#6055=AXIS2_PLACEMENT_3D('',#10824,#6684,#6685);
#6056=AXIS2_PLACEMENT_3D('',#10825,#6686,#6687);
#6057=AXIS2_PLACEMENT_3D('',#10840,#6688,#6689);
#6058=AXIS2_PLACEMENT_3D('',#10842,#6690,#6691);
#6059=AXIS2_PLACEMENT_3D('',#10843,#6692,#6693);
#6060=AXIS2_PLACEMENT_3D('',#10844,#6694,#6695);
#6061=AXIS2_PLACEMENT_3D('',#10856,#6698,#6699);
#6062=AXIS2_PLACEMENT_3D('',#10859,#6700,#6701);
#6063=AXIS2_PLACEMENT_3D('',#10863,#6703,#6704);
#6064=AXIS2_PLACEMENT_3D('',#10865,#6706,#6707);
#6065=AXIS2_PLACEMENT_3D('',#10867,#6708,#6709);
#6066=AXIS2_PLACEMENT_3D('',#10875,#6710,#6711);
#6067=AXIS2_PLACEMENT_3D('',#10876,#6712,#6713);
#6068=AXIS2_PLACEMENT_3D('',#10881,#6716,#6717);
#6069=AXIS2_PLACEMENT_3D('',#10973,#6718,#6719);
#6070=AXIS2_PLACEMENT_3D('',#11011,#6720,#6721);
#6071=AXIS2_PLACEMENT_3D('',#11012,#6722,#6723);
#6072=AXIS2_PLACEMENT_3D('',#11013,#6724,#6725);
#6073=AXIS2_PLACEMENT_3D('',#11017,#6727,#6728);
#6074=AXIS2_PLACEMENT_3D('',#11019,#6730,#6731);
#6075=AXIS2_PLACEMENT_3D('',#11033,#6732,#6733);
#6076=AXIS2_PLACEMENT_3D('',#11034,#6734,#6735);
#6077=AXIS2_PLACEMENT_3D('',#11111,#6736,#6737);
#6078=AXIS2_PLACEMENT_3D('',#11112,#6738,#6739);
#6079=AXIS2_PLACEMENT_3D('',#11115,#6740,#6741);
#6080=AXIS2_PLACEMENT_3D('',#11119,#6743,#6744);
#6081=AXIS2_PLACEMENT_3D('',#11121,#6746,#6747);
#6082=AXIS2_PLACEMENT_3D('',#11123,#6748,#6749);
#6083=AXIS2_PLACEMENT_3D('',#11131,#6750,#6751);
#6084=AXIS2_PLACEMENT_3D('',#11132,#6752,#6753);
#6085=AXIS2_PLACEMENT_3D('',#11135,#6756,#6757);
#6086=AXIS2_PLACEMENT_3D('',#11138,#6758,#6759);
#6087=AXIS2_PLACEMENT_3D('',#11142,#6761,#6762);
#6088=AXIS2_PLACEMENT_3D('',#11144,#6764,#6765);
#6089=AXIS2_PLACEMENT_3D('',#11146,#6766,#6767);
#6090=AXIS2_PLACEMENT_3D('',#11154,#6768,#6769);
#6091=AXIS2_PLACEMENT_3D('',#11155,#6770,#6771);
#6092=AXIS2_PLACEMENT_3D('',#11160,#6774,#6775);
#6093=AXIS2_PLACEMENT_3D('',#11246,#6776,#6777);
#6094=AXIS2_PLACEMENT_3D('',#11289,#6778,#6779);
#6095=AXIS2_PLACEMENT_3D('',#11293,#6781,#6782);
#6096=AXIS2_PLACEMENT_3D('',#11379,#6784,#6785);
#6097=AXIS2_PLACEMENT_3D('',#11387,#6786,#6787);
#6098=AXIS2_PLACEMENT_3D('',#11390,#6790,#6791);
#6099=AXIS2_PLACEMENT_3D('',#11393,#6792,#6793);
#6100=AXIS2_PLACEMENT_3D('',#11397,#6795,#6796);
#6101=AXIS2_PLACEMENT_3D('',#11399,#6798,#6799);
#6102=AXIS2_PLACEMENT_3D('',#11401,#6800,#6801);
#6103=AXIS2_PLACEMENT_3D('',#11409,#6802,#6803);
#6104=AXIS2_PLACEMENT_3D('',#11410,#6804,#6805);
#6105=AXIS2_PLACEMENT_3D('',#11413,#6808,#6809);
#6106=AXIS2_PLACEMENT_3D('',#11416,#6810,#6811);
#6107=AXIS2_PLACEMENT_3D('',#11420,#6813,#6814);
#6108=AXIS2_PLACEMENT_3D('',#11422,#6816,#6817);
#6109=AXIS2_PLACEMENT_3D('',#11424,#6818,#6819);
#6110=AXIS2_PLACEMENT_3D('',#11432,#6820,#6821);
#6111=AXIS2_PLACEMENT_3D('',#11433,#6822,#6823);
#6112=AXIS2_PLACEMENT_3D('',#11441,#6824,#6825);
#6113=AXIS2_PLACEMENT_3D('',#11443,#6826,#6827);
#6114=AXIS2_PLACEMENT_3D('',#11445,#6828,#6829);
#6115=AXIS2_PLACEMENT_3D('',#11452,#6830,#6831);
#6116=AXIS2_PLACEMENT_3D('',#11455,#6834,#6835);
#6117=AXIS2_PLACEMENT_3D('',#11462,#6836,#6837);
#6118=AXIS2_PLACEMENT_3D('',#11464,#6838,#6839);
#6119=AXIS2_PLACEMENT_3D('',#11471,#6840,#6841);
#6120=AXIS2_PLACEMENT_3D('',#11474,#6844,#6845);
#6121=AXIS2_PLACEMENT_3D('',#11477,#6848,#6849);
#6122=AXIS2_PLACEMENT_3D('',#11481,#6852,#6853);
#6123=AXIS2_PLACEMENT_3D('',#11483,#6854,#6855);
#6124=AXIS2_PLACEMENT_3D('',#11485,#6856,#6857);
#6125=AXIS2_PLACEMENT_3D('',#11486,#6858,#6859);
#6126=AXIS2_PLACEMENT_3D('',#11488,#6861,#6862);
#6127=AXIS2_PLACEMENT_3D('',#11490,#6863,#6864);
#6128=AXIS2_PLACEMENT_3D('',#11492,#6865,#6866);
#6129=AXIS2_PLACEMENT_3D('',#11494,#6868,#6869);
#6130=AXIS2_PLACEMENT_3D('',#11495,#6870,#6871);
#6131=AXIS2_PLACEMENT_3D('',#11496,#6872,#6873);
#6132=AXIS2_PLACEMENT_3D('',#11497,#6874,#6875);
#6133=AXIS2_PLACEMENT_3D('',#11498,#6876,#6877);
#6134=AXIS2_PLACEMENT_3D('',#11510,#6885,#6886);
#6135=AXIS2_PLACEMENT_3D('',#11513,#6888,#6889);
#6136=AXIS2_PLACEMENT_3D('',#11514,#6890,#6891);
#6137=AXIS2_PLACEMENT_3D('',#11519,#6894,#6895);
#6138=AXIS2_PLACEMENT_3D('',#11521,#6896,#6897);
#6139=AXIS2_PLACEMENT_3D('',#11523,#6898,#6899);
#6140=AXIS2_PLACEMENT_3D('',#11524,#6900,#6901);
#6141=AXIS2_PLACEMENT_3D('',#11527,#6903,#6904);
#6142=AXIS2_PLACEMENT_3D('',#11528,#6905,#6906);
#6143=AXIS2_PLACEMENT_3D('',#11538,#6913,#6914);
#6144=AXIS2_PLACEMENT_3D('',#11553,#6915,#6916);
#6145=AXIS2_PLACEMENT_3D('',#11555,#6917,#6918);
#6146=AXIS2_PLACEMENT_3D('',#11556,#6919,#6920);
#6147=AXIS2_PLACEMENT_3D('',#11557,#6921,#6922);
#6148=AXIS2_PLACEMENT_3D('',#11567,#6923,#6924);
#6149=AXIS2_PLACEMENT_3D('',#11569,#6925,#6926);
#6150=AXIS2_PLACEMENT_3D('',#11571,#6927,#6928);
#6151=AXIS2_PLACEMENT_3D('',#11578,#6929,#6930);
#6152=AXIS2_PLACEMENT_3D('',#11581,#6933,#6934);
#6153=AXIS2_PLACEMENT_3D('',#11584,#6937,#6938);
#6154=AXIS2_PLACEMENT_3D('',#11590,#6942,#6943);
#6155=AXIS2_PLACEMENT_3D('',#11592,#6944,#6945);
#6156=AXIS2_PLACEMENT_3D('',#11594,#6946,#6947);
#6157=AXIS2_PLACEMENT_3D('',#11595,#6948,#6949);
#6158=AXIS2_PLACEMENT_3D('',#11598,#6951,#6952);
#6159=AXIS2_PLACEMENT_3D('',#11599,#6953,#6954);
#6160=AXIS2_PLACEMENT_3D('',#11605,#6955,#6956);
#6161=AXIS2_PLACEMENT_3D('',#11612,#6957,#6958);
#6162=AXIS2_PLACEMENT_3D('',#11614,#6959,#6960);
#6163=AXIS2_PLACEMENT_3D('',#11652,#6962,#6963);
#6164=AXIS2_PLACEMENT_3D('',#11654,#6965,#6966);
#6165=AXIS2_PLACEMENT_3D('',#11657,#6968,#6969);
#6166=AXIS2_PLACEMENT_3D('',#11659,#6971,#6972);
#6167=AXIS2_PLACEMENT_3D('',#11660,#6973,#6974);
#6168=AXIS2_PLACEMENT_3D('',#11661,#6975,#6976);
#6169=AXIS2_PLACEMENT_3D('',#11662,#6977,#6978);
#6170=AXIS2_PLACEMENT_3D('',#11663,#6979,#6980);
#6171=AXIS2_PLACEMENT_3D('',#11665,#6982,#6983);
#6172=AXIS2_PLACEMENT_3D('',#11668,#6985,#6986);
#6173=AXIS2_PLACEMENT_3D('',#11670,#6987,#6988);
#6174=AXIS2_PLACEMENT_3D('',#11672,#6989,#6990);
#6175=AXIS2_PLACEMENT_3D('',#11673,#6991,#6992);
#6176=AXIS2_PLACEMENT_3D('',#11674,#6993,#6994);
#6177=AXIS2_PLACEMENT_3D('',#11689,#6995,#6996);
#6178=AXIS2_PLACEMENT_3D('',#11691,#6997,#6998);
#6179=AXIS2_PLACEMENT_3D('',#11692,#6999,#7000);
#6180=AXIS2_PLACEMENT_3D('',#11693,#7001,#7002);
#6181=AXIS2_PLACEMENT_3D('',#11703,#7003,#7004);
#6182=AXIS2_PLACEMENT_3D('',#11705,#7005,#7006);
#6183=AXIS2_PLACEMENT_3D('',#11707,#7007,#7008);
#6184=AXIS2_PLACEMENT_3D('',#11714,#7009,#7010);
#6185=AXIS2_PLACEMENT_3D('',#11717,#7013,#7014);
#6186=AXIS2_PLACEMENT_3D('',#11721,#7016,#7017);
#6187=AXIS2_PLACEMENT_3D('',#11723,#7019,#7020);
#6188=AXIS2_PLACEMENT_3D('',#11728,#7024,#7025);
#6189=AXIS2_PLACEMENT_3D('',#11730,#7026,#7027);
#6190=AXIS2_PLACEMENT_3D('',#11732,#7028,#7029);
#6191=AXIS2_PLACEMENT_3D('',#11733,#7030,#7031);
#6192=AXIS2_PLACEMENT_3D('',#11735,#7033,#7034);
#6193=AXIS2_PLACEMENT_3D('',#11747,#7035,#7036);
#6194=AXIS2_PLACEMENT_3D('',#11748,#7037,#7038);
#6195=AXIS2_PLACEMENT_3D('',#11750,#7039,#7040);
#6196=AXIS2_PLACEMENT_3D('',#11788,#7042,#7043);
#6197=AXIS2_PLACEMENT_3D('',#11790,#7045,#7046);
#6198=AXIS2_PLACEMENT_3D('',#11793,#7048,#7049);
#6199=AXIS2_PLACEMENT_3D('',#11795,#7051,#7052);
#6200=AXIS2_PLACEMENT_3D('',#11796,#7053,#7054);
#6201=AXIS2_PLACEMENT_3D('',#11797,#7055,#7056);
#6202=AXIS2_PLACEMENT_3D('',#11798,#7057,#7058);
#6203=AXIS2_PLACEMENT_3D('',#11799,#7059,#7060);
#6204=AXIS2_PLACEMENT_3D('',#11801,#7062,#7063);
#6205=AXIS2_PLACEMENT_3D('',#11804,#7065,#7066);
#6206=AXIS2_PLACEMENT_3D('',#11806,#7067,#7068);
#6207=AXIS2_PLACEMENT_3D('',#11808,#7069,#7070);
#6208=AXIS2_PLACEMENT_3D('',#11809,#7071,#7072);
#6209=AXIS2_PLACEMENT_3D('',#11810,#7073,#7074);
#6210=AXIS2_PLACEMENT_3D('',#11813,#7075,#7076);
#6211=AXIS2_PLACEMENT_3D('',#11817,#7078,#7079);
#6212=AXIS2_PLACEMENT_3D('',#11820,#7081,#7082);
#6213=AXIS2_PLACEMENT_3D('',#11821,#7083,#7084);
#6214=AXIS2_PLACEMENT_3D('',#11831,#7090,#7091);
#6215=AXIS2_PLACEMENT_3D('',#11833,#7092,#7093);
#6216=AXIS2_PLACEMENT_3D('',#11836,#7095,#7096);
#6217=AXIS2_PLACEMENT_3D('',#11837,#7097,#7098);
#6218=AXIS2_PLACEMENT_3D('',#11841,#7100,#7101);
#6219=AXIS2_PLACEMENT_3D('',#11843,#7102,#7103);
#6220=AXIS2_PLACEMENT_3D('',#11872,#7104,#7105);
#6221=AXIS2_PLACEMENT_3D('',#11875,#7107,#7108);
#6222=AXIS2_PLACEMENT_3D('',#11876,#7109,#7110);
#6223=AXIS2_PLACEMENT_3D('',#11886,#7114,#7115);
#6224=AXIS2_PLACEMENT_3D('',#11889,#7116,#7117);
#6225=AXIS2_PLACEMENT_3D('',#11893,#7119,#7120);
#6226=AXIS2_PLACEMENT_3D('',#11895,#7122,#7123);
#6227=AXIS2_PLACEMENT_3D('',#11901,#7127,#7128);
#6228=AXIS2_PLACEMENT_3D('',#11903,#7129,#7130);
#6229=AXIS2_PLACEMENT_3D('',#11905,#7131,#7132);
#6230=AXIS2_PLACEMENT_3D('',#11907,#7134,#7135);
#6231=AXIS2_PLACEMENT_3D('',#11911,#7137,#7138);
#6232=AXIS2_PLACEMENT_3D('',#11929,#7139,#7140);
#6233=AXIS2_PLACEMENT_3D('',#11958,#7141,#7142);
#6234=AXIS2_PLACEMENT_3D('',#11961,#7144,#7145);
#6235=AXIS2_PLACEMENT_3D('',#11962,#7146,#7147);
#6236=AXIS2_PLACEMENT_3D('',#12118,#7157,#7158);
#6237=AXIS2_PLACEMENT_3D('',#12124,#7162,#7163);
#6238=AXIS2_PLACEMENT_3D('',#12130,#7167,#7168);
#6239=AXIS2_PLACEMENT_3D('',#12136,#7172,#7173);
#6240=AXIS2_PLACEMENT_3D('',#12138,#7174,#7175);
#6241=AXIS2_PLACEMENT_3D('',#12139,#7176,#7177);
#6242=AXIS2_PLACEMENT_3D('',#12141,#7178,#7179);
#6243=AXIS2_PLACEMENT_3D('',#12288,#7184,#7185);
#6244=AXIS2_PLACEMENT_3D('',#12294,#7189,#7190);
#6245=AXIS2_PLACEMENT_3D('',#12300,#7194,#7195);
#6246=AXIS2_PLACEMENT_3D('',#12306,#7199,#7200);
#6247=AXIS2_PLACEMENT_3D('',#12308,#7201,#7202);
#6248=AXIS2_PLACEMENT_3D('',#12310,#7203,#7204);
#6249=AXIS2_PLACEMENT_3D('',#12311,#7205,#7206);
#6250=AXIS2_PLACEMENT_3D('',#12313,#7207,#7208);
#6251=AXIS2_PLACEMENT_3D('',#12314,#7209,#7210);
#6252=AXIS2_PLACEMENT_3D('',#12330,#7213,#7214);
#6253=AXIS2_PLACEMENT_3D('',#12331,#7215,#7216);
#6254=AXIS2_PLACEMENT_3D('',#12332,#7217,#7218);
#6255=AXIS2_PLACEMENT_3D('',#12409,#7224,#7225);
#6256=AXIS2_PLACEMENT_3D('',#12418,#7227,#7228);
#6257=AXIS2_PLACEMENT_3D('',#12422,#7230,#7231);
#6258=AXIS2_PLACEMENT_3D('',#12426,#7234,#7235);
#6259=AXIS2_PLACEMENT_3D('',#12483,#7237,#7238);
#6260=AXIS2_PLACEMENT_3D('',#12487,#7240,#7241);
#6261=AXIS2_PLACEMENT_3D('',#12488,#7242,#7243);
#6262=AXIS2_PLACEMENT_3D('',#12489,#7244,#7245);
#6263=AXIS2_PLACEMENT_3D('',#12500,#7246,#7247);
#6264=AXIS2_PLACEMENT_3D('',#12522,#7248,#7249);
#6265=AXIS2_PLACEMENT_3D('',#12526,#7251,#7252);
#6266=AXIS2_PLACEMENT_3D('',#12554,#7255,#7256);
#6267=AXIS2_PLACEMENT_3D('',#12594,#7262,#7263);
#6268=AXIS2_PLACEMENT_3D('',#12597,#7264,#7265);
#6269=AXIS2_PLACEMENT_3D('',#12601,#7267,#7268);
#6270=AXIS2_PLACEMENT_3D('',#12647,#7270,#7271);
#6271=AXIS2_PLACEMENT_3D('',#12713,#7274,#7275);
#6272=AXIS2_PLACEMENT_3D('',#12716,#7277,#7278);
#6273=AXIS2_PLACEMENT_3D('',#12717,#7279,#7280);
#6274=AXIS2_PLACEMENT_3D('',#12728,#7281,#7282);
#6275=AXIS2_PLACEMENT_3D('',#12735,#7283,#7284);
#6276=AXIS2_PLACEMENT_3D('',#12737,#7285,#7286);
#6277=AXIS2_PLACEMENT_3D('',#12765,#7289,#7290);
#6278=AXIS2_PLACEMENT_3D('',#12772,#7295,#7296);
#6279=AXIS2_PLACEMENT_3D('',#12784,#7298,#7299);
#6280=AXIS2_PLACEMENT_3D('',#12785,#7300,#7301);
#6281=AXIS2_PLACEMENT_3D('',#12786,#7302,#7303);
#6282=AXIS2_PLACEMENT_3D('',#12787,#7304,#7305);
#6283=AXIS2_PLACEMENT_3D('',#12788,#7306,#7307);
#6284=AXIS2_PLACEMENT_3D('',#12794,#7311,#7312);
#6285=AXIS2_PLACEMENT_3D('',#12800,#7316,#7317);
#6286=AXIS2_PLACEMENT_3D('',#12802,#7318,#7319);
#6287=AXIS2_PLACEMENT_3D('',#12804,#7320,#7321);
#6288=AXIS2_PLACEMENT_3D('',#12806,#7322,#7323);
#6289=AXIS2_PLACEMENT_3D('',#12807,#7324,#7325);
#6290=AXIS2_PLACEMENT_3D('',#12808,#7326,#7327);
#6291=AXIS2_PLACEMENT_3D('',#12810,#7329,#7330);
#6292=AXIS2_PLACEMENT_3D('',#12813,#7331,#7332);
#6293=AXIS2_PLACEMENT_3D('',#12814,#7333,#7334);
#6294=AXIS2_PLACEMENT_3D('',#12816,#7335,#7336);
#6295=AXIS2_PLACEMENT_3D('',#12817,#7337,#7338);
#6296=AXIS2_PLACEMENT_3D('',#12818,#7339,#7340);
#6297=AXIS2_PLACEMENT_3D('',#12820,#7342,#7343);
#6298=AXIS2_PLACEMENT_3D('',#12822,#7344,#7345);
#6299=AXIS2_PLACEMENT_3D('',#12824,#7346,#7347);
#6300=AXIS2_PLACEMENT_3D('',#12825,#7348,#7349);
#6301=AXIS2_PLACEMENT_3D('',#12826,#7350,#7351);
#6302=AXIS2_PLACEMENT_3D('',#12827,#7352,#7353);
#6303=AXIS2_PLACEMENT_3D('',#12829,#7354,#7355);
#6304=AXIS2_PLACEMENT_3D('',#12830,#7356,#7357);
#6305=AXIS2_PLACEMENT_3D('',#12831,#7358,#7359);
#6306=AXIS2_PLACEMENT_3D('',#12833,#7361,#7362);
#6307=AXIS2_PLACEMENT_3D('',#12835,#7363,#7364);
#6308=AXIS2_PLACEMENT_3D('',#12837,#7365,#7366);
#6309=AXIS2_PLACEMENT_3D('',#12838,#7367,#7368);
#6310=AXIS2_PLACEMENT_3D('',#12839,#7369,#7370);
#6311=AXIS2_PLACEMENT_3D('',#12840,#7371,#7372);
#6312=AXIS2_PLACEMENT_3D('',#12841,#7373,#7374);
#6313=AXIS2_PLACEMENT_3D('',#12842,#7375,#7376);
#6314=AXIS2_PLACEMENT_3D('',#12843,#7377,#7378);
#6315=AXIS2_PLACEMENT_3D('',#12845,#7379,#7380);
#6316=AXIS2_PLACEMENT_3D('',#12846,#7381,#7382);
#6317=AXIS2_PLACEMENT_3D('',#12847,#7383,#7384);
#6318=AXIS2_PLACEMENT_3D('',#12848,#7385,#7386);
#6319=AXIS2_PLACEMENT_3D('',#12850,#7388,#7389);
#6320=AXIS2_PLACEMENT_3D('',#12851,#7390,#7391);
#6321=AXIS2_PLACEMENT_3D('',#12852,#7392,#7393);
#6322=AXIS2_PLACEMENT_3D('',#12853,#7394,#7395);
#6323=AXIS2_PLACEMENT_3D('',#12854,#7396,#7397);
#6324=AXIS2_PLACEMENT_3D('',#12855,#7398,#7399);
#6325=AXIS2_PLACEMENT_3D('',#12857,#7401,#7402);
#6326=AXIS2_PLACEMENT_3D('',#12860,#7405,#7406);
#6327=AXIS2_PLACEMENT_3D('',#12862,#7407,#7408);
#6328=AXIS2_PLACEMENT_3D('',#12864,#7410,#7411);
#6329=AXIS2_PLACEMENT_3D('',#12865,#7412,#7413);
#6330=AXIS2_PLACEMENT_3D('',#12868,#7415,#7416);
#6331=AXIS2_PLACEMENT_3D('',#12869,#7417,#7418);
#6332=AXIS2_PLACEMENT_3D('',#12870,#7419,#7420);
#6333=AXIS2_PLACEMENT_3D('',#12872,#7422,#7423);
#6334=AXIS2_PLACEMENT_3D('',#12874,#7425,#7426);
#6335=AXIS2_PLACEMENT_3D('',#12877,#7429,#7430);
#6336=AXIS2_PLACEMENT_3D('',#12878,#7431,#7432);
#6337=AXIS2_PLACEMENT_3D('',#12885,#7435,#7436);
#6338=AXIS2_PLACEMENT_3D('',#12907,#7439,#7440);
#6339=AXIS2_PLACEMENT_3D('',#12915,#7444,#7445);
#6340=AXIS2_PLACEMENT_3D('',#12937,#7448,#7449);
#6341=AXIS2_PLACEMENT_3D('',#13055,#7509,#7510);
#6342=AXIS2_PLACEMENT_3D('',#13056,#7511,#7512);
#6343=AXIS2_PLACEMENT_3D('',#13058,#7514,#7515);
#6344=AXIS2_PLACEMENT_3D('',#13060,#7517,#7518);
#6345=AXIS2_PLACEMENT_3D('',#13062,#7520,#7521);
#6346=AXIS2_PLACEMENT_3D('',#13064,#7523,#7524);
#6347=AXIS2_PLACEMENT_3D('',#13066,#7526,#7527);
#6348=AXIS2_PLACEMENT_3D('',#13068,#7529,#7530);
#6349=AXIS2_PLACEMENT_3D('',#13069,#7531,#7532);
#6350=AXIS2_PLACEMENT_3D('',#13071,#7534,#7535);
#6351=AXIS2_PLACEMENT_3D('',#13073,#7537,#7538);
#6352=AXIS2_PLACEMENT_3D('',#13075,#7540,#7541);
#6353=AXIS2_PLACEMENT_3D('',#13081,#7545,#7546);
#6354=AXIS2_PLACEMENT_3D('',#13085,#7549,#7550);
#6355=AXIS2_PLACEMENT_3D('',#13089,#7553,#7554);
#6356=AXIS2_PLACEMENT_3D('',#13091,#7556,#7557);
#6357=AXIS2_PLACEMENT_3D('',#13097,#7561,#7562);
#6358=AXIS2_PLACEMENT_3D('',#13101,#7565,#7566);
#6359=AXIS2_PLACEMENT_3D('',#13105,#7569,#7570);
#6360=AXIS2_PLACEMENT_3D('',#13107,#7572,#7573);
#6361=AXIS2_PLACEMENT_3D('',#13113,#7577,#7578);
#6362=AXIS2_PLACEMENT_3D('',#13117,#7581,#7582);
#6363=AXIS2_PLACEMENT_3D('',#13121,#7585,#7586);
#6364=AXIS2_PLACEMENT_3D('',#13123,#7588,#7589);
#6365=AXIS2_PLACEMENT_3D('',#13129,#7593,#7594);
#6366=AXIS2_PLACEMENT_3D('',#13133,#7597,#7598);
#6367=AXIS2_PLACEMENT_3D('',#13135,#7600,#7601);
#6368=AXIS2_PLACEMENT_3D('',#13141,#7605,#7606);
#6369=AXIS2_PLACEMENT_3D('',#13145,#7609,#7610);
#6370=AXIS2_PLACEMENT_3D('',#13149,#7613,#7614);
#6371=AXIS2_PLACEMENT_3D('',#13151,#7616,#7617);
#6372=AXIS2_PLACEMENT_3D('',#13157,#7621,#7622);
#6373=AXIS2_PLACEMENT_3D('',#13161,#7625,#7626);
#6374=AXIS2_PLACEMENT_3D('',#13163,#7628,#7629);
#6375=AXIS2_PLACEMENT_3D('',#13169,#7633,#7634);
#6376=AXIS2_PLACEMENT_3D('',#13173,#7637,#7638);
#6377=AXIS2_PLACEMENT_3D('',#13177,#7641,#7642);
#6378=AXIS2_PLACEMENT_3D('',#13179,#7644,#7645);
#6379=AXIS2_PLACEMENT_3D('',#13185,#7649,#7650);
#6380=AXIS2_PLACEMENT_3D('',#13189,#7653,#7654);
#6381=AXIS2_PLACEMENT_3D('',#13193,#7657,#7658);
#6382=AXIS2_PLACEMENT_3D('',#13195,#7660,#7661);
#6383=AXIS2_PLACEMENT_3D('',#13201,#7665,#7666);
#6384=AXIS2_PLACEMENT_3D('',#13205,#7669,#7670);
#6385=AXIS2_PLACEMENT_3D('',#13209,#7673,#7674);
#6386=AXIS2_PLACEMENT_3D('',#13211,#7676,#7677);
#6387=AXIS2_PLACEMENT_3D('',#13217,#7681,#7682);
#6388=AXIS2_PLACEMENT_3D('',#13221,#7685,#7686);
#6389=AXIS2_PLACEMENT_3D('',#13225,#7689,#7690);
#6390=AXIS2_PLACEMENT_3D('',#13227,#7692,#7693);
#6391=AXIS2_PLACEMENT_3D('',#13233,#7697,#7698);
#6392=AXIS2_PLACEMENT_3D('',#13237,#7701,#7702);
#6393=AXIS2_PLACEMENT_3D('',#13239,#7704,#7705);
#6394=AXIS2_PLACEMENT_3D('',#13245,#7709,#7710);
#6395=AXIS2_PLACEMENT_3D('',#13249,#7713,#7714);
#6396=AXIS2_PLACEMENT_3D('',#13251,#7716,#7717);
#6397=AXIS2_PLACEMENT_3D('',#13257,#7721,#7722);
#6398=AXIS2_PLACEMENT_3D('',#13261,#7725,#7726);
#6399=AXIS2_PLACEMENT_3D('',#13265,#7729,#7730);
#6400=AXIS2_PLACEMENT_3D('',#13269,#7733,#7734);
#6401=AXIS2_PLACEMENT_3D('',#13271,#7736,#7737);
#6402=AXIS2_PLACEMENT_3D('',#13277,#7741,#7742);
#6403=AXIS2_PLACEMENT_3D('',#13281,#7745,#7746);
#6404=AXIS2_PLACEMENT_3D('',#13283,#7748,#7749);
#6405=AXIS2_PLACEMENT_3D('',#13289,#7753,#7754);
#6406=AXIS2_PLACEMENT_3D('',#13293,#7757,#7758);
#6407=AXIS2_PLACEMENT_3D('',#13295,#7760,#7761);
#6408=AXIS2_PLACEMENT_3D('',#13301,#7765,#7766);
#6409=AXIS2_PLACEMENT_3D('',#13305,#7769,#7770);
#6410=AXIS2_PLACEMENT_3D('',#13343,#7772,#7773);
#6411=AXIS2_PLACEMENT_3D('',#13344,#7774,#7775);
#6412=AXIS2_PLACEMENT_3D('',#13345,#7776,#7777);
#6413=AXIS2_PLACEMENT_3D('',#13347,#7778,#7779);
#6414=AXIS2_PLACEMENT_3D('',#13350,#7781,#7782);
#6415=AXIS2_PLACEMENT_3D('',#13381,#7783,#7784);
#6416=AXIS2_PLACEMENT_3D('',#13382,#7785,#7786);
#6417=AXIS2_PLACEMENT_3D('',#13383,#7787,#7788);
#6418=AXIS2_PLACEMENT_3D('',#13415,#7790,#7791);
#6419=AXIS2_PLACEMENT_3D('',#13416,#7792,#7793);
#6420=AXIS2_PLACEMENT_3D('',#13489,#7794,#7795);
#6421=AXIS2_PLACEMENT_3D('',#13490,#7796,#7797);
#6422=AXIS2_PLACEMENT_3D('',#13491,#7798,#7799);
#6423=AXIS2_PLACEMENT_3D('',#13492,#7800,#7801);
#6424=AXIS2_PLACEMENT_3D('',#13494,#7803,#7804);
#6425=AXIS2_PLACEMENT_3D('',#13496,#7805,#7806);
#6426=AXIS2_PLACEMENT_3D('',#13497,#7807,#7808);
#6427=AXIS2_PLACEMENT_3D('',#13498,#7809,#7810);
#6428=AXIS2_PLACEMENT_3D('',#13541,#7812,#7813);
#6429=AXIS2_PLACEMENT_3D('',#13620,#7814,#7815);
#6430=AXIS2_PLACEMENT_3D('',#13668,#7816,#7817);
#6431=AXIS2_PLACEMENT_3D('',#13670,#7819,#7820);
#6432=AXIS2_PLACEMENT_3D('',#13671,#7821,#7822);
#6433=AXIS2_PLACEMENT_3D('',#13708,#7823,#7824);
#6434=AXIS2_PLACEMENT_3D('',#13709,#7825,#7826);
#6435=AXIS2_PLACEMENT_3D('',#13740,#7827,#7828);
#6436=AXIS2_PLACEMENT_3D('',#13741,#7829,#7830);
#6437=AXIS2_PLACEMENT_3D('',#13767,#7831,#7832);
#6438=AXIS2_PLACEMENT_3D('',#13773,#7833,#7834);
#6439=AXIS2_PLACEMENT_3D('',#13805,#7835,#7836);
#6440=AXIS2_PLACEMENT_3D('',#13889,#7837,#7838);
#6441=AXIS2_PLACEMENT_3D('',#13890,#7839,#7840);
#6442=AXIS2_PLACEMENT_3D('',#13891,#7841,#7842);
#6443=AXIS2_PLACEMENT_3D('',#13893,#7843,#7844);
#6444=AXIS2_PLACEMENT_3D('',#13894,#7845,#7846);
#6445=AXIS2_PLACEMENT_3D('',#13895,#7847,#7848);
#6446=AXIS2_PLACEMENT_3D('',#13932,#7850,#7851);
#6447=AXIS2_PLACEMENT_3D('',#13966,#7853,#7854);
#6448=AXIS2_PLACEMENT_3D('',#14014,#7855,#7856);
#6449=AXIS2_PLACEMENT_3D('',#14016,#7857,#7858);
#6450=AXIS2_PLACEMENT_3D('',#14017,#7859,#7860);
#6451=AXIS2_PLACEMENT_3D('',#14082,#7861,#7862);
#6452=AXIS2_PLACEMENT_3D('',#14083,#7863,#7864);
#6453=AXIS2_PLACEMENT_3D('',#14084,#7865,#7866);
#6454=AXIS2_PLACEMENT_3D('',#14085,#7867,#7868);
#6455=AXIS2_PLACEMENT_3D('',#14087,#7870,#7871);
#6456=AXIS2_PLACEMENT_3D('',#14124,#7872,#7873);
#6457=AXIS2_PLACEMENT_3D('',#14126,#7875,#7876);
#6458=AXIS2_PLACEMENT_3D('',#14128,#7878,#7879);
#6459=AXIS2_PLACEMENT_3D('',#14129,#7880,#7881);
#6460=AXIS2_PLACEMENT_3D('',#14130,#7882,#7883);
#6461=AXIS2_PLACEMENT_3D('',#14131,#7884,#7885);
#6462=AXIS2_PLACEMENT_3D('',#14133,#7887,#7888);
#6463=AXIS2_PLACEMENT_3D('',#14134,#7889,#7890);
#6464=AXIS2_PLACEMENT_3D('',#14136,#7892,#7893);
#6465=AXIS2_PLACEMENT_3D('',#14137,#7894,#7895);
#6466=AXIS2_PLACEMENT_3D('',#14138,#7896,#7897);
#6467=AXIS2_PLACEMENT_3D('',#14168,#7899,#7900);
#6468=AXIS2_PLACEMENT_3D('',#14169,#7901,#7902);
#6469=AXIS2_PLACEMENT_3D('',#14171,#7904,#7905);
#6470=DIRECTION('axis',(0.,0.,1.));
#6471=DIRECTION('refdir',(1.,0.,0.));
#6472=DIRECTION('center_axis',(1.,0.,0.));
#6473=DIRECTION('ref_axis',(0.,1.,0.));
#6474=DIRECTION('center_axis',(0.,0.,-1.));
#6475=DIRECTION('ref_axis',(-0.707106781186548,0.707106781186548,0.));
#6476=DIRECTION('center_axis',(1.,0.,0.));
#6477=DIRECTION('ref_axis',(0.,1.,0.));
#6478=DIRECTION('center_axis',(-8.88178419700124E-15,-1.,0.));
#6479=DIRECTION('ref_axis',(0.,0.,1.));
#6480=DIRECTION('center_axis',(0.,0.,-1.));
#6481=DIRECTION('ref_axis',(-0.707106781186548,0.707106781186548,0.));
#6482=DIRECTION('center_axis',(-8.88178419700124E-15,-1.,0.));
#6483=DIRECTION('ref_axis',(0.,0.,1.));
#6484=DIRECTION('center_axis',(1.,0.,0.));
#6485=DIRECTION('ref_axis',(0.,1.,0.));
#6486=DIRECTION('center_axis',(0.,0.,-1.));
#6487=DIRECTION('ref_axis',(-0.707106781186543,0.707106781186552,0.));
#6488=DIRECTION('center_axis',(1.,0.,0.));
#6489=DIRECTION('ref_axis',(0.,1.,0.));
#6490=DIRECTION('center_axis',(-4.4408920985006E-15,-1.,0.));
#6491=DIRECTION('ref_axis',(0.,0.,1.));
#6492=DIRECTION('center_axis',(0.,0.,-1.));
#6493=DIRECTION('ref_axis',(-0.707106781186543,0.707106781186552,0.));
#6494=DIRECTION('center_axis',(-4.4408920985006E-15,-1.,0.));
#6495=DIRECTION('ref_axis',(0.,0.,1.));
#6496=DIRECTION('center_axis',(0.,1.,1.77635683940027E-14));
#6497=DIRECTION('ref_axis',(-1.,0.,0.));
#6498=DIRECTION('center_axis',(0.,0.,-1.));
#6499=DIRECTION('ref_axis',(-0.707106781186548,-0.707106781186548,0.));
#6500=DIRECTION('center_axis',(0.,1.,1.77635683940027E-14));
#6501=DIRECTION('ref_axis',(-1.,0.,0.));
#6502=DIRECTION('center_axis',(1.,0.,0.));
#6503=DIRECTION('ref_axis',(0.,0.,1.));
#6504=DIRECTION('center_axis',(0.,0.,-1.));
#6505=DIRECTION('ref_axis',(-0.707106781186548,-0.707106781186548,0.));
#6506=DIRECTION('center_axis',(1.,0.,0.));
#6507=DIRECTION('ref_axis',(0.,0.,1.));
#6508=DIRECTION('center_axis',(1.,0.,0.));
#6509=DIRECTION('ref_axis',(0.,0.,1.));
#6510=DIRECTION('center_axis',(4.4408920985006E-15,1.,0.));
#6511=DIRECTION('ref_axis',(-1.,4.4408920985006E-15,0.));
#6512=DIRECTION('center_axis',(0.,0.,-1.));
#6513=DIRECTION('ref_axis',(-0.707106781186551,-0.707106781186544,0.));
#6514=DIRECTION('center_axis',(4.4408920985006E-15,1.,0.));
#6515=DIRECTION('ref_axis',(-1.,4.4408920985006E-15,0.));
#6516=DIRECTION('center_axis',(-4.71844785465693E-15,-1.,0.));
#6517=DIRECTION('ref_axis',(0.707106781186547,-3.20451228279107E-15,-0.707106781186547));
#6518=DIRECTION('center_axis',(0.,0.,1.));
#6519=DIRECTION('ref_axis',(-1.,0.,0.));
#6520=DIRECTION('center_axis',(-1.,4.53152254949044E-15,0.));
#6521=DIRECTION('ref_axis',(-4.53152254949044E-15,-1.,0.));
#6522=DIRECTION('center_axis',(-4.71844785465693E-15,-1.,0.));
#6523=DIRECTION('ref_axis',(0.707106781186547,-3.20451228279107E-15,-0.707106781186547));
#6524=DIRECTION('center_axis',(-1.,4.53152254949044E-15,0.));
#6525=DIRECTION('ref_axis',(-4.53152254949044E-15,-1.,0.));
#6526=DIRECTION('center_axis',(-1.,9.06304509898088E-15,0.));
#6527=DIRECTION('ref_axis',(0.,0.,1.));
#6528=DIRECTION('center_axis',(4.75110147302826E-15,1.,0.));
#6529=DIRECTION('ref_axis',(0.707106781186548,-3.20451228279107E-15,-0.707106781186548));
#6530=DIRECTION('center_axis',(-1.,9.06304509898088E-15,0.));
#6531=DIRECTION('ref_axis',(0.,0.,1.));
#6532=DIRECTION('center_axis',(0.,0.,1.));
#6533=DIRECTION('ref_axis',(4.53152254949042E-15,1.,0.));
#6534=DIRECTION('center_axis',(4.75110147302826E-15,1.,0.));
#6535=DIRECTION('ref_axis',(0.707106781186548,-3.20451228279107E-15,-0.707106781186548));
#6536=DIRECTION('center_axis',(0.,0.,1.));
#6537=DIRECTION('ref_axis',(4.53152254949042E-15,1.,0.));
#6538=DIRECTION('center_axis',(4.75110147302826E-15,1.,0.));
#6539=DIRECTION('ref_axis',(-0.707106781186547,3.20451228279107E-15,-0.707106781186547));
#6540=DIRECTION('center_axis',(0.,0.,1.));
#6541=DIRECTION('ref_axis',(1.,0.,0.));
#6542=DIRECTION('center_axis',(1.,-9.06304509898088E-15,0.));
#6543=DIRECTION('ref_axis',(9.06304509898088E-15,1.,0.));
#6544=DIRECTION('center_axis',(4.75110147302826E-15,1.,0.));
#6545=DIRECTION('ref_axis',(-0.707106781186547,3.20451228279107E-15,-0.707106781186547));
#6546=DIRECTION('center_axis',(1.,-9.06304509898088E-15,0.));
#6547=DIRECTION('ref_axis',(9.06304509898088E-15,1.,0.));
#6548=DIRECTION('center_axis',(1.,-4.53152254949044E-15,0.));
#6549=DIRECTION('ref_axis',(0.,0.,1.));
#6550=DIRECTION('center_axis',(-4.71844785465693E-15,-1.,0.));
#6551=DIRECTION('ref_axis',(-0.707106781186547,3.20451228279107E-15,-0.707106781186547));
#6552=DIRECTION('center_axis',(1.,-4.53152254949044E-15,0.));
#6553=DIRECTION('ref_axis',(0.,0.,1.));
#6554=DIRECTION('center_axis',(0.,0.,1.));
#6555=DIRECTION('ref_axis',(-4.53152254949046E-15,-1.,0.));
#6556=DIRECTION('center_axis',(-4.71844785465693E-15,-1.,0.));
#6557=DIRECTION('ref_axis',(-0.707106781186547,3.20451228279107E-15,-0.707106781186547));
#6558=DIRECTION('center_axis',(0.,0.,1.));
#6559=DIRECTION('ref_axis',(-4.53152254949046E-15,-1.,0.));
#6560=DIRECTION('center_axis',(4.75110147302826E-15,1.,0.));
#6561=DIRECTION('ref_axis',(0.707106781186547,-3.20451228279107E-15,0.707106781186547));
#6562=DIRECTION('center_axis',(0.,0.,-1.));
#6563=DIRECTION('ref_axis',(-1.,0.,0.));
#6564=DIRECTION('center_axis',(-1.,4.53152254949044E-15,0.));
#6565=DIRECTION('ref_axis',(4.53152254949044E-15,1.,0.));
#6566=DIRECTION('center_axis',(4.75110147302826E-15,1.,0.));
#6567=DIRECTION('ref_axis',(0.707106781186547,-3.20451228279107E-15,0.707106781186547));
#6568=DIRECTION('center_axis',(-1.,4.53152254949044E-15,0.));
#6569=DIRECTION('ref_axis',(4.53152254949044E-15,1.,0.));
#6570=DIRECTION('center_axis',(-1.,9.06304509898092E-15,0.));
#6571=DIRECTION('ref_axis',(0.,0.,-1.));
#6572=DIRECTION('center_axis',(-4.71844785465693E-15,-1.,0.));
#6573=DIRECTION('ref_axis',(0.707106781186547,-3.20451228279107E-15,0.707106781186547));
#6574=DIRECTION('center_axis',(-1.,9.06304509898092E-15,0.));
#6575=DIRECTION('ref_axis',(0.,0.,-1.));
#6576=DIRECTION('center_axis',(0.,0.,-1.));
#6577=DIRECTION('ref_axis',(-4.53152254949044E-15,-1.,0.));
#6578=DIRECTION('center_axis',(-4.71844785465693E-15,-1.,0.));
#6579=DIRECTION('ref_axis',(0.707106781186547,-3.20451228279107E-15,0.707106781186547));
#6580=DIRECTION('center_axis',(0.,0.,-1.));
#6581=DIRECTION('ref_axis',(-4.53152254949044E-15,-1.,0.));
#6582=DIRECTION('center_axis',(4.75110147302826E-15,1.,0.));
#6583=DIRECTION('ref_axis',(-0.707106781186547,3.20451228279107E-15,0.707106781186547));
#6584=DIRECTION('center_axis',(1.,-4.53152254949044E-15,0.));
#6585=DIRECTION('ref_axis',(0.,0.,-1.));
#6586=DIRECTION('center_axis',(0.,0.,-1.));
#6587=DIRECTION('ref_axis',(4.53152254949044E-15,1.,0.));
#6588=DIRECTION('center_axis',(4.75110147302826E-15,1.,0.));
#6589=DIRECTION('ref_axis',(-0.707106781186547,3.20451228279107E-15,0.707106781186547));
#6590=DIRECTION('center_axis',(0.,0.,-1.));
#6591=DIRECTION('ref_axis',(4.53152254949044E-15,1.,0.));
#6592=DIRECTION('center_axis',(0.,0.,-1.));
#6593=DIRECTION('ref_axis',(1.,0.,0.));
#6594=DIRECTION('center_axis',(-4.71844785465693E-15,-1.,0.));
#6595=DIRECTION('ref_axis',(-0.707106781186547,3.20451228279107E-15,0.707106781186547));
#6596=DIRECTION('center_axis',(0.,0.,-1.));
#6597=DIRECTION('ref_axis',(1.,0.,0.));
#6598=DIRECTION('center_axis',(1.,-9.06304509898092E-15,0.));
#6599=DIRECTION('ref_axis',(-9.06304509898092E-15,-1.,0.));
#6600=DIRECTION('center_axis',(-4.71844785465693E-15,-1.,0.));
#6601=DIRECTION('ref_axis',(-0.707106781186547,3.20451228279107E-15,0.707106781186547));
#6602=DIRECTION('center_axis',(1.,-9.06304509898092E-15,0.));
#6603=DIRECTION('ref_axis',(-9.06304509898092E-15,-1.,0.));
#6604=DIRECTION('center_axis',(1.,-4.53152254949044E-15,0.));
#6605=DIRECTION('ref_axis',(0.,0.,-1.));
#6606=DIRECTION('center_axis',(0.,0.,-1.));
#6607=DIRECTION('ref_axis',(-1.,0.,0.));
#6608=DIRECTION('center_axis',(-1.,4.75110147302826E-15,0.));
#6609=DIRECTION('ref_axis',(0.,0.707106781186551,-0.707106781186544));
#6610=DIRECTION('',(1.,-4.75110147302826E-15,0.));
#6611=DIRECTION('',(-1.,4.75110147302826E-15,0.));
#6612=DIRECTION('center_axis',(0.,0.,1.));
#6613=DIRECTION('ref_axis',(1.,0.,0.));
#6614=DIRECTION('center_axis',(0.,0.,-1.));
#6615=DIRECTION('ref_axis',(0.707106781186551,0.707106781186544,0.));
#6616=DIRECTION('',(0.,0.,1.));
#6617=DIRECTION('',(0.,0.,-1.));
#6618=DIRECTION('center_axis',(0.,0.,1.));
#6619=DIRECTION('ref_axis',(0.707106781186544,-0.707106781186551,0.));
#6620=DIRECTION('',(0.,0.,-1.));
#6621=DIRECTION('',(0.,0.,1.));
#6622=DIRECTION('center_axis',(0.,0.,1.));
#6623=DIRECTION('ref_axis',(-1.,0.,0.));
#6624=DIRECTION('center_axis',(0.,0.,1.));
#6625=DIRECTION('ref_axis',(-0.707106781186544,0.707106781186551,0.));
#6626=DIRECTION('',(0.,0.,-1.));
#6627=DIRECTION('',(0.,0.,1.));
#6628=DIRECTION('center_axis',(1.,-4.75110147302826E-15,0.));
#6629=DIRECTION('ref_axis',(3.20427032384444E-15,0.707106781186547,0.707106781186547));
#6630=DIRECTION('',(-1.,4.75110147302826E-15,0.));
#6631=DIRECTION('',(1.,-4.75110147302826E-15,0.));
#6632=DIRECTION('center_axis',(-1.,4.71844785465693E-15,0.));
#6633=DIRECTION('ref_axis',(-6.40854064768889E-15,-0.707106781186547,0.707106781186547));
#6634=DIRECTION('',(1.,-4.71844785465693E-15,0.));
#6635=DIRECTION('',(-1.,4.71844785465693E-15,0.));
#6636=DIRECTION('center_axis',(0.,0.,-1.));
#6637=DIRECTION('ref_axis',(-0.707106781186551,-0.707106781186544,0.));
#6638=DIRECTION('',(0.,0.,1.));
#6639=DIRECTION('',(0.,0.,-1.));
#6640=DIRECTION('center_axis',(1.,-4.71844785465693E-15,0.));
#6641=DIRECTION('ref_axis',(-3.20427032384446E-15,-0.707106781186551,-0.707106781186544));
#6642=DIRECTION('',(-1.,4.71844785465693E-15,0.));
#6643=DIRECTION('',(1.,-4.71844785465693E-15,0.));
#6644=DIRECTION('center_axis',(0.,0.,1.));
#6645=DIRECTION('ref_axis',(-1.,0.,0.));
#6646=DIRECTION('center_axis',(-1.,0.,0.));
#6647=DIRECTION('ref_axis',(0.,0.,-1.));
#6648=DIRECTION('center_axis',(1.,0.,0.));
#6649=DIRECTION('ref_axis',(0.,0.,1.));
#6650=DIRECTION('center_axis',(0.,0.,-1.));
#6651=DIRECTION('ref_axis',(1.,0.,0.));
#6652=DIRECTION('center_axis',(4.75110147302826E-15,1.,0.));
#6653=DIRECTION('ref_axis',(-1.,4.75110147302826E-15,1.38777878078143E-17));
#6654=DIRECTION('',(0.,0.,-1.));
#6655=DIRECTION('',(-1.,4.75110147302826E-15,0.));
#6656=DIRECTION('',(0.,0.,1.));
#6657=DIRECTION('',(1.,-4.75110147302826E-15,-1.38777878078143E-17));
#6658=DIRECTION('center_axis',(-4.71844785465693E-15,-1.,0.));
#6659=DIRECTION('ref_axis',(1.,-4.71844785465693E-15,-1.38777878078143E-17));
#6660=DIRECTION('center_axis',(-4.71844785465693E-15,-1.,0.));
#6661=DIRECTION('ref_axis',(0.707106781186548,-6.28036983473512E-15,0.707106781186548));
#6662=DIRECTION('',(1.,-4.71844785465693E-15,-1.38777878078143E-17));
#6663=DIRECTION('center_axis',(-4.71844785465693E-15,-1.,0.));
#6664=DIRECTION('ref_axis',(-0.707106781186548,0.,0.707106781186548));
#6665=DIRECTION('',(0.,0.,1.));
#6666=DIRECTION('center_axis',(-4.71844785465693E-15,-1.,0.));
#6667=DIRECTION('ref_axis',(-0.707106781186548,0.,-0.707106781186548));
#6668=DIRECTION('',(-1.,4.71844785465693E-15,1.38777878078143E-17));
#6669=DIRECTION('center_axis',(-4.71844785465693E-15,-1.,0.));
#6670=DIRECTION('ref_axis',(0.707106781186548,-3.14018491736756E-15,-0.707106781186548));
#6671=DIRECTION('',(0.,0.,1.));
#6672=DIRECTION('center_axis',(-1.,0.,0.));
#6673=DIRECTION('ref_axis',(0.,0.707106781186555,-0.70710678118654));
#6674=DIRECTION('center_axis',(1.,0.,0.));
#6675=DIRECTION('ref_axis',(0.,0.,-1.));
#6676=DIRECTION('',(1.,0.,0.));
#6677=DIRECTION('center_axis',(-1.,0.,0.));
#6678=DIRECTION('ref_axis',(0.,1.,3.5527136788005E-14));
#6679=DIRECTION('',(1.,0.,0.));
#6680=DIRECTION('center_axis',(0.,0.,1.));
#6681=DIRECTION('ref_axis',(1.,0.,0.));
#6682=DIRECTION('center_axis',(0.,0.,-1.));
#6683=DIRECTION('ref_axis',(0.,-1.,0.));
#6684=DIRECTION('center_axis',(0.,0.,1.));
#6685=DIRECTION('ref_axis',(-0.707106781186548,-0.707106781186548,0.));
#6686=DIRECTION('center_axis',(0.,1.,0.));
#6687=DIRECTION('ref_axis',(0.,0.,1.));
#6688=DIRECTION('center_axis',(0.,1.,0.));
#6689=DIRECTION('ref_axis',(-0.70710678118655,0.,0.707106781186545));
#6690=DIRECTION('center_axis',(-1.,0.,0.));
#6691=DIRECTION('ref_axis',(0.,0.,-1.));
#6692=DIRECTION('center_axis',(0.,-1.,0.));
#6693=DIRECTION('ref_axis',(-0.70710678118655,0.,0.707106781186545));
#6694=DIRECTION('center_axis',(0.,0.,1.));
#6695=DIRECTION('ref_axis',(1.,0.,0.));
#6696=DIRECTION('',(4.16333634234435E-15,1.,-6.42990951733687E-17));
#6697=DIRECTION('',(-4.16333634234435E-15,-1.,6.42990951733687E-17));
#6698=DIRECTION('center_axis',(-1.,0.,0.));
#6699=DIRECTION('ref_axis',(0.,0.707106781186555,-0.70710678118654));
#6700=DIRECTION('center_axis',(1.,4.44089209850062E-15,0.));
#6701=DIRECTION('ref_axis',(0.,0.,-1.));
#6702=DIRECTION('',(1.,0.,0.));
#6703=DIRECTION('center_axis',(-1.,0.,-4.44089209850064E-15));
#6704=DIRECTION('ref_axis',(0.,1.,0.));
#6705=DIRECTION('',(1.,0.,0.));
#6706=DIRECTION('center_axis',(0.,0.,1.));
#6707=DIRECTION('ref_axis',(1.,0.,0.));
#6708=DIRECTION('center_axis',(0.,0.,1.));
#6709=DIRECTION('ref_axis',(0.707106781186545,-0.70710678118655,0.));
#6710=DIRECTION('center_axis',(0.,0.,-1.));
#6711=DIRECTION('ref_axis',(1.,-4.44089209850064E-15,0.));
#6712=DIRECTION('center_axis',(0.,-1.,0.));
#6713=DIRECTION('ref_axis',(1.,0.,0.));
#6714=DIRECTION('',(0.,0.,1.));
#6715=DIRECTION('',(1.,0.,0.));
#6716=DIRECTION('center_axis',(0.,-1.,0.));
#6717=DIRECTION('ref_axis',(0.707106781186545,0.,0.70710678118655));
#6718=DIRECTION('center_axis',(-1.,0.,0.));
#6719=DIRECTION('ref_axis',(0.,1.,3.55271367880051E-14));
#6720=DIRECTION('center_axis',(1.,0.,0.));
#6721=DIRECTION('ref_axis',(0.,0.,1.));
#6722=DIRECTION('center_axis',(0.,0.,-1.));
#6723=DIRECTION('ref_axis',(-0.707106781186551,-0.707106781186544,0.));
#6724=DIRECTION('center_axis',(0.,-1.,0.));
#6725=DIRECTION('ref_axis',(1.,0.,0.));
#6726=DIRECTION('',(0.,0.,-1.));
#6727=DIRECTION('center_axis',(0.,-1.,0.));
#6728=DIRECTION('ref_axis',(-0.70710678118655,0.,0.707106781186545));
#6729=DIRECTION('',(1.,0.,0.));
#6730=DIRECTION('center_axis',(0.,1.,0.));
#6731=DIRECTION('ref_axis',(0.,0.,1.));
#6732=DIRECTION('center_axis',(0.,1.,0.));
#6733=DIRECTION('ref_axis',(-0.70710678118655,0.,0.707106781186545));
#6734=DIRECTION('center_axis',(-1.,0.,0.));
#6735=DIRECTION('ref_axis',(0.,0.,-1.));
#6736=DIRECTION('center_axis',(-1.,0.,0.));
#6737=DIRECTION('ref_axis',(0.,0.,-1.));
#6738=DIRECTION('center_axis',(1.,-5.22457893941254E-16,0.));
#6739=DIRECTION('ref_axis',(0.,-0.707106781186555,-0.70710678118654));
#6740=DIRECTION('center_axis',(-1.,0.,0.));
#6741=DIRECTION('ref_axis',(0.,4.44089209850064E-15,-1.));
#6742=DIRECTION('',(-1.,5.22457893941254E-16,0.));
#6743=DIRECTION('center_axis',(1.,0.,0.));
#6744=DIRECTION('ref_axis',(0.,-1.,2.66453525910037E-14));
#6745=DIRECTION('',(-1.,5.22457893941254E-16,0.));
#6746=DIRECTION('center_axis',(0.,0.,1.));
#6747=DIRECTION('ref_axis',(1.,0.,0.));
#6748=DIRECTION('center_axis',(0.,0.,-1.));
#6749=DIRECTION('ref_axis',(0.,1.,0.));
#6750=DIRECTION('center_axis',(0.,0.,1.));
#6751=DIRECTION('ref_axis',(0.70710678118655,0.707106781186545,0.));
#6752=DIRECTION('center_axis',(0.,0.,1.));
#6753=DIRECTION('ref_axis',(1.,0.,0.));
#6754=DIRECTION('',(-4.16333634234435E-15,-1.,6.42990951733687E-17));
#6755=DIRECTION('',(4.16333634234435E-15,1.,-6.42990951733687E-17));
#6756=DIRECTION('center_axis',(-1.,0.,0.));
#6757=DIRECTION('ref_axis',(0.,0.707106781186554,-0.707106781186541));
#6758=DIRECTION('center_axis',(1.,-4.44089209850064E-15,0.));
#6759=DIRECTION('ref_axis',(0.,0.,-1.));
#6760=DIRECTION('',(1.,0.,0.));
#6761=DIRECTION('center_axis',(-1.,0.,4.44089209850068E-15));
#6762=DIRECTION('ref_axis',(0.,1.,0.));
#6763=DIRECTION('',(1.,0.,0.));
#6764=DIRECTION('center_axis',(0.,0.,1.));
#6765=DIRECTION('ref_axis',(1.,0.,0.));
#6766=DIRECTION('center_axis',(0.,0.,1.));
#6767=DIRECTION('ref_axis',(0.707106781186548,-0.707106781186548,0.));
#6768=DIRECTION('center_axis',(0.,0.,-1.));
#6769=DIRECTION('ref_axis',(1.,0.,0.));
#6770=DIRECTION('center_axis',(0.,-1.,0.));
#6771=DIRECTION('ref_axis',(1.,0.,0.));
#6772=DIRECTION('',(0.,0.,1.));
#6773=DIRECTION('',(1.,0.,0.));
#6774=DIRECTION('center_axis',(0.,-1.,0.));
#6775=DIRECTION('ref_axis',(0.707106781186545,0.,0.70710678118655));
#6776=DIRECTION('center_axis',(-1.,0.,0.));
#6777=DIRECTION('ref_axis',(0.,1.,3.55271367880051E-14));
#6778=DIRECTION('center_axis',(0.,-1.,0.));
#6779=DIRECTION('ref_axis',(1.,0.,0.));
#6780=DIRECTION('',(0.,0.,-1.));
#6781=DIRECTION('center_axis',(0.,-1.,0.));
#6782=DIRECTION('ref_axis',(-0.70710678118655,0.,0.707106781186545));
#6783=DIRECTION('',(1.,0.,0.));
#6784=DIRECTION('center_axis',(-1.,0.,0.));
#6785=DIRECTION('ref_axis',(0.,0.,-1.));
#6786=DIRECTION('center_axis',(0.,0.,1.));
#6787=DIRECTION('ref_axis',(1.,0.,0.));
#6788=DIRECTION('',(4.16333634234435E-15,1.,-6.42990951733687E-17));
#6789=DIRECTION('',(-4.16333634234435E-15,-1.,6.42990951733687E-17));
#6790=DIRECTION('center_axis',(1.,-5.22457893941254E-16,0.));
#6791=DIRECTION('ref_axis',(0.,-0.707106781186554,-0.707106781186541));
#6792=DIRECTION('center_axis',(-1.,0.,0.));
#6793=DIRECTION('ref_axis',(0.,0.,-1.));
#6794=DIRECTION('',(-1.,5.22457893941254E-16,0.));
#6795=DIRECTION('center_axis',(1.,0.,0.));
#6796=DIRECTION('ref_axis',(0.,-1.,2.66453525910039E-14));
#6797=DIRECTION('',(-1.,5.22457893941254E-16,0.));
#6798=DIRECTION('center_axis',(0.,0.,1.));
#6799=DIRECTION('ref_axis',(1.,0.,0.));
#6800=DIRECTION('center_axis',(0.,0.,-1.));
#6801=DIRECTION('ref_axis',(0.,1.,0.));
#6802=DIRECTION('center_axis',(0.,0.,1.));
#6803=DIRECTION('ref_axis',(0.707106781186548,0.707106781186548,0.));
#6804=DIRECTION('center_axis',(0.,0.,1.));
#6805=DIRECTION('ref_axis',(1.,0.,0.));
#6806=DIRECTION('',(-4.16333634234435E-15,-1.,6.42990951733687E-17));
#6807=DIRECTION('',(4.16333634234435E-15,1.,-6.42990951733687E-17));
#6808=DIRECTION('center_axis',(-1.,0.,0.));
#6809=DIRECTION('ref_axis',(0.,0.707106781186548,-0.707106781186548));
#6810=DIRECTION('center_axis',(1.,4.44089209850064E-15,0.));
#6811=DIRECTION('ref_axis',(0.,0.,-1.));
#6812=DIRECTION('',(1.,0.,0.));
#6813=DIRECTION('center_axis',(-1.,0.,-4.44089209850068E-15));
#6814=DIRECTION('ref_axis',(0.,1.,0.));
#6815=DIRECTION('',(1.,0.,0.));
#6816=DIRECTION('center_axis',(0.,0.,1.));
#6817=DIRECTION('ref_axis',(1.,0.,0.));
#6818=DIRECTION('center_axis',(0.,0.,1.));
#6819=DIRECTION('ref_axis',(0.707106781186548,-0.707106781186548,0.));
#6820=DIRECTION('center_axis',(0.,0.,-1.));
#6821=DIRECTION('ref_axis',(1.,0.,0.));
#6822=DIRECTION('center_axis',(0.,-1.,0.));
#6823=DIRECTION('ref_axis',(0.,0.,-1.));
#6824=DIRECTION('center_axis',(0.,-1.,0.));
#6825=DIRECTION('ref_axis',(0.707106781186545,0.,0.70710678118655));
#6826=DIRECTION('center_axis',(-1.,0.,-4.44089209850064E-15));
#6827=DIRECTION('ref_axis',(4.44089209850064E-15,0.,-1.));
#6828=DIRECTION('center_axis',(0.,1.,0.));
#6829=DIRECTION('ref_axis',(0.707106781186545,0.,0.70710678118655));
#6830=DIRECTION('center_axis',(0.,-1.,0.));
#6831=DIRECTION('ref_axis',(1.,0.,0.));
#6832=DIRECTION('',(0.,0.,1.));
#6833=DIRECTION('',(1.,0.,0.));
#6834=DIRECTION('center_axis',(0.,-1.,0.));
#6835=DIRECTION('ref_axis',(0.,0.,-1.));
#6836=DIRECTION('center_axis',(-1.,0.,-4.44089209850064E-15));
#6837=DIRECTION('ref_axis',(4.44089209850064E-15,1.11022302462516E-15,-1.));
#6838=DIRECTION('center_axis',(0.,1.,0.));
#6839=DIRECTION('ref_axis',(0.707106781186545,0.,0.70710678118655));
#6840=DIRECTION('center_axis',(0.,-1.,0.));
#6841=DIRECTION('ref_axis',(1.,0.,0.));
#6842=DIRECTION('',(0.,0.,-1.));
#6843=DIRECTION('',(1.,0.,0.));
#6844=DIRECTION('center_axis',(-4.16333634234435E-15,-1.,0.));
#6845=DIRECTION('ref_axis',(0.707106781186548,-6.28036983473512E-15,0.707106781186548));
#6846=DIRECTION('',(4.16333634234435E-15,1.,0.));
#6847=DIRECTION('',(-4.16333634234435E-15,-1.,0.));
#6848=DIRECTION('center_axis',(0.,0.,1.));
#6849=DIRECTION('ref_axis',(-1.,0.,0.));
#6850=DIRECTION('',(1.,0.,0.));
#6851=DIRECTION('',(-4.16333634234435E-15,-1.,0.));
#6852=DIRECTION('center_axis',(0.,0.,-1.));
#6853=DIRECTION('ref_axis',(-1.,0.,0.));
#6854=DIRECTION('center_axis',(0.,0.,-1.));
#6855=DIRECTION('ref_axis',(-1.,0.,0.));
#6856=DIRECTION('center_axis',(0.,0.,-1.));
#6857=DIRECTION('ref_axis',(-1.,0.,0.));
#6858=DIRECTION('center_axis',(4.16333634234435E-15,1.,0.));
#6859=DIRECTION('ref_axis',(-0.707106781186548,0.,0.707106781186548));
#6860=DIRECTION('',(4.16333634234435E-15,1.,0.));
#6861=DIRECTION('center_axis',(1.,0.,0.));
#6862=DIRECTION('ref_axis',(0.,-0.707106781186555,0.70710678118654));
#6863=DIRECTION('center_axis',(1.,0.,0.));
#6864=DIRECTION('ref_axis',(0.,1.11022302462517E-15,1.));
#6865=DIRECTION('center_axis',(-1.,0.,0.));
#6866=DIRECTION('ref_axis',(0.,-1.,0.));
#6867=DIRECTION('',(-1.,0.,0.));
#6868=DIRECTION('center_axis',(-0.408248290463861,-0.408248290463861,-0.816496580927728));
#6869=DIRECTION('ref_axis',(-0.57735026918963,-0.577350269189626,0.577350269189622));
#6870=DIRECTION('center_axis',(-4.16333634234435E-15,-1.,0.));
#6871=DIRECTION('ref_axis',(-0.707106781186556,2.22044604925032E-15,0.707106781186539));
#6872=DIRECTION('center_axis',(-0.40824829046386,-0.816496580927729,-0.40824829046386));
#6873=DIRECTION('ref_axis',(0.577350269189628,-0.577350269189622,0.577350269189628));
#6874=DIRECTION('center_axis',(-4.16333634234435E-15,-1.,0.));
#6875=DIRECTION('ref_axis',(0.70710678118655,0.,0.707106781186545));
#6876=DIRECTION('center_axis',(-1.,4.16333634234435E-15,0.));
#6877=DIRECTION('ref_axis',(-4.16333634234435E-15,-1.,6.42990951733687E-17));
#6878=DIRECTION('',(-4.16333634234435E-15,-1.,0.));
#6879=DIRECTION('',(0.,0.,1.));
#6880=DIRECTION('',(4.16333634234435E-15,1.,-6.42990951733687E-17));
#6881=DIRECTION('',(0.,0.,-1.));
#6882=DIRECTION('',(-4.16333634234435E-15,-1.,6.42990951733687E-17));
#6883=DIRECTION('',(-4.16333634234435E-15,-1.,0.));
#6884=DIRECTION('',(-4.16333634234435E-15,-1.,0.));
#6885=DIRECTION('center_axis',(-4.16333634234435E-15,-1.,0.));
#6886=DIRECTION('ref_axis',(-0.707106781186554,6.28036983473518E-15,0.707106781186541));
#6887=DIRECTION('',(4.16333634234435E-15,1.,0.));
#6888=DIRECTION('center_axis',(0.,1.,0.));
#6889=DIRECTION('ref_axis',(0.,0.,1.));
#6890=DIRECTION('center_axis',(0.,0.,1.));
#6891=DIRECTION('ref_axis',(-1.,0.,0.));
#6892=DIRECTION('',(-4.16333634234435E-15,-1.,0.));
#6893=DIRECTION('',(1.,-4.75110147302826E-15,0.));
#6894=DIRECTION('center_axis',(0.,0.,-1.));
#6895=DIRECTION('ref_axis',(-1.,0.,0.));
#6896=DIRECTION('center_axis',(0.,0.,-1.));
#6897=DIRECTION('ref_axis',(-1.,0.,0.));
#6898=DIRECTION('center_axis',(0.,0.,-1.));
#6899=DIRECTION('ref_axis',(-1.,0.,0.));
#6900=DIRECTION('center_axis',(4.16333634234435E-15,1.,0.));
#6901=DIRECTION('ref_axis',(0.707106781186551,0.,0.707106781186544));
#6902=DIRECTION('',(4.16333634234435E-15,1.,0.));
#6903=DIRECTION('center_axis',(4.4408920985006E-15,1.,1.77635683940026E-14));
#6904=DIRECTION('ref_axis',(1.,-4.4408920985006E-15,0.));
#6905=DIRECTION('center_axis',(1.,-4.16333634234435E-15,0.));
#6906=DIRECTION('ref_axis',(4.16333634234435E-15,1.,-6.42990951733687E-17));
#6907=DIRECTION('',(4.16333634234435E-15,1.,0.));
#6908=DIRECTION('',(4.16333634234435E-15,1.,0.));
#6909=DIRECTION('',(4.16333634234435E-15,1.,-6.42990951733687E-17));
#6910=DIRECTION('',(0.,0.,1.));
#6911=DIRECTION('',(-4.16333634234435E-15,-1.,6.42990951733687E-17));
#6912=DIRECTION('',(0.,0.,-1.));
#6913=DIRECTION('center_axis',(-5.22457893941254E-16,-1.,0.));
#6914=DIRECTION('ref_axis',(0.,0.,-1.));
#6915=DIRECTION('center_axis',(-5.22457893941254E-16,-1.,0.));
#6916=DIRECTION('ref_axis',(0.707106781186549,-4.16333634234433E-16,0.707106781186546));
#6917=DIRECTION('center_axis',(1.,0.,0.));
#6918=DIRECTION('ref_axis',(0.,0.,-1.));
#6919=DIRECTION('center_axis',(5.22457893941254E-16,1.,0.));
#6920=DIRECTION('ref_axis',(0.707106781186549,-3.69433519690304E-16,0.707106781186546));
#6921=DIRECTION('center_axis',(5.22457893941254E-16,1.,0.));
#6922=DIRECTION('ref_axis',(0.,0.,1.));
#6923=DIRECTION('center_axis',(5.22457893941254E-16,1.,0.));
#6924=DIRECTION('ref_axis',(-0.707106781186546,3.69433519690302E-16,0.70710678118655));
#6925=DIRECTION('center_axis',(1.,0.,4.44089209850064E-15));
#6926=DIRECTION('ref_axis',(4.44089209850064E-15,6.66133814775096E-15,-1.));
#6927=DIRECTION('center_axis',(-5.22457893941254E-16,-1.,0.));
#6928=DIRECTION('ref_axis',(-0.707106781186546,4.16333634234436E-16,0.707106781186549));
#6929=DIRECTION('center_axis',(5.22457893941254E-16,1.,0.));
#6930=DIRECTION('ref_axis',(-1.,5.22457893941254E-16,0.));
#6931=DIRECTION('',(0.,0.,-1.));
#6932=DIRECTION('',(-1.,5.22457893941254E-16,0.));
#6933=DIRECTION('center_axis',(4.16333634234435E-15,1.,0.));
#6934=DIRECTION('ref_axis',(-0.707106781186548,0.,0.707106781186548));
#6935=DIRECTION('',(-4.16333634234435E-15,-1.,0.));
#6936=DIRECTION('',(4.16333634234435E-15,1.,0.));
#6937=DIRECTION('center_axis',(0.,0.,1.));
#6938=DIRECTION('ref_axis',(-1.,0.,0.));
#6939=DIRECTION('',(-1.,5.22457893941254E-16,0.));
#6940=DIRECTION('',(4.16333634234435E-15,1.,0.));
#6941=DIRECTION('',(1.,0.,0.));
#6942=DIRECTION('center_axis',(0.,0.,-1.));
#6943=DIRECTION('ref_axis',(-1.,0.,0.));
#6944=DIRECTION('center_axis',(0.,0.,-1.));
#6945=DIRECTION('ref_axis',(-1.,0.,0.));
#6946=DIRECTION('center_axis',(0.,0.,-1.));
#6947=DIRECTION('ref_axis',(-1.,0.,0.));
#6948=DIRECTION('center_axis',(-4.16333634234435E-15,-1.,0.));
#6949=DIRECTION('ref_axis',(0.707106781186551,-3.14018491736755E-15,0.707106781186544));
#6950=DIRECTION('',(-4.16333634234435E-15,-1.,0.));
#6951=DIRECTION('center_axis',(0.,1.,0.));
#6952=DIRECTION('ref_axis',(0.707106781186545,0.,0.70710678118655));
#6953=DIRECTION('center_axis',(0.,-1.,0.));
#6954=DIRECTION('ref_axis',(0.,0.,-1.));
#6955=DIRECTION('center_axis',(-1.,0.,4.44089209850064E-15));
#6956=DIRECTION('ref_axis',(-4.44089209850064E-15,0.,-1.));
#6957=DIRECTION('center_axis',(1.,0.,0.));
#6958=DIRECTION('ref_axis',(0.,-0.707106781186554,0.707106781186541));
#6959=DIRECTION('center_axis',(-1.,0.,4.44089209850068E-15));
#6960=DIRECTION('ref_axis',(0.,-1.,0.));
#6961=DIRECTION('',(-1.,0.,0.));
#6962=DIRECTION('center_axis',(-4.16333634234435E-15,-1.,0.));
#6963=DIRECTION('ref_axis',(-0.707106781186557,3.14018491736757E-15,0.707106781186538));
#6964=DIRECTION('',(4.16333634234435E-15,1.,0.));
#6965=DIRECTION('center_axis',(-1.,5.22457893941254E-16,0.));
#6966=DIRECTION('ref_axis',(0.,0.707106781186555,0.70710678118654));
#6967=DIRECTION('',(1.,-5.22457893941254E-16,0.));
#6968=DIRECTION('center_axis',(-1.,0.,0.));
#6969=DIRECTION('ref_axis',(0.,-4.44089209850068E-15,1.));
#6970=DIRECTION('',(-1.,5.22457893941254E-16,0.));
#6971=DIRECTION('center_axis',(0.408248290463859,-0.81649658092773,0.408248290463859));
#6972=DIRECTION('ref_axis',(0.577350269189629,0.577350269189619,0.577350269189629));
#6973=DIRECTION('center_axis',(4.16333634234435E-15,1.,0.));
#6974=DIRECTION('ref_axis',(0.707106781186548,0.,0.707106781186548));
#6975=DIRECTION('center_axis',(-0.408248290463859,-0.816496580927726,-0.408248290463867));
#6976=DIRECTION('ref_axis',(0.577350269189623,-0.577350269189623,0.577350269189631));
#6977=DIRECTION('center_axis',(-4.16333634234435E-15,-1.,0.));
#6978=DIRECTION('ref_axis',(0.707106781186548,0.,0.707106781186548));
#6979=DIRECTION('center_axis',(5.22457893941254E-16,1.,0.));
#6980=DIRECTION('ref_axis',(-1.,5.22457893941254E-16,0.));
#6981=DIRECTION('',(0.,0.,1.));
#6982=DIRECTION('center_axis',(0.,0.,1.));
#6983=DIRECTION('ref_axis',(-1.,0.,0.));
#6984=DIRECTION('',(-4.16333634234435E-15,-1.,0.));
#6985=DIRECTION('center_axis',(0.,0.,-1.));
#6986=DIRECTION('ref_axis',(-1.,0.,0.));
#6987=DIRECTION('center_axis',(0.,0.,-1.));
#6988=DIRECTION('ref_axis',(-1.,0.,0.));
#6989=DIRECTION('center_axis',(0.,0.,-1.));
#6990=DIRECTION('ref_axis',(-1.,0.,0.));
#6991=DIRECTION('center_axis',(4.16333634234435E-15,1.,0.));
#6992=DIRECTION('ref_axis',(0.707106781186548,0.,0.707106781186548));
#6993=DIRECTION('center_axis',(-5.22457893941254E-16,-1.,0.));
#6994=DIRECTION('ref_axis',(0.,0.,-1.));
#6995=DIRECTION('center_axis',(-5.22457893941254E-16,-1.,0.));
#6996=DIRECTION('ref_axis',(0.70710678118655,-4.16333634234434E-16,0.707106781186546));
#6997=DIRECTION('center_axis',(1.,0.,0.));
#6998=DIRECTION('ref_axis',(0.,0.,-1.));
#6999=DIRECTION('center_axis',(5.22457893941254E-16,1.,0.));
#7000=DIRECTION('ref_axis',(0.70710678118655,-3.69433519690304E-16,0.707106781186546));
#7001=DIRECTION('center_axis',(5.22457893941254E-16,1.,0.));
#7002=DIRECTION('ref_axis',(0.,0.,1.));
#7003=DIRECTION('center_axis',(5.22457893941254E-16,1.,0.));
#7004=DIRECTION('ref_axis',(-0.707106781186546,3.69433519690302E-16,0.70710678118655));
#7005=DIRECTION('center_axis',(1.,0.,0.));
#7006=DIRECTION('ref_axis',(0.,0.,-1.));
#7007=DIRECTION('center_axis',(-5.22457893941254E-16,-1.,0.));
#7008=DIRECTION('ref_axis',(-0.707106781186546,4.16333634234436E-16,0.707106781186549));
#7009=DIRECTION('center_axis',(5.22457893941254E-16,1.,0.));
#7010=DIRECTION('ref_axis',(-1.,5.22457893941254E-16,0.));
#7011=DIRECTION('',(0.,0.,-1.));
#7012=DIRECTION('',(-1.,5.22457893941254E-16,0.));
#7013=DIRECTION('center_axis',(4.16333634234435E-15,1.,0.));
#7014=DIRECTION('ref_axis',(-0.707106781186548,0.,0.707106781186548));
#7015=DIRECTION('',(-4.16333634234435E-15,-1.,0.));
#7016=DIRECTION('center_axis',(0.,1.,0.));
#7017=DIRECTION('ref_axis',(-0.70710678118655,0.,0.707106781186545));
#7018=DIRECTION('',(4.16333634234435E-15,1.,0.));
#7019=DIRECTION('center_axis',(0.,0.,1.));
#7020=DIRECTION('ref_axis',(-1.,0.,0.));
#7021=DIRECTION('',(-1.,5.22457893941254E-16,0.));
#7022=DIRECTION('',(4.16333634234435E-15,1.,0.));
#7023=DIRECTION('',(1.,0.,0.));
#7024=DIRECTION('center_axis',(0.,0.,-1.));
#7025=DIRECTION('ref_axis',(-1.,0.,0.));
#7026=DIRECTION('center_axis',(0.,0.,-1.));
#7027=DIRECTION('ref_axis',(-1.,0.,0.));
#7028=DIRECTION('center_axis',(0.,0.,-1.));
#7029=DIRECTION('ref_axis',(-1.,0.,0.));
#7030=DIRECTION('center_axis',(-4.16333634234435E-15,-1.,0.));
#7031=DIRECTION('ref_axis',(0.707106781186548,-6.28036983473512E-15,0.707106781186548));
#7032=DIRECTION('',(-4.16333634234435E-15,-1.,0.));
#7033=DIRECTION('center_axis',(0.,1.,0.));
#7034=DIRECTION('ref_axis',(0.,0.,1.));
#7035=DIRECTION('center_axis',(-1.,0.,0.));
#7036=DIRECTION('ref_axis',(0.,0.,-1.));
#7037=DIRECTION('center_axis',(1.,0.,0.));
#7038=DIRECTION('ref_axis',(0.,-0.707106781186548,0.707106781186548));
#7039=DIRECTION('center_axis',(-1.,0.,0.));
#7040=DIRECTION('ref_axis',(0.,-1.,0.));
#7041=DIRECTION('',(-1.,0.,0.));
#7042=DIRECTION('center_axis',(-4.16333634234435E-15,-1.,0.));
#7043=DIRECTION('ref_axis',(-0.707106781186554,6.28036983473518E-15,0.707106781186541));
#7044=DIRECTION('',(4.16333634234435E-15,1.,0.));
#7045=DIRECTION('center_axis',(-1.,5.22457893941254E-16,0.));
#7046=DIRECTION('ref_axis',(0.,0.707106781186554,0.707106781186541));
#7047=DIRECTION('',(1.,-5.22457893941254E-16,0.));
#7048=DIRECTION('center_axis',(-1.,0.,0.));
#7049=DIRECTION('ref_axis',(0.,0.,1.));
#7050=DIRECTION('',(-1.,5.22457893941254E-16,0.));
#7051=DIRECTION('center_axis',(0.408248290463867,0.408248290463859,-0.816496580927726));
#7052=DIRECTION('ref_axis',(0.577350269189631,0.577350269189623,0.577350269189623));
#7053=DIRECTION('center_axis',(4.16333634234435E-15,1.,0.));
#7054=DIRECTION('ref_axis',(0.707106781186548,0.,0.707106781186548));
#7055=DIRECTION('center_axis',(-0.408248290463852,-0.816496580927733,-0.408248290463859));
#7056=DIRECTION('ref_axis',(0.577350269189628,-0.577350269189621,0.577350269189628));
#7057=DIRECTION('center_axis',(-4.16333634234435E-15,-1.,0.));
#7058=DIRECTION('ref_axis',(0.707106781186548,0.,0.707106781186548));
#7059=DIRECTION('center_axis',(5.22457893941254E-16,1.,0.));
#7060=DIRECTION('ref_axis',(-1.,5.22457893941254E-16,0.));
#7061=DIRECTION('',(0.,0.,1.));
#7062=DIRECTION('center_axis',(0.,0.,1.));
#7063=DIRECTION('ref_axis',(-1.,0.,0.));
#7064=DIRECTION('',(-4.16333634234435E-15,-1.,0.));
#7065=DIRECTION('center_axis',(0.,0.,-1.));
#7066=DIRECTION('ref_axis',(-1.,0.,0.));
#7067=DIRECTION('center_axis',(0.,0.,-1.));
#7068=DIRECTION('ref_axis',(-1.,0.,0.));
#7069=DIRECTION('center_axis',(0.,0.,-1.));
#7070=DIRECTION('ref_axis',(-1.,0.,0.));
#7071=DIRECTION('center_axis',(4.16333634234435E-15,1.,0.));
#7072=DIRECTION('ref_axis',(0.707106781186548,0.,0.707106781186548));
#7073=DIRECTION('center_axis',(9.53161375683852E-23,-1.,-1.44308632278534E-22));
#7074=DIRECTION('ref_axis',(0.957709974063433,0.,0.287735304714973));
#7075=DIRECTION('center_axis',(-9.53161375683852E-23,1.,0.));
#7076=DIRECTION('ref_axis',(0.957709974063433,0.,0.287735304714973));
#7077=DIRECTION('',(9.53161375683852E-23,-1.,-1.44308632278534E-22));
#7078=DIRECTION('center_axis',(8.89972137595666E-17,-0.999998121524972,
-0.00193828442874051));
#7079=DIRECTION('ref_axis',(9.93498554554851E-12,-0.00193828442874051,0.999998121524972));
#7080=DIRECTION('',(-9.53161375683852E-23,1.,1.44308632278534E-22));
#7081=DIRECTION('center_axis',(8.63710847093818E-17,0.999998121524972,0.00193828442874068));
#7082=DIRECTION('ref_axis',(9.93498554554851E-12,-0.00193828442874068,0.999998121524972));
#7083=DIRECTION('center_axis',(-1.,-9.53161375683852E-23,0.));
#7084=DIRECTION('ref_axis',(9.53161375683852E-23,-1.,-9.48950477739962E-32));
#7085=DIRECTION('',(0.,0.,1.));
#7086=DIRECTION('',(-9.53161375683852E-23,1.,9.48950477739962E-32));
#7087=DIRECTION('',(0.,0.,1.));
#7088=DIRECTION('',(0.,-1.,0.));
#7089=DIRECTION('',(-1.84749785256489E-25,0.00193828442874051,-0.999998121524972));
#7090=DIRECTION('center_axis',(-9.53161375683852E-23,1.,9.48950477739962E-32));
#7091=DIRECTION('ref_axis',(-0.70710678118655,0.,-0.707106781186545));
#7092=DIRECTION('center_axis',(9.53161375683852E-23,-1.,0.));
#7093=DIRECTION('ref_axis',(-0.70710678118655,0.,-0.707106781186545));
#7094=DIRECTION('',(9.53161375683852E-23,-1.,-9.48950477739962E-32));
#7095=DIRECTION('center_axis',(-9.53161375683852E-23,1.,0.));
#7096=DIRECTION('ref_axis',(-0.70710678118655,0.,-0.707106781186545));
#7097=DIRECTION('center_axis',(-8.67361737995115E-19,-9.48950478566698E-32,
1.));
#7098=DIRECTION('ref_axis',(-1.,-9.53161375683852E-23,-8.67361737995115E-19));
#7099=DIRECTION('',(-1.,-9.53161375683852E-23,-8.67361737995115E-19));
#7100=DIRECTION('center_axis',(8.67361737995115E-19,9.48950478566698E-32,
-1.));
#7101=DIRECTION('ref_axis',(0.705869744780171,-0.708341657255859,0.));
#7102=DIRECTION('center_axis',(-8.67361737995115E-19,-9.90520344660917E-32,
1.));
#7103=DIRECTION('ref_axis',(-0.615384615384597,0.788226981996906,-5.33761069535362E-19));
#7104=DIRECTION('center_axis',(8.67361737995115E-19,9.48950478566698E-32,
-1.));
#7105=DIRECTION('ref_axis',(0.,1.,0.));
#7106=DIRECTION('',(1.,9.53161375683852E-23,8.67361737995115E-19));
#7107=DIRECTION('center_axis',(8.67361737995115E-19,9.48950478566698E-32,
-1.));
#7108=DIRECTION('ref_axis',(-1.,-9.53161375683852E-23,-8.67361737995115E-19));
#7109=DIRECTION('center_axis',(-9.53161375683852E-23,1.,0.));
#7110=DIRECTION('ref_axis',(-1.,-9.53161375683852E-23,-8.67361737995115E-19));
#7111=DIRECTION('',(-1.,-9.53161375683852E-23,-8.67361737995115E-19));
#7112=DIRECTION('',(-1.,0.,0.));
#7113=DIRECTION('',(0.,0.,1.));
#7114=DIRECTION('center_axis',(-2.04964260231643E-15,1.,-1.4430863258728E-22));
#7115=DIRECTION('ref_axis',(-0.957709974063433,0.,0.287735304714973));
#7116=DIRECTION('center_axis',(1.48029746148301E-15,-1.,0.));
#7117=DIRECTION('ref_axis',(-0.957709974063433,0.,0.287735304714973));
#7118=DIRECTION('',(-2.04964260231643E-15,1.,-1.4430863258728E-22));
#7119=DIRECTION('center_axis',(-2.59052048610817E-15,1.,0.));
#7120=DIRECTION('ref_axis',(-0.957709974063433,0.,0.287735304714973));
#7121=DIRECTION('',(2.04964260231643E-15,-1.,1.4430863258728E-22));
#7122=DIRECTION('center_axis',(1.,2.04964260231643E-15,0.));
#7123=DIRECTION('ref_axis',(-2.04964260231643E-15,1.,9.31172662868558E-32));
#7124=DIRECTION('',(0.,0.,1.));
#7125=DIRECTION('',(2.04964260231643E-15,-1.,-9.31172662868558E-32));
#7126=DIRECTION('',(0.,0.,1.));
#7127=DIRECTION('center_axis',(-2.04964260231643E-15,1.,9.31172662868558E-32));
#7128=DIRECTION('ref_axis',(0.707106781186547,0.,-0.707106781186548));
#7129=DIRECTION('center_axis',(2.59052048610817E-15,-1.,0.));
#7130=DIRECTION('ref_axis',(0.707106781186547,0.,-0.707106781186548));
#7131=DIRECTION('center_axis',(-1.48029746148301E-15,1.,0.));
#7132=DIRECTION('ref_axis',(0.707106781186547,0.,-0.707106781186548));
#7133=DIRECTION('',(-2.04964260231643E-15,1.,9.31172662868558E-32));
#7134=DIRECTION('center_axis',(-8.67361737995115E-19,-9.48950478566698E-32,
1.));
#7135=DIRECTION('ref_axis',(-1.,-9.53161375683852E-23,-8.67361737995115E-19));
#7136=DIRECTION('',(1.,1.48029746148301E-15,8.67361737995115E-19));
#7137=DIRECTION('center_axis',(8.67361737995115E-19,9.48950478566698E-32,
-1.));
#7138=DIRECTION('ref_axis',(0.,1.,0.));
#7139=DIRECTION('center_axis',(-8.67361737995119E-19,-9.38865481466915E-32,
1.));
#7140=DIRECTION('ref_axis',(0.6153846153846,-0.788226981996904,5.3376106953537E-19));
#7141=DIRECTION('center_axis',(8.67361737995115E-19,9.48950478566698E-32,
-1.));
#7142=DIRECTION('ref_axis',(4.44089209850062E-15,-1.,0.));
#7143=DIRECTION('',(-1.,-2.59052048610817E-15,-8.67361737995115E-19));
#7144=DIRECTION('center_axis',(8.67361737995115E-19,9.48950478566698E-32,
-1.));
#7145=DIRECTION('ref_axis',(-1.,-9.53161375683852E-23,-8.67361737995115E-19));
#7146=DIRECTION('center_axis',(1.48029746148301E-15,-1.,0.));
#7147=DIRECTION('ref_axis',(1.,1.48029746148301E-15,8.67361737995115E-19));
#7148=DIRECTION('',(0.551133942431421,0.,0.834416788841164));
#7149=DIRECTION('',(1.,1.48029746148301E-15,-1.38777878078147E-17));
#7150=DIRECTION('',(0.467189946419731,6.91580091715512E-16,0.884156973599332));
#7151=DIRECTION('',(1.,1.29976653389211E-15,0.));
#7152=DIRECTION('',(0.,0.,1.));
#7153=DIRECTION('',(0.,0.,-1.));
#7154=DIRECTION('',(0.,0.,-1.));
#7155=DIRECTION('',(0.,0.,-1.));
#7156=DIRECTION('',(0.,0.,-1.));
#7157=DIRECTION('center_axis',(-1.,-5.0142693715546E-32,0.));
#7158=DIRECTION('ref_axis',(-5.0142693715546E-32,1.,9.48950478566698E-32));
#7159=DIRECTION('',(5.0142693715546E-32,-1.,-9.48950478566698E-32));
#7160=DIRECTION('',(0.,0.,-1.));
#7161=DIRECTION('',(-5.0142693715546E-32,1.,9.48950478566698E-32));
#7162=DIRECTION('center_axis',(9.53161375683852E-23,-1.,0.));
#7163=DIRECTION('ref_axis',(-1.,-9.53161375683852E-23,-8.67361737995115E-19));
#7164=DIRECTION('',(-1.,-9.53161375683852E-23,-8.67361737995115E-19));
#7165=DIRECTION('',(0.,0.,1.));
#7166=DIRECTION('',(-1.,-9.53161375683852E-23,-8.67361737995115E-19));
#7167=DIRECTION('center_axis',(-9.53161375683852E-23,1.,0.));
#7168=DIRECTION('ref_axis',(1.,9.53161375683852E-23,8.67361737995115E-19));
#7169=DIRECTION('',(1.,9.53161375683852E-23,8.67361737995115E-19));
#7170=DIRECTION('',(1.,9.53161375683852E-23,8.67361737995115E-19));
#7171=DIRECTION('',(0.,0.,-1.));
#7172=DIRECTION('center_axis',(-8.67361737995115E-19,-9.48950478566698E-32,
1.));
#7173=DIRECTION('ref_axis',(-1.,-9.53161375683852E-23,-8.67361737995115E-19));
#7174=DIRECTION('center_axis',(8.67361737995115E-19,9.48950478566698E-32,
-1.));
#7175=DIRECTION('ref_axis',(0.,1.,0.));
#7176=DIRECTION('center_axis',(-8.67361737995115E-19,-9.48950478566698E-32,
1.));
#7177=DIRECTION('ref_axis',(-0.615384615384597,0.788226981996906,0.));
#7178=DIRECTION('center_axis',(-8.67361737995115E-19,-9.48950478566698E-32,
1.));
#7179=DIRECTION('ref_axis',(-1.,-9.53161375683852E-23,0.));
#7180=DIRECTION('',(0.,0.,-1.));
#7181=DIRECTION('',(0.,0.,-1.));
#7182=DIRECTION('',(0.,0.,-1.));
#7183=DIRECTION('',(0.,0.,-1.));
#7184=DIRECTION('center_axis',(1.,1.83718659837775E-15,0.));
#7185=DIRECTION('ref_axis',(1.83718659837775E-15,-1.,-9.33015424956795E-32));
#7186=DIRECTION('',(-1.83718659837775E-15,1.,9.33015424956795E-32));
#7187=DIRECTION('',(0.,0.,-1.));
#7188=DIRECTION('',(1.83718659837775E-15,-1.,-9.33015424956795E-32));
#7189=DIRECTION('center_axis',(-2.59052048610817E-15,1.,0.));
#7190=DIRECTION('ref_axis',(1.,2.59052048610817E-15,8.67361737995115E-19));
#7191=DIRECTION('',(1.,2.59052048610817E-15,8.67361737995115E-19));
#7192=DIRECTION('',(0.,0.,1.));
#7193=DIRECTION('',(1.,2.59052048610817E-15,8.67361737995115E-19));
#7194=DIRECTION('center_axis',(1.48029746148301E-15,-1.,0.));
#7195=DIRECTION('ref_axis',(-1.,-1.48029746148301E-15,-8.67361737995115E-19));
#7196=DIRECTION('',(-1.,-1.48029746148301E-15,-8.67361737995115E-19));
#7197=DIRECTION('',(-1.,-1.48029746148301E-15,-8.67361737995115E-19));
#7198=DIRECTION('',(0.,0.,-1.));
#7199=DIRECTION('center_axis',(-8.67361737995115E-19,-9.48950478566698E-32,
1.));
#7200=DIRECTION('ref_axis',(-1.,-9.53161375683852E-23,-8.67361737995115E-19));
#7201=DIRECTION('center_axis',(8.67361737995115E-19,9.48950478566698E-32,
-1.));
#7202=DIRECTION('ref_axis',(4.44089209850062E-15,-1.,0.));
#7203=DIRECTION('center_axis',(-8.67361737995115E-19,-9.48950478566698E-32,
1.));
#7204=DIRECTION('ref_axis',(0.6153846153846,-0.788226981996904,0.));
#7205=DIRECTION('center_axis',(8.67361737995115E-19,9.48950478566698E-32,
-1.));
#7206=DIRECTION('ref_axis',(0.,1.,0.));
#7207=DIRECTION('center_axis',(-8.67361737995115E-19,-9.48950478566698E-32,
1.));
#7208=DIRECTION('ref_axis',(-1.,-9.53161375683852E-23,0.));
#7209=DIRECTION('center_axis',(0.,0.,-1.));
#7210=DIRECTION('ref_axis',(0.,1.,0.));
#7211=DIRECTION('',(0.,0.,-1.));
#7212=DIRECTION('',(0.,0.,-1.));
#7213=DIRECTION('center_axis',(-1.34069974920741E-63,0.,1.));
#7214=DIRECTION('ref_axis',(0.,-1.,0.));
#7215=DIRECTION('center_axis',(-0.707106781186549,0.,-0.707106781186546));
#7216=DIRECTION('ref_axis',(0.707106781186546,0.,-0.707106781186549));
#7217=DIRECTION('center_axis',(0.,0.,1.));
#7218=DIRECTION('ref_axis',(0.6153846153846,-0.788226981996904,0.));
#7219=DIRECTION('',(0.,0.,1.));
#7220=DIRECTION('',(0.,0.,-1.));
#7221=DIRECTION('',(0.,0.,1.));
#7222=DIRECTION('',(0.,0.,1.));
#7223=DIRECTION('',(0.,0.,-1.));
#7224=DIRECTION('center_axis',(-0.707106781186547,0.,0.707106781186548));
#7225=DIRECTION('ref_axis',(0.707106781186548,0.,0.707106781186547));
#7226=DIRECTION('',(0.,0.,1.));
#7227=DIRECTION('center_axis',(-8.66147814469508E-35,-4.20820034173219E-35,
-1.));
#7228=DIRECTION('ref_axis',(1.,0.,-8.66147814469508E-35));
#7229=DIRECTION('',(1.,9.53161375683852E-23,8.67361737995115E-19));
#7230=DIRECTION('center_axis',(8.66147814469508E-35,4.20820034173219E-35,
1.));
#7231=DIRECTION('ref_axis',(0.999993272184963,0.00366818549299327,0.));
#7232=DIRECTION('',(1.,8.89973809389242E-17,-8.66147814469509E-35));
#7233=DIRECTION('',(1.,2.10209883265859E-16,3.98390811113622E-36));
#7234=DIRECTION('center_axis',(8.66147814469509E-35,4.20820034173219E-35,
1.));
#7235=DIRECTION('ref_axis',(0.437004508289224,-0.899459315219367,6.68191177523048E-51));
#7236=DIRECTION('',(0.,0.,-1.));
#7237=DIRECTION('center_axis',(-8.66147814469508E-35,-4.20820034173219E-35,
-1.));
#7238=DIRECTION('ref_axis',(1.,0.,-8.66147814469508E-35));
#7239=DIRECTION('',(-1.,-9.53161375683852E-23,-8.67361737995115E-19));
#7240=DIRECTION('center_axis',(0.,0.,1.));
#7241=DIRECTION('ref_axis',(0.999946416163666,-0.0103520433461672,0.));
#7242=DIRECTION('center_axis',(8.66147814469508E-35,4.20820034173219E-35,
1.));
#7243=DIRECTION('ref_axis',(0.999993272184963,0.00366818549299265,0.));
#7244=DIRECTION('center_axis',(-1.,-9.53161375683852E-23,-8.67361737995115E-19));
#7245=DIRECTION('ref_axis',(0.,0.707106781186548,0.707106781186548));
#7246=DIRECTION('center_axis',(0.884156973599332,0.,0.467189946419731));
#7247=DIRECTION('ref_axis',(-0.467189946419731,0.,0.884156973599332));
#7248=DIRECTION('center_axis',(-0.467189260366309,-0.00171374839714018,
0.88415567524323));
#7249=DIRECTION('ref_axis',(0.624910512771447,0.706785511568948,0.331573659484509));
#7250=DIRECTION('',(-0.467189260366309,-0.00171374839714018,0.88415567524323));
#7251=DIRECTION('center_axis',(0.321105701296004,0.00117788319978822,0.947042629022775));
#7252=DIRECTION('ref_axis',(0.947036257495134,0.00347392803302683,-0.321107861650304));
#7253=DIRECTION('',(0.467189260366309,0.00171374839714018,-0.88415567524323));
#7254=DIRECTION('',(0.467189260366309,0.00171374839714018,-0.88415567524323));
#7255=DIRECTION('center_axis',(-8.89972137595666E-17,0.999998121524972,
0.00193828442874051));
#7256=DIRECTION('ref_axis',(0.,-0.00193828442874051,0.999998121524972));
#7257=DIRECTION('',(0.467189260366309,0.00171374839714011,-0.88415567524323));
#7258=DIRECTION('',(1.,8.90242800894668E-17,-1.38777878078146E-17));
#7259=DIRECTION('',(-0.551133221607778,-0.00161733799171738,0.834415697514166));
#7260=DIRECTION('',(0.,0.,1.));
#7261=DIRECTION('',(0.,0.,1.));
#7262=DIRECTION('center_axis',(-8.66147814469504E-35,-4.20820034173222E-35,
-1.));
#7263=DIRECTION('ref_axis',(1.,0.,-8.66147814469504E-35));
#7264=DIRECTION('center_axis',(8.66147814469504E-35,4.20820034173222E-35,
1.));
#7265=DIRECTION('ref_axis',(-1.,-2.26997643065602E-15,0.));
#7266=DIRECTION('',(-1.,-2.5225185991903E-15,1.16007557431519E-37));
#7267=DIRECTION('center_axis',(8.66147814469504E-35,4.20820034173221E-35,
1.));
#7268=DIRECTION('ref_axis',(-0.437004508289229,0.899459315219365,0.));
#7269=DIRECTION('',(-1.,-2.59052048610817E-15,-8.67361737995115E-19));
#7270=DIRECTION('center_axis',(0.707106781186548,3.14018491736755E-15,0.707106781186548));
#7271=DIRECTION('ref_axis',(-0.707106781186548,-4.9065389333868E-16,0.707106781186547));
#7272=DIRECTION('',(0.,0.,1.));
#7273=DIRECTION('',(0.,0.,-1.));
#7274=DIRECTION('center_axis',(-8.66147814469504E-35,-4.20820034173222E-35,
-1.));
#7275=DIRECTION('ref_axis',(1.,0.,-8.66147814469504E-35));
#7276=DIRECTION('',(1.,1.48029746148301E-15,8.67361737995115E-19));
#7277=DIRECTION('center_axis',(8.66147814469504E-35,4.20820034173222E-35,
1.));
#7278=DIRECTION('ref_axis',(-1.,-1.53376785855137E-15,0.));
#7279=DIRECTION('center_axis',(1.,1.48029746148301E-15,8.67361737995115E-19));
#7280=DIRECTION('ref_axis',(3.14018491736754E-15,-0.70710678118655,0.707106781186545));
#7281=DIRECTION('center_axis',(0.884156973599332,0.,-0.467189946419731));
#7282=DIRECTION('ref_axis',(0.467189946419731,3.31293857447095E-15,0.884156973599332));
#7283=DIRECTION('center_axis',(0.467189946419731,6.91580091715512E-16,0.884156973599332));
#7284=DIRECTION('ref_axis',(-0.625193391665466,-0.707106781186544,0.330353179215574));
#7285=DIRECTION('center_axis',(-0.321107312628226,4.20571495485736E-15,
0.947042815176103));
#7286=DIRECTION('ref_axis',(-0.947042815176103,0.,-0.321107312628226));
#7287=DIRECTION('',(-0.467189946419731,-6.91580091715512E-16,-0.884156973599332));
#7288=DIRECTION('',(-0.467189946419731,-6.91580091715512E-16,-0.884156973599332));
#7289=DIRECTION('center_axis',(-2.59052048610817E-15,1.,0.));
#7290=DIRECTION('ref_axis',(-1.,-2.59052048610817E-15,-8.67361737995115E-19));
#7291=DIRECTION('',(0.,0.,1.));
#7292=DIRECTION('',(-0.467189946419732,-1.21026512710409E-15,-0.884156973599331));
#7293=DIRECTION('',(-1.,-2.59052048610817E-15,1.38777878078148E-17));
#7294=DIRECTION('',(0.551133942431422,-4.8950527403184E-16,0.834416788841163));
#7295=DIRECTION('center_axis',(0.467189946419732,1.21026512710409E-15,0.884156973599331));
#7296=DIRECTION('ref_axis',(-0.625193391665466,0.707106781186544,0.330353179215574));
#7297=DIRECTION('',(0.467189946419732,1.21026512710409E-15,0.884156973599331));
#7298=DIRECTION('center_axis',(-0.321107312628229,-4.20571495485736E-15,
0.947042815176102));
#7299=DIRECTION('ref_axis',(-0.947042815176102,-6.10459595010341E-15,-0.321107312628229));
#7300=DIRECTION('center_axis',(-1.,-2.59052048610817E-15,-8.67361737995115E-19));
#7301=DIRECTION('ref_axis',(0.,0.707106781186547,0.707106781186548));
#7302=DIRECTION('center_axis',(0.707106781186548,3.14018491736755E-15,0.707106781186548));
#7303=DIRECTION('ref_axis',(-0.707106781186548,-4.9065389333868E-16,0.707106781186547));
#7304=DIRECTION('center_axis',(0.884156973599331,1.62436134275892E-15,-0.467189946419732));
#7305=DIRECTION('ref_axis',(0.467189946419732,2.39267785934013E-15,0.884156973599331));
#7306=DIRECTION('center_axis',(-1.,4.16333634234435E-15,0.));
#7307=DIRECTION('ref_axis',(-4.16333634234435E-15,-1.,6.42990951733687E-17));
#7308=DIRECTION('',(4.16333634234435E-15,1.,0.));
#7309=DIRECTION('',(0.,0.,-1.));
#7310=DIRECTION('',(-4.16333634234435E-15,-1.,6.42990951733687E-17));
#7311=DIRECTION('center_axis',(1.,-4.16333634234435E-15,0.));
#7312=DIRECTION('ref_axis',(4.16333634234435E-15,1.,-6.42990951733687E-17));
#7313=DIRECTION('',(4.16333634234435E-15,1.,-6.42990951733687E-17));
#7314=DIRECTION('',(0.,0.,1.));
#7315=DIRECTION('',(-4.16333634234435E-15,-1.,0.));
#7316=DIRECTION('center_axis',(4.44089209850064E-15,1.,0.));
#7317=DIRECTION('ref_axis',(0.,0.,1.));
#7318=DIRECTION('center_axis',(0.,0.,1.));
#7319=DIRECTION('ref_axis',(-1.,0.,0.));
#7320=DIRECTION('center_axis',(1.77635683940025E-14,1.,0.));
#7321=DIRECTION('ref_axis',(0.,0.,-1.));
#7322=DIRECTION('center_axis',(-1.,4.44089209850064E-15,0.));
#7323=DIRECTION('ref_axis',(-4.44089209850064E-15,-1.,0.));
#7324=DIRECTION('center_axis',(-4.16333634234435E-15,-1.,0.));
#7325=DIRECTION('ref_axis',(0.707106781186547,0.,-0.707106781186547));
#7326=DIRECTION('center_axis',(4.16333634234435E-15,1.,0.));
#7327=DIRECTION('ref_axis',(0.707106781186548,-3.14018491736756E-15,-0.707106781186548));
#7328=DIRECTION('',(-4.16333634234435E-15,-1.,0.));
#7329=DIRECTION('center_axis',(4.44089209850064E-15,1.,0.));
#7330=DIRECTION('ref_axis',(0.,0.,1.));
#7331=DIRECTION('center_axis',(1.,-4.44089209850064E-15,0.));
#7332=DIRECTION('ref_axis',(0.,0.,1.));
#7333=DIRECTION('center_axis',(0.,1.,-1.77635683940025E-14));
#7334=DIRECTION('ref_axis',(-1.,0.,0.));
#7335=DIRECTION('center_axis',(0.,0.,1.));
#7336=DIRECTION('ref_axis',(-4.44089209850064E-15,-1.,0.));
#7337=DIRECTION('center_axis',(-4.16333634234435E-15,-1.,0.));
#7338=DIRECTION('ref_axis',(-0.707106781186547,1.25607396694702E-14,-0.707106781186547));
#7339=DIRECTION('center_axis',(-4.16333634234435E-15,-1.,0.));
#7340=DIRECTION('ref_axis',(-0.707106781186548,0.,-0.707106781186548));
#7341=DIRECTION('',(4.16333634234435E-15,1.,0.));
#7342=DIRECTION('center_axis',(-0.408248290463858,-0.816496580927731,0.408248290463858));
#7343=DIRECTION('ref_axis',(0.577350269189628,-0.577350269189621,-0.577350269189628));
#7344=DIRECTION('center_axis',(-4.44089209850062E-15,1.97215226305253E-29,
-1.));
#7345=DIRECTION('ref_axis',(-4.44089209850064E-15,-1.,0.));
#7346=DIRECTION('center_axis',(1.,-4.44089209850064E-15,0.));
#7347=DIRECTION('ref_axis',(0.,0.,-1.));
#7348=DIRECTION('center_axis',(0.,-1.,0.));
#7349=DIRECTION('ref_axis',(1.,0.,0.));
#7350=DIRECTION('center_axis',(-0.408248290463867,-0.408248290463859,-0.816496580927726));
#7351=DIRECTION('ref_axis',(0.577350269189629,0.577350269189622,-0.577350269189626));
#7352=DIRECTION('center_axis',(0.,0.,-1.));
#7353=DIRECTION('ref_axis',(1.,-4.44089209850062E-15,0.));
#7354=DIRECTION('center_axis',(0.,1.,0.));
#7355=DIRECTION('ref_axis',(0.,0.,-1.));
#7356=DIRECTION('center_axis',(1.,-4.44089209850062E-15,-4.44089209850062E-15));
#7357=DIRECTION('ref_axis',(4.44089209850062E-15,1.,0.));
#7358=DIRECTION('center_axis',(4.16333634234435E-15,1.,-6.42990951733687E-17));
#7359=DIRECTION('ref_axis',(0.707106781186544,0.,-0.707106781186551));
#7360=DIRECTION('',(4.16333634234435E-15,1.,-6.42990951733687E-17));
#7361=DIRECTION('center_axis',(-0.816496580927728,0.408248290463861,0.408248290463861));
#7362=DIRECTION('ref_axis',(-0.577350269189621,-0.577350269189635,-0.577350269189621));
#7363=DIRECTION('center_axis',(0.,0.,-1.));
#7364=DIRECTION('ref_axis',(-1.,0.,0.));
#7365=DIRECTION('center_axis',(1.77635683940025E-14,-1.,0.));
#7366=DIRECTION('ref_axis',(0.,0.,-1.));
#7367=DIRECTION('center_axis',(-1.,4.44089209850064E-15,0.));
#7368=DIRECTION('ref_axis',(-4.44089209850064E-15,-1.,0.));
#7369=DIRECTION('center_axis',(0.408248290463864,0.408248290463857,-0.816496580927728));
#7370=DIRECTION('ref_axis',(0.577350269189635,0.577350269189621,0.577350269189621));
#7371=DIRECTION('center_axis',(8.88178419700124E-15,-3.94430452610509E-29,
1.));
#7372=DIRECTION('ref_axis',(4.44089209850066E-15,1.,0.));
#7373=DIRECTION('center_axis',(1.,-8.88178419700124E-15,0.));
#7374=DIRECTION('ref_axis',(0.,0.,1.));
#7375=DIRECTION('center_axis',(0.,0.,1.));
#7376=DIRECTION('ref_axis',(0.707106781186554,0.707106781186541,0.));
#7377=DIRECTION('center_axis',(-0.408248290463859,-0.816496580927726,-0.408248290463867));
#7378=DIRECTION('ref_axis',(-0.577350269189621,0.577350269189628,-0.577350269189628));
#7379=DIRECTION('center_axis',(-1.,4.44089209850062E-15,0.));
#7380=DIRECTION('ref_axis',(0.,0.,-1.));
#7381=DIRECTION('center_axis',(4.44089209850062E-15,1.,0.));
#7382=DIRECTION('ref_axis',(-1.,4.44089209850062E-15,0.));
#7383=DIRECTION('center_axis',(-4.44089209850062E-15,1.97215226305252E-29,
-1.));
#7384=DIRECTION('ref_axis',(4.4408920985006E-15,1.,0.));
#7385=DIRECTION('center_axis',(-4.16333634234435E-15,-1.,6.42990951733687E-17));
#7386=DIRECTION('ref_axis',(-0.707106781186544,3.14018491736755E-15,-0.707106781186551));
#7387=DIRECTION('',(-4.16333634234435E-15,-1.,6.42990951733687E-17));
#7388=DIRECTION('center_axis',(-0.816496580927726,-0.408248290463867,-0.40824829046386));
#7389=DIRECTION('ref_axis',(-0.577350269189622,0.577350269189633,0.577350269189622));
#7390=DIRECTION('center_axis',(-1.,0.,0.));
#7391=DIRECTION('ref_axis',(0.,1.,0.));
#7392=DIRECTION('center_axis',(0.,0.,1.));
#7393=DIRECTION('ref_axis',(-1.,4.44089209850062E-15,0.));
#7394=DIRECTION('center_axis',(0.,0.,1.));
#7395=DIRECTION('ref_axis',(-0.707106781186544,0.707106781186551,0.));
#7396=DIRECTION('center_axis',(-1.,4.75110147302826E-15,0.));
#7397=DIRECTION('ref_axis',(3.14018491736759E-15,0.707106781186554,0.707106781186541));
#7398=DIRECTION('center_axis',(-1.,4.75110147302826E-15,1.38777878078143E-17));
#7399=DIRECTION('ref_axis',(3.14018491736756E-15,0.707106781186548,-0.707106781186548));
#7400=DIRECTION('',(-1.,4.75110147302826E-15,1.38777878078143E-17));
#7401=DIRECTION('center_axis',(1.,-4.16333634234435E-15,-1.38777878078143E-17));
#7402=DIRECTION('ref_axis',(-3.14018491736759E-15,-0.707106781186541,-0.707106781186554));
#7403=DIRECTION('',(-1.,4.16333634234435E-15,1.38777878078143E-17));
#7404=DIRECTION('',(1.,-4.16333634234435E-15,-1.38777878078143E-17));
#7405=DIRECTION('center_axis',(1.,-4.16333634234435E-15,0.));
#7406=DIRECTION('ref_axis',(-3.14018491736759E-15,-0.707106781186541,0.707106781186554));
#7407=DIRECTION('center_axis',(-0.707106781186546,3.14018491736755E-15,
0.707106781186549));
#7408=DIRECTION('ref_axis',(-0.707106781186549,2.74766180269662E-15,-0.707106781186546));
#7409=DIRECTION('',(-1.,4.16333634234435E-15,0.));
#7410=DIRECTION('center_axis',(-0.707106781186546,3.14018491736755E-15,
-0.707106781186549));
#7411=DIRECTION('ref_axis',(0.707106781186549,-3.14018491736757E-15,-0.707106781186546));
#7412=DIRECTION('center_axis',(0.,0.,1.));
#7413=DIRECTION('ref_axis',(0.707106781186554,-0.707106781186541,0.));
#7414=DIRECTION('',(0.,0.,-1.));
#7415=DIRECTION('center_axis',(0.707106781186546,-6.28036983473511E-15,
-0.707106781186549));
#7416=DIRECTION('ref_axis',(-0.707106781186549,6.28036983473514E-15,-0.707106781186546));
#7417=DIRECTION('center_axis',(-0.707106781186544,3.14018491736755E-15,
-0.707106781186551));
#7418=DIRECTION('ref_axis',(0.707106781186551,-3.14018491736758E-15,-0.707106781186544));
#7419=DIRECTION('center_axis',(0.,0.,1.));
#7420=DIRECTION('ref_axis',(0.707106781186554,-0.707106781186541,0.));
#7421=DIRECTION('',(0.,0.,1.));
#7422=DIRECTION('center_axis',(1.,-4.16333634234435E-15,0.));
#7423=DIRECTION('ref_axis',(-3.14018491736759E-15,-0.707106781186541,0.707106781186554));
#7424=DIRECTION('',(-1.,4.16333634234435E-15,0.));
#7425=DIRECTION('center_axis',(1.,-4.16333634234435E-15,0.));
#7426=DIRECTION('ref_axis',(-3.14018491736759E-15,-0.707106781186541,0.707106781186554));
#7427=DIRECTION('',(-1.,4.16333634234435E-15,0.));
#7428=DIRECTION('',(1.,-4.16333634234435E-15,0.));
#7429=DIRECTION('center_axis',(0.,0.,1.));
#7430=DIRECTION('ref_axis',(1.,0.,0.));
#7431=DIRECTION('center_axis',(1.38777878078146E-17,6.42990951733687E-17,
1.));
#7432=DIRECTION('ref_axis',(1.,-4.16333634234435E-15,-1.38777878078143E-17));
#7433=DIRECTION('',(2.09211218677134E-15,-1.,6.42990951733686E-17));
#7434=DIRECTION('',(1.,2.59052048610817E-15,-1.38777878078148E-17));
#7435=DIRECTION('center_axis',(-1.38777878078146E-17,-6.42990951733687E-17,
-1.));
#7436=DIRECTION('ref_axis',(-1.,-1.96322285894575E-15,1.38777878078147E-17));
#7437=DIRECTION('',(-1.87116234219459E-15,1.,-6.42990951733686E-17));
#7438=DIRECTION('',(-3.39757438168398E-17,1.,-6.42990951733687E-17));
#7439=DIRECTION('center_axis',(-1.38777878078146E-17,-6.42990951733687E-17,
-1.));
#7440=DIRECTION('ref_axis',(-1.,-1.22701428684109E-15,1.38777878078147E-17));
#7441=DIRECTION('',(-1.,-1.48029746148301E-15,1.38777878078147E-17));
#7442=DIRECTION('',(4.24696797710498E-17,1.,-6.42990951733687E-17));
#7443=DIRECTION('',(-1.,-8.90242800894668E-17,1.38777878078146E-17));
#7444=DIRECTION('center_axis',(-1.38777878078146E-17,-6.42990951733687E-17,
-1.));
#7445=DIRECTION('ref_axis',(0.999993272184963,0.00366818549299296,-1.41135554487526E-17));
#7446=DIRECTION('',(-3.39757438168398E-17,-1.,6.42990951733687E-17));
#7447=DIRECTION('',(-3.39757438168398E-17,-1.,6.42990951733687E-17));
#7448=DIRECTION('center_axis',(-1.38777878078146E-17,-6.42990951733687E-17,
-1.));
#7449=DIRECTION('ref_axis',(0.999993272184963,0.00366818549299331,-1.41135554487527E-17));
#7450=DIRECTION('',(1.,-8.63443478050697E-17,-1.38777878078146E-17));
#7451=DIRECTION('',(-0.851829399656073,-0.523819314154771,4.55026155913714E-17));
#7452=DIRECTION('',(1.,0.,-1.38777878078146E-17));
#7453=DIRECTION('',(0.,1.,-6.42990951733687E-17));
#7454=DIRECTION('',(-5.26849850646947E-17,-1.,6.42990951733687E-17));
#7455=DIRECTION('',(0.453049848125793,0.891485185021712,-6.36090204160116E-17));
#7456=DIRECTION('',(-0.707106781186548,0.707106781186547,-3.56532483544745E-17));
#7457=DIRECTION('',(0.453049848125785,-0.891485185021716,5.10343610987072E-17));
#7458=DIRECTION('',(3.42309321632462E-17,1.,-6.42990951733687E-17));
#7459=DIRECTION('',(-1.,4.31088900533271E-15,1.38777878078143E-17));
#7460=DIRECTION('',(-4.24321690063188E-15,-1.,6.42990951733687E-17));
#7461=DIRECTION('',(0.707106781186548,-0.707106781186547,3.56532483544745E-17));
#7462=DIRECTION('',(0.851829399656073,0.523819314154771,-4.55026155913714E-17));
#7463=DIRECTION('',(0.453049848125793,0.891485185021712,-6.36090204160116E-17));
#7464=DIRECTION('',(-1.,0.,1.38777878078146E-17));
#7465=DIRECTION('',(1.,3.6845980472752E-16,-1.38777878078146E-17));
#7466=DIRECTION('',(-0.453049848125785,0.891485185021716,-5.10343610987072E-17));
#7467=DIRECTION('',(-4.21312645569582E-15,-1.,6.42990951733687E-17));
#7468=DIRECTION('',(1.,0.,-1.38777878078146E-17));
#7469=DIRECTION('',(5.63320695058034E-16,1.,-6.42990951733687E-17));
#7470=DIRECTION('',(-0.453049848125793,-0.891485185021712,6.36090204160116E-17));
#7471=DIRECTION('',(1.,0.,-1.38777878078146E-17));
#7472=DIRECTION('',(9.94600897507847E-17,1.,-6.42990951733687E-17));
#7473=DIRECTION('',(-0.453049848125791,-0.891485185021713,6.36090204160117E-17));
#7474=DIRECTION('',(0.,-1.,6.42990951733687E-17));
#7475=DIRECTION('',(1.,-4.9737991507228E-15,-1.38777878078143E-17));
#7476=DIRECTION('',(5.05486136601726E-15,1.,-6.42990951733687E-17));
#7477=DIRECTION('',(-1.,-2.34719020910511E-15,1.38777878078147E-17));
#7478=DIRECTION('',(-0.453049848125793,-0.891485185021712,6.36090204160116E-17));
#7479=DIRECTION('',(-0.453049848125793,-0.891485185021712,6.36090204160116E-17));
#7480=DIRECTION('',(1.,0.,-1.38777878078146E-17));
#7481=DIRECTION('',(0.707106781186547,0.707106781186548,-5.52794040880219E-17));
#7482=DIRECTION('',(4.18283879898674E-15,1.,-6.42990951733687E-17));
#7483=DIRECTION('',(-5.10428673213765E-17,-1.,6.42990951733687E-17));
#7484=DIRECTION('',(0.707106781186548,-0.707106781186547,3.56532483544745E-17));
#7485=DIRECTION('',(0.453049848125793,0.891485185021712,-6.36090204160116E-17));
#7486=DIRECTION('',(-1.,4.31088900498019E-15,1.38777878078143E-17));
#7487=DIRECTION('',(4.08777428082793E-15,1.,-6.42990951733687E-17));
#7488=DIRECTION('',(-1.,0.,1.38777878078146E-17));
#7489=DIRECTION('',(0.453049848125785,-0.891485185021716,5.10343610987072E-17));
#7490=DIRECTION('',(-3.88562795278398E-15,-1.,6.42990951733687E-17));
#7491=DIRECTION('',(0.453049848125793,0.891485185021712,-6.36090204160116E-17));
#7492=DIRECTION('',(0.,1.,-6.42990951733687E-17));
#7493=DIRECTION('',(-0.707106781186547,0.707106781186547,-3.56532483544745E-17));
#7494=DIRECTION('',(1.,-4.62272222532643E-15,-1.38777878078143E-17));
#7495=DIRECTION('',(-0.453049848125785,0.891485185021716,-5.10343610987072E-17));
#7496=DIRECTION('',(4.28249113258122E-17,-1.,6.42990951733687E-17));
#7497=DIRECTION('',(1.,-5.55111512312578E-16,-1.38777878078146E-17));
#7498=DIRECTION('',(0.,1.,-6.42990951733687E-17));
#7499=DIRECTION('',(-1.,-5.55111512312578E-16,1.38777878078146E-17));
#7500=DIRECTION('',(0.,-1.,6.42990951733687E-17));
#7501=DIRECTION('',(1.,-4.9737991507228E-15,-1.38777878078143E-17));
#7502=DIRECTION('',(9.94600897507847E-17,1.,-6.42990951733687E-17));
#7503=DIRECTION('',(-1.,0.,1.38777878078146E-17));
#7504=DIRECTION('',(-4.96787469826235E-15,-1.,6.42990951733687E-17));
#7505=DIRECTION('',(1.,0.,-1.38777878078146E-17));
#7506=DIRECTION('',(4.18283879898674E-15,1.,-6.42990951733687E-17));
#7507=DIRECTION('',(-0.707106781186547,-0.707106781186548,5.52794040880219E-17));
#7508=DIRECTION('',(0.,-1.,6.42990951733687E-17));
#7509=DIRECTION('center_axis',(-4.16333634234435E-15,-1.,0.));
#7510=DIRECTION('ref_axis',(1.,-4.16333634234435E-15,-1.38777878078143E-17));
#7511=DIRECTION('center_axis',(0.,0.,1.));
#7512=DIRECTION('ref_axis',(-1.,0.,0.));
#7513=DIRECTION('',(0.,0.,-1.));
#7514=DIRECTION('center_axis',(0.,0.,1.));
#7515=DIRECTION('ref_axis',(-1.,0.,0.));
#7516=DIRECTION('',(0.,0.,-1.));
#7517=DIRECTION('center_axis',(0.,0.,1.));
#7518=DIRECTION('ref_axis',(-1.,0.,0.));
#7519=DIRECTION('',(0.,0.,-1.));
#7520=DIRECTION('center_axis',(0.,0.,1.));
#7521=DIRECTION('ref_axis',(-1.,0.,0.));
#7522=DIRECTION('',(0.,0.,-1.));
#7523=DIRECTION('center_axis',(0.,0.,1.));
#7524=DIRECTION('ref_axis',(-1.,0.,0.));
#7525=DIRECTION('',(0.,0.,-1.));
#7526=DIRECTION('center_axis',(0.,0.,1.));
#7527=DIRECTION('ref_axis',(-1.,0.,0.));
#7528=DIRECTION('',(0.,0.,-1.));
#7529=DIRECTION('center_axis',(0.,0.,1.));
#7530=DIRECTION('ref_axis',(1.,0.,0.));
#7531=DIRECTION('center_axis',(0.,0.,1.));
#7532=DIRECTION('ref_axis',(-1.,0.,0.));
#7533=DIRECTION('',(0.,0.,-1.));
#7534=DIRECTION('center_axis',(0.,0.,1.));
#7535=DIRECTION('ref_axis',(-1.,0.,0.));
#7536=DIRECTION('',(0.,0.,-1.));
#7537=DIRECTION('center_axis',(0.,0.,1.));
#7538=DIRECTION('ref_axis',(-1.,0.,0.));
#7539=DIRECTION('',(0.,0.,-1.));
#7540=DIRECTION('center_axis',(0.,-1.,0.));
#7541=DIRECTION('ref_axis',(-1.,0.,0.));
#7542=DIRECTION('',(-1.,0.,0.));
#7543=DIRECTION('',(0.,0.,-1.));
#7544=DIRECTION('',(0.,0.,-1.));
#7545=DIRECTION('center_axis',(1.,-4.18283879898674E-15,0.));
#7546=DIRECTION('ref_axis',(-4.18283879898674E-15,-1.,0.));
#7547=DIRECTION('',(-4.18283879898674E-15,-1.,0.));
#7548=DIRECTION('',(0.,0.,-1.));
#7549=DIRECTION('center_axis',(-0.707106781186548,0.707106781186547,0.));
#7550=DIRECTION('ref_axis',(0.707106781186547,0.707106781186548,0.));
#7551=DIRECTION('',(0.707106781186547,0.707106781186548,0.));
#7552=DIRECTION('',(0.,0.,-1.));
#7553=DIRECTION('center_axis',(-1.,0.,0.));
#7554=DIRECTION('ref_axis',(0.,1.,0.));
#7555=DIRECTION('',(0.,1.,0.));
#7556=DIRECTION('center_axis',(-4.9737991507228E-15,-1.,0.));
#7557=DIRECTION('ref_axis',(-1.,4.9737991507228E-15,0.));
#7558=DIRECTION('',(-1.,4.9737991507228E-15,0.));
#7559=DIRECTION('',(0.,0.,-1.));
#7560=DIRECTION('',(0.,0.,-1.));
#7561=DIRECTION('center_axis',(1.,-9.94600897507847E-17,0.));
#7562=DIRECTION('ref_axis',(-9.94600897507847E-17,-1.,0.));
#7563=DIRECTION('',(-9.94600897507847E-17,-1.,0.));
#7564=DIRECTION('',(0.,0.,-1.));
#7565=DIRECTION('center_axis',(0.,1.,0.));
#7566=DIRECTION('ref_axis',(1.,0.,0.));
#7567=DIRECTION('',(1.,0.,0.));
#7568=DIRECTION('',(0.,0.,-1.));
#7569=DIRECTION('center_axis',(-1.,4.96787469826235E-15,0.));
#7570=DIRECTION('ref_axis',(4.96787469826235E-15,1.,0.));
#7571=DIRECTION('',(4.96787469826235E-15,1.,0.));
#7572=DIRECTION('center_axis',(-5.55111512312578E-16,-1.,0.));
#7573=DIRECTION('ref_axis',(-1.,5.55111512312578E-16,0.));
#7574=DIRECTION('',(-1.,5.55111512312578E-16,0.));
#7575=DIRECTION('',(0.,0.,-1.));
#7576=DIRECTION('',(0.,0.,-1.));
#7577=DIRECTION('center_axis',(1.,0.,0.));
#7578=DIRECTION('ref_axis',(0.,-1.,0.));
#7579=DIRECTION('',(0.,-1.,0.));
#7580=DIRECTION('',(0.,0.,-1.));
#7581=DIRECTION('center_axis',(-5.55111512312578E-16,1.,0.));
#7582=DIRECTION('ref_axis',(1.,5.55111512312578E-16,0.));
#7583=DIRECTION('',(1.,5.55111512312578E-16,0.));
#7584=DIRECTION('',(0.,0.,-1.));
#7585=DIRECTION('center_axis',(-1.,0.,0.));
#7586=DIRECTION('ref_axis',(0.,1.,0.));
#7587=DIRECTION('',(0.,1.,0.));
#7588=DIRECTION('center_axis',(-4.62272222532643E-15,-1.,0.));
#7589=DIRECTION('ref_axis',(-1.,4.62272222532643E-15,0.));
#7590=DIRECTION('',(-1.,4.62272222532643E-15,0.));
#7591=DIRECTION('',(0.,0.,-1.));
#7592=DIRECTION('',(0.,0.,-1.));
#7593=DIRECTION('center_axis',(0.891485185021716,0.453049848125785,0.));
#7594=DIRECTION('ref_axis',(0.453049848125785,-0.891485185021716,0.));
#7595=DIRECTION('',(0.453049848125785,-0.891485185021716,0.));
#7596=DIRECTION('',(0.,0.,-1.));
#7597=DIRECTION('center_axis',(-1.,-4.28249113258122E-17,0.));
#7598=DIRECTION('ref_axis',(-4.28249113258122E-17,1.,0.));
#7599=DIRECTION('',(-4.28249113258122E-17,1.,0.));
#7600=DIRECTION('center_axis',(-1.,3.88562795278398E-15,0.));
#7601=DIRECTION('ref_axis',(3.88562795278398E-15,1.,0.));
#7602=DIRECTION('',(3.88562795278398E-15,1.,0.));
#7603=DIRECTION('',(0.,0.,-1.));
#7604=DIRECTION('',(0.,0.,-1.));
#7605=DIRECTION('center_axis',(0.891485185021712,-0.453049848125793,0.));
#7606=DIRECTION('ref_axis',(-0.453049848125793,-0.891485185021712,0.));
#7607=DIRECTION('',(-0.453049848125793,-0.891485185021712,0.));
#7608=DIRECTION('',(0.,0.,-1.));
#7609=DIRECTION('center_axis',(1.,0.,0.));
#7610=DIRECTION('ref_axis',(0.,-1.,0.));
#7611=DIRECTION('',(0.,-1.,0.));
#7612=DIRECTION('',(0.,0.,-1.));
#7613=DIRECTION('center_axis',(0.707106781186548,0.707106781186548,0.));
#7614=DIRECTION('ref_axis',(0.707106781186548,-0.707106781186548,0.));
#7615=DIRECTION('',(0.707106781186547,-0.707106781186547,0.));
#7616=DIRECTION('center_axis',(1.,-4.08777428082793E-15,0.));
#7617=DIRECTION('ref_axis',(-4.08777428082793E-15,-1.,0.));
#7618=DIRECTION('',(-4.08777428082793E-15,-1.,0.));
#7619=DIRECTION('',(0.,0.,-1.));
#7620=DIRECTION('',(0.,0.,-1.));
#7621=DIRECTION('center_axis',(0.,1.,0.));
#7622=DIRECTION('ref_axis',(1.,0.,0.));
#7623=DIRECTION('',(1.,0.,0.));
#7624=DIRECTION('',(0.,0.,-1.));
#7625=DIRECTION('center_axis',(-0.891485185021716,-0.453049848125785,0.));
#7626=DIRECTION('ref_axis',(-0.453049848125785,0.891485185021716,0.));
#7627=DIRECTION('',(-0.453049848125785,0.891485185021716,0.));
#7628=DIRECTION('center_axis',(-1.,5.10428673213765E-17,0.));
#7629=DIRECTION('ref_axis',(5.10428673213765E-17,1.,0.));
#7630=DIRECTION('',(5.10428673213765E-17,1.,0.));
#7631=DIRECTION('',(0.,0.,-1.));
#7632=DIRECTION('',(0.,0.,-1.));
#7633=DIRECTION('center_axis',(-0.707106781186547,-0.707106781186548,0.));
#7634=DIRECTION('ref_axis',(-0.707106781186548,0.707106781186547,0.));
#7635=DIRECTION('',(-0.707106781186548,0.707106781186547,0.));
#7636=DIRECTION('',(0.,0.,-1.));
#7637=DIRECTION('center_axis',(0.891485185021712,-0.453049848125793,0.));
#7638=DIRECTION('ref_axis',(-0.453049848125793,-0.891485185021712,0.));
#7639=DIRECTION('',(-0.453049848125793,-0.891485185021712,0.));
#7640=DIRECTION('',(0.,0.,-1.));
#7641=DIRECTION('center_axis',(4.31088900498019E-15,1.,0.));
#7642=DIRECTION('ref_axis',(1.,-4.31088900498019E-15,0.));
#7643=DIRECTION('',(1.,-4.31088900498019E-15,0.));
#7644=DIRECTION('center_axis',(-0.891485185021712,0.453049848125793,0.));
#7645=DIRECTION('ref_axis',(0.453049848125793,0.891485185021712,0.));
#7646=DIRECTION('',(0.453049848125793,0.891485185021712,0.));
#7647=DIRECTION('',(0.,0.,-1.));
#7648=DIRECTION('',(0.,0.,-1.));
#7649=DIRECTION('center_axis',(0.,-1.,0.));
#7650=DIRECTION('ref_axis',(-1.,0.,0.));
#7651=DIRECTION('',(-1.,0.,0.));
#7652=DIRECTION('',(0.,0.,-1.));
#7653=DIRECTION('center_axis',(0.707106781186548,-0.707106781186547,0.));
#7654=DIRECTION('ref_axis',(-0.707106781186547,-0.707106781186548,0.));
#7655=DIRECTION('',(-0.707106781186547,-0.707106781186548,0.));
#7656=DIRECTION('',(0.,0.,-1.));
#7657=DIRECTION('center_axis',(1.,-4.18283879898674E-15,0.));
#7658=DIRECTION('ref_axis',(-4.18283879898674E-15,-1.,0.));
#7659=DIRECTION('',(-4.18283879898674E-15,-1.,0.));
#7660=DIRECTION('center_axis',(-4.9737991507228E-15,-1.,0.));
#7661=DIRECTION('ref_axis',(-1.,4.9737991507228E-15,0.));
#7662=DIRECTION('',(-1.,4.9737991507228E-15,0.));
#7663=DIRECTION('',(0.,0.,-1.));
#7664=DIRECTION('',(0.,0.,-1.));
#7665=DIRECTION('center_axis',(1.,-5.05486136601726E-15,0.));
#7666=DIRECTION('ref_axis',(-5.05486136601726E-15,-1.,0.));
#7667=DIRECTION('',(-5.05486136601726E-15,-1.,0.));
#7668=DIRECTION('',(0.,0.,-1.));
#7669=DIRECTION('center_axis',(-2.34719020910511E-15,1.,0.));
#7670=DIRECTION('ref_axis',(1.,2.34719020910511E-15,0.));
#7671=DIRECTION('',(1.,2.34719020910511E-15,0.));
#7672=DIRECTION('',(0.,0.,-1.));
#7673=DIRECTION('center_axis',(-0.891485185021712,0.453049848125793,0.));
#7674=DIRECTION('ref_axis',(0.453049848125793,0.891485185021712,0.));
#7675=DIRECTION('',(0.453049848125793,0.891485185021712,0.));
#7676=DIRECTION('center_axis',(0.,-1.,0.));
#7677=DIRECTION('ref_axis',(-1.,0.,0.));
#7678=DIRECTION('',(-1.,0.,0.));
#7679=DIRECTION('',(0.,0.,-1.));
#7680=DIRECTION('',(0.,0.,-1.));
#7681=DIRECTION('center_axis',(1.,-9.94600897507847E-17,0.));
#7682=DIRECTION('ref_axis',(-9.94600897507847E-17,-1.,0.));
#7683=DIRECTION('',(-9.94600897507847E-17,-1.,0.));
#7684=DIRECTION('',(0.,0.,-1.));
#7685=DIRECTION('center_axis',(-0.891485185021713,0.453049848125791,0.));
#7686=DIRECTION('ref_axis',(0.453049848125791,0.891485185021713,0.));
#7687=DIRECTION('',(0.453049848125791,0.891485185021713,0.));
#7688=DIRECTION('',(0.,0.,-1.));
#7689=DIRECTION('center_axis',(-1.,0.,0.));
#7690=DIRECTION('ref_axis',(0.,1.,0.));
#7691=DIRECTION('',(0.,1.,0.));
#7692=DIRECTION('center_axis',(0.,-1.,0.));
#7693=DIRECTION('ref_axis',(-1.,0.,0.));
#7694=DIRECTION('',(-1.,0.,0.));
#7695=DIRECTION('',(0.,0.,-1.));
#7696=DIRECTION('',(0.,0.,-1.));
#7697=DIRECTION('center_axis',(1.,-5.63320695058034E-16,0.));
#7698=DIRECTION('ref_axis',(-5.63320695058034E-16,-1.,0.));
#7699=DIRECTION('',(-5.63320695058034E-16,-1.,0.));
#7700=DIRECTION('',(0.,0.,-1.));
#7701=DIRECTION('center_axis',(-0.891485185021712,0.453049848125793,0.));
#7702=DIRECTION('ref_axis',(0.453049848125793,0.891485185021712,0.));
#7703=DIRECTION('',(0.453049848125793,0.891485185021712,0.));
#7704=DIRECTION('center_axis',(3.6845980472752E-16,-1.,0.));
#7705=DIRECTION('ref_axis',(-1.,-3.6845980472752E-16,0.));
#7706=DIRECTION('',(-1.,-3.6845980472752E-16,0.));
#7707=DIRECTION('',(0.,0.,-1.));
#7708=DIRECTION('',(0.,0.,-1.));
#7709=DIRECTION('center_axis',(0.891485185021716,0.453049848125785,0.));
#7710=DIRECTION('ref_axis',(0.453049848125785,-0.891485185021716,0.));
#7711=DIRECTION('',(0.453049848125785,-0.891485185021716,0.));
#7712=DIRECTION('',(0.,0.,-1.));
#7713=DIRECTION('center_axis',(-1.,4.21312645569582E-15,0.));
#7714=DIRECTION('ref_axis',(4.21312645569582E-15,1.,0.));
#7715=DIRECTION('',(4.21312645569582E-15,1.,0.));
#7716=DIRECTION('center_axis',(-1.,4.24321690063188E-15,0.));
#7717=DIRECTION('ref_axis',(4.24321690063188E-15,1.,0.));
#7718=DIRECTION('',(4.24321690063188E-15,1.,0.));
#7719=DIRECTION('',(0.,0.,-1.));
#7720=DIRECTION('',(0.,0.,-1.));
#7721=DIRECTION('center_axis',(-0.707106781186547,-0.707106781186548,0.));
#7722=DIRECTION('ref_axis',(-0.707106781186548,0.707106781186547,0.));
#7723=DIRECTION('',(-0.707106781186548,0.707106781186547,0.));
#7724=DIRECTION('',(0.,0.,-1.));
#7725=DIRECTION('center_axis',(0.523819314154771,-0.851829399656073,0.));
#7726=DIRECTION('ref_axis',(-0.851829399656073,-0.523819314154771,0.));
#7727=DIRECTION('',(-0.851829399656073,-0.523819314154771,0.));
#7728=DIRECTION('',(0.,0.,-1.));
#7729=DIRECTION('center_axis',(0.891485185021712,-0.453049848125793,0.));
#7730=DIRECTION('ref_axis',(-0.453049848125793,-0.891485185021712,0.));
#7731=DIRECTION('',(-0.453049848125793,-0.891485185021712,0.));
#7732=DIRECTION('',(0.,0.,-1.));
#7733=DIRECTION('center_axis',(0.,1.,0.));
#7734=DIRECTION('ref_axis',(1.,0.,0.));
#7735=DIRECTION('',(1.,0.,0.));
#7736=DIRECTION('center_axis',(-0.891485185021716,-0.453049848125785,0.));
#7737=DIRECTION('ref_axis',(-0.453049848125785,0.891485185021716,0.));
#7738=DIRECTION('',(-0.453049848125785,0.891485185021716,0.));
#7739=DIRECTION('',(0.,0.,-1.));
#7740=DIRECTION('',(0.,0.,-1.));
#7741=DIRECTION('center_axis',(1.,-3.42309321632462E-17,0.));
#7742=DIRECTION('ref_axis',(-3.42309321632462E-17,-1.,0.));
#7743=DIRECTION('',(-3.42309321632462E-17,-1.,0.));
#7744=DIRECTION('',(0.,0.,-1.));
#7745=DIRECTION('center_axis',(4.31088900533271E-15,1.,0.));
#7746=DIRECTION('ref_axis',(1.,-4.31088900533271E-15,0.));
#7747=DIRECTION('',(1.,-4.31088900533271E-15,0.));
#7748=DIRECTION('center_axis',(-1.,5.26849850646947E-17,0.));
#7749=DIRECTION('ref_axis',(5.26849850646947E-17,1.,0.));
#7750=DIRECTION('',(5.26849850646947E-17,1.,0.));
#7751=DIRECTION('',(0.,0.,-1.));
#7752=DIRECTION('',(0.,0.,-1.));
#7753=DIRECTION('center_axis',(0.891485185021712,-0.453049848125793,0.));
#7754=DIRECTION('ref_axis',(-0.453049848125793,-0.891485185021712,0.));
#7755=DIRECTION('',(-0.453049848125793,-0.891485185021712,0.));
#7756=DIRECTION('',(0.,0.,-1.));
#7757=DIRECTION('center_axis',(0.707106781186547,0.707106781186548,0.));
#7758=DIRECTION('ref_axis',(0.707106781186548,-0.707106781186547,0.));
#7759=DIRECTION('',(0.707106781186548,-0.707106781186547,0.));
#7760=DIRECTION('center_axis',(-0.523819314154771,0.851829399656073,0.));
#7761=DIRECTION('ref_axis',(0.851829399656073,0.523819314154771,0.));
#7762=DIRECTION('',(0.851829399656073,0.523819314154771,0.));
#7763=DIRECTION('',(0.,0.,-1.));
#7764=DIRECTION('',(0.,0.,-1.));
#7765=DIRECTION('center_axis',(0.,-1.,0.));
#7766=DIRECTION('ref_axis',(-1.,0.,0.));
#7767=DIRECTION('',(-1.,0.,0.));
#7768=DIRECTION('',(0.,0.,-1.));
#7769=DIRECTION('center_axis',(1.,0.,0.));
#7770=DIRECTION('ref_axis',(0.,-1.,0.));
#7771=DIRECTION('',(0.,-1.,0.));
#7772=DIRECTION('center_axis',(1.,0.,0.));
#7773=DIRECTION('ref_axis',(0.,0.,1.));
#7774=DIRECTION('center_axis',(0.,1.,0.));
#7775=DIRECTION('ref_axis',(-0.884156973599331,0.,-0.467189946419732));
#7776=DIRECTION('center_axis',(-1.,8.63443478050697E-17,1.38777878078146E-17));
#7777=DIRECTION('ref_axis',(0.,-0.707791736469398,0.706421161762326));
#7778=DIRECTION('center_axis',(-0.707106781186548,-0.707106781186547,0.));
#7779=DIRECTION('ref_axis',(0.707106781186547,-0.707106781186548,-4.9065389333868E-17));
#7780=DIRECTION('',(-1.,8.63443478050697E-17,1.38777878078146E-17));
#7781=DIRECTION('center_axis',(-0.834416788841163,0.,-0.551133942431422));
#7782=DIRECTION('ref_axis',(-0.551133942431422,-5.78992956940779E-17,0.834416788841163));
#7783=DIRECTION('center_axis',(0.,-1.,0.));
#7784=DIRECTION('ref_axis',(0.,0.,1.));
#7785=DIRECTION('center_axis',(0.109351951093124,0.994003093955007,6.62139072874495E-15));
#7786=DIRECTION('ref_axis',(-0.880875687138109,0.0969066149238884,-0.463321844718072));
#7787=DIRECTION('center_axis',(3.39757438168398E-17,1.,-6.42990951733687E-17));
#7788=DIRECTION('ref_axis',(-0.856501589729916,0.,0.516144385603609));
#7789=DIRECTION('',(3.39757438168398E-17,1.,-6.42990951733687E-17));
#7790=DIRECTION('center_axis',(0.109436815795973,-0.993993754179793,0.));
#7791=DIRECTION('ref_axis',(0.,0.,1.));
#7792=DIRECTION('center_axis',(0.,1.,0.));
#7793=DIRECTION('ref_axis',(-0.884156973599332,0.,-0.46718994641973));
#7794=DIRECTION('center_axis',(0.321105701296005,0.00117788319979243,0.947042629022775));
#7795=DIRECTION('ref_axis',(0.947036257495134,0.00347392803302684,-0.321107861650305));
#7796=DIRECTION('center_axis',(0.,-1.,0.));
#7797=DIRECTION('ref_axis',(0.,0.,1.));
#7798=DIRECTION('center_axis',(1.,0.,0.));
#7799=DIRECTION('ref_axis',(0.,0.999998121524972,0.00193828442874189));
#7800=DIRECTION('center_axis',(3.39757438168398E-17,1.,-6.42990951733687E-17));
#7801=DIRECTION('ref_axis',(-0.856501589729912,0.,0.516144385603615));
#7802=DIRECTION('',(3.39757438168398E-17,1.,-6.42990951733687E-17));
#7803=DIRECTION('center_axis',(1.,8.90242800894668E-17,-1.38777878078146E-17));
#7804=DIRECTION('ref_axis',(0.,0.706421161762323,0.707791736469401));
#7805=DIRECTION('center_axis',(-0.834416788841163,0.,-0.551133942431422));
#7806=DIRECTION('ref_axis',(-0.551133942431422,1.15798591388156E-16,0.834416788841163));
#7807=DIRECTION('center_axis',(-0.707106781186548,0.707106781186547,0.));
#7808=DIRECTION('ref_axis',(0.707106781186547,0.707106781186548,4.9065389333868E-17));
#7809=DIRECTION('center_axis',(0.467189260366309,0.00171374839714011,-0.88415567524323));
#7810=DIRECTION('ref_axis',(0.62547665506085,-0.70742582911755,0.329131660997901));
#7811=DIRECTION('',(-0.467189260366309,-0.00171374839714011,0.88415567524323));
#7812=DIRECTION('center_axis',(-0.467175626880615,0.0078294173843438,0.884129873871552));
#7813=DIRECTION('ref_axis',(0.884156973599331,0.,0.467189946419732));
#7814=DIRECTION('center_axis',(0.467089736965016,0.0207109162939609,-0.883967327206281));
#7815=DIRECTION('ref_axis',(0.884156973599331,0.,0.467189946419732));
#7816=DIRECTION('center_axis',(-8.63710847093818E-17,-0.999998121524972,
-0.00193828442874068));
#7817=DIRECTION('ref_axis',(0.,0.00193828442874068,-0.999998121524972));
#7818=DIRECTION('',(-0.551133221607778,-0.0016173379917175,0.834415697514166));
#7819=DIRECTION('center_axis',(-0.884156973599332,0.,-0.467189946419731));
#7820=DIRECTION('ref_axis',(-0.467189946419731,0.,0.884156973599331));
#7821=DIRECTION('center_axis',(-0.884156973599332,0.,-0.467189946419731));
#7822=DIRECTION('ref_axis',(-0.467189946419731,0.,0.884156973599331));
#7823=DIRECTION('center_axis',(0.,1.,0.));
#7824=DIRECTION('ref_axis',(0.,0.,1.));
#7825=DIRECTION('center_axis',(-1.,0.,0.));
#7826=DIRECTION('ref_axis',(0.,-1.,0.));
#7827=DIRECTION('center_axis',(-0.109425304071473,0.993995021531228,0.));
#7828=DIRECTION('ref_axis',(0.,0.,1.));
#7829=DIRECTION('center_axis',(0.,-1.,0.));
#7830=DIRECTION('ref_axis',(0.88415697359933,0.,-0.467189946419734));
#7831=DIRECTION('center_axis',(-0.1093635003211,-0.994001823337119,-3.57997102496648E-14));
#7832=DIRECTION('ref_axis',(0.880797906760871,-0.0969084159578857,-0.463469315448392));
#7833=DIRECTION('center_axis',(0.,1.,0.));
#7834=DIRECTION('ref_axis',(0.,0.,1.));
#7835=DIRECTION('center_axis',(-0.467105958834492,-0.0189607836008316,-0.883998027094265));
#7836=DIRECTION('ref_axis',(-0.884156973599331,0.,0.467189946419732));
#7837=DIRECTION('center_axis',(-1.,0.,0.));
#7838=DIRECTION('ref_axis',(0.,0.,1.));
#7839=DIRECTION('center_axis',(0.,-1.,0.));
#7840=DIRECTION('ref_axis',(0.884156973599332,0.,-0.46718994641973));
#7841=DIRECTION('center_axis',(1.,1.48029746148301E-15,-1.38777878078147E-17));
#7842=DIRECTION('ref_axis',(0.,0.707106781186554,0.707106781186541));
#7843=DIRECTION('center_axis',(0.707106781186545,0.70710678118655,0.));
#7844=DIRECTION('ref_axis',(-0.70710678118655,0.707106781186545,-4.90653893338679E-17));
#7845=DIRECTION('center_axis',(0.834416788841164,1.71025611896353E-15,-0.551133942431421));
#7846=DIRECTION('ref_axis',(0.551133942431421,2.8949647847039E-16,0.834416788841164));
#7847=DIRECTION('center_axis',(3.39757438168398E-17,-1.,6.42990951733687E-17));
#7848=DIRECTION('ref_axis',(0.856501589729912,0.,0.516144385603615));
#7849=DIRECTION('',(3.39757438168398E-17,-1.,6.42990951733687E-17));
#7850=DIRECTION('center_axis',(1.87116234219459E-15,-1.,6.42990951733686E-17));
#7851=DIRECTION('ref_axis',(0.856501589729916,0.,0.516144385603609));
#7852=DIRECTION('',(1.87116234219459E-15,-1.,6.42990951733687E-17));
#7853=DIRECTION('center_axis',(0.467168509274954,-0.00957958603243701,0.884116403802839));
#7854=DIRECTION('ref_axis',(-0.884156973599331,0.,0.467189946419732));
#7855=DIRECTION('center_axis',(-1.,-2.59052048610817E-15,1.38777878078148E-17));
#7856=DIRECTION('ref_axis',(3.14018491736755E-15,-0.707106781186544,0.707106781186551));
#7857=DIRECTION('center_axis',(0.834416788841164,1.71025611896353E-15,-0.551133942431421));
#7858=DIRECTION('ref_axis',(0.551133942431421,2.31597182776312E-15,0.834416788841164));
#7859=DIRECTION('center_axis',(0.707106781186553,-0.707106781186542,0.));
#7860=DIRECTION('ref_axis',(-0.707106781186542,-0.707106781186553,-4.90653893338683E-17));
#7861=DIRECTION('center_axis',(0.884156973599331,1.62436134275892E-15,-0.467189946419732));
#7862=DIRECTION('ref_axis',(-0.467189946419732,0.,-0.884156973599331));
#7863=DIRECTION('center_axis',(0.884156973599332,0.,-0.467189946419731));
#7864=DIRECTION('ref_axis',(-0.467189946419731,0.,-0.884156973599332));
#7865=DIRECTION('center_axis',(0.884156973599332,0.,-0.467189946419731));
#7866=DIRECTION('ref_axis',(-0.467189946419731,0.,-0.884156973599332));
#7867=DIRECTION('center_axis',(-4.24696797710498E-17,-1.,6.42990951733687E-17));
#7868=DIRECTION('ref_axis',(0.47374363191951,0.,0.880662802220982));
#7869=DIRECTION('',(-4.24696797710498E-17,-1.,6.42990951733687E-17));
#7870=DIRECTION('center_axis',(0.834416788841163,0.,0.551133942431422));
#7871=DIRECTION('ref_axis',(0.551133942431422,0.,-0.834416788841163));
#7872=DIRECTION('center_axis',(0.,0.,1.));
#7873=DIRECTION('ref_axis',(0.705869744780171,-0.708341657255859,0.));
#7874=DIRECTION('',(0.,0.,-1.));
#7875=DIRECTION('center_axis',(0.,0.,1.));
#7876=DIRECTION('ref_axis',(-0.615384615384597,0.788226981996906,0.));
#7877=DIRECTION('',(0.,0.,1.));
#7878=DIRECTION('center_axis',(1.,9.53161375683852E-23,8.67361737995115E-19));
#7879=DIRECTION('ref_axis',(0.,-0.707106781186548,0.707106781186547));
#7880=DIRECTION('center_axis',(-0.707106781186547,0.,0.707106781186548));
#7881=DIRECTION('ref_axis',(0.707106781186548,0.,0.707106781186547));
#7882=DIRECTION('center_axis',(-0.884156973599331,0.,-0.467189946419731));
#7883=DIRECTION('ref_axis',(-0.467189946419731,0.,0.884156973599331));
#7884=DIRECTION('center_axis',(0.,0.,1.));
#7885=DIRECTION('ref_axis',(0.,1.,0.));
#7886=DIRECTION('',(0.,0.,1.));
#7887=DIRECTION('center_axis',(9.53161375683852E-23,-1.,0.));
#7888=DIRECTION('ref_axis',(1.,9.53161375683852E-23,8.67361737995115E-19));
#7889=DIRECTION('center_axis',(-2.09211218677134E-15,1.,-6.42990951733686E-17));
#7890=DIRECTION('ref_axis',(-0.473743631919511,0.,0.880662802220981));
#7891=DIRECTION('',(-2.09211218677134E-15,1.,-6.42990951733686E-17));
#7892=DIRECTION('center_axis',(-0.834416788841164,-1.71025611896353E-15,
0.551133942431421));
#7893=DIRECTION('ref_axis',(0.551133942431421,0.,0.834416788841164));
#7894=DIRECTION('center_axis',(0.,0.,1.));
#7895=DIRECTION('ref_axis',(4.44089209850062E-15,-1.,0.));
#7896=DIRECTION('center_axis',(0.,0.,1.));
#7897=DIRECTION('ref_axis',(-1.,-9.53161375683852E-23,0.));
#7898=DIRECTION('',(0.,0.,-1.));
#7899=DIRECTION('center_axis',(-0.884156973599331,0.,-0.467189946419731));
#7900=DIRECTION('ref_axis',(-0.467189946419731,0.,0.884156973599331));
#7901=DIRECTION('center_axis',(0.,0.,1.));
#7902=DIRECTION('ref_axis',(-1.,-9.53161375683852E-23,0.));
#7903=DIRECTION('',(0.,0.,-1.));
#7904=DIRECTION('center_axis',(0.,0.,1.));
#7905=DIRECTION('ref_axis',(1.,0.,0.));
#7906=CARTESIAN_POINT('',(0.,0.,0.));
#7907=CARTESIAN_POINT('Ctrl Pts',(-16.7255793241974,-31.7598480586319,27.9255793241971));
#7908=CARTESIAN_POINT('Ctrl Pts',(-16.7492632170167,-31.7361641658125,27.8782115385585));
#7909=CARTESIAN_POINT('Ctrl Pts',(-16.7885682655498,-31.6968591172794,27.7757554746185));
#7910=CARTESIAN_POINT('Ctrl Pts',(-16.8418793844628,-31.6435479983665,27.5064486586094));
#7911=CARTESIAN_POINT('Ctrl Pts',(-16.8535533905934,-31.6318739922358,27.2971303145399));
#7912=CARTESIAN_POINT('Ctrl Pts',(-16.8535533905934,-31.6318739922358,27.200075505701));
#7913=CARTESIAN_POINT('Ctrl Pts',(-16.701895431378,-31.7124802729932,27.9018954313778));
#7914=CARTESIAN_POINT('Ctrl Pts',(-16.7252861287575,-31.6936471019715,27.8549400112348));
#7915=CARTESIAN_POINT('Ctrl Pts',(-16.7647229242042,-31.6611622815111,27.7525319950922));
#7916=CARTESIAN_POINT('Ctrl Pts',(-16.8152667062702,-31.6130139546272,27.4861641382219));
#7917=CARTESIAN_POINT('Ctrl Pts',(-16.8244141120638,-31.6027347137062,27.2917383807155));
#7918=CARTESIAN_POINT('Ctrl Pts',(-16.8227000368562,-31.6010206384986,27.200075505701));
#7919=CARTESIAN_POINT('Ctrl Pts',(-16.6496103788126,-31.6317558964312,27.8496103788124));
#7920=CARTESIAN_POINT('Ctrl Pts',(-16.6727752989132,-31.6193489626999,27.8026662249394));
#7921=CARTESIAN_POINT('Ctrl Pts',(-16.7114999309372,-31.5955782828821,27.6976739927717));
#7922=CARTESIAN_POINT('Ctrl Pts',(-16.7529258225574,-31.5564407525282,27.4386454332623));
#7923=CARTESIAN_POINT('Ctrl Pts',(-16.7577358120013,-31.5504961781804,27.2799920034954));
#7924=CARTESIAN_POINT('Ctrl Pts',(-16.75287266828,-31.5474403736616,27.200075505701));
#7925=CARTESIAN_POINT('Ctrl Pts',(-16.5122245180312,-31.5196764788175,27.7122245180309));
#7926=CARTESIAN_POINT('Ctrl Pts',(-16.5377573409995,-31.5149801087055,27.6656309783723));
#7927=CARTESIAN_POINT('Ctrl Pts',(-16.5800818264613,-31.5044976969446,27.5595373229595));
#7928=CARTESIAN_POINT('Ctrl Pts',(-16.6291205365245,-31.4977860992925,27.3739068642833));
#7929=CARTESIAN_POINT('Ctrl Pts',(-16.6364951477372,-31.4981938018638,27.2610667517939));
#7930=CARTESIAN_POINT('Ctrl Pts',(-16.6308956057367,-31.4969158200578,27.200075505701));
#7931=CARTESIAN_POINT('Ctrl Pts',(-16.4021073028643,-31.4854273828291,27.6021073028641));
#7932=CARTESIAN_POINT('Ctrl Pts',(-16.432781154984,-31.4854273828291,27.5660410288374));
#7933=CARTESIAN_POINT('Ctrl Pts',(-16.4863623562162,-31.4854273828291,27.4862753216196));
#7934=CARTESIAN_POINT('Ctrl Pts',(-16.537729203266,-31.4854273828291,27.34705511336));
#7935=CARTESIAN_POINT('Ctrl Pts',(-16.5460572997055,-31.4854273828291,27.2493663462784));
#7936=CARTESIAN_POINT('Ctrl Pts',(-16.5436332313,-31.4854273828291,27.200075505701));
#7937=CARTESIAN_POINT('Ctrl Pts',(-16.3535755057013,-31.4854273828291,27.553575505701));
#7938=CARTESIAN_POINT('Ctrl Pts',(-16.3844242002302,-31.4854273828291,27.522726811172));
#7939=CARTESIAN_POINT('Ctrl Pts',(-16.4379963738363,-31.4854273828291,27.4529099873246));
#7940=CARTESIAN_POINT('Ctrl Pts',(-16.4885132976565,-31.4854273828291,27.3309513447086));
#7941=CARTESIAN_POINT('Ctrl Pts',(-16.5000000000001,-31.4854273828291,27.2437021478854));
#7942=CARTESIAN_POINT('Ctrl Pts',(-16.5000000000001,-31.4854273828291,27.200075505701));
#7943=CARTESIAN_POINT('',(-16.7255793241974,-31.7598480586319,27.9255793241971));
#7944=CARTESIAN_POINT('',(-16.8231929665773,-31.6622344162519,27.5873958898998));
#7945=CARTESIAN_POINT('Ctrl Pts',(-16.7255793241974,-31.7598480586319,27.9255793241971));
#7946=CARTESIAN_POINT('Ctrl Pts',(-16.7492632170167,-31.7361641658125,27.8782115385585));
#7947=CARTESIAN_POINT('Ctrl Pts',(-16.7689157412832,-31.716511641546,27.8269835065885));
#7948=CARTESIAN_POINT('Ctrl Pts',(-16.787627189902,-31.6978001929272,27.7564850212686));
#7949=CARTESIAN_POINT('Ctrl Pts',(-16.8005032339761,-31.6849241488531,27.7079723901716));
#7950=CARTESIAN_POINT('Ctrl Pts',(-16.8129336478432,-31.672493734986,27.6503345669238));
#7951=CARTESIAN_POINT('Ctrl Pts',(-16.8232808087917,-31.6621465740375,27.5874249031733));
#7952=CARTESIAN_POINT('',(-16.4282666569291,-31.4961038138778,27.6282666569289));
#7953=CARTESIAN_POINT('Ctrl Pts',(-16.7255793241974,-31.7598480586319,27.9255793241971));
#7954=CARTESIAN_POINT('Ctrl Pts',(-16.701895431378,-31.7124802729932,27.9018954313778));
#7955=CARTESIAN_POINT('Ctrl Pts',(-16.6757529050953,-31.6721180847122,27.8757529050951));
#7956=CARTESIAN_POINT('Ctrl Pts',(-16.6397839984904,-31.6332570876361,27.8397839984902));
#7957=CARTESIAN_POINT('Ctrl Pts',(-16.6038150918855,-31.59439609056,27.8038150918852));
#7958=CARTESIAN_POINT('Ctrl Pts',(-16.5580198049583,-31.5570362846887,27.7580198049581));
#7959=CARTESIAN_POINT('Ctrl Pts',(-16.507592857703,-31.529794107756,27.7075928577028));
#7960=CARTESIAN_POINT('Ctrl Pts',(-16.4818259559905,-31.5158740405367,27.6818259559903));
#7961=CARTESIAN_POINT('Ctrl Pts',(-16.4548497495566,-31.5045956386334,27.6548497495564));
#7962=CARTESIAN_POINT('Ctrl Pts',(-16.4281529248974,-31.4968937170412,27.6281529248971));
#7963=CARTESIAN_POINT('Ctrl Pts',(-16.8240335543927,-31.661866847339,27.5887929319141));
#7964=CARTESIAN_POINT('Ctrl Pts',(-16.8031640933446,-31.6410377224094,27.5887679116981));
#7965=CARTESIAN_POINT('Ctrl Pts',(-16.7342663041878,-31.5848189277334,27.5896502275572));
#7966=CARTESIAN_POINT('Ctrl Pts',(-16.6036853680208,-31.5244195137709,27.5951163730006));
#7967=CARTESIAN_POINT('Ctrl Pts',(-16.4796775253096,-31.5020258684334,27.6190502678953));
#7968=CARTESIAN_POINT('Ctrl Pts',(-16.4298963519479,-31.4963607504884,27.6302483773612));
#7969=CARTESIAN_POINT('Ctrl Pts',(-16.7255793241974,-31.7598480586319,27.9255793241971));
#7970=CARTESIAN_POINT('Ctrl Pts',(-16.701895431378,-31.7124802729932,27.9018954313778));
#7971=CARTESIAN_POINT('Ctrl Pts',(-16.6496103788126,-31.6317558964312,27.8496103788124));
#7972=CARTESIAN_POINT('Ctrl Pts',(-16.5122245180312,-31.5196764788175,27.7122245180309));
#7973=CARTESIAN_POINT('Ctrl Pts',(-16.4021073028643,-31.4854273828291,27.6021073028641));
#7974=CARTESIAN_POINT('Ctrl Pts',(-16.3535755057013,-31.4854273828291,27.553575505701));
#7975=CARTESIAN_POINT('Ctrl Pts',(-16.6782115385587,-31.7361641658125,27.9492632170164));
#7976=CARTESIAN_POINT('Ctrl Pts',(-16.654940011235,-31.6936471019715,27.9252861287573));
#7977=CARTESIAN_POINT('Ctrl Pts',(-16.6026662249396,-31.6193489626999,27.8727752989129));
#7978=CARTESIAN_POINT('Ctrl Pts',(-16.4656309783725,-31.5149801087055,27.7377573409992));
#7979=CARTESIAN_POINT('Ctrl Pts',(-16.3660410288376,-31.4854273828291,27.6327811549838));
#7980=CARTESIAN_POINT('Ctrl Pts',(-16.3227268111722,-31.4854273828291,27.58442420023));
#7981=CARTESIAN_POINT('Ctrl Pts',(-16.5757554746187,-31.6968591172794,27.9885682655496));
#7982=CARTESIAN_POINT('Ctrl Pts',(-16.5525319950925,-31.6611622815111,27.964722924204));
#7983=CARTESIAN_POINT('Ctrl Pts',(-16.4976739927719,-31.5955782828821,27.911499930937));
#7984=CARTESIAN_POINT('Ctrl Pts',(-16.3595373229597,-31.5044976969446,27.7800818264611));
#7985=CARTESIAN_POINT('Ctrl Pts',(-16.2862753216198,-31.4854273828291,27.6863623562159));
#7986=CARTESIAN_POINT('Ctrl Pts',(-16.2529099873248,-31.4854273828291,27.6379963738361));
#7987=CARTESIAN_POINT('Ctrl Pts',(-16.3064486586096,-31.6435479983664,28.0418793844625));
#7988=CARTESIAN_POINT('Ctrl Pts',(-16.2861641382221,-31.6130139546272,28.0152667062699));
#7989=CARTESIAN_POINT('Ctrl Pts',(-16.2386454332626,-31.5564407525282,27.9529258225571));
#7990=CARTESIAN_POINT('Ctrl Pts',(-16.1739068642835,-31.4977860992924,27.8291205365242));
#7991=CARTESIAN_POINT('Ctrl Pts',(-16.1470551133603,-31.4854273828291,27.7377292032657));
#7992=CARTESIAN_POINT('Ctrl Pts',(-16.1309513447088,-31.4854273828291,27.6885132976563));
#7993=CARTESIAN_POINT('Ctrl Pts',(-16.0971303145402,-31.6318739922358,28.0535533905932));
#7994=CARTESIAN_POINT('Ctrl Pts',(-16.0917383807158,-31.6027347137062,28.0244141120636));
#7995=CARTESIAN_POINT('Ctrl Pts',(-16.0799920034956,-31.5504961781804,27.9577358120011));
#7996=CARTESIAN_POINT('Ctrl Pts',(-16.0610667517941,-31.4981938018638,27.8364951477369));
#7997=CARTESIAN_POINT('Ctrl Pts',(-16.0493663462787,-31.4854273828291,27.7460572997053));
#7998=CARTESIAN_POINT('Ctrl Pts',(-16.0437021478857,-31.4854273828291,27.6999999999999));
#7999=CARTESIAN_POINT('Ctrl Pts',(-16.0000755057013,-31.6318739922358,28.0535533905932));
#8000=CARTESIAN_POINT('Ctrl Pts',(-16.0000755057013,-31.6010206384986,28.022700036856));
#8001=CARTESIAN_POINT('Ctrl Pts',(-16.0000755057013,-31.5474403736616,27.9528726682797));
#8002=CARTESIAN_POINT('Ctrl Pts',(-16.0000755057013,-31.4969158200578,27.8308956057365));
#8003=CARTESIAN_POINT('Ctrl Pts',(-16.0000755057013,-31.4854273828291,27.7436332312998));
#8004=CARTESIAN_POINT('Ctrl Pts',(-16.0000755057013,-31.4854273828291,27.6999999999999));
#8005=CARTESIAN_POINT('',(-16.0000755057013,-31.6318739922358,28.0535533905932));
#8006=CARTESIAN_POINT('Ctrl Pts',(-16.7255793241974,-31.7598480586319,27.9255793241971));
#8007=CARTESIAN_POINT('Ctrl Pts',(-16.6782115385587,-31.7361641658125,27.9492632170164));
#8008=CARTESIAN_POINT('Ctrl Pts',(-16.5757554746187,-31.6968591172794,27.9885682655496));
#8009=CARTESIAN_POINT('Ctrl Pts',(-16.3064486586096,-31.6435479983665,28.0418793844625));
#8010=CARTESIAN_POINT('Ctrl Pts',(-16.0971303145402,-31.6318739922358,28.0535533905932));
#8011=CARTESIAN_POINT('Ctrl Pts',(-16.0000755057013,-31.6318739922358,28.0535533905932));
#8012=CARTESIAN_POINT('',(-16.0000755057013,-31.4854273828291,27.6999999999999));
#8013=CARTESIAN_POINT('Origin',(-16.0000755057013,-31.9854273828291,27.6999999999999));
#8014=CARTESIAN_POINT('Ctrl Pts',(-16.4282562187272,-31.496175221574,27.6306178547853));
#8015=CARTESIAN_POINT('Ctrl Pts',(-16.3952920092689,-31.4924688088944,27.6380545162422));
#8016=CARTESIAN_POINT('Ctrl Pts',(-16.3390789599389,-31.4883519295244,27.6517883236682));
#8017=CARTESIAN_POINT('Ctrl Pts',(-16.2091551123641,-31.4852876347944,27.6862331747813));
#8018=CARTESIAN_POINT('Ctrl Pts',(-16.089395918658,-31.4854273828291,27.6999999999999));
#8019=CARTESIAN_POINT('Ctrl Pts',(-16.0000755057013,-31.4854273828291,27.6999999999999));
#8020=CARTESIAN_POINT('Ctrl Pts',(-16.7255793241974,-31.7598480586319,27.9255793241971));
#8021=CARTESIAN_POINT('Ctrl Pts',(-16.6782115385587,-31.7361641658125,27.9492632170164));
#8022=CARTESIAN_POINT('Ctrl Pts',(-16.5757554746187,-31.6968591172794,27.9885682655496));
#8023=CARTESIAN_POINT('Ctrl Pts',(-16.3064486586096,-31.6435479983665,28.0418793844625));
#8024=CARTESIAN_POINT('Ctrl Pts',(-16.0971303145402,-31.6318739922358,28.0535533905932));
#8025=CARTESIAN_POINT('Ctrl Pts',(-16.0000755057013,-31.6318739922358,28.0535533905932));
#8026=CARTESIAN_POINT('Ctrl Pts',(-16.701895431378,-31.7835319514512,27.9729471098358));
#8027=CARTESIAN_POINT('Ctrl Pts',(-16.654940011235,-31.7601412540717,27.9917802808575));
#8028=CARTESIAN_POINT('Ctrl Pts',(-16.5525319950925,-31.720704458625,28.0242651013179));
#8029=CARTESIAN_POINT('Ctrl Pts',(-16.2861641382222,-31.6701606765591,28.0724134282018));
#8030=CARTESIAN_POINT('Ctrl Pts',(-16.0917383807158,-31.6610132707654,28.0826926691228));
#8031=CARTESIAN_POINT('Ctrl Pts',(-16.0000755057013,-31.662727345973,28.0844067443304));
#8032=CARTESIAN_POINT('Ctrl Pts',(-16.6496103788126,-31.8358170040166,28.0536714863978));
#8033=CARTESIAN_POINT('Ctrl Pts',(-16.6026662249396,-31.8126520839161,28.0660784201291));
#8034=CARTESIAN_POINT('Ctrl Pts',(-16.4976739927719,-31.773927451892,28.0898490999469));
#8035=CARTESIAN_POINT('Ctrl Pts',(-16.2386454332625,-31.7325015602719,28.1289866303008));
#8036=CARTESIAN_POINT('Ctrl Pts',(-16.0799920034956,-31.7276915708279,28.1349312046486));
#8037=CARTESIAN_POINT('Ctrl Pts',(-16.0000755057012,-31.7325547145493,28.1379870091674));
#8038=CARTESIAN_POINT('Ctrl Pts',(-16.5122245180312,-31.9732028647981,28.1657509040115));
#8039=CARTESIAN_POINT('Ctrl Pts',(-16.4656309783725,-31.9476700418298,28.1704472741235));
#8040=CARTESIAN_POINT('Ctrl Pts',(-16.3595373229597,-31.9053455563679,28.1809296858844));
#8041=CARTESIAN_POINT('Ctrl Pts',(-16.1739068642835,-31.8563068463048,28.1876412835365));
#8042=CARTESIAN_POINT('Ctrl Pts',(-16.0610667517941,-31.8489322350921,28.1872335809652));
#8043=CARTESIAN_POINT('Ctrl Pts',(-16.0000755057013,-31.8545317770925,28.1885115627712));
#8044=CARTESIAN_POINT('Ctrl Pts',(-16.4021073028643,-32.0833200799649,28.1999999999999));
#8045=CARTESIAN_POINT('Ctrl Pts',(-16.3660410288376,-32.0526462278452,28.1999999999999));
#8046=CARTESIAN_POINT('Ctrl Pts',(-16.2862753216198,-31.9990650266131,28.1999999999999));
#8047=CARTESIAN_POINT('Ctrl Pts',(-16.1470551133603,-31.9476981795633,28.1999999999999));
#8048=CARTESIAN_POINT('Ctrl Pts',(-16.0493663462787,-31.9393700831237,28.1999999999999));
#8049=CARTESIAN_POINT('Ctrl Pts',(-16.0000755057013,-31.9417941515292,28.1999999999999));
#8050=CARTESIAN_POINT('Ctrl Pts',(-16.3535755057013,-32.131851877128,28.1999999999999));
#8051=CARTESIAN_POINT('Ctrl Pts',(-16.3227268111722,-32.101003182599,28.1999999999999));
#8052=CARTESIAN_POINT('Ctrl Pts',(-16.2529099873248,-32.0474310089929,28.1999999999999));
#8053=CARTESIAN_POINT('Ctrl Pts',(-16.1309513447088,-31.9969140851727,28.1999999999999));
#8054=CARTESIAN_POINT('Ctrl Pts',(-16.0437021478857,-31.9854273828291,28.1999999999999));
#8055=CARTESIAN_POINT('Ctrl Pts',(-16.0000755057013,-31.9854273828291,28.1999999999999));
#8056=CARTESIAN_POINT('',(-16.3535755057013,-32.131851877128,28.1999999999999));
#8057=CARTESIAN_POINT('Ctrl Pts',(-16.7255793241974,-31.7598480586319,27.9255793241971));
#8058=CARTESIAN_POINT('Ctrl Pts',(-16.701895431378,-31.7835319514512,27.9729471098358));
#8059=CARTESIAN_POINT('Ctrl Pts',(-16.6496103788126,-31.8358170040166,28.0536714863978));
#8060=CARTESIAN_POINT('Ctrl Pts',(-16.5122245180312,-31.9732028647981,28.1657509040115));
#8061=CARTESIAN_POINT('Ctrl Pts',(-16.4021073028643,-32.0833200799649,28.1999999999999));
#8062=CARTESIAN_POINT('Ctrl Pts',(-16.3535755057013,-32.131851877128,28.1999999999999));
#8063=CARTESIAN_POINT('',(-16.0000755057013,-31.9854273828291,28.1999999999999));
#8064=CARTESIAN_POINT('Origin',(-16.0000755057013,-32.485351877128,28.1999999999999));
#8065=CARTESIAN_POINT('Origin',(-16.0000755057013,-31.9854273828291,27.6999999999999));
#8066=CARTESIAN_POINT('Ctrl Pts',(-16.7255793241974,-31.7598480586319,27.9255793241971));
#8067=CARTESIAN_POINT('Ctrl Pts',(-16.701895431378,-31.7835319514512,27.9729471098358));
#8068=CARTESIAN_POINT('Ctrl Pts',(-16.6496103788126,-31.8358170040166,28.0536714863978));
#8069=CARTESIAN_POINT('Ctrl Pts',(-16.5122245180312,-31.9732028647981,28.1657509040115));
#8070=CARTESIAN_POINT('Ctrl Pts',(-16.4021073028643,-32.0833200799649,28.1999999999999));
#8071=CARTESIAN_POINT('Ctrl Pts',(-16.3535755057013,-32.131851877128,28.1999999999999));
#8072=CARTESIAN_POINT('Ctrl Pts',(-16.7492632170167,-31.8072158442705,27.9492632170164));
#8073=CARTESIAN_POINT('Ctrl Pts',(-16.7252861287575,-31.8304873715942,27.9917802808575));
#8074=CARTESIAN_POINT('Ctrl Pts',(-16.6727752989132,-31.8827611578896,28.0660784201291));
#8075=CARTESIAN_POINT('Ctrl Pts',(-16.5377573409995,-32.0197964044567,28.1704472741235));
#8076=CARTESIAN_POINT('Ctrl Pts',(-16.432781154984,-32.1193863539916,28.1999999999999));
#8077=CARTESIAN_POINT('Ctrl Pts',(-16.3844242002302,-32.162700571657,28.1999999999999));
#8078=CARTESIAN_POINT('Ctrl Pts',(-16.7885682655498,-31.9096719082105,27.9885682655496));
#8079=CARTESIAN_POINT('Ctrl Pts',(-16.7647229242042,-31.9328953877368,28.0242651013179));
#8080=CARTESIAN_POINT('Ctrl Pts',(-16.7114999309372,-31.9877533900574,28.0898490999469));
#8081=CARTESIAN_POINT('Ctrl Pts',(-16.5800818264613,-32.1258900598695,28.1809296858844));
#8082=CARTESIAN_POINT('Ctrl Pts',(-16.4863623562162,-32.1991520612094,28.1999999999999));
#8083=CARTESIAN_POINT('Ctrl Pts',(-16.4379963738363,-32.2325173955044,28.1999999999999));
#8084=CARTESIAN_POINT('Ctrl Pts',(-16.8418793844628,-32.1789787242196,28.0418793844625));
#8085=CARTESIAN_POINT('Ctrl Pts',(-16.8152667062702,-32.1992632446071,28.0724134282018));
#8086=CARTESIAN_POINT('Ctrl Pts',(-16.7529258225574,-32.2467819495666,28.1289866303008));
#8087=CARTESIAN_POINT('Ctrl Pts',(-16.6291205365245,-32.3115205185458,28.1876412835365));
#8088=CARTESIAN_POINT('Ctrl Pts',(-16.537729203266,-32.338372269469,28.1999999999999));
#8089=CARTESIAN_POINT('Ctrl Pts',(-16.4885132976565,-32.3544760381204,28.1999999999999));
#8090=CARTESIAN_POINT('Ctrl Pts',(-16.8535533905934,-32.3882970682891,28.0535533905932));
#8091=CARTESIAN_POINT('Ctrl Pts',(-16.8244141120638,-32.3936890021135,28.0826926691228));
#8092=CARTESIAN_POINT('Ctrl Pts',(-16.7577358120013,-32.4054353793336,28.1349312046486));
#8093=CARTESIAN_POINT('Ctrl Pts',(-16.6364951477372,-32.4243606310351,28.1872335809652));
#8094=CARTESIAN_POINT('Ctrl Pts',(-16.5460572997055,-32.4360610365506,28.1999999999999));
#8095=CARTESIAN_POINT('Ctrl Pts',(-16.5000000000001,-32.4417252349436,28.1999999999999));
#8096=CARTESIAN_POINT('Ctrl Pts',(-16.8535533905934,-32.485351877128,28.0535533905932));
#8097=CARTESIAN_POINT('Ctrl Pts',(-16.8227000368562,-32.485351877128,28.0844067443304));
#8098=CARTESIAN_POINT('Ctrl Pts',(-16.7528726682799,-32.485351877128,28.1379870091674));
#8099=CARTESIAN_POINT('Ctrl Pts',(-16.6308956057367,-32.485351877128,28.1885115627712));
#8100=CARTESIAN_POINT('Ctrl Pts',(-16.5436332313,-32.485351877128,28.1999999999999));
#8101=CARTESIAN_POINT('Ctrl Pts',(-16.5000000000001,-32.485351877128,28.1999999999999));
#8102=CARTESIAN_POINT('',(-16.8535533905934,-32.485351877128,28.0535533905932));
#8103=CARTESIAN_POINT('Ctrl Pts',(-16.7255793241974,-31.7598480586319,27.9255793241971));
#8104=CARTESIAN_POINT('Ctrl Pts',(-16.7492632170167,-31.8072158442705,27.9492632170164));
#8105=CARTESIAN_POINT('Ctrl Pts',(-16.7885682655498,-31.9096719082105,27.9885682655496));
#8106=CARTESIAN_POINT('Ctrl Pts',(-16.8418793844628,-32.1789787242196,28.0418793844625));
#8107=CARTESIAN_POINT('Ctrl Pts',(-16.8535533905934,-32.3882970682891,28.0535533905932));
#8108=CARTESIAN_POINT('Ctrl Pts',(-16.8535533905934,-32.485351877128,28.0535533905932));
#8109=CARTESIAN_POINT('',(-16.5000000000001,-32.485351877128,28.1999999999999));
#8110=CARTESIAN_POINT('Origin',(-16.5000000000001,-32.485351877128,27.6999999999999));
#8111=CARTESIAN_POINT('Origin',(-16.0000755057013,-32.485351877128,28.1999999999999));
#8112=CARTESIAN_POINT('Ctrl Pts',(-16.7255793241974,-31.7598480586319,27.9255793241971));
#8113=CARTESIAN_POINT('Ctrl Pts',(-16.7492632170167,-31.8072158442705,27.9492632170164));
#8114=CARTESIAN_POINT('Ctrl Pts',(-16.7885682655498,-31.9096719082105,27.9885682655496));
#8115=CARTESIAN_POINT('Ctrl Pts',(-16.8418793844628,-32.1789787242196,28.0418793844625));
#8116=CARTESIAN_POINT('Ctrl Pts',(-16.8535533905934,-32.3882970682891,28.0535533905932));
#8117=CARTESIAN_POINT('Ctrl Pts',(-16.8535533905934,-32.485351877128,28.0535533905932));
#8118=CARTESIAN_POINT('Ctrl Pts',(-16.772947109836,-31.7835319514512,27.9018954313778));
#8119=CARTESIAN_POINT('Ctrl Pts',(-16.7917802808578,-31.8304873715942,27.9252861287573));
#8120=CARTESIAN_POINT('Ctrl Pts',(-16.8242651013182,-31.9328953877368,27.964722924204));
#8121=CARTESIAN_POINT('Ctrl Pts',(-16.872413428202,-32.1992632446071,28.0152667062699));
#8122=CARTESIAN_POINT('Ctrl Pts',(-16.882692669123,-32.3936890021135,28.0244141120636));
#8123=CARTESIAN_POINT('Ctrl Pts',(-16.8844067443306,-32.485351877128,28.022700036856));
#8124=CARTESIAN_POINT('Ctrl Pts',(-16.8536714863981,-31.8358170040167,27.8496103788124));
#8125=CARTESIAN_POINT('Ctrl Pts',(-16.8660784201294,-31.8827611578896,27.8727752989129));
#8126=CARTESIAN_POINT('Ctrl Pts',(-16.8898490999471,-31.9877533900574,27.911499930937));
#8127=CARTESIAN_POINT('Ctrl Pts',(-16.928986630301,-32.2467819495667,27.9529258225571));
#8128=CARTESIAN_POINT('Ctrl Pts',(-16.9349312046488,-32.4054353793336,27.957735812001));
#8129=CARTESIAN_POINT('Ctrl Pts',(-16.9379870091676,-32.485351877128,27.9528726682797));
#8130=CARTESIAN_POINT('Ctrl Pts',(-16.9657509040117,-31.9732028647981,27.7122245180309));
#8131=CARTESIAN_POINT('Ctrl Pts',(-16.9704472741238,-32.0197964044567,27.7377573409992));
#8132=CARTESIAN_POINT('Ctrl Pts',(-16.9809296858846,-32.1258900598695,27.7800818264611));
#8133=CARTESIAN_POINT('Ctrl Pts',(-16.9876412835368,-32.3115205185457,27.8291205365243));
#8134=CARTESIAN_POINT('Ctrl Pts',(-16.9872335809655,-32.4243606310351,27.8364951477369));
#8135=CARTESIAN_POINT('Ctrl Pts',(-16.9885115627715,-32.485351877128,27.8308956057365));
#8136=CARTESIAN_POINT('Ctrl Pts',(-17.0000000000001,-32.0833200799649,27.6021073028641));
#8137=CARTESIAN_POINT('Ctrl Pts',(-17.0000000000001,-32.1193863539916,27.6327811549838));
#8138=CARTESIAN_POINT('Ctrl Pts',(-17.0000000000001,-32.1991520612094,27.6863623562159));
#8139=CARTESIAN_POINT('Ctrl Pts',(-17.0000000000001,-32.338372269469,27.7377292032657));
#8140=CARTESIAN_POINT('Ctrl Pts',(-17.0000000000001,-32.4360610365506,27.7460572997053));
#8141=CARTESIAN_POINT('Ctrl Pts',(-17.0000000000001,-32.485351877128,27.7436332312998));
#8142=CARTESIAN_POINT('Ctrl Pts',(-17.0000000000001,-32.131851877128,27.553575505701));
#8143=CARTESIAN_POINT('Ctrl Pts',(-17.0000000000001,-32.162700571657,27.58442420023));
#8144=CARTESIAN_POINT('Ctrl Pts',(-17.0000000000001,-32.2325173955044,27.6379963738361));
#8145=CARTESIAN_POINT('Ctrl Pts',(-17.0000000000001,-32.3544760381204,27.6885132976563));
#8146=CARTESIAN_POINT('Ctrl Pts',(-17.0000000000001,-32.4417252349436,27.6999999999999));
#8147=CARTESIAN_POINT('Ctrl Pts',(-17.0000000000001,-32.485351877128,27.6999999999999));
#8148=CARTESIAN_POINT('',(-16.9893235689514,-32.0571607259001,27.6282666569289));
#8149=CARTESIAN_POINT('Ctrl Pts',(-16.7255793241974,-31.7598480586319,27.9255793241971));
#8150=CARTESIAN_POINT('Ctrl Pts',(-16.772947109836,-31.7835319514512,27.9018954313778));
#8151=CARTESIAN_POINT('Ctrl Pts',(-16.8536714863981,-31.8358170040167,27.8496103788124));
#8152=CARTESIAN_POINT('Ctrl Pts',(-16.9474810192696,-31.9508078176509,27.734619565178));
#8153=CARTESIAN_POINT('Ctrl Pts',(-16.9808317441959,-32.0305776332726,27.6548497495563));
#8154=CARTESIAN_POINT('Ctrl Pts',(-16.988533665788,-32.0572744579319,27.6281529248971));
#8155=CARTESIAN_POINT('',(-17.0000000000001,-32.485351877128,27.6999999999999));
#8156=CARTESIAN_POINT('Ctrl Pts',(-17.0000063625434,-32.485351877128,27.6975434515567));
#8157=CARTESIAN_POINT('Ctrl Pts',(-17.0000063625434,-32.3960314641713,27.6975434515567));
#8158=CARTESIAN_POINT('Ctrl Pts',(-17.0002366018509,-32.2759528580874,27.6842390222936));
#8159=CARTESIAN_POINT('Ctrl Pts',(-16.9974382327583,-32.1463187275343,27.6495454405926));
#8160=CARTESIAN_POINT('Ctrl Pts',(-16.993416807894,-32.0901049454508,27.635773446178));
#8161=CARTESIAN_POINT('Ctrl Pts',(-16.989756561626,-32.057098224907,27.6283308947134));
#8162=CARTESIAN_POINT('Origin',(-16.5000000000001,-32.485351877128,27.6999999999999));
#8163=CARTESIAN_POINT('Ctrl Pts',(-16.7255793241973,-9.25984805863188,27.9255793241971));
#8164=CARTESIAN_POINT('Ctrl Pts',(-16.7492632170166,-9.23616416581256,27.8782115385585));
#8165=CARTESIAN_POINT('Ctrl Pts',(-16.7885682655497,-9.19685911727942,27.7757554746185));
#8166=CARTESIAN_POINT('Ctrl Pts',(-16.8418793844627,-9.14354799836646,27.5064486586094));
#8167=CARTESIAN_POINT('Ctrl Pts',(-16.8535533905933,-9.13187399223583,27.2971303145399));
#8168=CARTESIAN_POINT('Ctrl Pts',(-16.8535533905933,-9.13187399223583,27.200075505701));
#8169=CARTESIAN_POINT('Ctrl Pts',(-16.7018954313779,-9.21248027299324,27.9018954313778));
#8170=CARTESIAN_POINT('Ctrl Pts',(-16.7252861287574,-9.19364710197148,27.8549400112348));
#8171=CARTESIAN_POINT('Ctrl Pts',(-16.7647229242042,-9.16116228151107,27.7525319950922));
#8172=CARTESIAN_POINT('Ctrl Pts',(-16.8152667062701,-9.1130139546272,27.4861641382219));
#8173=CARTESIAN_POINT('Ctrl Pts',(-16.8244141120637,-9.10273471370624,27.2917383807155));
#8174=CARTESIAN_POINT('Ctrl Pts',(-16.8227000368561,-9.10102063849862,27.200075505701));
#8175=CARTESIAN_POINT('Ctrl Pts',(-16.6496103788125,-9.13175589643116,27.8496103788124));
#8176=CARTESIAN_POINT('Ctrl Pts',(-16.6727752989131,-9.11934896269988,27.8026662249394));
#8177=CARTESIAN_POINT('Ctrl Pts',(-16.7114999309371,-9.09557828288214,27.6976739927717));
#8178=CARTESIAN_POINT('Ctrl Pts',(-16.7529258225573,-9.05644075252817,27.4386454332623));
#8179=CARTESIAN_POINT('Ctrl Pts',(-16.7577358120012,-9.05049617818042,27.2799920034954));
#8180=CARTESIAN_POINT('Ctrl Pts',(-16.7528726682799,-9.04744037366161,27.200075505701));
#8181=CARTESIAN_POINT('Ctrl Pts',(-16.5122245180311,-9.01967647881753,27.7122245180309));
#8182=CARTESIAN_POINT('Ctrl Pts',(-16.5377573409994,-9.01498010870546,27.6656309783723));
#8183=CARTESIAN_POINT('Ctrl Pts',(-16.5800818264612,-9.00449769694461,27.5595373229595));
#8184=CARTESIAN_POINT('Ctrl Pts',(-16.6291205365244,-8.99778609929247,27.3739068642833));
#8185=CARTESIAN_POINT('Ctrl Pts',(-16.6364951477371,-8.99819380186377,27.2610667517939));
#8186=CARTESIAN_POINT('Ctrl Pts',(-16.6308956057366,-8.99691582005776,27.200075505701));
#8187=CARTESIAN_POINT('Ctrl Pts',(-16.4021073028642,-8.9854273828291,27.6021073028641));
#8188=CARTESIAN_POINT('Ctrl Pts',(-16.4327811549839,-8.9854273828291,27.5660410288374));
#8189=CARTESIAN_POINT('Ctrl Pts',(-16.4863623562161,-8.9854273828291,27.4862753216196));
#8190=CARTESIAN_POINT('Ctrl Pts',(-16.5377292032659,-8.9854273828291,27.34705511336));
#8191=CARTESIAN_POINT('Ctrl Pts',(-16.5460572997054,-8.9854273828291,27.2493663462784));
#8192=CARTESIAN_POINT('Ctrl Pts',(-16.5436332312999,-8.9854273828291,27.200075505701));
#8193=CARTESIAN_POINT('Ctrl Pts',(-16.3535755057012,-8.9854273828291,27.553575505701));
#8194=CARTESIAN_POINT('Ctrl Pts',(-16.3844242002302,-8.9854273828291,27.522726811172));
#8195=CARTESIAN_POINT('Ctrl Pts',(-16.4379963738362,-8.9854273828291,27.4529099873246));
#8196=CARTESIAN_POINT('Ctrl Pts',(-16.4885132976564,-8.9854273828291,27.3309513447086));
#8197=CARTESIAN_POINT('Ctrl Pts',(-16.5,-8.9854273828291,27.2437021478854));
#8198=CARTESIAN_POINT('Ctrl Pts',(-16.5,-8.9854273828291,27.200075505701));
#8199=CARTESIAN_POINT('',(-16.7255793241973,-9.25984805863188,27.9255793241971));
#8200=CARTESIAN_POINT('',(-16.8231929665772,-9.16223441625193,27.5873958898998));
#8201=CARTESIAN_POINT('Ctrl Pts',(-16.7255793241973,-9.25984805863188,27.9255793241971));
#8202=CARTESIAN_POINT('Ctrl Pts',(-16.7492632170166,-9.23616416581256,27.8782115385585));
#8203=CARTESIAN_POINT('Ctrl Pts',(-16.7689157412832,-9.21651164154599,27.8269835065885));
#8204=CARTESIAN_POINT('Ctrl Pts',(-16.7876271899019,-9.19780019292721,27.7564850212686));
#8205=CARTESIAN_POINT('Ctrl Pts',(-16.800503233976,-9.18492414885314,27.7079723901716));
#8206=CARTESIAN_POINT('Ctrl Pts',(-16.8129336478431,-9.17249373498604,27.6503345669238));
#8207=CARTESIAN_POINT('Ctrl Pts',(-16.8232808087916,-9.16214657403753,27.5874249031733));
#8208=CARTESIAN_POINT('',(-16.428266656929,-8.9961038138778,27.6282666569289));
#8209=CARTESIAN_POINT('Ctrl Pts',(-16.7255793241973,-9.25984805863188,27.9255793241971));
#8210=CARTESIAN_POINT('Ctrl Pts',(-16.7018954313779,-9.21248027299324,27.9018954313778));
#8211=CARTESIAN_POINT('Ctrl Pts',(-16.6757529050952,-9.1721180847122,27.8757529050951));
#8212=CARTESIAN_POINT('Ctrl Pts',(-16.6397839984903,-9.13325708763607,27.8397839984902));
#8213=CARTESIAN_POINT('Ctrl Pts',(-16.6038150918854,-9.09439609055995,27.8038150918852));
#8214=CARTESIAN_POINT('Ctrl Pts',(-16.5580198049582,-9.05703628468874,27.7580198049581));
#8215=CARTESIAN_POINT('Ctrl Pts',(-16.5075928577029,-9.02979410775603,27.7075928577028));
#8216=CARTESIAN_POINT('Ctrl Pts',(-16.4818259559904,-9.01587404053667,27.6818259559903));
#8217=CARTESIAN_POINT('Ctrl Pts',(-16.4548497495565,-9.00459563863338,27.6548497495564));
#8218=CARTESIAN_POINT('Ctrl Pts',(-16.4281529248973,-8.9968937170412,27.6281529248971));
#8219=CARTESIAN_POINT('Ctrl Pts',(-16.8223541832787,-9.1630723011911,27.586161658888));
#8220=CARTESIAN_POINT('Ctrl Pts',(-16.8006673226694,-9.14148501418427,27.5862450418317));
#8221=CARTESIAN_POINT('Ctrl Pts',(-16.753701090068,-9.10317227853086,27.5874907118443));
#8222=CARTESIAN_POINT('Ctrl Pts',(-16.6707576248129,-9.05588711897633,27.5914228504867));
#8223=CARTESIAN_POINT('Ctrl Pts',(-16.5589842341363,-9.01673269837255,27.5988274083082));
#8224=CARTESIAN_POINT('Ctrl Pts',(-16.4770127532103,-9.00174668499541,27.6168137723013));
#8225=CARTESIAN_POINT('Ctrl Pts',(-16.4282539002712,-8.99618989928758,27.6284517580334));
#8226=CARTESIAN_POINT('Ctrl Pts',(-16.7255793241973,-9.25984805863188,27.9255793241971));
#8227=CARTESIAN_POINT('Ctrl Pts',(-16.7018954313779,-9.21248027299324,27.9018954313778));
#8228=CARTESIAN_POINT('Ctrl Pts',(-16.6496103788125,-9.13175589643116,27.8496103788124));
#8229=CARTESIAN_POINT('Ctrl Pts',(-16.5122245180311,-9.01967647881753,27.7122245180309));
#8230=CARTESIAN_POINT('Ctrl Pts',(-16.4021073028642,-8.9854273828291,27.6021073028641));
#8231=CARTESIAN_POINT('Ctrl Pts',(-16.3535755057012,-8.9854273828291,27.553575505701));
#8232=CARTESIAN_POINT('Ctrl Pts',(-16.6782115385586,-9.23616416581256,27.9492632170164));
#8233=CARTESIAN_POINT('Ctrl Pts',(-16.6549400112349,-9.19364710197148,27.9252861287573));
#8234=CARTESIAN_POINT('Ctrl Pts',(-16.6026662249395,-9.11934896269988,27.8727752989129));
#8235=CARTESIAN_POINT('Ctrl Pts',(-16.4656309783724,-9.01498010870546,27.7377573409992));
#8236=CARTESIAN_POINT('Ctrl Pts',(-16.3660410288375,-8.9854273828291,27.6327811549838));
#8237=CARTESIAN_POINT('Ctrl Pts',(-16.3227268111722,-8.9854273828291,27.58442420023));
#8238=CARTESIAN_POINT('Ctrl Pts',(-16.5757554746186,-9.19685911727942,27.9885682655496));
#8239=CARTESIAN_POINT('Ctrl Pts',(-16.5525319950924,-9.16116228151106,27.964722924204));
#8240=CARTESIAN_POINT('Ctrl Pts',(-16.4976739927718,-9.09557828288214,27.911499930937));
#8241=CARTESIAN_POINT('Ctrl Pts',(-16.3595373229596,-9.00449769694461,27.7800818264611));
#8242=CARTESIAN_POINT('Ctrl Pts',(-16.2862753216197,-8.9854273828291,27.6863623562159));
#8243=CARTESIAN_POINT('Ctrl Pts',(-16.2529099873247,-8.9854273828291,27.6379963738361));
#8244=CARTESIAN_POINT('Ctrl Pts',(-16.3064486586095,-9.14354799836646,28.0418793844625));
#8245=CARTESIAN_POINT('Ctrl Pts',(-16.286164138222,-9.1130139546272,28.0152667062699));
#8246=CARTESIAN_POINT('Ctrl Pts',(-16.2386454332625,-9.05644075252818,27.9529258225572));
#8247=CARTESIAN_POINT('Ctrl Pts',(-16.1739068642834,-8.99778609929246,27.8291205365242));
#8248=CARTESIAN_POINT('Ctrl Pts',(-16.1470551133602,-8.9854273828291,27.7377292032658));
#8249=CARTESIAN_POINT('Ctrl Pts',(-16.1309513447087,-8.9854273828291,27.6885132976563));
#8250=CARTESIAN_POINT('Ctrl Pts',(-16.0971303145401,-9.13187399223583,28.0535533905932));
#8251=CARTESIAN_POINT('Ctrl Pts',(-16.0917383807157,-9.10273471370624,28.0244141120636));
#8252=CARTESIAN_POINT('Ctrl Pts',(-16.0799920034955,-9.05049617818042,27.9577358120011));
#8253=CARTESIAN_POINT('Ctrl Pts',(-16.061066751794,-8.99819380186377,27.8364951477369));
#8254=CARTESIAN_POINT('Ctrl Pts',(-16.0493663462786,-8.9854273828291,27.7460572997053));
#8255=CARTESIAN_POINT('Ctrl Pts',(-16.0437021478856,-8.9854273828291,27.6999999999999));
#8256=CARTESIAN_POINT('Ctrl Pts',(-16.0000755057012,-9.13187399223583,28.0535533905932));
#8257=CARTESIAN_POINT('Ctrl Pts',(-16.0000755057012,-9.10102063849862,28.022700036856));
#8258=CARTESIAN_POINT('Ctrl Pts',(-16.0000755057012,-9.04744037366161,27.9528726682797));
#8259=CARTESIAN_POINT('Ctrl Pts',(-16.0000755057012,-8.99691582005776,27.8308956057365));
#8260=CARTESIAN_POINT('Ctrl Pts',(-16.0000755057012,-8.9854273828291,27.7436332312998));
#8261=CARTESIAN_POINT('Ctrl Pts',(-16.0000755057012,-8.9854273828291,27.6999999999999));
#8262=CARTESIAN_POINT('',(-16.0000755057012,-9.13187399223583,28.0535533905932));
#8263=CARTESIAN_POINT('Ctrl Pts',(-16.7255793241973,-9.25984805863188,27.9255793241971));
#8264=CARTESIAN_POINT('Ctrl Pts',(-16.6782115385586,-9.23616416581256,27.9492632170164));
#8265=CARTESIAN_POINT('Ctrl Pts',(-16.5757554746186,-9.19685911727942,27.9885682655496));
#8266=CARTESIAN_POINT('Ctrl Pts',(-16.3064486586095,-9.14354799836646,28.0418793844625));
#8267=CARTESIAN_POINT('Ctrl Pts',(-16.0971303145401,-9.13187399223583,28.0535533905932));
#8268=CARTESIAN_POINT('Ctrl Pts',(-16.0000755057012,-9.13187399223583,28.0535533905932));
#8269=CARTESIAN_POINT('',(-16.0000755057012,-8.9854273828291,27.6999999999999));
#8270=CARTESIAN_POINT('Origin',(-16.0000755057012,-9.4854273828291,27.6999999999999));
#8271=CARTESIAN_POINT('Ctrl Pts',(-16.4282539002712,-8.99618989928758,27.6284517580334));
#8272=CARTESIAN_POINT('Ctrl Pts',(-16.3952221586003,-8.99242544834261,27.6363359250123));
#8273=CARTESIAN_POINT('Ctrl Pts',(-16.273734116939,-8.98347714368268,27.6667031999522));
#8274=CARTESIAN_POINT('Ctrl Pts',(-16.1191693896434,-8.9854273828291,27.6999999999999));
#8275=CARTESIAN_POINT('Ctrl Pts',(-16.0000755057012,-8.9854273828291,27.6999999999999));
#8276=CARTESIAN_POINT('Ctrl Pts',(-16.7255793241973,-9.25984805863188,27.9255793241971));
#8277=CARTESIAN_POINT('Ctrl Pts',(-16.6782115385586,-9.23616416581256,27.9492632170164));
#8278=CARTESIAN_POINT('Ctrl Pts',(-16.5757554746186,-9.19685911727942,27.9885682655496));
#8279=CARTESIAN_POINT('Ctrl Pts',(-16.3064486586095,-9.14354799836646,28.0418793844625));
#8280=CARTESIAN_POINT('Ctrl Pts',(-16.0971303145401,-9.13187399223583,28.0535533905932));
#8281=CARTESIAN_POINT('Ctrl Pts',(-16.0000755057012,-9.13187399223583,28.0535533905932));
#8282=CARTESIAN_POINT('Ctrl Pts',(-16.7018954313779,-9.2835319514512,27.9729471098358));
#8283=CARTESIAN_POINT('Ctrl Pts',(-16.6549400112349,-9.2601412540717,27.9917802808575));
#8284=CARTESIAN_POINT('Ctrl Pts',(-16.5525319950924,-9.22070445862499,28.0242651013179));
#8285=CARTESIAN_POINT('Ctrl Pts',(-16.2861641382221,-9.17016067655906,28.0724134282018));
#8286=CARTESIAN_POINT('Ctrl Pts',(-16.0917383807157,-9.16101327076542,28.0826926691228));
#8287=CARTESIAN_POINT('Ctrl Pts',(-16.0000755057012,-9.16272734597304,28.0844067443304));
#8288=CARTESIAN_POINT('Ctrl Pts',(-16.6496103788125,-9.33581700401665,28.0536714863978));
#8289=CARTESIAN_POINT('Ctrl Pts',(-16.6026662249395,-9.31265208391606,28.0660784201291));
#8290=CARTESIAN_POINT('Ctrl Pts',(-16.4976739927718,-9.27392745189201,28.0898490999469));
#8291=CARTESIAN_POINT('Ctrl Pts',(-16.2386454332625,-9.23250156027186,28.1289866303008));
#8292=CARTESIAN_POINT('Ctrl Pts',(-16.0799920034955,-9.22769157082796,28.1349312046486));
#8293=CARTESIAN_POINT('Ctrl Pts',(-16.0000755057012,-9.23255471454929,28.1379870091674));
#8294=CARTESIAN_POINT('Ctrl Pts',(-16.5122245180311,-9.47320286479807,28.1657509040115));
#8295=CARTESIAN_POINT('Ctrl Pts',(-16.4656309783724,-9.44767004182977,28.1704472741235));
#8296=CARTESIAN_POINT('Ctrl Pts',(-16.3595373229596,-9.40534555636794,28.1809296858844));
#8297=CARTESIAN_POINT('Ctrl Pts',(-16.1739068642834,-9.35630684630476,28.1876412835366));
#8298=CARTESIAN_POINT('Ctrl Pts',(-16.061066751794,-9.34893223509207,28.1872335809652));
#8299=CARTESIAN_POINT('Ctrl Pts',(-16.0000755057012,-9.35453177709255,28.1885115627712));
#8300=CARTESIAN_POINT('Ctrl Pts',(-16.4021073028642,-9.58332007996491,28.1999999999999));
#8301=CARTESIAN_POINT('Ctrl Pts',(-16.3660410288375,-9.55264622784523,28.1999999999999));
#8302=CARTESIAN_POINT('Ctrl Pts',(-16.2862753216197,-9.49906502661307,28.1999999999999));
#8303=CARTESIAN_POINT('Ctrl Pts',(-16.1470551133602,-9.44769817956326,28.1999999999999));
#8304=CARTESIAN_POINT('Ctrl Pts',(-16.0493663462786,-9.4393700831237,28.1999999999999));
#8305=CARTESIAN_POINT('Ctrl Pts',(-16.0000755057012,-9.44179415152925,28.1999999999999));
#8306=CARTESIAN_POINT('Ctrl Pts',(-16.3535755057012,-9.63185187712799,28.1999999999999));
#8307=CARTESIAN_POINT('Ctrl Pts',(-16.3227268111722,-9.60100318259899,28.1999999999999));
#8308=CARTESIAN_POINT('Ctrl Pts',(-16.2529099873247,-9.54743100899291,28.1999999999999));
#8309=CARTESIAN_POINT('Ctrl Pts',(-16.1309513447087,-9.49691408517275,28.1999999999999));
#8310=CARTESIAN_POINT('Ctrl Pts',(-16.0437021478856,-9.4854273828291,28.1999999999999));
#8311=CARTESIAN_POINT('Ctrl Pts',(-16.0000755057012,-9.4854273828291,28.1999999999999));
#8312=CARTESIAN_POINT('',(-16.3535755057012,-9.63185187712799,28.1999999999999));
#8313=CARTESIAN_POINT('Ctrl Pts',(-16.7255793241973,-9.25984805863188,27.9255793241971));
#8314=CARTESIAN_POINT('Ctrl Pts',(-16.7018954313779,-9.2835319514512,27.9729471098358));
#8315=CARTESIAN_POINT('Ctrl Pts',(-16.6496103788125,-9.33581700401665,28.0536714863978));
#8316=CARTESIAN_POINT('Ctrl Pts',(-16.5122245180311,-9.47320286479807,28.1657509040115));
#8317=CARTESIAN_POINT('Ctrl Pts',(-16.4021073028642,-9.58332007996491,28.1999999999999));
#8318=CARTESIAN_POINT('Ctrl Pts',(-16.3535755057012,-9.63185187712799,28.1999999999999));
#8319=CARTESIAN_POINT('',(-16.0000755057012,-9.4854273828291,28.1999999999999));
#8320=CARTESIAN_POINT('Origin',(-16.0000755057012,-9.98535187712799,28.1999999999999));
#8321=CARTESIAN_POINT('Origin',(-16.0000755057012,-9.4854273828291,27.6999999999999));
#8322=CARTESIAN_POINT('Ctrl Pts',(-16.7255793241973,-9.25984805863188,27.9255793241971));
#8323=CARTESIAN_POINT('Ctrl Pts',(-16.7018954313779,-9.2835319514512,27.9729471098358));
#8324=CARTESIAN_POINT('Ctrl Pts',(-16.6496103788125,-9.33581700401665,28.0536714863978));
#8325=CARTESIAN_POINT('Ctrl Pts',(-16.5122245180311,-9.47320286479807,28.1657509040115));
#8326=CARTESIAN_POINT('Ctrl Pts',(-16.4021073028642,-9.58332007996491,28.1999999999999));
#8327=CARTESIAN_POINT('Ctrl Pts',(-16.3535755057012,-9.63185187712799,28.1999999999999));
#8328=CARTESIAN_POINT('Ctrl Pts',(-16.7492632170166,-9.30721584427052,27.9492632170164));
#8329=CARTESIAN_POINT('Ctrl Pts',(-16.7252861287574,-9.33048737159422,27.9917802808575));
#8330=CARTESIAN_POINT('Ctrl Pts',(-16.6727752989131,-9.38276115788962,28.0660784201291));
#8331=CARTESIAN_POINT('Ctrl Pts',(-16.5377573409994,-9.51979640445674,28.1704472741235));
#8332=CARTESIAN_POINT('Ctrl Pts',(-16.4327811549839,-9.6193863539916,28.1999999999999));
#8333=CARTESIAN_POINT('Ctrl Pts',(-16.3844242002302,-9.66270057165699,28.1999999999999));
#8334=CARTESIAN_POINT('Ctrl Pts',(-16.7885682655497,-9.40967190821051,27.9885682655496));
#8335=CARTESIAN_POINT('Ctrl Pts',(-16.7647229242042,-9.43289538773676,28.0242651013179));
#8336=CARTESIAN_POINT('Ctrl Pts',(-16.7114999309371,-9.48775339005736,28.0898490999469));
#8337=CARTESIAN_POINT('Ctrl Pts',(-16.5800818264612,-9.6258900598695,28.1809296858843));
#8338=CARTESIAN_POINT('Ctrl Pts',(-16.4863623562161,-9.69915206120941,28.1999999999999));
#8339=CARTESIAN_POINT('Ctrl Pts',(-16.4379963738362,-9.7325173955044,28.1999999999999));
#8340=CARTESIAN_POINT('Ctrl Pts',(-16.8418793844627,-9.67897872421963,28.0418793844626));
#8341=CARTESIAN_POINT('Ctrl Pts',(-16.8152667062701,-9.69926324460709,28.0724134282018));
#8342=CARTESIAN_POINT('Ctrl Pts',(-16.7529258225573,-9.74678194956669,28.1289866303008));
#8343=CARTESIAN_POINT('Ctrl Pts',(-16.6291205365244,-9.81152051854573,28.1876412835366));
#8344=CARTESIAN_POINT('Ctrl Pts',(-16.5377292032659,-9.83837226946899,28.1999999999999));
#8345=CARTESIAN_POINT('Ctrl Pts',(-16.4885132976564,-9.8544760381204,28.1999999999999));
#8346=CARTESIAN_POINT('Ctrl Pts',(-16.8535533905933,-9.88829706828908,28.0535533905932));
#8347=CARTESIAN_POINT('Ctrl Pts',(-16.8244141120637,-9.89368900211346,28.0826926691228));
#8348=CARTESIAN_POINT('Ctrl Pts',(-16.7577358120012,-9.90543537933361,28.1349312046486));
#8349=CARTESIAN_POINT('Ctrl Pts',(-16.6364951477371,-9.9243606310351,28.1872335809652));
#8350=CARTESIAN_POINT('Ctrl Pts',(-16.5460572997054,-9.93606103655058,28.1999999999999));
#8351=CARTESIAN_POINT('Ctrl Pts',(-16.5,-9.94172523494358,28.1999999999999));
#8352=CARTESIAN_POINT('Ctrl Pts',(-16.8535533905933,-9.98535187712799,28.0535533905932));
#8353=CARTESIAN_POINT('Ctrl Pts',(-16.8227000368561,-9.98535187712799,28.0844067443304));
#8354=CARTESIAN_POINT('Ctrl Pts',(-16.7528726682799,-9.98535187712799,28.1379870091674));
#8355=CARTESIAN_POINT('Ctrl Pts',(-16.6308956057366,-9.98535187712799,28.1885115627712));
#8356=CARTESIAN_POINT('Ctrl Pts',(-16.5436332312999,-9.98535187712799,28.1999999999999));
#8357=CARTESIAN_POINT('Ctrl Pts',(-16.5,-9.98535187712799,28.1999999999999));
#8358=CARTESIAN_POINT('',(-16.8535533905933,-9.98535187712799,28.0535533905932));
#8359=CARTESIAN_POINT('Ctrl Pts',(-16.7255793241973,-9.25984805863188,27.9255793241971));
#8360=CARTESIAN_POINT('Ctrl Pts',(-16.7492632170166,-9.30721584427052,27.9492632170164));
#8361=CARTESIAN_POINT('Ctrl Pts',(-16.7885682655497,-9.40967190821051,27.9885682655496));
#8362=CARTESIAN_POINT('Ctrl Pts',(-16.8418793844627,-9.67897872421963,28.0418793844626));
#8363=CARTESIAN_POINT('Ctrl Pts',(-16.8535533905933,-9.88829706828908,28.0535533905932));
#8364=CARTESIAN_POINT('Ctrl Pts',(-16.8535533905933,-9.98535187712799,28.0535533905932));
#8365=CARTESIAN_POINT('',(-16.5,-9.98535187712799,28.1999999999999));
#8366=CARTESIAN_POINT('Origin',(-16.5,-9.98535187712799,27.6999999999999));
#8367=CARTESIAN_POINT('Origin',(-16.0000755057012,-9.98535187712799,28.1999999999999));
#8368=CARTESIAN_POINT('Ctrl Pts',(-16.7255793241973,-9.25984805863188,27.9255793241971));
#8369=CARTESIAN_POINT('Ctrl Pts',(-16.7492632170166,-9.30721584427052,27.9492632170164));
#8370=CARTESIAN_POINT('Ctrl Pts',(-16.7885682655497,-9.40967190821051,27.9885682655496));
#8371=CARTESIAN_POINT('Ctrl Pts',(-16.8418793844627,-9.67897872421963,28.0418793844626));
#8372=CARTESIAN_POINT('Ctrl Pts',(-16.8535533905933,-9.88829706828908,28.0535533905932));
#8373=CARTESIAN_POINT('Ctrl Pts',(-16.8535533905933,-9.98535187712799,28.0535533905932));
#8374=CARTESIAN_POINT('Ctrl Pts',(-16.7729471098359,-9.2835319514512,27.9018954313778));
#8375=CARTESIAN_POINT('Ctrl Pts',(-16.7917802808577,-9.33048737159422,27.9252861287573));
#8376=CARTESIAN_POINT('Ctrl Pts',(-16.8242651013181,-9.43289538773676,27.964722924204));
#8377=CARTESIAN_POINT('Ctrl Pts',(-16.8724134282019,-9.69926324460709,28.0152667062699));
#8378=CARTESIAN_POINT('Ctrl Pts',(-16.8826926691229,-9.89368900211346,28.0244141120636));
#8379=CARTESIAN_POINT('Ctrl Pts',(-16.8844067443305,-9.98535187712799,28.022700036856));
#8380=CARTESIAN_POINT('Ctrl Pts',(-16.853671486398,-9.33581700401665,27.8496103788124));
#8381=CARTESIAN_POINT('Ctrl Pts',(-16.8660784201293,-9.38276115788963,27.8727752989129));
#8382=CARTESIAN_POINT('Ctrl Pts',(-16.889849099947,-9.48775339005735,27.911499930937));
#8383=CARTESIAN_POINT('Ctrl Pts',(-16.928986630301,-9.74678194956669,27.9529258225571));
#8384=CARTESIAN_POINT('Ctrl Pts',(-16.9349312046487,-9.90543537933361,27.957735812001));
#8385=CARTESIAN_POINT('Ctrl Pts',(-16.9379870091675,-9.98535187712799,27.9528726682797));
#8386=CARTESIAN_POINT('Ctrl Pts',(-16.9657509040116,-9.47320286479806,27.7122245180309));
#8387=CARTESIAN_POINT('Ctrl Pts',(-16.9704472741237,-9.51979640445673,27.7377573409992));
#8388=CARTESIAN_POINT('Ctrl Pts',(-16.9809296858845,-9.6258900598695,27.7800818264611));
#8389=CARTESIAN_POINT('Ctrl Pts',(-16.9876412835367,-9.81152051854574,27.8291205365243));
#8390=CARTESIAN_POINT('Ctrl Pts',(-16.9872335809654,-9.92436063103509,27.8364951477369));
#8391=CARTESIAN_POINT('Ctrl Pts',(-16.9885115627714,-9.98535187712799,27.8308956057365));
#8392=CARTESIAN_POINT('Ctrl Pts',(-17.,-9.58332007996491,27.6021073028641));
#8393=CARTESIAN_POINT('Ctrl Pts',(-17.,-9.6193863539916,27.6327811549838));
#8394=CARTESIAN_POINT('Ctrl Pts',(-17.,-9.69915206120941,27.6863623562159));
#8395=CARTESIAN_POINT('Ctrl Pts',(-17.,-9.83837226946898,27.7377292032658));
#8396=CARTESIAN_POINT('Ctrl Pts',(-17.,-9.93606103655058,27.7460572997053));
#8397=CARTESIAN_POINT('Ctrl Pts',(-17.,-9.98535187712799,27.7436332312998));
#8398=CARTESIAN_POINT('Ctrl Pts',(-17.,-9.63185187712799,27.553575505701));
#8399=CARTESIAN_POINT('Ctrl Pts',(-17.,-9.66270057165699,27.58442420023));
#8400=CARTESIAN_POINT('Ctrl Pts',(-17.,-9.7325173955044,27.6379963738361));
#8401=CARTESIAN_POINT('Ctrl Pts',(-17.,-9.8544760381204,27.6885132976563));
#8402=CARTESIAN_POINT('Ctrl Pts',(-17.,-9.94172523494357,27.6999999999999));
#8403=CARTESIAN_POINT('Ctrl Pts',(-17.,-9.98535187712799,27.6999999999999));
#8404=CARTESIAN_POINT('',(-16.9893235689513,-9.55716072590011,27.6282666569289));
#8405=CARTESIAN_POINT('Ctrl Pts',(-16.7255793241973,-9.25984805863188,27.9255793241971));
#8406=CARTESIAN_POINT('Ctrl Pts',(-16.7729471098359,-9.2835319514512,27.9018954313778));
#8407=CARTESIAN_POINT('Ctrl Pts',(-16.853671486398,-9.33581700401665,27.8496103788124));
#8408=CARTESIAN_POINT('Ctrl Pts',(-16.9474810192695,-9.45080781765095,27.734619565178));
#8409=CARTESIAN_POINT('Ctrl Pts',(-16.9808317441958,-9.53057763327264,27.6548497495564));
#8410=CARTESIAN_POINT('Ctrl Pts',(-16.9885336657879,-9.55727445793188,27.6281529248971));
#8411=CARTESIAN_POINT('',(-17.,-9.98535187712799,27.6999999999999));
#8412=CARTESIAN_POINT('Ctrl Pts',(-17.0000079625369,-9.98535187712799,27.6972513919871));
#8413=CARTESIAN_POINT('Ctrl Pts',(-17.0000079625369,-9.89603146417129,27.6972513919871));
#8414=CARTESIAN_POINT('Ctrl Pts',(-16.9995333030096,-9.77610512579829,27.6842571028045));
#8415=CARTESIAN_POINT('Ctrl Pts',(-16.997247092006,-9.64624889229168,27.6484531971477));
#8416=CARTESIAN_POINT('Ctrl Pts',(-16.992788117779,-9.59011109043383,27.6352135314762));
#8417=CARTESIAN_POINT('Ctrl Pts',(-16.9888091627953,-9.55723927807115,27.628190429471));
#8418=CARTESIAN_POINT('Origin',(-16.5,-9.98535187712799,27.6999999999999));
#8419=CARTESIAN_POINT('Ctrl Pts',(-16.7255793241974,-43.2110067070263,27.9255793241971));
#8420=CARTESIAN_POINT('Ctrl Pts',(-16.7492632170167,-43.2346905998456,27.8782115385585));
#8421=CARTESIAN_POINT('Ctrl Pts',(-16.7885682655499,-43.2739956483788,27.7757554746185));
#8422=CARTESIAN_POINT('Ctrl Pts',(-16.8418793844628,-43.3273067672918,27.5064486586094));
#8423=CARTESIAN_POINT('Ctrl Pts',(-16.8535533905935,-43.3389807734224,27.2971303145399));
#8424=CARTESIAN_POINT('Ctrl Pts',(-16.8535533905935,-43.3389807734224,27.200075505701));
#8425=CARTESIAN_POINT('Ctrl Pts',(-16.772947109836,-43.187322814207,27.9018954313778));
#8426=CARTESIAN_POINT('Ctrl Pts',(-16.7917802808578,-43.2107135115865,27.8549400112348));
#8427=CARTESIAN_POINT('Ctrl Pts',(-16.8242651013182,-43.2501503070332,27.7525319950922));
#8428=CARTESIAN_POINT('Ctrl Pts',(-16.8724134282021,-43.3006940890992,27.4861641382219));
#8429=CARTESIAN_POINT('Ctrl Pts',(-16.882692669123,-43.3098414948928,27.2917383807155));
#8430=CARTESIAN_POINT('Ctrl Pts',(-16.8844067443307,-43.3081274196852,27.200075505701));
#8431=CARTESIAN_POINT('Ctrl Pts',(-16.8536714863981,-43.1350377616416,27.8496103788124));
#8432=CARTESIAN_POINT('Ctrl Pts',(-16.8660784201294,-43.1582026817422,27.8026662249394));
#8433=CARTESIAN_POINT('Ctrl Pts',(-16.8898490999471,-43.1969273137662,27.6976739927717));
#8434=CARTESIAN_POINT('Ctrl Pts',(-16.9289866303011,-43.2383532053863,27.4386454332623));
#8435=CARTESIAN_POINT('Ctrl Pts',(-16.9349312046489,-43.2431631948303,27.2799920034954));
#8436=CARTESIAN_POINT('Ctrl Pts',(-16.9379870091677,-43.2383000511089,27.200075505701));
#8437=CARTESIAN_POINT('Ctrl Pts',(-16.9657509040118,-42.9976519008601,27.7122245180309));
#8438=CARTESIAN_POINT('Ctrl Pts',(-16.9704472741238,-43.0231847238284,27.6656309783723));
#8439=CARTESIAN_POINT('Ctrl Pts',(-16.9809296858847,-43.0655092092902,27.5595373229595));
#8440=CARTESIAN_POINT('Ctrl Pts',(-16.9876412835368,-43.1145479193535,27.3739068642833));
#8441=CARTESIAN_POINT('Ctrl Pts',(-16.9872335809655,-43.1219225305661,27.2610667517939));
#8442=CARTESIAN_POINT('Ctrl Pts',(-16.9885115627715,-43.1163229885656,27.200075505701));
#8443=CARTESIAN_POINT('Ctrl Pts',(-17.0000000000002,-42.8875346856933,27.6021073028641));
#8444=CARTESIAN_POINT('Ctrl Pts',(-17.0000000000002,-42.918208537813,27.5660410288374));
#8445=CARTESIAN_POINT('Ctrl Pts',(-17.0000000000002,-42.9717897390451,27.4862753216196));
#8446=CARTESIAN_POINT('Ctrl Pts',(-17.0000000000002,-43.0231565860949,27.34705511336));
#8447=CARTESIAN_POINT('Ctrl Pts',(-17.0000000000002,-43.0314846825345,27.2493663462784));
#8448=CARTESIAN_POINT('Ctrl Pts',(-17.0000000000002,-43.029060614129,27.200075505701));
#8449=CARTESIAN_POINT('Ctrl Pts',(-17.0000000000002,-42.8390028885302,27.553575505701));
#8450=CARTESIAN_POINT('Ctrl Pts',(-17.0000000000002,-42.8698515830592,27.522726811172));
#8451=CARTESIAN_POINT('Ctrl Pts',(-17.0000000000002,-42.9234237566653,27.4529099873246));
#8452=CARTESIAN_POINT('Ctrl Pts',(-17.0000000000002,-42.9739406804855,27.3309513447086));
#8453=CARTESIAN_POINT('Ctrl Pts',(-17.0000000000002,-42.9854273828291,27.2437021478854));
#8454=CARTESIAN_POINT('Ctrl Pts',(-17.0000000000002,-42.9854273828291,27.200075505701));
#8455=CARTESIAN_POINT('',(-16.7255793241974,-43.2110067070263,27.9255793241971));
#8456=CARTESIAN_POINT('',(-16.8231929665773,-43.3086203494063,27.5873958898998));
#8457=CARTESIAN_POINT('Ctrl Pts',(-16.7255793241974,-43.2110067070263,27.9255793241971));
#8458=CARTESIAN_POINT('Ctrl Pts',(-16.7492632170167,-43.2346905998456,27.8782115385585));
#8459=CARTESIAN_POINT('Ctrl Pts',(-16.7689157412833,-43.2543431241122,27.8269835065885));
#8460=CARTESIAN_POINT('Ctrl Pts',(-16.7876271899021,-43.273054572731,27.7564850212686));
#8461=CARTESIAN_POINT('Ctrl Pts',(-16.8005032339761,-43.2859306168051,27.7079723901716));
#8462=CARTESIAN_POINT('Ctrl Pts',(-16.8129336478432,-43.2983610306722,27.6503345669238));
#8463=CARTESIAN_POINT('Ctrl Pts',(-16.8232808087918,-43.3087081916207,27.5874249031733));
#8464=CARTESIAN_POINT('',(-16.9893235689515,-42.9136940397581,27.6282666569289));
#8465=CARTESIAN_POINT('Ctrl Pts',(-16.7255793241974,-43.2110067070263,27.9255793241971));
#8466=CARTESIAN_POINT('Ctrl Pts',(-16.772947109836,-43.187322814207,27.9018954313778));
#8467=CARTESIAN_POINT('Ctrl Pts',(-16.8133092981171,-43.1611802879243,27.8757529050951));
#8468=CARTESIAN_POINT('Ctrl Pts',(-16.8521702951932,-43.1252113813194,27.8397839984902));
#8469=CARTESIAN_POINT('Ctrl Pts',(-16.8910312922693,-43.0892424747144,27.8038150918852));
#8470=CARTESIAN_POINT('Ctrl Pts',(-16.9283910981406,-43.0434471877873,27.7580198049581));
#8471=CARTESIAN_POINT('Ctrl Pts',(-16.9556332750733,-42.993020240532,27.7075928577028));
#8472=CARTESIAN_POINT('Ctrl Pts',(-16.9695533422926,-42.9672533388195,27.6818259559903));
#8473=CARTESIAN_POINT('Ctrl Pts',(-16.9808317441959,-42.9402771323856,27.6548497495563));
#8474=CARTESIAN_POINT('Ctrl Pts',(-16.9885336657881,-42.9135803077263,27.6281529248971));
#8475=CARTESIAN_POINT('Ctrl Pts',(-16.8235632321233,-43.3094366607058,27.5888027905014));
#8476=CARTESIAN_POINT('Ctrl Pts',(-16.8443892705463,-43.2885677855196,27.5887781070851));
#8477=CARTESIAN_POINT('Ctrl Pts',(-16.9006070621256,-43.2196723255783,27.5896598536242));
#8478=CARTESIAN_POINT('Ctrl Pts',(-16.9609950234731,-43.0891630364079,27.5951132078161));
#8479=CARTESIAN_POINT('Ctrl Pts',(-16.983399563231,-42.9650665789378,27.6190595168745));
#8480=CARTESIAN_POINT('Ctrl Pts',(-16.9890678435192,-42.9152590396203,27.6302622123995));
#8481=CARTESIAN_POINT('Ctrl Pts',(-16.7255793241974,-43.2110067070263,27.9255793241971));
#8482=CARTESIAN_POINT('Ctrl Pts',(-16.772947109836,-43.187322814207,27.9018954313778));
#8483=CARTESIAN_POINT('Ctrl Pts',(-16.8536714863981,-43.1350377616416,27.8496103788124));
#8484=CARTESIAN_POINT('Ctrl Pts',(-16.9657509040118,-42.9976519008601,27.7122245180309));
#8485=CARTESIAN_POINT('Ctrl Pts',(-17.0000000000002,-42.8875346856933,27.6021073028641));
#8486=CARTESIAN_POINT('Ctrl Pts',(-17.0000000000002,-42.8390028885302,27.553575505701));
#8487=CARTESIAN_POINT('Ctrl Pts',(-16.7492632170167,-43.1636389213877,27.9492632170164));
#8488=CARTESIAN_POINT('Ctrl Pts',(-16.7917802808578,-43.140367394064,27.9252861287573));
#8489=CARTESIAN_POINT('Ctrl Pts',(-16.8660784201294,-43.0880936077686,27.872775298913));
#8490=CARTESIAN_POINT('Ctrl Pts',(-16.9704472741238,-42.9510583612014,27.7377573409992));
#8491=CARTESIAN_POINT('Ctrl Pts',(-17.0000000000002,-42.8514684116666,27.6327811549838));
#8492=CARTESIAN_POINT('Ctrl Pts',(-17.0000000000002,-42.8081541940012,27.58442420023));
#8493=CARTESIAN_POINT('Ctrl Pts',(-16.7885682655499,-43.0611828574477,27.9885682655496));
#8494=CARTESIAN_POINT('Ctrl Pts',(-16.8242651013182,-43.0379593779214,27.964722924204));
#8495=CARTESIAN_POINT('Ctrl Pts',(-16.8898490999471,-42.9831013756009,27.911499930937));
#8496=CARTESIAN_POINT('Ctrl Pts',(-16.9809296858847,-42.8449647057887,27.7800818264611));
#8497=CARTESIAN_POINT('Ctrl Pts',(-17.0000000000002,-42.7717027044488,27.6863623562159));
#8498=CARTESIAN_POINT('Ctrl Pts',(-17.0000000000002,-42.7383373701538,27.6379963738361));
#8499=CARTESIAN_POINT('Ctrl Pts',(-16.8418793844628,-42.7918760414386,28.0418793844625));
#8500=CARTESIAN_POINT('Ctrl Pts',(-16.8724134282021,-42.7715915210511,28.0152667062699));
#8501=CARTESIAN_POINT('Ctrl Pts',(-16.9289866303011,-42.7240728160915,27.9529258225572));
#8502=CARTESIAN_POINT('Ctrl Pts',(-16.9876412835368,-42.6593342471124,27.8291205365242));
#8503=CARTESIAN_POINT('Ctrl Pts',(-17.0000000000002,-42.6324824961892,27.7377292032658));
#8504=CARTESIAN_POINT('Ctrl Pts',(-17.0000000000002,-42.6163787275378,27.6885132976563));
#8505=CARTESIAN_POINT('Ctrl Pts',(-16.8535533905935,-42.5825576973691,28.0535533905932));
#8506=CARTESIAN_POINT('Ctrl Pts',(-16.882692669123,-42.5771657635447,28.0244141120636));
#8507=CARTESIAN_POINT('Ctrl Pts',(-16.9349312046489,-42.5654193863246,27.9577358120011));
#8508=CARTESIAN_POINT('Ctrl Pts',(-16.9872335809655,-42.5464941346231,27.8364951477369));
#8509=CARTESIAN_POINT('Ctrl Pts',(-17.0000000000002,-42.5347937291076,27.7460572997053));
#8510=CARTESIAN_POINT('Ctrl Pts',(-17.0000000000002,-42.5291295307146,27.6999999999999));
#8511=CARTESIAN_POINT('Ctrl Pts',(-16.8535533905935,-42.4855028885302,28.0535533905932));
#8512=CARTESIAN_POINT('Ctrl Pts',(-16.8844067443307,-42.4855028885302,28.022700036856));
#8513=CARTESIAN_POINT('Ctrl Pts',(-16.9379870091677,-42.4855028885302,27.9528726682797));
#8514=CARTESIAN_POINT('Ctrl Pts',(-16.9885115627715,-42.4855028885302,27.8308956057365));
#8515=CARTESIAN_POINT('Ctrl Pts',(-17.0000000000002,-42.4855028885302,27.7436332312998));
#8516=CARTESIAN_POINT('Ctrl Pts',(-17.0000000000002,-42.4855028885302,27.6999999999999));
#8517=CARTESIAN_POINT('',(-16.8535533905935,-42.4855028885302,28.0535533905932));
#8518=CARTESIAN_POINT('Ctrl Pts',(-16.7255793241974,-43.2110067070263,27.9255793241971));
#8519=CARTESIAN_POINT('Ctrl Pts',(-16.7492632170167,-43.1636389213877,27.9492632170164));
#8520=CARTESIAN_POINT('Ctrl Pts',(-16.7885682655499,-43.0611828574477,27.9885682655496));
#8521=CARTESIAN_POINT('Ctrl Pts',(-16.8418793844628,-42.7918760414386,28.0418793844625));
#8522=CARTESIAN_POINT('Ctrl Pts',(-16.8535533905935,-42.5825576973691,28.0535533905932));
#8523=CARTESIAN_POINT('Ctrl Pts',(-16.8535533905935,-42.4855028885302,28.0535533905932));
#8524=CARTESIAN_POINT('',(-17.0000000000002,-42.4855028885302,27.6999999999999));
#8525=CARTESIAN_POINT('Origin',(-16.5000000000002,-42.4855028885302,27.6999999999999));
#8526=CARTESIAN_POINT('Ctrl Pts',(-16.9892462012369,-42.9136827244313,27.6306172509089));
#8527=CARTESIAN_POINT('Ctrl Pts',(-16.9929567561178,-42.8806984717715,27.638056713693));
#8528=CARTESIAN_POINT('Ctrl Pts',(-16.9970776743894,-42.8244688002397,27.6517929888439));
#8529=CARTESIAN_POINT('Ctrl Pts',(-17.0001387288077,-42.6946111278078,27.6862283945972));
#8530=CARTESIAN_POINT('Ctrl Pts',(-17.0000000000002,-42.5748193448279,27.6999999999999));
#8531=CARTESIAN_POINT('Ctrl Pts',(-17.0000000000002,-42.4855028885302,27.6999999999999));
#8532=CARTESIAN_POINT('Ctrl Pts',(-16.7255793241974,-43.2110067070263,27.9255793241971));
#8533=CARTESIAN_POINT('Ctrl Pts',(-16.7492632170167,-43.1636389213877,27.9492632170164));
#8534=CARTESIAN_POINT('Ctrl Pts',(-16.7885682655499,-43.0611828574477,27.9885682655496));
#8535=CARTESIAN_POINT('Ctrl Pts',(-16.8418793844628,-42.7918760414386,28.0418793844625));
#8536=CARTESIAN_POINT('Ctrl Pts',(-16.8535533905935,-42.5825576973691,28.0535533905932));
#8537=CARTESIAN_POINT('Ctrl Pts',(-16.8535533905935,-42.4855028885302,28.0535533905932));
#8538=CARTESIAN_POINT('Ctrl Pts',(-16.7018954313781,-43.187322814207,27.9729471098358));
#8539=CARTESIAN_POINT('Ctrl Pts',(-16.7252861287576,-43.140367394064,27.9917802808575));
#8540=CARTESIAN_POINT('Ctrl Pts',(-16.7647229242043,-43.0379593779214,28.0242651013179));
#8541=CARTESIAN_POINT('Ctrl Pts',(-16.8152667062702,-42.7715915210511,28.0724134282018));
#8542=CARTESIAN_POINT('Ctrl Pts',(-16.8244141120639,-42.5771657635447,28.0826926691228));
#8543=CARTESIAN_POINT('Ctrl Pts',(-16.8227000368562,-42.4855028885302,28.0844067443304));
#8544=CARTESIAN_POINT('Ctrl Pts',(-16.6496103788126,-43.1350377616415,28.0536714863978));
#8545=CARTESIAN_POINT('Ctrl Pts',(-16.6727752989132,-43.0880936077686,28.0660784201291));
#8546=CARTESIAN_POINT('Ctrl Pts',(-16.7114999309373,-42.9831013756009,28.0898490999469));
#8547=CARTESIAN_POINT('Ctrl Pts',(-16.7529258225574,-42.7240728160915,28.1289866303008));
#8548=CARTESIAN_POINT('Ctrl Pts',(-16.7577358120013,-42.5654193863246,28.1349312046486));
#8549=CARTESIAN_POINT('Ctrl Pts',(-16.75287266828,-42.4855028885302,28.1379870091674));
#8550=CARTESIAN_POINT('Ctrl Pts',(-16.5122245180312,-42.9976519008601,28.1657509040115));
#8551=CARTESIAN_POINT('Ctrl Pts',(-16.5377573409995,-42.9510583612015,28.1704472741235));
#8552=CARTESIAN_POINT('Ctrl Pts',(-16.5800818264613,-42.8449647057887,28.1809296858844));
#8553=CARTESIAN_POINT('Ctrl Pts',(-16.6291205365245,-42.6593342471125,28.1876412835366));
#8554=CARTESIAN_POINT('Ctrl Pts',(-16.6364951477372,-42.5464941346231,28.1872335809652));
#8555=CARTESIAN_POINT('Ctrl Pts',(-16.6308956057367,-42.4855028885302,28.1885115627712));
#8556=CARTESIAN_POINT('Ctrl Pts',(-16.4021073028644,-42.8875346856933,28.1999999999999));
#8557=CARTESIAN_POINT('Ctrl Pts',(-16.4327811549841,-42.8514684116666,28.1999999999999));
#8558=CARTESIAN_POINT('Ctrl Pts',(-16.4863623562162,-42.7717027044488,28.1999999999999));
#8559=CARTESIAN_POINT('Ctrl Pts',(-16.537729203266,-42.6324824961892,28.1999999999999));
#8560=CARTESIAN_POINT('Ctrl Pts',(-16.5460572997056,-42.5347937291076,28.1999999999999));
#8561=CARTESIAN_POINT('Ctrl Pts',(-16.5436332313,-42.4855028885302,28.1999999999999));
#8562=CARTESIAN_POINT('Ctrl Pts',(-16.3535755057013,-42.8390028885302,28.1999999999999));
#8563=CARTESIAN_POINT('Ctrl Pts',(-16.3844242002303,-42.8081541940012,28.1999999999999));
#8564=CARTESIAN_POINT('Ctrl Pts',(-16.4379963738364,-42.7383373701538,28.1999999999999));
#8565=CARTESIAN_POINT('Ctrl Pts',(-16.4885132976565,-42.6163787275378,28.1999999999999));
#8566=CARTESIAN_POINT('Ctrl Pts',(-16.5000000000002,-42.5291295307146,28.1999999999999));
#8567=CARTESIAN_POINT('Ctrl Pts',(-16.5000000000002,-42.4855028885302,28.1999999999999));
#8568=CARTESIAN_POINT('',(-16.3535755057013,-42.8390028885302,28.1999999999999));
#8569=CARTESIAN_POINT('Ctrl Pts',(-16.7255793241974,-43.2110067070263,27.9255793241971));
#8570=CARTESIAN_POINT('Ctrl Pts',(-16.7018954313781,-43.187322814207,27.9729471098358));
#8571=CARTESIAN_POINT('Ctrl Pts',(-16.6496103788126,-43.1350377616415,28.0536714863978));
#8572=CARTESIAN_POINT('Ctrl Pts',(-16.5122245180312,-42.9976519008601,28.1657509040115));
#8573=CARTESIAN_POINT('Ctrl Pts',(-16.4021073028644,-42.8875346856933,28.1999999999999));
#8574=CARTESIAN_POINT('Ctrl Pts',(-16.3535755057013,-42.8390028885302,28.1999999999999));
#8575=CARTESIAN_POINT('',(-16.5000000000002,-42.4855028885302,28.1999999999999));
#8576=CARTESIAN_POINT('Origin',(-16.0000755057013,-42.4855028885302,28.1999999999999));
#8577=CARTESIAN_POINT('Origin',(-16.5000000000002,-42.4855028885302,27.6999999999999));
#8578=CARTESIAN_POINT('Ctrl Pts',(-16.7255793241974,-43.2110067070263,27.9255793241971));
#8579=CARTESIAN_POINT('Ctrl Pts',(-16.7018954313781,-43.187322814207,27.9729471098358));
#8580=CARTESIAN_POINT('Ctrl Pts',(-16.6496103788126,-43.1350377616415,28.0536714863978));
#8581=CARTESIAN_POINT('Ctrl Pts',(-16.5122245180312,-42.9976519008601,28.1657509040115));
#8582=CARTESIAN_POINT('Ctrl Pts',(-16.4021073028644,-42.8875346856933,28.1999999999999));
#8583=CARTESIAN_POINT('Ctrl Pts',(-16.3535755057013,-42.8390028885302,28.1999999999999));
#8584=CARTESIAN_POINT('Ctrl Pts',(-16.6782115385588,-43.2346905998456,27.9492632170164));
#8585=CARTESIAN_POINT('Ctrl Pts',(-16.6549400112351,-43.2107135115865,27.9917802808575));
#8586=CARTESIAN_POINT('Ctrl Pts',(-16.6026662249397,-43.1582026817421,28.0660784201291));
#8587=CARTESIAN_POINT('Ctrl Pts',(-16.4656309783726,-43.0231847238284,28.1704472741235));
#8588=CARTESIAN_POINT('Ctrl Pts',(-16.3660410288377,-42.918208537813,28.1999999999999));
#8589=CARTESIAN_POINT('Ctrl Pts',(-16.3227268111723,-42.8698515830592,28.1999999999999));
#8590=CARTESIAN_POINT('Ctrl Pts',(-16.5757554746188,-43.2739956483788,27.9885682655496));
#8591=CARTESIAN_POINT('Ctrl Pts',(-16.5525319950925,-43.2501503070332,28.0242651013179));
#8592=CARTESIAN_POINT('Ctrl Pts',(-16.4976739927719,-43.1969273137662,28.0898490999469));
#8593=CARTESIAN_POINT('Ctrl Pts',(-16.3595373229598,-43.0655092092902,28.1809296858844));
#8594=CARTESIAN_POINT('Ctrl Pts',(-16.2862753216199,-42.9717897390451,28.1999999999999));
#8595=CARTESIAN_POINT('Ctrl Pts',(-16.2529099873249,-42.9234237566653,28.1999999999999));
#8596=CARTESIAN_POINT('Ctrl Pts',(-16.3064486586096,-43.3273067672918,28.0418793844625));
#8597=CARTESIAN_POINT('Ctrl Pts',(-16.2861641382222,-43.3006940890992,28.0724134282018));
#8598=CARTESIAN_POINT('Ctrl Pts',(-16.2386454332626,-43.2383532053863,28.1289866303008));
#8599=CARTESIAN_POINT('Ctrl Pts',(-16.1739068642835,-43.1145479193535,28.1876412835365));
#8600=CARTESIAN_POINT('Ctrl Pts',(-16.1470551133603,-43.023156586095,28.1999999999999));
#8601=CARTESIAN_POINT('Ctrl Pts',(-16.1309513447089,-42.9739406804855,28.1999999999999));
#8602=CARTESIAN_POINT('Ctrl Pts',(-16.0971303145402,-43.3389807734224,28.0535533905932));
#8603=CARTESIAN_POINT('Ctrl Pts',(-16.0917383807158,-43.3098414948928,28.0826926691228));
#8604=CARTESIAN_POINT('Ctrl Pts',(-16.0799920034957,-43.2431631948302,28.1349312046486));
#8605=CARTESIAN_POINT('Ctrl Pts',(-16.0610667517942,-43.1219225305661,28.1872335809652));
#8606=CARTESIAN_POINT('Ctrl Pts',(-16.0493663462787,-43.0314846825345,28.1999999999999));
#8607=CARTESIAN_POINT('Ctrl Pts',(-16.0437021478857,-42.9854273828291,28.1999999999999));
#8608=CARTESIAN_POINT('Ctrl Pts',(-16.0000755057013,-43.3389807734224,28.0535533905932));
#8609=CARTESIAN_POINT('Ctrl Pts',(-16.0000755057013,-43.3081274196852,28.0844067443304));
#8610=CARTESIAN_POINT('Ctrl Pts',(-16.0000755057013,-43.2383000511089,28.1379870091674));
#8611=CARTESIAN_POINT('Ctrl Pts',(-16.0000755057013,-43.1163229885657,28.1885115627712));
#8612=CARTESIAN_POINT('Ctrl Pts',(-16.0000755057013,-43.029060614129,28.1999999999999));
#8613=CARTESIAN_POINT('Ctrl Pts',(-16.0000755057013,-42.9854273828291,28.1999999999999));
#8614=CARTESIAN_POINT('',(-16.0000755057013,-43.3389807734224,28.0535533905932));
#8615=CARTESIAN_POINT('Ctrl Pts',(-16.7255793241974,-43.2110067070263,27.9255793241971));
#8616=CARTESIAN_POINT('Ctrl Pts',(-16.6782115385588,-43.2346905998456,27.9492632170164));
#8617=CARTESIAN_POINT('Ctrl Pts',(-16.5757554746188,-43.2739956483788,27.9885682655496));
#8618=CARTESIAN_POINT('Ctrl Pts',(-16.3064486586096,-43.3273067672918,28.0418793844625));
#8619=CARTESIAN_POINT('Ctrl Pts',(-16.0971303145402,-43.3389807734224,28.0535533905932));
#8620=CARTESIAN_POINT('Ctrl Pts',(-16.0000755057013,-43.3389807734224,28.0535533905932));
#8621=CARTESIAN_POINT('',(-16.0000755057013,-42.9854273828291,28.1999999999999));
#8622=CARTESIAN_POINT('Origin',(-16.0000755057013,-42.9854273828291,27.6999999999999));
#8623=CARTESIAN_POINT('Origin',(-16.0000755057013,-42.4855028885302,28.1999999999999));
#8624=CARTESIAN_POINT('Ctrl Pts',(-16.7255793241974,-43.2110067070263,27.9255793241971));
#8625=CARTESIAN_POINT('Ctrl Pts',(-16.6782115385588,-43.2346905998456,27.9492632170164));
#8626=CARTESIAN_POINT('Ctrl Pts',(-16.5757554746188,-43.2739956483788,27.9885682655496));
#8627=CARTESIAN_POINT('Ctrl Pts',(-16.3064486586096,-43.3273067672918,28.0418793844625));
#8628=CARTESIAN_POINT('Ctrl Pts',(-16.0971303145402,-43.3389807734224,28.0535533905932));
#8629=CARTESIAN_POINT('Ctrl Pts',(-16.0000755057013,-43.3389807734224,28.0535533905932));
#8630=CARTESIAN_POINT('Ctrl Pts',(-16.7018954313781,-43.258374492665,27.9018954313778));
#8631=CARTESIAN_POINT('Ctrl Pts',(-16.6549400112351,-43.2772076636867,27.9252861287573));
#8632=CARTESIAN_POINT('Ctrl Pts',(-16.5525319950925,-43.3096924841471,27.964722924204));
#8633=CARTESIAN_POINT('Ctrl Pts',(-16.2861641382222,-43.357840811031,28.0152667062699));
#8634=CARTESIAN_POINT('Ctrl Pts',(-16.0917383807158,-43.368120051952,28.0244141120636));
#8635=CARTESIAN_POINT('Ctrl Pts',(-16.0000755057013,-43.3698341271596,28.022700036856));
#8636=CARTESIAN_POINT('Ctrl Pts',(-16.6496103788126,-43.3390988692271,27.8496103788124));
#8637=CARTESIAN_POINT('Ctrl Pts',(-16.6026662249397,-43.3515058029583,27.8727752989129));
#8638=CARTESIAN_POINT('Ctrl Pts',(-16.4976739927719,-43.3752764827761,27.911499930937));
#8639=CARTESIAN_POINT('Ctrl Pts',(-16.2386454332626,-43.41441401313,27.9529258225571));
#8640=CARTESIAN_POINT('Ctrl Pts',(-16.0799920034957,-43.4203585874778,27.957735812001));
#8641=CARTESIAN_POINT('Ctrl Pts',(-16.0000755057013,-43.4234143919966,27.9528726682797));
#8642=CARTESIAN_POINT('Ctrl Pts',(-16.5122245180312,-43.4511782868407,27.7122245180309));
#8643=CARTESIAN_POINT('Ctrl Pts',(-16.4656309783725,-43.4558746569527,27.7377573409992));
#8644=CARTESIAN_POINT('Ctrl Pts',(-16.3595373229598,-43.4663570687135,27.7800818264611));
#8645=CARTESIAN_POINT('Ctrl Pts',(-16.1739068642836,-43.4730686663658,27.8291205365243));
#8646=CARTESIAN_POINT('Ctrl Pts',(-16.0610667517942,-43.4726609637944,27.8364951477369));
#8647=CARTESIAN_POINT('Ctrl Pts',(-16.0000755057013,-43.4739389456005,27.8308956057365));
#8648=CARTESIAN_POINT('Ctrl Pts',(-16.4021073028644,-43.4854273828291,27.6021073028641));
#8649=CARTESIAN_POINT('Ctrl Pts',(-16.3660410288377,-43.4854273828291,27.6327811549838));
#8650=CARTESIAN_POINT('Ctrl Pts',(-16.2862753216199,-43.4854273828291,27.6863623562159));
#8651=CARTESIAN_POINT('Ctrl Pts',(-16.1470551133603,-43.4854273828291,27.7377292032658));
#8652=CARTESIAN_POINT('Ctrl Pts',(-16.0493663462787,-43.4854273828291,27.7460572997053));
#8653=CARTESIAN_POINT('Ctrl Pts',(-16.0000755057013,-43.4854273828291,27.7436332312998));
#8654=CARTESIAN_POINT('Ctrl Pts',(-16.3535755057013,-43.4854273828291,27.553575505701));
#8655=CARTESIAN_POINT('Ctrl Pts',(-16.3227268111723,-43.4854273828291,27.58442420023));
#8656=CARTESIAN_POINT('Ctrl Pts',(-16.2529099873249,-43.4854273828291,27.6379963738361));
#8657=CARTESIAN_POINT('Ctrl Pts',(-16.1309513447089,-43.4854273828291,27.6885132976563));
#8658=CARTESIAN_POINT('Ctrl Pts',(-16.0437021478857,-43.4854273828291,27.6999999999999));
#8659=CARTESIAN_POINT('Ctrl Pts',(-16.0000755057013,-43.4854273828291,27.6999999999999));
#8660=CARTESIAN_POINT('',(-16.4282666569292,-43.4747509517804,27.6282666569289));
#8661=CARTESIAN_POINT('Ctrl Pts',(-16.7255793241974,-43.2110067070263,27.9255793241971));
#8662=CARTESIAN_POINT('Ctrl Pts',(-16.7018954313781,-43.258374492665,27.9018954313778));
#8663=CARTESIAN_POINT('Ctrl Pts',(-16.6496103788126,-43.3390988692271,27.8496103788124));
#8664=CARTESIAN_POINT('Ctrl Pts',(-16.5346195651783,-43.4329084020985,27.734619565178));
#8665=CARTESIAN_POINT('Ctrl Pts',(-16.4548497495566,-43.4662591270248,27.6548497495564));
#8666=CARTESIAN_POINT('Ctrl Pts',(-16.4281529248974,-43.473961048617,27.6281529248971));
#8667=CARTESIAN_POINT('',(-16.0000755057013,-43.4854273828291,27.6999999999999));
#8668=CARTESIAN_POINT('Ctrl Pts',(-16.0000755057013,-43.4854337881134,27.6975353291541));
#8669=CARTESIAN_POINT('Ctrl Pts',(-16.089391961999,-43.4854337881134,27.6975353291541));
#8670=CARTESIAN_POINT('Ctrl Pts',(-16.2094991486442,-43.4856576819324,27.6842303207818));
#8671=CARTESIAN_POINT('Ctrl Pts',(-16.3391041061094,-43.482862779165,27.6495433003621));
#8672=CARTESIAN_POINT('Ctrl Pts',(-16.395318704937,-43.4788387845747,27.6357722019136));
#8673=CARTESIAN_POINT('Ctrl Pts',(-16.4283281138086,-43.4751765636835,27.6283298046576));
#8674=CARTESIAN_POINT('Origin',(-16.0000755057013,-42.9854273828291,27.6999999999999));
#8675=CARTESIAN_POINT('Ctrl Pts',(-16.7255793241973,-20.7110067070263,27.9255793241971));
#8676=CARTESIAN_POINT('Ctrl Pts',(-16.6782115385587,-20.7346905998456,27.9492632170164));
#8677=CARTESIAN_POINT('Ctrl Pts',(-16.5757554746187,-20.7739956483788,27.9885682655496));
#8678=CARTESIAN_POINT('Ctrl Pts',(-16.3064486586096,-20.8273067672918,28.0418793844626));
#8679=CARTESIAN_POINT('Ctrl Pts',(-16.0971303145401,-20.8389807734224,28.0535533905932));
#8680=CARTESIAN_POINT('Ctrl Pts',(-16.0000755057012,-20.8389807734224,28.0535533905932));
#8681=CARTESIAN_POINT('Ctrl Pts',(-16.701895431378,-20.758374492665,27.9018954313778));
#8682=CARTESIAN_POINT('Ctrl Pts',(-16.654940011235,-20.7772076636867,27.9252861287573));
#8683=CARTESIAN_POINT('Ctrl Pts',(-16.5525319950924,-20.8096924841471,27.964722924204));
#8684=CARTESIAN_POINT('Ctrl Pts',(-16.2861641382221,-20.857840811031,28.0152667062699));
#8685=CARTESIAN_POINT('Ctrl Pts',(-16.0917383807157,-20.868120051952,28.0244141120636));
#8686=CARTESIAN_POINT('Ctrl Pts',(-16.0000755057012,-20.8698341271596,28.022700036856));
#8687=CARTESIAN_POINT('Ctrl Pts',(-16.6496103788125,-20.8390988692271,27.8496103788124));
#8688=CARTESIAN_POINT('Ctrl Pts',(-16.6026662249396,-20.8515058029583,27.872775298913));
#8689=CARTESIAN_POINT('Ctrl Pts',(-16.4976739927718,-20.8752764827761,27.911499930937));
#8690=CARTESIAN_POINT('Ctrl Pts',(-16.2386454332625,-20.91441401313,27.9529258225571));
#8691=CARTESIAN_POINT('Ctrl Pts',(-16.0799920034956,-20.9203585874778,27.9577358120011));
#8692=CARTESIAN_POINT('Ctrl Pts',(-16.0000755057012,-20.9234143919966,27.9528726682797));
#8693=CARTESIAN_POINT('Ctrl Pts',(-16.5122245180311,-20.9511782868407,27.7122245180309));
#8694=CARTESIAN_POINT('Ctrl Pts',(-16.4656309783725,-20.9558746569527,27.7377573409992));
#8695=CARTESIAN_POINT('Ctrl Pts',(-16.3595373229597,-20.9663570687136,27.7800818264611));
#8696=CARTESIAN_POINT('Ctrl Pts',(-16.1739068642835,-20.9730686663657,27.8291205365243));
#8697=CARTESIAN_POINT('Ctrl Pts',(-16.0610667517941,-20.9726609637944,27.8364951477369));
#8698=CARTESIAN_POINT('Ctrl Pts',(-16.0000755057012,-20.9739389456004,27.8308956057365));
#8699=CARTESIAN_POINT('Ctrl Pts',(-16.4021073028643,-20.9854273828291,27.6021073028641));
#8700=CARTESIAN_POINT('Ctrl Pts',(-16.3660410288376,-20.9854273828291,27.6327811549838));
#8701=CARTESIAN_POINT('Ctrl Pts',(-16.2862753216198,-20.9854273828291,27.6863623562159));
#8702=CARTESIAN_POINT('Ctrl Pts',(-16.1470551133602,-20.9854273828291,27.7377292032657));
#8703=CARTESIAN_POINT('Ctrl Pts',(-16.0493663462786,-20.9854273828291,27.7460572997053));
#8704=CARTESIAN_POINT('Ctrl Pts',(-16.0000755057012,-20.9854273828291,27.7436332312998));
#8705=CARTESIAN_POINT('Ctrl Pts',(-16.3535755057012,-20.9854273828291,27.553575505701));
#8706=CARTESIAN_POINT('Ctrl Pts',(-16.3227268111722,-20.9854273828291,27.58442420023));
#8707=CARTESIAN_POINT('Ctrl Pts',(-16.2529099873248,-20.9854273828291,27.6379963738361));
#8708=CARTESIAN_POINT('Ctrl Pts',(-16.1309513447088,-20.9854273828291,27.6885132976563));
#8709=CARTESIAN_POINT('Ctrl Pts',(-16.0437021478856,-20.9854273828291,27.6999999999999));
#8710=CARTESIAN_POINT('Ctrl Pts',(-16.0000755057012,-20.9854273828291,27.6999999999999));
#8711=CARTESIAN_POINT('',(-16.7255793241973,-20.7110067070263,27.9255793241971));
#8712=CARTESIAN_POINT('',(-16.0000755057012,-20.8389807734224,28.0535533905932));
#8713=CARTESIAN_POINT('Ctrl Pts',(-16.7255793241973,-20.7110067070263,27.9255793241971));
#8714=CARTESIAN_POINT('Ctrl Pts',(-16.6782115385587,-20.7346905998456,27.9492632170164));
#8715=CARTESIAN_POINT('Ctrl Pts',(-16.5757554746187,-20.7739956483788,27.9885682655496));
#8716=CARTESIAN_POINT('Ctrl Pts',(-16.3064486586096,-20.8273067672918,28.0418793844626));
#8717=CARTESIAN_POINT('Ctrl Pts',(-16.0971303145401,-20.8389807734224,28.0535533905932));
#8718=CARTESIAN_POINT('Ctrl Pts',(-16.0000755057012,-20.8389807734224,28.0535533905932));
#8719=CARTESIAN_POINT('',(-16.4282666569291,-20.9747509517804,27.6282666569289));
#8720=CARTESIAN_POINT('Ctrl Pts',(-16.7255793241973,-20.7110067070263,27.9255793241971));
#8721=CARTESIAN_POINT('Ctrl Pts',(-16.701895431378,-20.758374492665,27.9018954313778));
#8722=CARTESIAN_POINT('Ctrl Pts',(-16.6757529050953,-20.798736680946,27.8757529050951));
#8723=CARTESIAN_POINT('Ctrl Pts',(-16.6397839984903,-20.8375976780221,27.8397839984902));
#8724=CARTESIAN_POINT('Ctrl Pts',(-16.6038150918854,-20.8764586750983,27.8038150918852));
#8725=CARTESIAN_POINT('Ctrl Pts',(-16.5580198049583,-20.9138184809695,27.7580198049581));
#8726=CARTESIAN_POINT('Ctrl Pts',(-16.507592857703,-20.9410606579022,27.7075928577028));
#8727=CARTESIAN_POINT('Ctrl Pts',(-16.4818259559905,-20.9549807251215,27.6818259559903));
#8728=CARTESIAN_POINT('Ctrl Pts',(-16.4548497495565,-20.9662591270248,27.6548497495564));
#8729=CARTESIAN_POINT('Ctrl Pts',(-16.4281529248973,-20.973961048617,27.6281529248971));
#8730=CARTESIAN_POINT('',(-16.0000755057012,-20.9854273828291,27.6999999999999));
#8731=CARTESIAN_POINT('Ctrl Pts',(-16.0000755057012,-20.9854306418869,27.6982418738402));
#8732=CARTESIAN_POINT('Ctrl Pts',(-16.0893939175252,-20.9854306418869,27.6982418738402));
#8733=CARTESIAN_POINT('Ctrl Pts',(-16.208869519007,-20.9859670135117,27.6849283734667));
#8734=CARTESIAN_POINT('Ctrl Pts',(-16.3403492742526,-20.9825442089044,27.6512251716776));
#8735=CARTESIAN_POINT('Ctrl Pts',(-16.3954661149824,-20.9788693826067,27.6362245772236));
#8736=CARTESIAN_POINT('Ctrl Pts',(-16.4283378342547,-20.9752387044242,27.6283387928327));
#8737=CARTESIAN_POINT('Origin',(-16.0000755057012,-20.4854273828291,27.6999999999999));
#8738=CARTESIAN_POINT('Ctrl Pts',(-16.7255793241973,-20.7110067070263,27.9255793241971));
#8739=CARTESIAN_POINT('Ctrl Pts',(-16.701895431378,-20.758374492665,27.9018954313778));
#8740=CARTESIAN_POINT('Ctrl Pts',(-16.6496103788125,-20.8390988692271,27.8496103788124));
#8741=CARTESIAN_POINT('Ctrl Pts',(-16.5122245180311,-20.9511782868407,27.7122245180309));
#8742=CARTESIAN_POINT('Ctrl Pts',(-16.4021073028643,-20.9854273828291,27.6021073028641));
#8743=CARTESIAN_POINT('Ctrl Pts',(-16.3535755057012,-20.9854273828291,27.553575505701));
#8744=CARTESIAN_POINT('Ctrl Pts',(-16.7492632170166,-20.7346905998456,27.8782115385585));
#8745=CARTESIAN_POINT('Ctrl Pts',(-16.7252861287575,-20.7772076636867,27.8549400112348));
#8746=CARTESIAN_POINT('Ctrl Pts',(-16.6727752989131,-20.8515058029583,27.8026662249394));
#8747=CARTESIAN_POINT('Ctrl Pts',(-16.5377573409994,-20.9558746569527,27.6656309783723));
#8748=CARTESIAN_POINT('Ctrl Pts',(-16.432781154984,-20.9854273828291,27.5660410288374));
#8749=CARTESIAN_POINT('Ctrl Pts',(-16.3844242002302,-20.9854273828291,27.522726811172));
#8750=CARTESIAN_POINT('Ctrl Pts',(-16.7885682655498,-20.7739956483788,27.7757554746185));
#8751=CARTESIAN_POINT('Ctrl Pts',(-16.7647229242042,-20.8096924841471,27.7525319950922));
#8752=CARTESIAN_POINT('Ctrl Pts',(-16.7114999309372,-20.8752764827761,27.6976739927716));
#8753=CARTESIAN_POINT('Ctrl Pts',(-16.5800818264613,-20.9663570687136,27.5595373229595));
#8754=CARTESIAN_POINT('Ctrl Pts',(-16.4863623562161,-20.9854273828291,27.4862753216196));
#8755=CARTESIAN_POINT('Ctrl Pts',(-16.4379963738363,-20.9854273828291,27.4529099873246));
#8756=CARTESIAN_POINT('Ctrl Pts',(-16.8418793844627,-20.8273067672917,27.5064486586094));
#8757=CARTESIAN_POINT('Ctrl Pts',(-16.8152667062701,-20.857840811031,27.4861641382219));
#8758=CARTESIAN_POINT('Ctrl Pts',(-16.7529258225573,-20.91441401313,27.4386454332623));
#8759=CARTESIAN_POINT('Ctrl Pts',(-16.6291205365244,-20.9730686663657,27.3739068642833));
#8760=CARTESIAN_POINT('Ctrl Pts',(-16.5377292032659,-20.9854273828291,27.34705511336));
#8761=CARTESIAN_POINT('Ctrl Pts',(-16.4885132976564,-20.9854273828291,27.3309513447086));
#8762=CARTESIAN_POINT('Ctrl Pts',(-16.8535533905934,-20.8389807734224,27.2971303145399));
#8763=CARTESIAN_POINT('Ctrl Pts',(-16.8244141120638,-20.868120051952,27.2917383807155));
#8764=CARTESIAN_POINT('Ctrl Pts',(-16.7577358120012,-20.9203585874778,27.2799920034954));
#8765=CARTESIAN_POINT('Ctrl Pts',(-16.6364951477371,-20.9726609637944,27.2610667517939));
#8766=CARTESIAN_POINT('Ctrl Pts',(-16.5460572997055,-20.9854273828291,27.2493663462784));
#8767=CARTESIAN_POINT('Ctrl Pts',(-16.5000000000001,-20.9854273828291,27.2437021478854));
#8768=CARTESIAN_POINT('Ctrl Pts',(-16.8535533905934,-20.8389807734224,27.200075505701));
#8769=CARTESIAN_POINT('Ctrl Pts',(-16.8227000368562,-20.8698341271596,27.200075505701));
#8770=CARTESIAN_POINT('Ctrl Pts',(-16.7528726682799,-20.9234143919966,27.200075505701));
#8771=CARTESIAN_POINT('Ctrl Pts',(-16.6308956057366,-20.9739389456004,27.200075505701));
#8772=CARTESIAN_POINT('Ctrl Pts',(-16.5436332312999,-20.9854273828291,27.200075505701));
#8773=CARTESIAN_POINT('Ctrl Pts',(-16.5000000000001,-20.9854273828291,27.200075505701));
#8774=CARTESIAN_POINT('',(-16.8231929665773,-20.8086203494063,27.5873958898998));
#8775=CARTESIAN_POINT('Ctrl Pts',(-16.7255793241973,-20.7110067070263,27.9255793241971));
#8776=CARTESIAN_POINT('Ctrl Pts',(-16.7492632170166,-20.7346905998456,27.8782115385585));
#8777=CARTESIAN_POINT('Ctrl Pts',(-16.7689157412832,-20.7543431241122,27.8269835065885));
#8778=CARTESIAN_POINT('Ctrl Pts',(-16.787627189902,-20.773054572731,27.7564850212686));
#8779=CARTESIAN_POINT('Ctrl Pts',(-16.800503233976,-20.7859306168051,27.7079723901716));
#8780=CARTESIAN_POINT('Ctrl Pts',(-16.8129336478432,-20.7983610306722,27.6503345669237));
#8781=CARTESIAN_POINT('Ctrl Pts',(-16.8232808087917,-20.8087081916207,27.5874249031733));
#8782=CARTESIAN_POINT('Ctrl Pts',(-16.4283043698316,-20.9750120139832,27.629922941912));
#8783=CARTESIAN_POINT('Ctrl Pts',(-16.4365646099752,-20.9740939187237,27.6279353727037));
#8784=CARTESIAN_POINT('Ctrl Pts',(-16.4855564394338,-20.9680897513172,27.6165609556719));
#8785=CARTESIAN_POINT('Ctrl Pts',(-16.6117413973254,-20.9429969920013,27.5960036869737));
#8786=CARTESIAN_POINT('Ctrl Pts',(-16.7326384619853,-20.8873044496403,27.5908756513845));
#8787=CARTESIAN_POINT('Ctrl Pts',(-16.8028398203385,-20.8302802502173,27.5886115901652));
#8788=CARTESIAN_POINT('Ctrl Pts',(-16.8239819807143,-20.8094166015475,27.5882870970624));
#8789=CARTESIAN_POINT('Ctrl Pts',(-16.7255793241973,-20.7110067070263,27.9255793241971));
#8790=CARTESIAN_POINT('Ctrl Pts',(-16.7492632170166,-20.7346905998456,27.8782115385585));
#8791=CARTESIAN_POINT('Ctrl Pts',(-16.7885682655498,-20.7739956483788,27.7757554746185));
#8792=CARTESIAN_POINT('Ctrl Pts',(-16.8418793844627,-20.8273067672918,27.5064486586094));
#8793=CARTESIAN_POINT('Ctrl Pts',(-16.8535533905934,-20.8389807734224,27.2971303145399));
#8794=CARTESIAN_POINT('Ctrl Pts',(-16.8535533905934,-20.8389807734224,27.200075505701));
#8795=CARTESIAN_POINT('Ctrl Pts',(-16.7729471098359,-20.687322814207,27.9018954313778));
#8796=CARTESIAN_POINT('Ctrl Pts',(-16.7917802808577,-20.7107135115865,27.8549400112348));
#8797=CARTESIAN_POINT('Ctrl Pts',(-16.8242651013181,-20.7501503070332,27.7525319950922));
#8798=CARTESIAN_POINT('Ctrl Pts',(-16.872413428202,-20.8006940890991,27.4861641382219));
#8799=CARTESIAN_POINT('Ctrl Pts',(-16.8826926691229,-20.8098414948928,27.2917383807155));
#8800=CARTESIAN_POINT('Ctrl Pts',(-16.8844067443306,-20.8081274196852,27.200075505701));
#8801=CARTESIAN_POINT('Ctrl Pts',(-16.853671486398,-20.6350377616416,27.8496103788124));
#8802=CARTESIAN_POINT('Ctrl Pts',(-16.8660784201293,-20.6582026817421,27.8026662249394));
#8803=CARTESIAN_POINT('Ctrl Pts',(-16.8898490999471,-20.6969273137662,27.6976739927716));
#8804=CARTESIAN_POINT('Ctrl Pts',(-16.928986630301,-20.7383532053863,27.4386454332623));
#8805=CARTESIAN_POINT('Ctrl Pts',(-16.9349312046488,-20.7431631948303,27.2799920034954));
#8806=CARTESIAN_POINT('Ctrl Pts',(-16.9379870091676,-20.7383000511089,27.200075505701));
#8807=CARTESIAN_POINT('Ctrl Pts',(-16.9657509040117,-20.4976519008601,27.7122245180309));
#8808=CARTESIAN_POINT('Ctrl Pts',(-16.9704472741237,-20.5231847238284,27.6656309783723));
#8809=CARTESIAN_POINT('Ctrl Pts',(-16.9809296858846,-20.5655092092903,27.5595373229595));
#8810=CARTESIAN_POINT('Ctrl Pts',(-16.9876412835367,-20.6145479193535,27.3739068642833));
#8811=CARTESIAN_POINT('Ctrl Pts',(-16.9872335809654,-20.6219225305661,27.2610667517939));
#8812=CARTESIAN_POINT('Ctrl Pts',(-16.9885115627714,-20.6163229885657,27.200075505701));
#8813=CARTESIAN_POINT('Ctrl Pts',(-17.0000000000001,-20.3875346856933,27.6021073028641));
#8814=CARTESIAN_POINT('Ctrl Pts',(-17.0000000000001,-20.418208537813,27.5660410288374));
#8815=CARTESIAN_POINT('Ctrl Pts',(-17.0000000000001,-20.4717897390451,27.4862753216196));
#8816=CARTESIAN_POINT('Ctrl Pts',(-17.0000000000001,-20.5231565860949,27.34705511336));
#8817=CARTESIAN_POINT('Ctrl Pts',(-17.0000000000001,-20.5314846825345,27.2493663462784));
#8818=CARTESIAN_POINT('Ctrl Pts',(-17.0000000000001,-20.529060614129,27.200075505701));
#8819=CARTESIAN_POINT('Ctrl Pts',(-17.0000000000001,-20.3390028885302,27.553575505701));
#8820=CARTESIAN_POINT('Ctrl Pts',(-17.0000000000001,-20.3698515830592,27.522726811172));
#8821=CARTESIAN_POINT('Ctrl Pts',(-17.0000000000001,-20.4234237566653,27.4529099873246));
#8822=CARTESIAN_POINT('Ctrl Pts',(-17.0000000000001,-20.4739406804855,27.3309513447086));
#8823=CARTESIAN_POINT('Ctrl Pts',(-17.0000000000001,-20.4854273828291,27.2437021478854));
#8824=CARTESIAN_POINT('Ctrl Pts',(-17.0000000000001,-20.4854273828291,27.200075505701));
#8825=CARTESIAN_POINT('',(-16.9893235689514,-20.4136940397581,27.6282666569289));
#8826=CARTESIAN_POINT('Ctrl Pts',(-16.7255793241973,-20.7110067070263,27.9255793241971));
#8827=CARTESIAN_POINT('Ctrl Pts',(-16.7729471098359,-20.687322814207,27.9018954313778));
#8828=CARTESIAN_POINT('Ctrl Pts',(-16.813309298117,-20.6611802879243,27.8757529050951));
#8829=CARTESIAN_POINT('Ctrl Pts',(-16.8521702951931,-20.6252113813194,27.8397839984901));
#8830=CARTESIAN_POINT('Ctrl Pts',(-16.8910312922692,-20.5892424747144,27.8038150918852));
#8831=CARTESIAN_POINT('Ctrl Pts',(-16.9283910981405,-20.5434471877873,27.7580198049581));
#8832=CARTESIAN_POINT('Ctrl Pts',(-16.9556332750732,-20.493020240532,27.7075928577028));
#8833=CARTESIAN_POINT('Ctrl Pts',(-16.9695533422925,-20.4672533388195,27.6818259559903));
#8834=CARTESIAN_POINT('Ctrl Pts',(-16.9808317441958,-20.4402771323856,27.6548497495563));
#8835=CARTESIAN_POINT('Ctrl Pts',(-16.988533665788,-20.4135803077263,27.6281529248971));
#8836=CARTESIAN_POINT('Ctrl Pts',(-16.8241075498197,-20.809542268223,27.5875182620865));
#8837=CARTESIAN_POINT('Ctrl Pts',(-16.8884889992255,-20.7460092192383,27.5865319065391));
#8838=CARTESIAN_POINT('Ctrl Pts',(-16.9484706706623,-20.636747637354,27.5904522109688));
#8839=CARTESIAN_POINT('Ctrl Pts',(-16.9829515644249,-20.4708714752912,27.6150980904257));
#8840=CARTESIAN_POINT('Ctrl Pts',(-16.9889630693374,-20.4219541651371,27.6263813946));
#8841=CARTESIAN_POINT('Ctrl Pts',(-16.9898680375648,-20.4137736509101,27.6283472983955));
#8842=CARTESIAN_POINT('Ctrl Pts',(-16.7255793241973,-20.7110067070263,27.9255793241971));
#8843=CARTESIAN_POINT('Ctrl Pts',(-16.7729471098359,-20.687322814207,27.9018954313778));
#8844=CARTESIAN_POINT('Ctrl Pts',(-16.853671486398,-20.6350377616416,27.8496103788124));
#8845=CARTESIAN_POINT('Ctrl Pts',(-16.9657509040117,-20.4976519008601,27.7122245180309));
#8846=CARTESIAN_POINT('Ctrl Pts',(-17.0000000000001,-20.3875346856933,27.6021073028641));
#8847=CARTESIAN_POINT('Ctrl Pts',(-17.0000000000001,-20.3390028885302,27.553575505701));
#8848=CARTESIAN_POINT('Ctrl Pts',(-16.7492632170166,-20.6636389213877,27.9492632170164));
#8849=CARTESIAN_POINT('Ctrl Pts',(-16.7917802808577,-20.640367394064,27.9252861287573));
#8850=CARTESIAN_POINT('Ctrl Pts',(-16.8660784201293,-20.5880936077686,27.8727752989129));
#8851=CARTESIAN_POINT('Ctrl Pts',(-16.9704472741237,-20.4510583612015,27.7377573409992));
#8852=CARTESIAN_POINT('Ctrl Pts',(-17.0000000000001,-20.3514684116666,27.6327811549838));
#8853=CARTESIAN_POINT('Ctrl Pts',(-17.0000000000001,-20.3081541940012,27.58442420023));
#8854=CARTESIAN_POINT('Ctrl Pts',(-16.7885682655498,-20.5611828574477,27.9885682655496));
#8855=CARTESIAN_POINT('Ctrl Pts',(-16.8242651013181,-20.5379593779214,27.964722924204));
#8856=CARTESIAN_POINT('Ctrl Pts',(-16.889849099947,-20.4831013756009,27.911499930937));
#8857=CARTESIAN_POINT('Ctrl Pts',(-16.9809296858846,-20.3449647057887,27.7800818264611));
#8858=CARTESIAN_POINT('Ctrl Pts',(-17.0000000000001,-20.2717027044488,27.6863623562159));
#8859=CARTESIAN_POINT('Ctrl Pts',(-17.0000000000001,-20.2383373701538,27.6379963738361));
#8860=CARTESIAN_POINT('Ctrl Pts',(-16.8418793844627,-20.2918760414386,28.0418793844625));
#8861=CARTESIAN_POINT('Ctrl Pts',(-16.872413428202,-20.2715915210511,28.0152667062699));
#8862=CARTESIAN_POINT('Ctrl Pts',(-16.928986630301,-20.2240728160915,27.9529258225571));
#8863=CARTESIAN_POINT('Ctrl Pts',(-16.9876412835367,-20.1593342471125,27.8291205365242));
#8864=CARTESIAN_POINT('Ctrl Pts',(-17.0000000000001,-20.1324824961892,27.7377292032658));
#8865=CARTESIAN_POINT('Ctrl Pts',(-17.0000000000001,-20.1163787275378,27.6885132976563));
#8866=CARTESIAN_POINT('Ctrl Pts',(-16.8535533905934,-20.0825576973691,28.0535533905932));
#8867=CARTESIAN_POINT('Ctrl Pts',(-16.8826926691229,-20.0771657635447,28.0244141120636));
#8868=CARTESIAN_POINT('Ctrl Pts',(-16.9349312046488,-20.0654193863246,27.957735812001));
#8869=CARTESIAN_POINT('Ctrl Pts',(-16.9872335809654,-20.0464941346231,27.8364951477369));
#8870=CARTESIAN_POINT('Ctrl Pts',(-17.0000000000001,-20.0347937291076,27.7460572997053));
#8871=CARTESIAN_POINT('Ctrl Pts',(-17.0000000000001,-20.0291295307146,27.6999999999999));
#8872=CARTESIAN_POINT('Ctrl Pts',(-16.8535533905934,-19.9855028885302,28.0535533905932));
#8873=CARTESIAN_POINT('Ctrl Pts',(-16.8844067443306,-19.9855028885302,28.022700036856));
#8874=CARTESIAN_POINT('Ctrl Pts',(-16.9379870091676,-19.9855028885302,27.9528726682797));
#8875=CARTESIAN_POINT('Ctrl Pts',(-16.9885115627714,-19.9855028885302,27.8308956057365));
#8876=CARTESIAN_POINT('Ctrl Pts',(-17.0000000000001,-19.9855028885302,27.7436332312998));
#8877=CARTESIAN_POINT('Ctrl Pts',(-17.0000000000001,-19.9855028885302,27.6999999999999));
#8878=CARTESIAN_POINT('',(-16.8535533905934,-19.9855028885302,28.0535533905932));
#8879=CARTESIAN_POINT('Ctrl Pts',(-16.7255793241973,-20.7110067070263,27.9255793241971));
#8880=CARTESIAN_POINT('Ctrl Pts',(-16.7492632170166,-20.6636389213877,27.9492632170164));
#8881=CARTESIAN_POINT('Ctrl Pts',(-16.7885682655498,-20.5611828574477,27.9885682655496));
#8882=CARTESIAN_POINT('Ctrl Pts',(-16.8418793844627,-20.2918760414386,28.0418793844625));
#8883=CARTESIAN_POINT('Ctrl Pts',(-16.8535533905934,-20.0825576973691,28.0535533905932));
#8884=CARTESIAN_POINT('Ctrl Pts',(-16.8535533905934,-19.9855028885302,28.0535533905932));
#8885=CARTESIAN_POINT('',(-17.0000000000001,-19.9855028885302,27.6999999999999));
#8886=CARTESIAN_POINT('Origin',(-16.5000000000001,-19.9855028885302,27.6999999999999));
#8887=CARTESIAN_POINT('Ctrl Pts',(-16.9897131404489,-20.4140740338279,27.6291003830225));
#8888=CARTESIAN_POINT('Ctrl Pts',(-16.9933908181709,-20.3810328581236,27.6370449763491));
#8889=CARTESIAN_POINT('Ctrl Pts',(-16.9969107976503,-20.3257226289204,27.6524311654227));
#8890=CARTESIAN_POINT('Ctrl Pts',(-17.0005846899491,-20.193818090556,27.6854763615102));
#8891=CARTESIAN_POINT('Ctrl Pts',(-17.0000000000001,-20.0748213003542,27.6999999999999));
#8892=CARTESIAN_POINT('Ctrl Pts',(-17.0000000000001,-19.9855028885302,27.6999999999999));
#8893=CARTESIAN_POINT('Ctrl Pts',(-16.7255793241973,-20.7110067070263,27.9255793241971));
#8894=CARTESIAN_POINT('Ctrl Pts',(-16.7492632170166,-20.6636389213877,27.9492632170164));
#8895=CARTESIAN_POINT('Ctrl Pts',(-16.7885682655498,-20.5611828574477,27.9885682655496));
#8896=CARTESIAN_POINT('Ctrl Pts',(-16.8418793844627,-20.2918760414386,28.0418793844625));
#8897=CARTESIAN_POINT('Ctrl Pts',(-16.8535533905934,-20.0825576973691,28.0535533905932));
#8898=CARTESIAN_POINT('Ctrl Pts',(-16.8535533905934,-19.9855028885302,28.0535533905932));
#8899=CARTESIAN_POINT('Ctrl Pts',(-16.701895431378,-20.687322814207,27.9729471098358));
#8900=CARTESIAN_POINT('Ctrl Pts',(-16.7252861287575,-20.640367394064,27.9917802808575));
#8901=CARTESIAN_POINT('Ctrl Pts',(-16.7647229242042,-20.5379593779214,28.0242651013179));
#8902=CARTESIAN_POINT('Ctrl Pts',(-16.8152667062701,-20.2715915210511,28.0724134282018));
#8903=CARTESIAN_POINT('Ctrl Pts',(-16.8244141120638,-20.0771657635447,28.0826926691228));
#8904=CARTESIAN_POINT('Ctrl Pts',(-16.8227000368561,-19.9855028885302,28.0844067443304));
#8905=CARTESIAN_POINT('Ctrl Pts',(-16.6496103788125,-20.6350377616416,28.0536714863978));
#8906=CARTESIAN_POINT('Ctrl Pts',(-16.6727752989131,-20.5880936077686,28.0660784201291));
#8907=CARTESIAN_POINT('Ctrl Pts',(-16.7114999309372,-20.4831013756009,28.0898490999469));
#8908=CARTESIAN_POINT('Ctrl Pts',(-16.7529258225573,-20.2240728160915,28.1289866303008));
#8909=CARTESIAN_POINT('Ctrl Pts',(-16.7577358120012,-20.0654193863246,28.1349312046486));
#8910=CARTESIAN_POINT('Ctrl Pts',(-16.7528726682799,-19.9855028885302,28.1379870091674));
#8911=CARTESIAN_POINT('Ctrl Pts',(-16.5122245180311,-20.4976519008601,28.1657509040115));
#8912=CARTESIAN_POINT('Ctrl Pts',(-16.5377573409994,-20.4510583612015,28.1704472741235));
#8913=CARTESIAN_POINT('Ctrl Pts',(-16.5800818264612,-20.3449647057887,28.1809296858844));
#8914=CARTESIAN_POINT('Ctrl Pts',(-16.6291205365244,-20.1593342471125,28.1876412835366));
#8915=CARTESIAN_POINT('Ctrl Pts',(-16.6364951477371,-20.0464941346231,28.1872335809652));
#8916=CARTESIAN_POINT('Ctrl Pts',(-16.6308956057366,-19.9855028885302,28.1885115627712));
#8917=CARTESIAN_POINT('Ctrl Pts',(-16.4021073028643,-20.3875346856933,28.1999999999999));
#8918=CARTESIAN_POINT('Ctrl Pts',(-16.432781154984,-20.3514684116666,28.1999999999999));
#8919=CARTESIAN_POINT('Ctrl Pts',(-16.4863623562161,-20.2717027044488,28.1999999999999));
#8920=CARTESIAN_POINT('Ctrl Pts',(-16.5377292032659,-20.1324824961892,28.1999999999999));
#8921=CARTESIAN_POINT('Ctrl Pts',(-16.5460572997055,-20.0347937291076,28.1999999999999));
#8922=CARTESIAN_POINT('Ctrl Pts',(-16.5436332312999,-19.9855028885302,28.1999999999999));
#8923=CARTESIAN_POINT('Ctrl Pts',(-16.3535755057012,-20.3390028885302,28.1999999999999));
#8924=CARTESIAN_POINT('Ctrl Pts',(-16.3844242002302,-20.3081541940012,28.1999999999999));
#8925=CARTESIAN_POINT('Ctrl Pts',(-16.4379963738363,-20.2383373701538,28.1999999999999));
#8926=CARTESIAN_POINT('Ctrl Pts',(-16.4885132976564,-20.1163787275378,28.1999999999999));
#8927=CARTESIAN_POINT('Ctrl Pts',(-16.5000000000001,-20.0291295307146,28.1999999999999));
#8928=CARTESIAN_POINT('Ctrl Pts',(-16.5000000000001,-19.9855028885302,28.1999999999999));
#8929=CARTESIAN_POINT('',(-16.3535755057012,-20.3390028885302,28.1999999999999));
#8930=CARTESIAN_POINT('Ctrl Pts',(-16.7255793241973,-20.7110067070263,27.9255793241971));
#8931=CARTESIAN_POINT('Ctrl Pts',(-16.701895431378,-20.687322814207,27.9729471098358));
#8932=CARTESIAN_POINT('Ctrl Pts',(-16.6496103788125,-20.6350377616416,28.0536714863978));
#8933=CARTESIAN_POINT('Ctrl Pts',(-16.5122245180311,-20.4976519008601,28.1657509040115));
#8934=CARTESIAN_POINT('Ctrl Pts',(-16.4021073028643,-20.3875346856933,28.1999999999999));
#8935=CARTESIAN_POINT('Ctrl Pts',(-16.3535755057012,-20.3390028885302,28.1999999999999));
#8936=CARTESIAN_POINT('',(-16.5000000000001,-19.9855028885302,28.1999999999999));
#8937=CARTESIAN_POINT('Origin',(-16.0000755057012,-19.9855028885302,28.1999999999999));
#8938=CARTESIAN_POINT('Origin',(-16.5000000000001,-19.9855028885302,27.6999999999999));
#8939=CARTESIAN_POINT('Ctrl Pts',(12.5046612682516,13.0145726171708,17.6953387317483));
#8940=CARTESIAN_POINT('Ctrl Pts',(12.5207332123747,12.97617287179,17.7114106758714));
#8941=CARTESIAN_POINT('Ctrl Pts',(12.5486398604155,12.905297482212,17.7449074743765));
#8942=CARTESIAN_POINT('Ctrl Pts',(12.6081762750455,12.7313724641334,17.8715662527791));
#8943=CARTESIAN_POINT('Ctrl Pts',(12.6435176772186,12.6580902943893,18.0695119634229));
#8944=CARTESIAN_POINT('Ctrl Pts',(12.6435176772186,12.6580902943893,18.1899260044128));
#8945=CARTESIAN_POINT('Ctrl Pts',(12.5046634443748,12.9602666047946,17.6953409078716));
#8946=CARTESIAN_POINT('Ctrl Pts',(12.5221661927693,12.9261335240997,17.7085024658102));
#8947=CARTESIAN_POINT('Ctrl Pts',(12.5560432024829,12.8603424465342,17.7391244357678));
#8948=CARTESIAN_POINT('Ctrl Pts',(12.627331794131,12.692180598908,17.8737748295533));
#8949=CARTESIAN_POINT('Ctrl Pts',(12.6680187894367,12.6335891821713,18.0613412739043));
#8950=CARTESIAN_POINT('Ctrl Pts',(12.673753963881,12.6278540077269,18.1899260044128));
#8951=CARTESIAN_POINT('Ctrl Pts',(12.5112669474409,12.85604784033,17.6887382613071));
#8952=CARTESIAN_POINT('Ctrl Pts',(12.5322777679291,12.8269948423977,17.6997797915867));
#8953=CARTESIAN_POINT('Ctrl Pts',(12.5807989979667,12.7636272952678,17.7315187405455));
#8954=CARTESIAN_POINT('Ctrl Pts',(12.6758767926544,12.6149343216871,17.8764903055323));
#8955=CARTESIAN_POINT('Ctrl Pts',(12.7259130500616,12.5855698540341,18.0500543683785));
#8956=CARTESIAN_POINT('Ctrl Pts',(12.7421847850858,12.5753453481866,18.1899260044128));
#8957=CARTESIAN_POINT('Ctrl Pts',(12.5731087661661,12.630199549364,17.6268878818709));
#8958=CARTESIAN_POINT('Ctrl Pts',(12.6104716330786,12.6093605757747,17.6423904769652));
#8959=CARTESIAN_POINT('Ctrl Pts',(12.686111543862,12.5656211920224,17.690015882658));
#8960=CARTESIAN_POINT('Ctrl Pts',(12.7826870026314,12.5293195643046,17.8567498113961));
#8961=CARTESIAN_POINT('Ctrl Pts',(12.8429866347819,12.5301073224131,18.0622212809976));
#8962=CARTESIAN_POINT('Ctrl Pts',(12.8617223063782,12.5258312856548,18.1899260044128));
#8963=CARTESIAN_POINT('Ctrl Pts',(12.6602257516946,12.5145726171708,17.5397742483053));
#8964=CARTESIAN_POINT('Ctrl Pts',(12.702247470485,12.5145726171708,17.5750767922817));
#8965=CARTESIAN_POINT('Ctrl Pts',(12.7859629993643,12.5145726171708,17.6719553729893));
#8966=CARTESIAN_POINT('Ctrl Pts',(12.8962452382287,12.5145726171708,17.8968729638978));
#8967=CARTESIAN_POINT('Ctrl Pts',(12.9391286718443,12.5145726171708,18.088191030252));
#8968=CARTESIAN_POINT('Ctrl Pts',(12.9472394333261,12.5145726171708,18.1899260044128));
#8969=CARTESIAN_POINT('Ctrl Pts',(12.7029863183685,12.5145726171708,17.4970136816314));
#8970=CARTESIAN_POINT('Ctrl Pts',(12.7634543256694,12.5145726171708,17.5574816889323));
#8971=CARTESIAN_POINT('Ctrl Pts',(12.8684637153436,12.5145726171708,17.6943329975075));
#8972=CARTESIAN_POINT('Ctrl Pts',(12.9674843632191,12.5145726171708,17.9333899885635));
#8973=CARTESIAN_POINT('Ctrl Pts',(12.99,12.5145726171708,18.1044113283982));
#8974=CARTESIAN_POINT('Ctrl Pts',(12.99,12.5145726171708,18.1899260044128));
#8975=CARTESIAN_POINT('',(12.5046612682516,13.0145726171708,17.6953387317483));
#8976=CARTESIAN_POINT('',(12.6435176772186,12.6580902943893,18.1899260044128));
#8977=CARTESIAN_POINT('Ctrl Pts',(12.5046612682516,13.0145726171708,17.6953387317483));
#8978=CARTESIAN_POINT('Ctrl Pts',(12.5207332123747,12.97617287179,17.7114106758714));
#8979=CARTESIAN_POINT('Ctrl Pts',(12.5486398604155,12.905297482212,17.7449074743765));
#8980=CARTESIAN_POINT('Ctrl Pts',(12.6081762750455,12.7313724641334,17.8715662527791));
#8981=CARTESIAN_POINT('Ctrl Pts',(12.6435176772186,12.6580902943893,18.0695119634229));
#8982=CARTESIAN_POINT('Ctrl Pts',(12.6435176772186,12.6580902943893,18.1899260044128));
#8983=CARTESIAN_POINT('',(12.7029863183685,12.5145726171708,17.4970136816314));
#8984=CARTESIAN_POINT('Ctrl Pts',(12.5046612682516,13.0145726171708,17.6953387317483));
#8985=CARTESIAN_POINT('Ctrl Pts',(12.5046634443748,12.9602666047946,17.6953409078716));
#8986=CARTESIAN_POINT('Ctrl Pts',(12.5112669474409,12.85604784033,17.6887382613071));
#8987=CARTESIAN_POINT('Ctrl Pts',(12.5731087661661,12.630199549364,17.6268878818709));
#8988=CARTESIAN_POINT('Ctrl Pts',(12.6602257516946,12.5145726171708,17.5397742483053));
#8989=CARTESIAN_POINT('Ctrl Pts',(12.7029863183685,12.5145726171708,17.4970136816314));
#8990=CARTESIAN_POINT('',(12.99,12.5145726171708,18.1899260044128));
#8991=CARTESIAN_POINT('Origin',(12.0100739955871,12.5145726171708,18.1899260044128));
#8992=CARTESIAN_POINT('Origin',(12.99,13.0045726171708,18.1899260044128));
#8993=CARTESIAN_POINT('Ctrl Pts',(12.5046612682516,13.0145726171708,17.6953387317483));
#8994=CARTESIAN_POINT('Ctrl Pts',(12.5046634443748,12.9602666047946,17.6953409078716));
#8995=CARTESIAN_POINT('Ctrl Pts',(12.5112669474409,12.85604784033,17.6887382613071));
#8996=CARTESIAN_POINT('Ctrl Pts',(12.5731087661661,12.630199549364,17.6268878818709));
#8997=CARTESIAN_POINT('Ctrl Pts',(12.6602257516946,12.5145726171708,17.5397742483053));
#8998=CARTESIAN_POINT('Ctrl Pts',(12.7029863183685,12.5145726171708,17.4970136816314));
#8999=CARTESIAN_POINT('Ctrl Pts',(12.4885924016315,12.9761720633308,17.6792698651283));
#9000=CARTESIAN_POINT('Ctrl Pts',(12.4915053376597,12.9261327528488,17.6778401793703));
#9001=CARTESIAN_POINT('Ctrl Pts',(12.5002213216999,12.8269970520659,17.6677238537573));
#9002=CARTESIAN_POINT('Ctrl Pts',(12.5576078951105,12.6093589937305,17.5895265730803));
#9003=CARTESIAN_POINT('Ctrl Pts',(12.6249232077182,12.5145726171708,17.4977525295149));
#9004=CARTESIAN_POINT('Ctrl Pts',(12.6425183110676,12.5145726171708,17.4365456743305));
#9005=CARTESIAN_POINT('Ctrl Pts',(12.455105850161,12.9053067843581,17.6513649385425));
#9006=CARTESIAN_POINT('Ctrl Pts',(12.4608799468371,12.8603535577745,17.6439604697242));
#9007=CARTESIAN_POINT('Ctrl Pts',(12.4684588036644,12.7636196689224,17.6191996388849));
#9008=CARTESIAN_POINT('Ctrl Pts',(12.5099943563833,12.565622054897,17.5138883193605));
#9009=CARTESIAN_POINT('Ctrl Pts',(12.5280446270106,12.5145726171707,17.4140370006356));
#9010=CARTESIAN_POINT('Ctrl Pts',(12.5056670024924,12.5145726171707,17.3315362846563));
#9011=CARTESIAN_POINT('Ctrl Pts',(12.3284235896958,12.7313601475384,17.5918238080834));
#9012=CARTESIAN_POINT('Ctrl Pts',(12.3262256777084,12.6921663177965,17.5726678586301));
#9013=CARTESIAN_POINT('Ctrl Pts',(12.323536792418,12.614934010835,17.5241228767979));
#9014=CARTESIAN_POINT('Ctrl Pts',(12.3432454560628,12.5293197479553,17.4173131214068));
#9015=CARTESIAN_POINT('Ctrl Pts',(12.3031270361021,12.5145726171708,17.3037547617711));
#9016=CARTESIAN_POINT('Ctrl Pts',(12.2666100114363,12.5145726171708,17.2325156367807));
#9017=CARTESIAN_POINT('Ctrl Pts',(12.130488036577,12.6580902943893,17.5564823227813));
#9018=CARTESIAN_POINT('Ctrl Pts',(12.1386587260955,12.6335891821713,17.5319812105632));
#9019=CARTESIAN_POINT('Ctrl Pts',(12.1499456316214,12.5855698540341,17.4740869499383));
#9020=CARTESIAN_POINT('Ctrl Pts',(12.1377787190023,12.5301073224131,17.357013365218));
#9021=CARTESIAN_POINT('Ctrl Pts',(12.1118089697478,12.5145726171708,17.2608713281556));
#9022=CARTESIAN_POINT('Ctrl Pts',(12.0955886716017,12.5145726171708,17.2099999999999));
#9023=CARTESIAN_POINT('Ctrl Pts',(12.0100739955871,12.6580902943893,17.5564823227813));
#9024=CARTESIAN_POINT('Ctrl Pts',(12.0100739955871,12.6278540077269,17.5262460361188));
#9025=CARTESIAN_POINT('Ctrl Pts',(12.0100739955871,12.5753453481866,17.4578152149141));
#9026=CARTESIAN_POINT('Ctrl Pts',(12.0100739955871,12.5258312856548,17.3382776936217));
#9027=CARTESIAN_POINT('Ctrl Pts',(12.0100739955871,12.5145726171708,17.2527605666738));
#9028=CARTESIAN_POINT('Ctrl Pts',(12.0100739955871,12.5145726171708,17.2099999999999));
#9029=CARTESIAN_POINT('',(12.0100739955871,12.6580902943893,17.5564823227813));
#9030=CARTESIAN_POINT('Ctrl Pts',(12.5046612682516,13.0145726171708,17.6953387317483));
#9031=CARTESIAN_POINT('Ctrl Pts',(12.4885924016315,12.9761720633308,17.6792698651283));
#9032=CARTESIAN_POINT('Ctrl Pts',(12.455105850161,12.9053067843581,17.6513649385425));
#9033=CARTESIAN_POINT('Ctrl Pts',(12.3284235896958,12.7313601475384,17.5918238080834));
#9034=CARTESIAN_POINT('Ctrl Pts',(12.130488036577,12.6580902943893,17.5564823227813));
#9035=CARTESIAN_POINT('Ctrl Pts',(12.0100739955871,12.6580902943893,17.5564823227813));
#9036=CARTESIAN_POINT('',(12.0100739955871,12.5145726171708,17.2099999999999));
#9037=CARTESIAN_POINT('Origin',(12.0100739955871,13.0045726171708,17.2099999999999));
#9038=CARTESIAN_POINT('Origin',(12.0100739955871,12.5145726171708,18.1899260044128));
#9039=CARTESIAN_POINT('Ctrl Pts',(12.5046612682516,13.0145726171708,17.6953387317483));
#9040=CARTESIAN_POINT('Ctrl Pts',(12.4885924016315,12.9761720633308,17.6792698651283));
#9041=CARTESIAN_POINT('Ctrl Pts',(12.455105850161,12.9053067843581,17.6513649385425));
#9042=CARTESIAN_POINT('Ctrl Pts',(12.3284235896958,12.7313601475384,17.5918238080834));
#9043=CARTESIAN_POINT('Ctrl Pts',(12.130488036577,12.6580902943893,17.5564823227813));
#9044=CARTESIAN_POINT('Ctrl Pts',(12.0100739955871,12.6580902943893,17.5564823227813));
#9045=CARTESIAN_POINT('Ctrl Pts',(12.4819342830222,13.0145720455038,17.672611746519));
#9046=CARTESIAN_POINT('Ctrl Pts',(12.4634860407213,12.9779388546632,17.6624933151354));
#9047=CARTESIAN_POINT('Ctrl Pts',(12.4249347334475,12.9091862040781,17.6429963479553));
#9048=CARTESIAN_POINT('Ctrl Pts',(12.2867148896654,12.7382827048879,17.5997890584182));
#9049=CARTESIAN_POINT('Ctrl Pts',(12.1033961059619,12.6825914066074,17.5809834349994));
#9050=CARTESIAN_POINT('Ctrl Pts',(12.0100739955871,12.6883265810518,17.5867186094438));
#9051=CARTESIAN_POINT('Ctrl Pts',(12.4235470355597,13.0145710853293,17.6441620238826));
#9052=CARTESIAN_POINT('Ctrl Pts',(12.4029019012289,12.9800367839216,17.6429095996422));
#9053=CARTESIAN_POINT('Ctrl Pts',(12.3568758054028,12.9143412411592,17.6385660329687));
#9054=CARTESIAN_POINT('Ctrl Pts',(12.1964049293421,12.7555731774612,17.6245408974088));
#9055=CARTESIAN_POINT('Ctrl Pts',(12.0607956758327,12.7404856672324,17.6290027631366));
#9056=CARTESIAN_POINT('Ctrl Pts',(12.0100739955871,12.7567574022565,17.639227268984));
#9057=CARTESIAN_POINT('Ctrl Pts',(12.2415183412323,13.0145673065472,17.6579029509282));
#9058=CARTESIAN_POINT('Ctrl Pts',(12.2195420645715,12.9839830120719,17.6633820840995));
#9059=CARTESIAN_POINT('Ctrl Pts',(12.1687504232473,12.9173636286724,17.6709109649968));
#9060=CARTESIAN_POINT('Ctrl Pts',(12.0651001553801,12.8281569550208,17.6760231106572));
#9061=CARTESIAN_POINT('Ctrl Pts',(12.0272313338666,12.8575592519527,17.6844652947576));
#9062=CARTESIAN_POINT('Ctrl Pts',(12.0100739955871,12.8762949235489,17.6887413315158));
#9063=CARTESIAN_POINT('Ctrl Pts',(12.0846181936717,13.014565191956,17.6999999999999));
#9064=CARTESIAN_POINT('Ctrl Pts',(12.0794422950119,12.9892444599063,17.6999999999999));
#9065=CARTESIAN_POINT('Ctrl Pts',(12.0612294856118,12.9500053940196,17.6999999999999));
#9066=CARTESIAN_POINT('Ctrl Pts',(12.0305388164677,12.9400159216879,17.6999999999999));
#9067=CARTESIAN_POINT('Ctrl Pts',(12.0159973856801,12.9537012890151,17.6999999999999));
#9068=CARTESIAN_POINT('Ctrl Pts',(12.0100739955871,12.9618120504969,17.6999999999999));
#9069=CARTESIAN_POINT('Ctrl Pts',(12.0186127970544,13.014565191956,17.6999999999999));
#9070=CARTESIAN_POINT('Ctrl Pts',(12.0186251070666,13.0124717686312,17.6999999999999));
#9071=CARTESIAN_POINT('Ctrl Pts',(12.0179964078265,13.0083843999766,17.6999999999999));
#9072=CARTESIAN_POINT('Ctrl Pts',(12.0152109830604,13.0046615625022,17.6999999999999));
#9073=CARTESIAN_POINT('Ctrl Pts',(12.0119706622538,13.0045726171708,17.6999999999999));
#9074=CARTESIAN_POINT('Ctrl Pts',(12.0100739955871,13.0045726171708,17.6999999999999));
#9075=CARTESIAN_POINT('',(12.0186127970544,13.014565191956,17.6999999999999));
#9076=CARTESIAN_POINT('Ctrl Pts',(12.5046612682516,13.0145726171708,17.6953387317483));
#9077=CARTESIAN_POINT('Ctrl Pts',(12.4819342830222,13.0145720455038,17.672611746519));
#9078=CARTESIAN_POINT('Ctrl Pts',(12.4235470355597,13.0145710853293,17.6441620238826));
#9079=CARTESIAN_POINT('Ctrl Pts',(12.2415183412323,13.0145673065472,17.6579029509282));
#9080=CARTESIAN_POINT('Ctrl Pts',(12.0846181936717,13.014565191956,17.6999999999999));
#9081=CARTESIAN_POINT('Ctrl Pts',(12.0186127970544,13.014565191956,17.6999999999999));
#9082=CARTESIAN_POINT('',(12.0100739955871,13.0045726171708,17.6999999999999));
#9083=CARTESIAN_POINT('Ctrl Pts',(12.0186127970544,13.014565191956,17.6999999999999));
#9084=CARTESIAN_POINT('Ctrl Pts',(12.0186203741869,13.0132766354786,17.6999999999999));
#9085=CARTESIAN_POINT('Ctrl Pts',(12.0185185054363,13.012002720345,17.6999999999999));
#9086=CARTESIAN_POINT('Ctrl Pts',(12.018284330804,13.0108358832507,17.6999999999999));
#9087=CARTESIAN_POINT('Ctrl Pts',(12.0180721640795,13.009778706383,17.6999999999999));
#9088=CARTESIAN_POINT('Ctrl Pts',(12.0177485249383,13.0088062337194,17.6999999999999));
#9089=CARTESIAN_POINT('Ctrl Pts',(12.0173202558696,13.0079661090211,17.6999999999999));
#9090=CARTESIAN_POINT('Ctrl Pts',(12.0169695339972,13.0072781067142,17.6999999999999));
#9091=CARTESIAN_POINT('Ctrl Pts',(12.0165517913746,13.0066794343855,17.6999999999999));
#9092=CARTESIAN_POINT('Ctrl Pts',(12.0160905544142,13.0061986195998,17.6999999999999));
#9093=CARTESIAN_POINT('Ctrl Pts',(12.0155857918116,13.0056724316672,17.6999999999999));
#9094=CARTESIAN_POINT('Ctrl Pts',(12.0150277088588,13.005289453444,17.6999999999999));
#9095=CARTESIAN_POINT('Ctrl Pts',(12.0143765549046,13.0050373978351,17.6999999999999));
#9096=CARTESIAN_POINT('Ctrl Pts',(12.0138096243868,13.0048179443312,17.6999999999999));
#9097=CARTESIAN_POINT('Ctrl Pts',(12.0131670867251,13.0046964613517,17.6999999999999));
#9098=CARTESIAN_POINT('Ctrl Pts',(12.0124406221227,13.0046352386873,17.6999999999999));
#9099=CARTESIAN_POINT('Ctrl Pts',(12.011851711222,13.0045856083346,17.6999999999999));
#9100=CARTESIAN_POINT('Ctrl Pts',(12.0112070311112,13.0045749698189,17.6999999999999));
#9101=CARTESIAN_POINT('Ctrl Pts',(12.0105418881561,13.0045730639102,17.6999999999999));
#9102=CARTESIAN_POINT('Ctrl Pts',(12.0103865287027,13.0045726187414,17.6999999999999));
#9103=CARTESIAN_POINT('Ctrl Pts',(12.0102302700536,13.0045726171708,17.6999999999999));
#9104=CARTESIAN_POINT('Ctrl Pts',(12.0100739955871,13.0045726171708,17.6999999999999));
#9105=CARTESIAN_POINT('Origin',(12.0100739955871,13.0045726171708,17.2099999999999));
#9106=CARTESIAN_POINT('Ctrl Pts',(12.5046612682516,13.0145726171708,17.6953387317483));
#9107=CARTESIAN_POINT('Ctrl Pts',(12.4819342830222,13.0145720455038,17.672611746519));
#9108=CARTESIAN_POINT('Ctrl Pts',(12.4235470355597,13.0145710853293,17.6441620238826));
#9109=CARTESIAN_POINT('Ctrl Pts',(12.2415183412323,13.0145673065472,17.6579029509282));
#9110=CARTESIAN_POINT('Ctrl Pts',(12.0846181936717,13.014565191956,17.6999999999999));
#9111=CARTESIAN_POINT('Ctrl Pts',(12.0186127970544,13.014565191956,17.6999999999999));
#9112=CARTESIAN_POINT('Ctrl Pts',(12.4885893241285,13.0529723625516,17.6792667876252));
#9113=CARTESIAN_POINT('Ctrl Pts',(12.4634823891912,13.0512045177139,17.6624910949357));
#9114=CARTESIAN_POINT('Ctrl Pts',(12.4028971032533,13.049104681227,17.6429083614198));
#9115=CARTESIAN_POINT('Ctrl Pts',(12.2195299185541,13.0451506948237,17.6633817940594));
#9116=CARTESIAN_POINT('Ctrl Pts',(12.0794223448775,13.0398859240058,17.6999999999999));
#9117=CARTESIAN_POINT('Ctrl Pts',(12.0186004870422,13.0166586152809,17.6999999999999));
#9118=CARTESIAN_POINT('Ctrl Pts',(12.4550925256233,13.1238477521295,17.6513601395844));
#9119=CARTESIAN_POINT('Ctrl Pts',(12.4249201760738,13.1199714104228,17.642992165941));
#9120=CARTESIAN_POINT('Ctrl Pts',(12.3568588191738,13.1148225085026,17.6385632647609));
#9121=CARTESIAN_POINT('Ctrl Pts',(12.168734496349,13.1118180892929,17.6709105127742));
#9122=CARTESIAN_POINT('Ctrl Pts',(12.0612395368004,13.0791791244509,17.6999999999999));
#9123=CARTESIAN_POINT('Ctrl Pts',(12.0180252070085,13.0207906644459,17.6999999999999));
#9124=CARTESIAN_POINT('Ctrl Pts',(12.3284337472207,13.2977727702081,17.5918237249544));
#9125=CARTESIAN_POINT('Ctrl Pts',(12.2867251600684,13.2908479432591,17.5997887065569));
#9126=CARTESIAN_POINT('Ctrl Pts',(12.1964144485495,13.2735523638111,17.6245404707425));
#9127=CARTESIAN_POINT('Ctrl Pts',(12.0650881228114,13.200957016241,17.6760232529234));
#9128=CARTESIAN_POINT('Ctrl Pts',(12.0304907307853,13.0891019518772,17.6999999999999));
#9129=CARTESIAN_POINT('Ctrl Pts',(12.0151517837056,13.0244631613165,17.6999999999999));
#9130=CARTESIAN_POINT('Ctrl Pts',(12.130488036577,13.3710549399522,17.5564823227813));
#9131=CARTESIAN_POINT('Ctrl Pts',(12.1033961059619,13.3465538277341,17.5809834349994));
#9132=CARTESIAN_POINT('Ctrl Pts',(12.0607956758327,13.2886595671091,17.6290027631366));
#9133=CARTESIAN_POINT('Ctrl Pts',(12.0272313338666,13.1715859823889,17.6844652947576));
#9134=CARTESIAN_POINT('Ctrl Pts',(12.0159973856801,13.0754439453264,17.6999999999999));
#9135=CARTESIAN_POINT('Ctrl Pts',(12.0119706622537,13.0245726171708,17.6999999999999));
#9136=CARTESIAN_POINT('Ctrl Pts',(12.0100739955871,13.3710549399522,17.5564823227813));
#9137=CARTESIAN_POINT('Ctrl Pts',(12.0100739955871,13.3408186532897,17.5867186094438));
#9138=CARTESIAN_POINT('Ctrl Pts',(12.0100739955871,13.272387832085,17.639227268984));
#9139=CARTESIAN_POINT('Ctrl Pts',(12.0100739955871,13.1528503107926,17.6887413315158));
#9140=CARTESIAN_POINT('Ctrl Pts',(12.0100739955871,13.0673331838446,17.6999999999999));
#9141=CARTESIAN_POINT('Ctrl Pts',(12.0100739955871,13.0245726171708,17.6999999999999));
#9142=CARTESIAN_POINT('',(12.0100739955871,13.3710549399522,17.5564823227813));
#9143=CARTESIAN_POINT('Ctrl Pts',(12.5046612682516,13.0145726171708,17.6953387317483));
#9144=CARTESIAN_POINT('Ctrl Pts',(12.4885893241285,13.0529723625516,17.6792667876252));
#9145=CARTESIAN_POINT('Ctrl Pts',(12.4550925256233,13.1238477521295,17.6513601395844));
#9146=CARTESIAN_POINT('Ctrl Pts',(12.3284337472207,13.2977727702081,17.5918237249544));
#9147=CARTESIAN_POINT('Ctrl Pts',(12.130488036577,13.3710549399522,17.5564823227813));
#9148=CARTESIAN_POINT('Ctrl Pts',(12.0100739955871,13.3710549399522,17.5564823227813));
#9149=CARTESIAN_POINT('',(12.0100739955871,13.0245726171708,17.6999999999999));
#9150=CARTESIAN_POINT('Origin',(12.0100739955871,13.0245726171708,17.2099999999999));
#9151=CARTESIAN_POINT('Ctrl Pts',(12.0100739955871,13.0245726171708,17.6999999999999));
#9152=CARTESIAN_POINT('Ctrl Pts',(12.0107004357496,13.0245726171708,17.6999999999999));
#9153=CARTESIAN_POINT('Ctrl Pts',(12.011322206049,13.024572223754,17.6999999999999));
#9154=CARTESIAN_POINT('Ctrl Pts',(12.0118965575086,13.0245446891275,17.6999999999999));
#9155=CARTESIAN_POINT('Ctrl Pts',(12.0125785282101,13.0245119951939,17.6999999999999));
#9156=CARTESIAN_POINT('Ctrl Pts',(12.0131947851639,13.0244404149153,17.6999999999999));
#9157=CARTESIAN_POINT('Ctrl Pts',(12.0137465251368,13.0242968755504,17.6999999999999));
#9158=CARTESIAN_POINT('Ctrl Pts',(12.0143803288812,13.0241319866691,17.6999999999999));
#9159=CARTESIAN_POINT('Ctrl Pts',(12.0149346694659,13.023870827765,17.6999999999999));
#9160=CARTESIAN_POINT('Ctrl Pts',(12.0154448051609,13.0234937232591,17.6999999999999));
#9161=CARTESIAN_POINT('Ctrl Pts',(12.016193495502,13.0229402734537,17.6999999999999));
#9162=CARTESIAN_POINT('Ctrl Pts',(12.0168517888546,13.022138475712,17.6999999999999));
#9163=CARTESIAN_POINT('Ctrl Pts',(12.0173469465124,13.0211490668328,17.6999999999999));
#9164=CARTESIAN_POINT('Ctrl Pts',(12.0177835130052,13.0202767330266,17.6999999999999));
#9165=CARTESIAN_POINT('Ctrl Pts',(12.01809546682,13.0192557816054,17.6999999999999));
#9166=CARTESIAN_POINT('Ctrl Pts',(12.0182995988793,13.0181336861036,17.6999999999999));
#9167=CARTESIAN_POINT('Ctrl Pts',(12.0184777649875,13.0171543230906,17.6999999999999));
#9168=CARTESIAN_POINT('Ctrl Pts',(12.0185773209274,13.0160964406073,17.6999999999999));
#9169=CARTESIAN_POINT('Ctrl Pts',(12.018605299094,13.0150310544874,17.6999999999999));
#9170=CARTESIAN_POINT('Ctrl Pts',(12.0186093766355,13.0148757849803,17.6999999999999));
#9171=CARTESIAN_POINT('Ctrl Pts',(12.0186118842624,13.0147204200819,17.6999999999999));
#9172=CARTESIAN_POINT('Ctrl Pts',(12.0186127970544,13.014565191956,17.6999999999999));
#9173=CARTESIAN_POINT('Ctrl Pts',(12.5046612682516,13.0145726171708,17.6953387317483));
#9174=CARTESIAN_POINT('Ctrl Pts',(12.4885893241285,13.0529723625516,17.6792667876252));
#9175=CARTESIAN_POINT('Ctrl Pts',(12.4550925256233,13.1238477521295,17.6513601395844));
#9176=CARTESIAN_POINT('Ctrl Pts',(12.3284337472207,13.2977727702081,17.5918237249544));
#9177=CARTESIAN_POINT('Ctrl Pts',(12.130488036577,13.3710549399522,17.5564823227813));
#9178=CARTESIAN_POINT('Ctrl Pts',(12.0100739955871,13.3710549399522,17.5564823227813));
#9179=CARTESIAN_POINT('Ctrl Pts',(12.5046590921283,13.0688786295469,17.695336555625));
#9180=CARTESIAN_POINT('Ctrl Pts',(12.4914975341897,13.1030117102418,17.6778338072306));
#9181=CARTESIAN_POINT('Ctrl Pts',(12.460875564232,13.1688027878073,17.643956797517));
#9182=CARTESIAN_POINT('Ctrl Pts',(12.3262251704466,13.3369646354335,17.5726682058689));
#9183=CARTESIAN_POINT('Ctrl Pts',(12.1386587260955,13.3955560521703,17.5319812105632));
#9184=CARTESIAN_POINT('Ctrl Pts',(12.0100739955871,13.4012912266146,17.5262460361188));
#9185=CARTESIAN_POINT('Ctrl Pts',(12.5112617386928,13.1730973940116,17.6887330525589));
#9186=CARTESIAN_POINT('Ctrl Pts',(12.5002202084132,13.2021503919438,17.6677222320708));
#9187=CARTESIAN_POINT('Ctrl Pts',(12.4684812594544,13.2655179390737,17.6192010020332));
#9188=CARTESIAN_POINT('Ctrl Pts',(12.3235096944676,13.4142109126544,17.5241232073455));
#9189=CARTESIAN_POINT('Ctrl Pts',(12.1499456316214,13.4435753803075,17.4740869499383));
#9190=CARTESIAN_POINT('Ctrl Pts',(12.0100739955871,13.4537998861549,17.4578152149141));
#9191=CARTESIAN_POINT('Ctrl Pts',(12.573112118129,13.3989456849775,17.6268912338338));
#9192=CARTESIAN_POINT('Ctrl Pts',(12.5576095230347,13.4197846585668,17.5895283669212));
#9193=CARTESIAN_POINT('Ctrl Pts',(12.5099841173419,13.4635240423191,17.5138884561379));
#9194=CARTESIAN_POINT('Ctrl Pts',(12.3432501886038,13.4998256700369,17.4173129973685));
#9195=CARTESIAN_POINT('Ctrl Pts',(12.1377787190023,13.4990379119284,17.357013365218));
#9196=CARTESIAN_POINT('Ctrl Pts',(12.0100739955871,13.5033139486867,17.3382776936217));
#9197=CARTESIAN_POINT('Ctrl Pts',(12.6602257516946,13.5145726171708,17.5397742483053));
#9198=CARTESIAN_POINT('Ctrl Pts',(12.6249232077182,13.5145726171708,17.4977525295149));
#9199=CARTESIAN_POINT('Ctrl Pts',(12.5280446270106,13.5145726171708,17.4140370006356));
#9200=CARTESIAN_POINT('Ctrl Pts',(12.3031270361021,13.5145726171708,17.3037547617711));
#9201=CARTESIAN_POINT('Ctrl Pts',(12.1118089697478,13.5145726171708,17.2608713281556));
#9202=CARTESIAN_POINT('Ctrl Pts',(12.0100739955871,13.5145726171708,17.2527605666738));
#9203=CARTESIAN_POINT('Ctrl Pts',(12.7029863183685,13.5145726171708,17.4970136816314));
#9204=CARTESIAN_POINT('Ctrl Pts',(12.6425183110676,13.5145726171708,17.4365456743305));
#9205=CARTESIAN_POINT('Ctrl Pts',(12.5056670024924,13.5145726171708,17.3315362846563));
#9206=CARTESIAN_POINT('Ctrl Pts',(12.2666100114363,13.5145726171708,17.2325156367807));
#9207=CARTESIAN_POINT('Ctrl Pts',(12.0955886716017,13.5145726171708,17.2099999999999));
#9208=CARTESIAN_POINT('Ctrl Pts',(12.0100739955871,13.5145726171708,17.2099999999999));
#9209=CARTESIAN_POINT('',(12.7029863183685,13.5145726171708,17.4970136816314));
#9210=CARTESIAN_POINT('Ctrl Pts',(12.5046612682516,13.0145726171708,17.6953387317483));
#9211=CARTESIAN_POINT('Ctrl Pts',(12.5046590921283,13.0688786295469,17.695336555625));
#9212=CARTESIAN_POINT('Ctrl Pts',(12.5112617386928,13.1730973940116,17.6887330525589));
#9213=CARTESIAN_POINT('Ctrl Pts',(12.573112118129,13.3989456849775,17.6268912338338));
#9214=CARTESIAN_POINT('Ctrl Pts',(12.6602257516946,13.5145726171708,17.5397742483053));
#9215=CARTESIAN_POINT('Ctrl Pts',(12.7029863183685,13.5145726171708,17.4970136816314));
#9216=CARTESIAN_POINT('',(12.0100739955871,13.5145726171708,17.2099999999999));
#9217=CARTESIAN_POINT('Origin',(12.0100739955871,13.5145726171708,18.1899260044128));
#9218=CARTESIAN_POINT('Origin',(12.0100739955871,13.0245726171708,17.2099999999999));
#9219=CARTESIAN_POINT('Ctrl Pts',(12.5046612682516,13.0145726171708,17.6953387317483));
#9220=CARTESIAN_POINT('Ctrl Pts',(12.5046590921283,13.0688786295469,17.695336555625));
#9221=CARTESIAN_POINT('Ctrl Pts',(12.5112617386928,13.1730973940116,17.6887330525589));
#9222=CARTESIAN_POINT('Ctrl Pts',(12.573112118129,13.3989456849775,17.6268912338338));
#9223=CARTESIAN_POINT('Ctrl Pts',(12.6602257516946,13.5145726171708,17.5397742483053));
#9224=CARTESIAN_POINT('Ctrl Pts',(12.7029863183685,13.5145726171708,17.4970136816314));
#9225=CARTESIAN_POINT('Ctrl Pts',(12.5207301348716,13.0529731710108,17.7114075983684));
#9226=CARTESIAN_POINT('Ctrl Pts',(12.5221598206296,13.1030124814927,17.7084946623402));
#9227=CARTESIAN_POINT('Ctrl Pts',(12.5322761462426,13.2021481822756,17.6997786783));
#9228=CARTESIAN_POINT('Ctrl Pts',(12.6104734269196,13.419786240611,17.6423921048894));
#9229=CARTESIAN_POINT('Ctrl Pts',(12.702247470485,13.5145726171708,17.5750767922817));
#9230=CARTESIAN_POINT('Ctrl Pts',(12.7634543256694,13.5145726171708,17.5574816889323));
#9231=CARTESIAN_POINT('Ctrl Pts',(12.5486350614574,13.1238384499834,17.7448941498389));
#9232=CARTESIAN_POINT('Ctrl Pts',(12.5560395302757,13.1687916765671,17.7391200531627));
#9233=CARTESIAN_POINT('Ctrl Pts',(12.580800361115,13.2655255654191,17.7315411963355));
#9234=CARTESIAN_POINT('Ctrl Pts',(12.6861116806394,13.4635231794445,17.6900056436165));
#9235=CARTESIAN_POINT('Ctrl Pts',(12.7859629993643,13.5145726171708,17.6719553729893));
#9236=CARTESIAN_POINT('Ctrl Pts',(12.8684637153436,13.5145726171708,17.6943329975075));
#9237=CARTESIAN_POINT('Ctrl Pts',(12.6081761919165,13.2977850868031,17.871576410304));
#9238=CARTESIAN_POINT('Ctrl Pts',(12.6273321413698,13.336978916545,17.8737743222915));
#9239=CARTESIAN_POINT('Ctrl Pts',(12.6758771232019,13.4142112235065,17.8764632075819));
#9240=CARTESIAN_POINT('Ctrl Pts',(12.7826868785931,13.4998254863862,17.8567545439371));
#9241=CARTESIAN_POINT('Ctrl Pts',(12.8962452382287,13.5145726171708,17.8968729638978));
#9242=CARTESIAN_POINT('Ctrl Pts',(12.9674843632191,13.5145726171708,17.9333899885635));
#9243=CARTESIAN_POINT('Ctrl Pts',(12.6435176772186,13.3710549399522,18.0695119634229));
#9244=CARTESIAN_POINT('Ctrl Pts',(12.6680187894367,13.3955560521702,18.0613412739043));
#9245=CARTESIAN_POINT('Ctrl Pts',(12.7259130500616,13.4435753803075,18.0500543683785));
#9246=CARTESIAN_POINT('Ctrl Pts',(12.8429866347819,13.4990379119284,18.0622212809976));
#9247=CARTESIAN_POINT('Ctrl Pts',(12.9391286718443,13.5145726171708,18.088191030252));
#9248=CARTESIAN_POINT('Ctrl Pts',(12.99,13.5145726171708,18.1044113283982));
#9249=CARTESIAN_POINT('Ctrl Pts',(12.6435176772186,13.3710549399522,18.1899260044128));
#9250=CARTESIAN_POINT('Ctrl Pts',(12.673753963881,13.4012912266146,18.1899260044128));
#9251=CARTESIAN_POINT('Ctrl Pts',(12.7421847850858,13.4537998861549,18.1899260044128));
#9252=CARTESIAN_POINT('Ctrl Pts',(12.8617223063782,13.5033139486867,18.1899260044128));
#9253=CARTESIAN_POINT('Ctrl Pts',(12.9472394333261,13.5145726171708,18.1899260044128));
#9254=CARTESIAN_POINT('Ctrl Pts',(12.99,13.5145726171708,18.1899260044128));
#9255=CARTESIAN_POINT('',(12.6435176772186,13.3710549399522,18.1899260044128));
#9256=CARTESIAN_POINT('Ctrl Pts',(12.5046612682516,13.0145726171708,17.6953387317483));
#9257=CARTESIAN_POINT('Ctrl Pts',(12.5207301348716,13.0529731710108,17.7114075983684));
#9258=CARTESIAN_POINT('Ctrl Pts',(12.5486350614574,13.1238384499834,17.7448941498389));
#9259=CARTESIAN_POINT('Ctrl Pts',(12.6081761919165,13.2977850868031,17.871576410304));
#9260=CARTESIAN_POINT('Ctrl Pts',(12.6435176772186,13.3710549399522,18.0695119634229));
#9261=CARTESIAN_POINT('Ctrl Pts',(12.6435176772186,13.3710549399522,18.1899260044128));
#9262=CARTESIAN_POINT('',(12.99,13.5145726171708,18.1899260044128));
#9263=CARTESIAN_POINT('Origin',(12.99,13.0245726171708,18.1899260044128));
#9264=CARTESIAN_POINT('Origin',(12.0100739955871,13.5145726171708,18.1899260044128));
#9265=CARTESIAN_POINT('Ctrl Pts',(12.5046612682516,13.0145726171708,17.6953387317483));
#9266=CARTESIAN_POINT('Ctrl Pts',(12.5207301348716,13.0529731710108,17.7114075983684));
#9267=CARTESIAN_POINT('Ctrl Pts',(12.5486350614574,13.1238384499834,17.7448941498389));
#9268=CARTESIAN_POINT('Ctrl Pts',(12.6081761919165,13.2977850868031,17.871576410304));
#9269=CARTESIAN_POINT('Ctrl Pts',(12.6435176772186,13.3710549399522,18.0695119634229));
#9270=CARTESIAN_POINT('Ctrl Pts',(12.6435176772186,13.3710549399522,18.1899260044128));
#9271=CARTESIAN_POINT('Ctrl Pts',(12.5273882534809,13.0145731888377,17.7180657169776));
#9272=CARTESIAN_POINT('Ctrl Pts',(12.5375066848645,13.0512063796783,17.7365139592786));
#9273=CARTESIAN_POINT('Ctrl Pts',(12.5570036520445,13.1199590302634,17.7750652665524));
#9274=CARTESIAN_POINT('Ctrl Pts',(12.6002109415817,13.2908625294536,17.9132851103345));
#9275=CARTESIAN_POINT('Ctrl Pts',(12.6190165650005,13.3465538277341,18.0966038940379));
#9276=CARTESIAN_POINT('Ctrl Pts',(12.6132813905561,13.3408186532897,18.1899260044128));
#9277=CARTESIAN_POINT('Ctrl Pts',(12.5558379761173,13.0145741490122,17.7764529644401));
#9278=CARTESIAN_POINT('Ctrl Pts',(12.5570904003577,13.0491084504199,17.7970980987709));
#9279=CARTESIAN_POINT('Ctrl Pts',(12.5614339670312,13.1148039931823,17.8431241945971));
#9280=CARTESIAN_POINT('Ctrl Pts',(12.575459102591,13.2735720568803,18.0035950706578));
#9281=CARTESIAN_POINT('Ctrl Pts',(12.5709972368633,13.2886595671091,18.1392043241672));
#9282=CARTESIAN_POINT('Ctrl Pts',(12.5607727310158,13.272387832085,18.1899260044128));
#9283=CARTESIAN_POINT('Ctrl Pts',(12.5420970490717,13.0145779277943,17.9584816587676));
#9284=CARTESIAN_POINT('Ctrl Pts',(12.5366179159004,13.0451622222696,17.9804579354284));
#9285=CARTESIAN_POINT('Ctrl Pts',(12.5290890350031,13.1117816056691,18.0312495767525));
#9286=CARTESIAN_POINT('Ctrl Pts',(12.5239768893427,13.2009882793208,18.1348998446198));
#9287=CARTESIAN_POINT('Ctrl Pts',(12.5155347052423,13.1715859823889,18.1727686661333));
#9288=CARTESIAN_POINT('Ctrl Pts',(12.5112586684841,13.1528503107926,18.1899260044128));
#9289=CARTESIAN_POINT('Ctrl Pts',(12.5,13.0145800423855,18.1153818063282));
#9290=CARTESIAN_POINT('Ctrl Pts',(12.5,13.0399007744352,18.120557704988));
#9291=CARTESIAN_POINT('Ctrl Pts',(12.5,13.0791398403219,18.1387705143881));
#9292=CARTESIAN_POINT('Ctrl Pts',(12.5,13.0891293126536,18.1694611835322));
#9293=CARTESIAN_POINT('Ctrl Pts',(12.5,13.0754439453264,18.1840026143198));
#9294=CARTESIAN_POINT('Ctrl Pts',(12.5,13.0673331838446,18.1899260044128));
#9295=CARTESIAN_POINT('Ctrl Pts',(12.5,13.0145800423855,18.1813872029455));
#9296=CARTESIAN_POINT('Ctrl Pts',(12.5,13.0166734657103,18.1813748929333));
#9297=CARTESIAN_POINT('Ctrl Pts',(12.5,13.0207608343649,18.1820035921734));
#9298=CARTESIAN_POINT('Ctrl Pts',(12.5,13.0244836718393,18.1847890169395));
#9299=CARTESIAN_POINT('Ctrl Pts',(12.5,13.0245726171708,18.1880293377461));
#9300=CARTESIAN_POINT('Ctrl Pts',(12.5,13.0245726171708,18.1899260044128));
#9301=CARTESIAN_POINT('',(12.5,13.0145800423855,18.1813872029455));
#9302=CARTESIAN_POINT('Ctrl Pts',(12.5046612682516,13.0145726171708,17.6953387317483));
#9303=CARTESIAN_POINT('Ctrl Pts',(12.5273882534809,13.0145731888377,17.7180657169776));
#9304=CARTESIAN_POINT('Ctrl Pts',(12.5558379761173,13.0145741490122,17.7764529644401));
#9305=CARTESIAN_POINT('Ctrl Pts',(12.5420970490717,13.0145779277943,17.9584816587676));
#9306=CARTESIAN_POINT('Ctrl Pts',(12.5,13.0145800423855,18.1153818063282));
#9307=CARTESIAN_POINT('Ctrl Pts',(12.5,13.0145800423855,18.1813872029455));
#9308=CARTESIAN_POINT('',(12.5,13.0245726171708,18.1899260044128));
#9309=CARTESIAN_POINT('Ctrl Pts',(12.5,13.0145800423855,18.1813872029455));
#9310=CARTESIAN_POINT('Ctrl Pts',(12.5,13.0158685988629,18.181379625813));
#9311=CARTESIAN_POINT('Ctrl Pts',(12.5,13.0171425139965,18.1814814945635));
#9312=CARTESIAN_POINT('Ctrl Pts',(12.5,13.0183093510908,18.1817156691959));
#9313=CARTESIAN_POINT('Ctrl Pts',(12.5,13.0193665279583,18.1819278359204));
#9314=CARTESIAN_POINT('Ctrl Pts',(12.5,13.0203390006218,18.1822514750615));
#9315=CARTESIAN_POINT('Ctrl Pts',(12.5,13.0211791253201,18.1826797441301));
#9316=CARTESIAN_POINT('Ctrl Pts',(12.5,13.0218671276271,18.1830304660025));
#9317=CARTESIAN_POINT('Ctrl Pts',(12.5,13.0224657999558,18.1834482086252));
#9318=CARTESIAN_POINT('Ctrl Pts',(12.5,13.0229466147416,18.1839094455856));
#9319=CARTESIAN_POINT('Ctrl Pts',(12.5,13.0234728026741,18.1844142081881));
#9320=CARTESIAN_POINT('Ctrl Pts',(12.5,13.0238557808974,18.1849722911409));
#9321=CARTESIAN_POINT('Ctrl Pts',(12.5,13.0241078365063,18.1856234450951));
#9322=CARTESIAN_POINT('Ctrl Pts',(12.5,13.0243272900103,18.1861903756129));
#9323=CARTESIAN_POINT('Ctrl Pts',(12.5,13.0244487729898,18.1868329132746));
#9324=CARTESIAN_POINT('Ctrl Pts',(12.5,13.0245099956542,18.187559377877));
#9325=CARTESIAN_POINT('Ctrl Pts',(12.5,13.0245596260069,18.1881482887777));
#9326=CARTESIAN_POINT('Ctrl Pts',(12.5,13.0245702645226,18.1887929688885));
#9327=CARTESIAN_POINT('Ctrl Pts',(12.5,13.0245721704313,18.1894581118437));
#9328=CARTESIAN_POINT('Ctrl Pts',(12.5,13.0245726156001,18.1896134712971));
#9329=CARTESIAN_POINT('Ctrl Pts',(12.5,13.0245726171708,18.1897697299462));
#9330=CARTESIAN_POINT('Ctrl Pts',(12.5,13.0245726171708,18.1899260044128));
#9331=CARTESIAN_POINT('Origin',(12.99,13.0245726171708,18.1899260044128));
#9332=CARTESIAN_POINT('Ctrl Pts',(-12.5046612682516,13.0145726171709,17.6953387317483));
#9333=CARTESIAN_POINT('Ctrl Pts',(-12.5207332123747,13.0529723625517,17.7114106758714));
#9334=CARTESIAN_POINT('Ctrl Pts',(-12.5486398604155,13.1238477521297,17.7449074743765));
#9335=CARTESIAN_POINT('Ctrl Pts',(-12.6081762750456,13.2977727702082,17.8715662527791));
#9336=CARTESIAN_POINT('Ctrl Pts',(-12.6435176772186,13.3710549399523,18.0695119634229));
#9337=CARTESIAN_POINT('Ctrl Pts',(-12.6435176772186,13.3710549399523,18.1899260044128));
#9338=CARTESIAN_POINT('Ctrl Pts',(-12.5046634443749,13.0688786295471,17.6953409078716));
#9339=CARTESIAN_POINT('Ctrl Pts',(-12.5221661927693,13.103011710242,17.7085024658102));
#9340=CARTESIAN_POINT('Ctrl Pts',(-12.5560432024829,13.1688027878074,17.7391244357678));
#9341=CARTESIAN_POINT('Ctrl Pts',(-12.627331794131,13.3369646354336,17.8737748295533));
#9342=CARTESIAN_POINT('Ctrl Pts',(-12.6680187894367,13.3955560521704,18.0613412739043));
#9343=CARTESIAN_POINT('Ctrl Pts',(-12.6737539638811,13.4012912266148,18.1899260044128));
#9344=CARTESIAN_POINT('Ctrl Pts',(-12.511266947441,13.1730973940117,17.6887382613071));
#9345=CARTESIAN_POINT('Ctrl Pts',(-12.5322777679291,13.2021503919439,17.6997797915867));
#9346=CARTESIAN_POINT('Ctrl Pts',(-12.5807989979667,13.2655179390738,17.7315187405455));
#9347=CARTESIAN_POINT('Ctrl Pts',(-12.6758767926544,13.4142109126545,17.8764903055323));
#9348=CARTESIAN_POINT('Ctrl Pts',(-12.7259130500616,13.4435753803076,18.0500543683785));
#9349=CARTESIAN_POINT('Ctrl Pts',(-12.7421847850858,13.453799886155,18.1899260044128));
#9350=CARTESIAN_POINT('Ctrl Pts',(-12.5731087661661,13.3989456849776,17.6268878818709));
#9351=CARTESIAN_POINT('Ctrl Pts',(-12.6104716330786,13.4197846585669,17.6423904769652));
#9352=CARTESIAN_POINT('Ctrl Pts',(-12.686111543862,13.4635240423192,17.690015882658));
#9353=CARTESIAN_POINT('Ctrl Pts',(-12.7826870026314,13.499825670037,17.8567498113961));
#9354=CARTESIAN_POINT('Ctrl Pts',(-12.8429866347819,13.4990379119285,18.0622212809976));
#9355=CARTESIAN_POINT('Ctrl Pts',(-12.8617223063782,13.5033139486868,18.1899260044128));
#9356=CARTESIAN_POINT('Ctrl Pts',(-12.6602257516946,13.5145726171709,17.5397742483053));
#9357=CARTESIAN_POINT('Ctrl Pts',(-12.702247470485,13.5145726171709,17.5750767922817));
#9358=CARTESIAN_POINT('Ctrl Pts',(-12.7859629993643,13.5145726171709,17.6719553729893));
#9359=CARTESIAN_POINT('Ctrl Pts',(-12.8962452382288,13.5145726171709,17.8968729638978));
#9360=CARTESIAN_POINT('Ctrl Pts',(-12.9391286718443,13.5145726171709,18.088191030252));
#9361=CARTESIAN_POINT('Ctrl Pts',(-12.9472394333261,13.5145726171709,18.1899260044128));
#9362=CARTESIAN_POINT('Ctrl Pts',(-12.7029863183685,13.5145726171709,17.4970136816314));
#9363=CARTESIAN_POINT('Ctrl Pts',(-12.7634543256694,13.5145726171709,17.5574816889323));
#9364=CARTESIAN_POINT('Ctrl Pts',(-12.8684637153436,13.5145726171709,17.6943329975075));
#9365=CARTESIAN_POINT('Ctrl Pts',(-12.9674843632192,13.5145726171709,17.9333899885635));
#9366=CARTESIAN_POINT('Ctrl Pts',(-12.99,13.5145726171709,18.1044113283982));
#9367=CARTESIAN_POINT('Ctrl Pts',(-12.99,13.5145726171709,18.1899260044128));
#9368=CARTESIAN_POINT('',(-12.5046612682516,13.0145726171709,17.6953387317483));
#9369=CARTESIAN_POINT('',(-12.6435176772186,13.3710549399523,18.1899260044128));
#9370=CARTESIAN_POINT('Ctrl Pts',(-12.5046612682516,13.0145726171709,17.6953387317483));
#9371=CARTESIAN_POINT('Ctrl Pts',(-12.5207332123747,13.0529723625517,17.7114106758714));
#9372=CARTESIAN_POINT('Ctrl Pts',(-12.5486398604155,13.1238477521297,17.7449074743765));
#9373=CARTESIAN_POINT('Ctrl Pts',(-12.6081762750456,13.2977727702082,17.8715662527791));
#9374=CARTESIAN_POINT('Ctrl Pts',(-12.6435176772186,13.3710549399523,18.0695119634229));
#9375=CARTESIAN_POINT('Ctrl Pts',(-12.6435176772186,13.3710549399523,18.1899260044128));
#9376=CARTESIAN_POINT('',(-12.7029863183685,13.5145726171709,17.4970136816314));
#9377=CARTESIAN_POINT('Ctrl Pts',(-12.5046612682516,13.0145726171709,17.6953387317483));
#9378=CARTESIAN_POINT('Ctrl Pts',(-12.5046634443749,13.0688786295471,17.6953409078716));
#9379=CARTESIAN_POINT('Ctrl Pts',(-12.511266947441,13.1730973940117,17.6887382613071));
#9380=CARTESIAN_POINT('Ctrl Pts',(-12.5731087661661,13.3989456849776,17.6268878818709));
#9381=CARTESIAN_POINT('Ctrl Pts',(-12.6602257516946,13.5145726171709,17.5397742483053));
#9382=CARTESIAN_POINT('Ctrl Pts',(-12.7029863183685,13.5145726171709,17.4970136816314));
#9383=CARTESIAN_POINT('',(-12.99,13.5145726171709,18.1899260044128));
#9384=CARTESIAN_POINT('Origin',(-12.0100739955871,13.5145726171709,18.1899260044128));
#9385=CARTESIAN_POINT('Origin',(-12.99,13.0245726171709,18.1899260044128));
#9386=CARTESIAN_POINT('Ctrl Pts',(-12.5046612682516,13.0145726171709,17.6953387317483));
#9387=CARTESIAN_POINT('Ctrl Pts',(-12.5046634443749,13.0688786295471,17.6953409078716));
#9388=CARTESIAN_POINT('Ctrl Pts',(-12.511266947441,13.1730973940117,17.6887382613071));
#9389=CARTESIAN_POINT('Ctrl Pts',(-12.5731087661661,13.3989456849776,17.6268878818709));
#9390=CARTESIAN_POINT('Ctrl Pts',(-12.6602257516946,13.5145726171709,17.5397742483053));
#9391=CARTESIAN_POINT('Ctrl Pts',(-12.7029863183685,13.5145726171709,17.4970136816314));
#9392=CARTESIAN_POINT('Ctrl Pts',(-12.4885924016315,13.0529731710109,17.6792698651283));
#9393=CARTESIAN_POINT('Ctrl Pts',(-12.4915053376597,13.1030124814929,17.6778401793703));
#9394=CARTESIAN_POINT('Ctrl Pts',(-12.5002213216999,13.2021481822757,17.6677238537573));
#9395=CARTESIAN_POINT('Ctrl Pts',(-12.5576078951105,13.4197862406111,17.5895265730803));
#9396=CARTESIAN_POINT('Ctrl Pts',(-12.6249232077182,13.5145726171709,17.4977525295149));
#9397=CARTESIAN_POINT('Ctrl Pts',(-12.6425183110676,13.5145726171709,17.4365456743305));
#9398=CARTESIAN_POINT('Ctrl Pts',(-12.455105850161,13.1238384499835,17.6513649385425));
#9399=CARTESIAN_POINT('Ctrl Pts',(-12.4608799468372,13.1687916765672,17.6439604697242));
#9400=CARTESIAN_POINT('Ctrl Pts',(-12.4684588036644,13.2655255654192,17.6191996388849));
#9401=CARTESIAN_POINT('Ctrl Pts',(-12.5099943563834,13.4635231794446,17.5138883193605));
#9402=CARTESIAN_POINT('Ctrl Pts',(-12.5280446270106,13.5145726171709,17.4140370006356));
#9403=CARTESIAN_POINT('Ctrl Pts',(-12.5056670024924,13.5145726171709,17.3315362846563));
#9404=CARTESIAN_POINT('Ctrl Pts',(-12.3284235896959,13.2977850868032,17.5918238080834));
#9405=CARTESIAN_POINT('Ctrl Pts',(-12.3262256777084,13.3369789165451,17.5726678586301));
#9406=CARTESIAN_POINT('Ctrl Pts',(-12.323536792418,13.4142112235066,17.5241228767979));
#9407=CARTESIAN_POINT('Ctrl Pts',(-12.3432454560628,13.4998254863863,17.4173131214068));
#9408=CARTESIAN_POINT('Ctrl Pts',(-12.3031270361021,13.5145726171709,17.3037547617711));
#9409=CARTESIAN_POINT('Ctrl Pts',(-12.2666100114364,13.5145726171709,17.2325156367807));
#9410=CARTESIAN_POINT('Ctrl Pts',(-12.130488036577,13.3710549399523,17.5564823227813));
#9411=CARTESIAN_POINT('Ctrl Pts',(-12.1386587260956,13.3955560521704,17.5319812105632));
#9412=CARTESIAN_POINT('Ctrl Pts',(-12.1499456316214,13.4435753803076,17.4740869499383));
#9413=CARTESIAN_POINT('Ctrl Pts',(-12.1377787190023,13.4990379119285,17.357013365218));
#9414=CARTESIAN_POINT('Ctrl Pts',(-12.1118089697478,13.5145726171709,17.2608713281556));
#9415=CARTESIAN_POINT('Ctrl Pts',(-12.0955886716017,13.5145726171709,17.2099999999999));
#9416=CARTESIAN_POINT('Ctrl Pts',(-12.0100739955871,13.3710549399523,17.5564823227813));
#9417=CARTESIAN_POINT('Ctrl Pts',(-12.0100739955871,13.4012912266147,17.5262460361188));
#9418=CARTESIAN_POINT('Ctrl Pts',(-12.0100739955871,13.453799886155,17.4578152149141));
#9419=CARTESIAN_POINT('Ctrl Pts',(-12.0100739955871,13.5033139486868,17.3382776936217));
#9420=CARTESIAN_POINT('Ctrl Pts',(-12.0100739955871,13.5145726171709,17.2527605666738));
#9421=CARTESIAN_POINT('Ctrl Pts',(-12.0100739955871,13.5145726171709,17.2099999999999));
#9422=CARTESIAN_POINT('',(-12.0100739955871,13.3710549399523,17.5564823227813));
#9423=CARTESIAN_POINT('Ctrl Pts',(-12.5046612682516,13.0145726171709,17.6953387317483));
#9424=CARTESIAN_POINT('Ctrl Pts',(-12.4885924016315,13.0529731710109,17.6792698651283));
#9425=CARTESIAN_POINT('Ctrl Pts',(-12.455105850161,13.1238384499835,17.6513649385425));
#9426=CARTESIAN_POINT('Ctrl Pts',(-12.3284235896959,13.2977850868032,17.5918238080834));
#9427=CARTESIAN_POINT('Ctrl Pts',(-12.130488036577,13.3710549399523,17.5564823227813));
#9428=CARTESIAN_POINT('Ctrl Pts',(-12.0100739955871,13.3710549399523,17.5564823227813));
#9429=CARTESIAN_POINT('',(-12.0100739955871,13.5145726171709,17.2099999999999));
#9430=CARTESIAN_POINT('Origin',(-12.0100739955871,13.0245726171709,17.2099999999999));
#9431=CARTESIAN_POINT('Origin',(-12.0100739955871,13.5145726171709,18.1899260044128));
#9432=CARTESIAN_POINT('Ctrl Pts',(-12.5046612682516,13.0145726171709,17.6953387317483));
#9433=CARTESIAN_POINT('Ctrl Pts',(-12.4885924016315,13.0529731710109,17.6792698651283));
#9434=CARTESIAN_POINT('Ctrl Pts',(-12.455105850161,13.1238384499835,17.6513649385425));
#9435=CARTESIAN_POINT('Ctrl Pts',(-12.3284235896959,13.2977850868032,17.5918238080834));
#9436=CARTESIAN_POINT('Ctrl Pts',(-12.130488036577,13.3710549399523,17.5564823227813));
#9437=CARTESIAN_POINT('Ctrl Pts',(-12.0100739955871,13.3710549399523,17.5564823227813));
#9438=CARTESIAN_POINT('Ctrl Pts',(-12.4819342830223,13.0145731888379,17.672611746519));
#9439=CARTESIAN_POINT('Ctrl Pts',(-12.4634860407213,13.0512063796784,17.6624933151354));
#9440=CARTESIAN_POINT('Ctrl Pts',(-12.4249347334475,13.1199590302635,17.6429963479553));
#9441=CARTESIAN_POINT('Ctrl Pts',(-12.2867148896654,13.2908625294538,17.5997890584182));
#9442=CARTESIAN_POINT('Ctrl Pts',(-12.103396105962,13.3465538277342,17.5809834349994));
#9443=CARTESIAN_POINT('Ctrl Pts',(-12.0100739955871,13.3408186532898,17.5867186094438));
#9444=CARTESIAN_POINT('Ctrl Pts',(-12.4235470355598,13.0145741490123,17.6441620238826));
#9445=CARTESIAN_POINT('Ctrl Pts',(-12.402901901229,13.04910845042,17.6429095996422));
#9446=CARTESIAN_POINT('Ctrl Pts',(-12.3568758054028,13.1148039931824,17.6385660329687));
#9447=CARTESIAN_POINT('Ctrl Pts',(-12.1964049293421,13.2735720568805,17.6245408974088));
#9448=CARTESIAN_POINT('Ctrl Pts',(-12.0607956758327,13.2886595671093,17.6290027631366));
#9449=CARTESIAN_POINT('Ctrl Pts',(-12.0100739955871,13.2723878320851,17.639227268984));
#9450=CARTESIAN_POINT('Ctrl Pts',(-12.2415183412323,13.0145779277944,17.6579029509282));
#9451=CARTESIAN_POINT('Ctrl Pts',(-12.2195420645715,13.0451622222698,17.6633820840995));
#9452=CARTESIAN_POINT('Ctrl Pts',(-12.1687504232474,13.1117816056692,17.6709109649968));
#9453=CARTESIAN_POINT('Ctrl Pts',(-12.0651001553801,13.2009882793209,17.6760231106572));
#9454=CARTESIAN_POINT('Ctrl Pts',(-12.0272313338666,13.171585982389,17.6844652947576));
#9455=CARTESIAN_POINT('Ctrl Pts',(-12.0100739955871,13.1528503107927,17.6887413315158));
#9456=CARTESIAN_POINT('Ctrl Pts',(-12.0846181936717,13.0145800423856,17.6999999999999));
#9457=CARTESIAN_POINT('Ctrl Pts',(-12.0794422950119,13.0399007744353,17.6999999999999));
#9458=CARTESIAN_POINT('Ctrl Pts',(-12.0612294856118,13.079139840322,17.6999999999999));
#9459=CARTESIAN_POINT('Ctrl Pts',(-12.0305388164677,13.0891293126537,17.6999999999999));
#9460=CARTESIAN_POINT('Ctrl Pts',(-12.0159973856801,13.0754439453266,17.6999999999999));
#9461=CARTESIAN_POINT('Ctrl Pts',(-12.0100739955871,13.0673331838447,17.6999999999999));
#9462=CARTESIAN_POINT('Ctrl Pts',(-12.0186127970544,13.0145800423856,17.6999999999999));
#9463=CARTESIAN_POINT('Ctrl Pts',(-12.0186251070666,13.0166734657105,17.6999999999999));
#9464=CARTESIAN_POINT('Ctrl Pts',(-12.0179964078265,13.020760834365,17.6999999999999));
#9465=CARTESIAN_POINT('Ctrl Pts',(-12.0152109830604,13.0244836718394,17.6999999999999));
#9466=CARTESIAN_POINT('Ctrl Pts',(-12.0119706622538,13.0245726171709,17.6999999999999));
#9467=CARTESIAN_POINT('Ctrl Pts',(-12.0100739955871,13.0245726171709,17.6999999999999));
#9468=CARTESIAN_POINT('',(-12.0186127970544,13.0145800423856,17.6999999999999));
#9469=CARTESIAN_POINT('Ctrl Pts',(-12.5046612682516,13.0145726171709,17.6953387317483));
#9470=CARTESIAN_POINT('Ctrl Pts',(-12.4819342830223,13.0145731888379,17.672611746519));
#9471=CARTESIAN_POINT('Ctrl Pts',(-12.4235470355598,13.0145741490123,17.6441620238826));
#9472=CARTESIAN_POINT('Ctrl Pts',(-12.2415183412323,13.0145779277944,17.6579029509282));
#9473=CARTESIAN_POINT('Ctrl Pts',(-12.0846181936717,13.0145800423856,17.6999999999999));
#9474=CARTESIAN_POINT('Ctrl Pts',(-12.0186127970544,13.0145800423856,17.6999999999999));
#9475=CARTESIAN_POINT('',(-12.0100739955871,13.0245726171709,17.6999999999999));
#9476=CARTESIAN_POINT('Ctrl Pts',(-12.0186127970544,13.0145800423856,17.6999999999999));
#9477=CARTESIAN_POINT('Ctrl Pts',(-12.018620374187,13.0158685988631,17.6999999999999));
#9478=CARTESIAN_POINT('Ctrl Pts',(-12.0185185054364,13.0171425139967,17.6999999999999));
#9479=CARTESIAN_POINT('Ctrl Pts',(-12.018284330804,13.018309351091,17.6999999999999));
#9480=CARTESIAN_POINT('Ctrl Pts',(-12.0180721640795,13.0193665279585,17.6999999999999));
#9481=CARTESIAN_POINT('Ctrl Pts',(-12.0177485249383,13.0203390006221,17.6999999999999));
#9482=CARTESIAN_POINT('Ctrl Pts',(-12.0173202558697,13.0211791253203,17.6999999999999));
#9483=CARTESIAN_POINT('Ctrl Pts',(-12.0169695339973,13.0218671276273,17.6999999999999));
#9484=CARTESIAN_POINT('Ctrl Pts',(-12.0165517913747,13.022465799956,17.6999999999999));
#9485=CARTESIAN_POINT('Ctrl Pts',(-12.0160905544143,13.0229466147418,17.6999999999999));
#9486=CARTESIAN_POINT('Ctrl Pts',(-12.0155857918117,13.0234728026743,17.6999999999999));
#9487=CARTESIAN_POINT('Ctrl Pts',(-12.0150277088589,13.0238557808976,17.6999999999999));
#9488=CARTESIAN_POINT('Ctrl Pts',(-12.0143765549047,13.0241078365065,17.6999999999999));
#9489=CARTESIAN_POINT('Ctrl Pts',(-12.0138096243869,13.0243272900104,17.6999999999999));
#9490=CARTESIAN_POINT('Ctrl Pts',(-12.0131670867252,13.0244487729899,17.6999999999999));
#9491=CARTESIAN_POINT('Ctrl Pts',(-12.0124406221228,13.0245099956543,17.6999999999999));
#9492=CARTESIAN_POINT('Ctrl Pts',(-12.0118517112221,13.024559626007,17.6999999999999));
#9493=CARTESIAN_POINT('Ctrl Pts',(-12.0112070311113,13.0245702645227,17.6999999999999));
#9494=CARTESIAN_POINT('Ctrl Pts',(-12.0105418881562,13.0245721704314,17.6999999999999));
#9495=CARTESIAN_POINT('Ctrl Pts',(-12.0103865287028,13.0245726156002,17.6999999999999));
#9496=CARTESIAN_POINT('Ctrl Pts',(-12.0102302700537,13.0245726171709,17.6999999999999));
#9497=CARTESIAN_POINT('Ctrl Pts',(-12.0100739955871,13.0245726171709,17.6999999999999));
#9498=CARTESIAN_POINT('Origin',(-12.0100739955871,13.0245726171709,17.2099999999999));
#9499=CARTESIAN_POINT('Ctrl Pts',(-12.5046612682516,13.0145726171709,17.6953387317483));
#9500=CARTESIAN_POINT('Ctrl Pts',(-12.4819342830223,13.0145731888379,17.672611746519));
#9501=CARTESIAN_POINT('Ctrl Pts',(-12.4235470355598,13.0145741490123,17.6441620238826));
#9502=CARTESIAN_POINT('Ctrl Pts',(-12.2415183412323,13.0145779277944,17.6579029509282));
#9503=CARTESIAN_POINT('Ctrl Pts',(-12.0846181936717,13.0145800423856,17.6999999999999));
#9504=CARTESIAN_POINT('Ctrl Pts',(-12.0186127970544,13.0145800423856,17.6999999999999));
#9505=CARTESIAN_POINT('Ctrl Pts',(-12.4885893241285,12.9761728717901,17.6792667876252));
#9506=CARTESIAN_POINT('Ctrl Pts',(-12.4634823891913,12.9779407166278,17.6624910949357));
#9507=CARTESIAN_POINT('Ctrl Pts',(-12.4028971032534,12.9800405531146,17.6429083614198));
#9508=CARTESIAN_POINT('Ctrl Pts',(-12.2195299185541,12.9839945395179,17.6633817940594));
#9509=CARTESIAN_POINT('Ctrl Pts',(-12.0794223448775,12.9892593103359,17.6999999999999));
#9510=CARTESIAN_POINT('Ctrl Pts',(-12.0186004870422,13.0124866190607,17.6999999999999));
#9511=CARTESIAN_POINT('Ctrl Pts',(-12.4550925256234,12.9052974822121,17.6513601395844));
#9512=CARTESIAN_POINT('Ctrl Pts',(-12.4249201760738,12.9091738239189,17.642992165941));
#9513=CARTESIAN_POINT('Ctrl Pts',(-12.3568588191739,12.9143227258391,17.6385632647609));
#9514=CARTESIAN_POINT('Ctrl Pts',(-12.1687344963491,12.9173271450487,17.6709105127742));
#9515=CARTESIAN_POINT('Ctrl Pts',(-12.0612395368004,12.9499661098908,17.6999999999999));
#9516=CARTESIAN_POINT('Ctrl Pts',(-12.0180252070085,13.0083545698958,17.6999999999999));
#9517=CARTESIAN_POINT('Ctrl Pts',(-12.3284337472208,12.7313724641335,17.5918237249544));
#9518=CARTESIAN_POINT('Ctrl Pts',(-12.2867251600684,12.7382972910825,17.5997887065569));
#9519=CARTESIAN_POINT('Ctrl Pts',(-12.1964144485495,12.7555928705305,17.6245404707425));
#9520=CARTESIAN_POINT('Ctrl Pts',(-12.0650881228115,12.8281882181007,17.6760232529234));
#9521=CARTESIAN_POINT('Ctrl Pts',(-12.0304907307853,12.9400432824644,17.6999999999999));
#9522=CARTESIAN_POINT('Ctrl Pts',(-12.0151517837057,13.0046820730252,17.6999999999999));
#9523=CARTESIAN_POINT('Ctrl Pts',(-12.130488036577,12.6580902943895,17.5564823227813));
#9524=CARTESIAN_POINT('Ctrl Pts',(-12.103396105962,12.6825914066076,17.5809834349994));
#9525=CARTESIAN_POINT('Ctrl Pts',(-12.0607956758327,12.7404856672325,17.6290027631366));
#9526=CARTESIAN_POINT('Ctrl Pts',(-12.0272313338666,12.8575592519528,17.6844652947576));
#9527=CARTESIAN_POINT('Ctrl Pts',(-12.0159973856801,12.9537012890152,17.6999999999999));
#9528=CARTESIAN_POINT('Ctrl Pts',(-12.0119706622538,13.0045726171709,17.6999999999999));
#9529=CARTESIAN_POINT('Ctrl Pts',(-12.0100739955871,12.6580902943895,17.5564823227813));
#9530=CARTESIAN_POINT('Ctrl Pts',(-12.0100739955871,12.6883265810519,17.5867186094438));
#9531=CARTESIAN_POINT('Ctrl Pts',(-12.0100739955871,12.7567574022567,17.639227268984));
#9532=CARTESIAN_POINT('Ctrl Pts',(-12.0100739955871,12.876294923549,17.6887413315158));
#9533=CARTESIAN_POINT('Ctrl Pts',(-12.0100739955871,12.961812050497,17.6999999999999));
#9534=CARTESIAN_POINT('Ctrl Pts',(-12.0100739955871,13.0045726171709,17.6999999999999));
#9535=CARTESIAN_POINT('',(-12.0100739955871,12.6580902943895,17.5564823227813));
#9536=CARTESIAN_POINT('Ctrl Pts',(-12.5046612682516,13.0145726171709,17.6953387317483));
#9537=CARTESIAN_POINT('Ctrl Pts',(-12.4885893241285,12.9761728717901,17.6792667876252));
#9538=CARTESIAN_POINT('Ctrl Pts',(-12.4550925256234,12.9052974822121,17.6513601395844));
#9539=CARTESIAN_POINT('Ctrl Pts',(-12.3284337472208,12.7313724641335,17.5918237249544));
#9540=CARTESIAN_POINT('Ctrl Pts',(-12.130488036577,12.6580902943895,17.5564823227813));
#9541=CARTESIAN_POINT('Ctrl Pts',(-12.0100739955871,12.6580902943895,17.5564823227813));
#9542=CARTESIAN_POINT('',(-12.0100739955871,13.0045726171709,17.6999999999999));
#9543=CARTESIAN_POINT('Origin',(-12.0100739955871,13.0045726171709,17.2099999999999));
#9544=CARTESIAN_POINT('Ctrl Pts',(-12.0100739955871,13.0045726171709,17.6999999999999));
#9545=CARTESIAN_POINT('Ctrl Pts',(-12.0107004357497,13.0045726171709,17.6999999999999));
#9546=CARTESIAN_POINT('Ctrl Pts',(-12.0113222060492,13.0045730105877,17.6999999999999));
#9547=CARTESIAN_POINT('Ctrl Pts',(-12.0118965575089,13.0046005452141,17.6999999999999));
#9548=CARTESIAN_POINT('Ctrl Pts',(-12.0125785282103,13.0046332391477,17.6999999999999));
#9549=CARTESIAN_POINT('Ctrl Pts',(-12.013194785164,13.0047048194264,17.6999999999999));
#9550=CARTESIAN_POINT('Ctrl Pts',(-12.0137465251369,13.0048483587912,17.6999999999999));
#9551=CARTESIAN_POINT('Ctrl Pts',(-12.0143803288813,13.0050132476726,17.6999999999999));
#9552=CARTESIAN_POINT('Ctrl Pts',(-12.014934669466,13.0052744065767,17.6999999999999));
#9553=CARTESIAN_POINT('Ctrl Pts',(-12.015444805161,13.0056515110826,17.6999999999999));
#9554=CARTESIAN_POINT('Ctrl Pts',(-12.0161934955019,13.0062049608879,17.6999999999999));
#9555=CARTESIAN_POINT('Ctrl Pts',(-12.0168517888542,13.0070067586291,17.6999999999999));
#9556=CARTESIAN_POINT('Ctrl Pts',(-12.017346946512,13.0079961675079,17.6999999999999));
#9557=CARTESIAN_POINT('Ctrl Pts',(-12.017783513005,13.0088685013142,17.6999999999999));
#9558=CARTESIAN_POINT('Ctrl Pts',(-12.0180954668199,13.0098894527355,17.6999999999999));
#9559=CARTESIAN_POINT('Ctrl Pts',(-12.0182995988792,13.0110115482374,17.6999999999999));
#9560=CARTESIAN_POINT('Ctrl Pts',(-12.0184777649874,13.01199091125,17.6999999999999));
#9561=CARTESIAN_POINT('Ctrl Pts',(-12.0185773209273,13.0130487937327,17.6999999999999));
#9562=CARTESIAN_POINT('Ctrl Pts',(-12.018605299094,13.014114179852,17.6999999999999));
#9563=CARTESIAN_POINT('Ctrl Pts',(-12.0186093766355,13.0142694493598,17.6999999999999));
#9564=CARTESIAN_POINT('Ctrl Pts',(-12.0186118842624,13.014424814259,17.6999999999999));
#9565=CARTESIAN_POINT('Ctrl Pts',(-12.0186127970544,13.0145800423856,17.6999999999999));
#9566=CARTESIAN_POINT('Ctrl Pts',(-12.5046612682516,13.0145726171709,17.6953387317483));
#9567=CARTESIAN_POINT('Ctrl Pts',(-12.4885893241285,12.9761728717901,17.6792667876252));
#9568=CARTESIAN_POINT('Ctrl Pts',(-12.4550925256234,12.9052974822121,17.6513601395844));
#9569=CARTESIAN_POINT('Ctrl Pts',(-12.3284337472208,12.7313724641335,17.5918237249544));
#9570=CARTESIAN_POINT('Ctrl Pts',(-12.130488036577,12.6580902943895,17.5564823227813));
#9571=CARTESIAN_POINT('Ctrl Pts',(-12.0100739955871,12.6580902943895,17.5564823227813));
#9572=CARTESIAN_POINT('Ctrl Pts',(-12.5046590921283,12.9602666047947,17.695336555625));
#9573=CARTESIAN_POINT('Ctrl Pts',(-12.4914975341897,12.9261335240998,17.6778338072306));
#9574=CARTESIAN_POINT('Ctrl Pts',(-12.4608755642321,12.8603424465343,17.643956797517));
#9575=CARTESIAN_POINT('Ctrl Pts',(-12.3262251704466,12.6921805989081,17.5726682058689));
#9576=CARTESIAN_POINT('Ctrl Pts',(-12.1386587260956,12.6335891821714,17.5319812105632));
#9577=CARTESIAN_POINT('Ctrl Pts',(-12.0100739955871,12.627854007727,17.5262460361188));
#9578=CARTESIAN_POINT('Ctrl Pts',(-12.5112617386928,12.8560478403301,17.6887330525589));
#9579=CARTESIAN_POINT('Ctrl Pts',(-12.5002202084132,12.8269948423978,17.6677222320708));
#9580=CARTESIAN_POINT('Ctrl Pts',(-12.4684812594544,12.763627295268,17.6192010020332));
#9581=CARTESIAN_POINT('Ctrl Pts',(-12.3235096944676,12.6149343216872,17.5241232073455));
#9582=CARTESIAN_POINT('Ctrl Pts',(-12.1499456316214,12.5855698540342,17.4740869499383));
#9583=CARTESIAN_POINT('Ctrl Pts',(-12.0100739955871,12.5753453481867,17.4578152149141));
#9584=CARTESIAN_POINT('Ctrl Pts',(-12.573112118129,12.6301995493641,17.6268912338338));
#9585=CARTESIAN_POINT('Ctrl Pts',(-12.5576095230347,12.6093605757748,17.5895283669212));
#9586=CARTESIAN_POINT('Ctrl Pts',(-12.5099841173419,12.5656211920225,17.5138884561379));
#9587=CARTESIAN_POINT('Ctrl Pts',(-12.3432501886038,12.5293195643047,17.4173129973685));
#9588=CARTESIAN_POINT('Ctrl Pts',(-12.1377787190023,12.5301073224132,17.357013365218));
#9589=CARTESIAN_POINT('Ctrl Pts',(-12.0100739955871,12.525831285655,17.3382776936217));
#9590=CARTESIAN_POINT('Ctrl Pts',(-12.6602257516947,12.5145726171709,17.5397742483053));
#9591=CARTESIAN_POINT('Ctrl Pts',(-12.6249232077182,12.5145726171709,17.4977525295149));
#9592=CARTESIAN_POINT('Ctrl Pts',(-12.5280446270106,12.5145726171709,17.4140370006356));
#9593=CARTESIAN_POINT('Ctrl Pts',(-12.3031270361021,12.5145726171709,17.3037547617711));
#9594=CARTESIAN_POINT('Ctrl Pts',(-12.1118089697479,12.5145726171709,17.2608713281556));
#9595=CARTESIAN_POINT('Ctrl Pts',(-12.0100739955871,12.5145726171709,17.2527605666738));
#9596=CARTESIAN_POINT('Ctrl Pts',(-12.7029863183685,12.5145726171709,17.4970136816314));
#9597=CARTESIAN_POINT('Ctrl Pts',(-12.6425183110676,12.5145726171709,17.4365456743305));
#9598=CARTESIAN_POINT('Ctrl Pts',(-12.5056670024924,12.5145726171709,17.3315362846563));
#9599=CARTESIAN_POINT('Ctrl Pts',(-12.2666100114364,12.5145726171709,17.2325156367807));
#9600=CARTESIAN_POINT('Ctrl Pts',(-12.0955886716017,12.5145726171709,17.2099999999999));
#9601=CARTESIAN_POINT('Ctrl Pts',(-12.0100739955871,12.5145726171709,17.2099999999999));
#9602=CARTESIAN_POINT('',(-12.7029863183685,12.5145726171709,17.4970136816314));
#9603=CARTESIAN_POINT('Ctrl Pts',(-12.5046612682516,13.0145726171709,17.6953387317483));
#9604=CARTESIAN_POINT('Ctrl Pts',(-12.5046590921283,12.9602666047947,17.695336555625));
#9605=CARTESIAN_POINT('Ctrl Pts',(-12.5112617386928,12.8560478403301,17.6887330525589));
#9606=CARTESIAN_POINT('Ctrl Pts',(-12.573112118129,12.6301995493641,17.6268912338338));
#9607=CARTESIAN_POINT('Ctrl Pts',(-12.6602257516947,12.5145726171709,17.5397742483053));
#9608=CARTESIAN_POINT('Ctrl Pts',(-12.7029863183685,12.5145726171709,17.4970136816314));
#9609=CARTESIAN_POINT('',(-12.0100739955871,12.5145726171709,17.2099999999999));
#9610=CARTESIAN_POINT('Origin',(-12.0100739955871,12.5145726171709,18.1899260044128));
#9611=CARTESIAN_POINT('Origin',(-12.0100739955871,13.0045726171709,17.2099999999999));
#9612=CARTESIAN_POINT('Ctrl Pts',(-12.5046612682516,13.0145726171709,17.6953387317483));
#9613=CARTESIAN_POINT('Ctrl Pts',(-12.5046590921283,12.9602666047947,17.695336555625));
#9614=CARTESIAN_POINT('Ctrl Pts',(-12.5112617386928,12.8560478403301,17.6887330525589));
#9615=CARTESIAN_POINT('Ctrl Pts',(-12.573112118129,12.6301995493641,17.6268912338338));
#9616=CARTESIAN_POINT('Ctrl Pts',(-12.6602257516947,12.5145726171709,17.5397742483053));
#9617=CARTESIAN_POINT('Ctrl Pts',(-12.7029863183685,12.5145726171709,17.4970136816314));
#9618=CARTESIAN_POINT('Ctrl Pts',(-12.5207301348716,12.9761720633309,17.7114075983684));
#9619=CARTESIAN_POINT('Ctrl Pts',(-12.5221598206296,12.9261327528489,17.7084946623402));
#9620=CARTESIAN_POINT('Ctrl Pts',(-12.5322761462426,12.826997052066,17.6997786783));
#9621=CARTESIAN_POINT('Ctrl Pts',(-12.6104734269196,12.6093589937306,17.6423921048894));
#9622=CARTESIAN_POINT('Ctrl Pts',(-12.702247470485,12.5145726171709,17.5750767922817));
#9623=CARTESIAN_POINT('Ctrl Pts',(-12.7634543256694,12.5145726171709,17.5574816889323));
#9624=CARTESIAN_POINT('Ctrl Pts',(-12.5486350614574,12.9053067843582,17.7448941498389));
#9625=CARTESIAN_POINT('Ctrl Pts',(-12.5560395302757,12.8603535577746,17.7391200531627));
#9626=CARTESIAN_POINT('Ctrl Pts',(-12.580800361115,12.7636196689225,17.7315411963355));
#9627=CARTESIAN_POINT('Ctrl Pts',(-12.6861116806395,12.5656220548971,17.6900056436165));
#9628=CARTESIAN_POINT('Ctrl Pts',(-12.7859629993643,12.5145726171709,17.6719553729893));
#9629=CARTESIAN_POINT('Ctrl Pts',(-12.8684637153436,12.5145726171709,17.6943329975075));
#9630=CARTESIAN_POINT('Ctrl Pts',(-12.6081761919165,12.7313601475385,17.871576410304));
#9631=CARTESIAN_POINT('Ctrl Pts',(-12.6273321413698,12.6921663177966,17.8737743222915));
#9632=CARTESIAN_POINT('Ctrl Pts',(-12.675877123202,12.6149340108351,17.8764632075819));
#9633=CARTESIAN_POINT('Ctrl Pts',(-12.7826868785931,12.5293197479554,17.8567545439371));
#9634=CARTESIAN_POINT('Ctrl Pts',(-12.8962452382288,12.5145726171709,17.8968729638978));
#9635=CARTESIAN_POINT('Ctrl Pts',(-12.9674843632192,12.5145726171709,17.9333899885635));
#9636=CARTESIAN_POINT('Ctrl Pts',(-12.6435176772186,12.6580902943895,18.0695119634229));
#9637=CARTESIAN_POINT('Ctrl Pts',(-12.6680187894367,12.6335891821714,18.0613412739043));
#9638=CARTESIAN_POINT('Ctrl Pts',(-12.7259130500616,12.5855698540342,18.0500543683785));
#9639=CARTESIAN_POINT('Ctrl Pts',(-12.8429866347819,12.5301073224132,18.0622212809976));
#9640=CARTESIAN_POINT('Ctrl Pts',(-12.9391286718443,12.5145726171709,18.088191030252));
#9641=CARTESIAN_POINT('Ctrl Pts',(-12.99,12.5145726171709,18.1044113283982));
#9642=CARTESIAN_POINT('Ctrl Pts',(-12.6435176772186,12.6580902943895,18.1899260044128));
#9643=CARTESIAN_POINT('Ctrl Pts',(-12.6737539638811,12.627854007727,18.1899260044128));
#9644=CARTESIAN_POINT('Ctrl Pts',(-12.7421847850858,12.5753453481867,18.1899260044128));
#9645=CARTESIAN_POINT('Ctrl Pts',(-12.8617223063782,12.525831285655,18.1899260044128));
#9646=CARTESIAN_POINT('Ctrl Pts',(-12.9472394333262,12.5145726171709,18.1899260044128));
#9647=CARTESIAN_POINT('Ctrl Pts',(-12.99,12.5145726171709,18.1899260044128));
#9648=CARTESIAN_POINT('',(-12.6435176772186,12.6580902943895,18.1899260044128));
#9649=CARTESIAN_POINT('Ctrl Pts',(-12.5046612682516,13.0145726171709,17.6953387317483));
#9650=CARTESIAN_POINT('Ctrl Pts',(-12.5207301348716,12.9761720633309,17.7114075983684));
#9651=CARTESIAN_POINT('Ctrl Pts',(-12.5486350614574,12.9053067843582,17.7448941498389));
#9652=CARTESIAN_POINT('Ctrl Pts',(-12.6081761919165,12.7313601475385,17.871576410304));
#9653=CARTESIAN_POINT('Ctrl Pts',(-12.6435176772186,12.6580902943895,18.0695119634229));
#9654=CARTESIAN_POINT('Ctrl Pts',(-12.6435176772186,12.6580902943895,18.1899260044128));
#9655=CARTESIAN_POINT('',(-12.99,12.5145726171709,18.1899260044128));
#9656=CARTESIAN_POINT('Origin',(-12.99,13.0045726171709,18.1899260044128));
#9657=CARTESIAN_POINT('Origin',(-12.0100739955871,12.5145726171709,18.1899260044128));
#9658=CARTESIAN_POINT('Ctrl Pts',(-12.5046612682516,13.0145726171709,17.6953387317483));
#9659=CARTESIAN_POINT('Ctrl Pts',(-12.5207301348716,12.9761720633309,17.7114075983684));
#9660=CARTESIAN_POINT('Ctrl Pts',(-12.5486350614574,12.9053067843582,17.7448941498389));
#9661=CARTESIAN_POINT('Ctrl Pts',(-12.6081761919165,12.7313601475385,17.871576410304));
#9662=CARTESIAN_POINT('Ctrl Pts',(-12.6435176772186,12.6580902943895,18.0695119634229));
#9663=CARTESIAN_POINT('Ctrl Pts',(-12.6435176772186,12.6580902943895,18.1899260044128));
#9664=CARTESIAN_POINT('Ctrl Pts',(-12.5273882534809,13.0145720455039,17.7180657169776));
#9665=CARTESIAN_POINT('Ctrl Pts',(-12.5375066848645,12.9779388546634,17.7365139592786));
#9666=CARTESIAN_POINT('Ctrl Pts',(-12.5570036520446,12.9091862040783,17.7750652665524));
#9667=CARTESIAN_POINT('Ctrl Pts',(-12.6002109415817,12.738282704888,17.9132851103345));
#9668=CARTESIAN_POINT('Ctrl Pts',(-12.6190165650005,12.6825914066076,18.0966038940379));
#9669=CARTESIAN_POINT('Ctrl Pts',(-12.6132813905561,12.6883265810519,18.1899260044128));
#9670=CARTESIAN_POINT('Ctrl Pts',(-12.5558379761173,13.0145710853294,17.7764529644401));
#9671=CARTESIAN_POINT('Ctrl Pts',(-12.5570904003577,12.9800367839217,17.7970980987709));
#9672=CARTESIAN_POINT('Ctrl Pts',(-12.5614339670312,12.9143412411594,17.8431241945971));
#9673=CARTESIAN_POINT('Ctrl Pts',(-12.5754591025911,12.7555731774613,18.0035950706578));
#9674=CARTESIAN_POINT('Ctrl Pts',(-12.5709972368633,12.7404856672325,18.1392043241672));
#9675=CARTESIAN_POINT('Ctrl Pts',(-12.5607727310159,12.7567574022567,18.1899260044128));
#9676=CARTESIAN_POINT('Ctrl Pts',(-12.5420970490717,13.0145673065473,17.9584816587676));
#9677=CARTESIAN_POINT('Ctrl Pts',(-12.5366179159004,12.983983012072,17.9804579354284));
#9678=CARTESIAN_POINT('Ctrl Pts',(-12.5290890350031,12.9173636286725,18.0312495767525));
#9679=CARTESIAN_POINT('Ctrl Pts',(-12.5239768893427,12.8281569550209,18.1348998446198));
#9680=CARTESIAN_POINT('Ctrl Pts',(-12.5155347052424,12.8575592519528,18.1727686661333));
#9681=CARTESIAN_POINT('Ctrl Pts',(-12.5112586684841,12.876294923549,18.1899260044128));
#9682=CARTESIAN_POINT('Ctrl Pts',(-12.5,13.0145651919562,18.1153818063282));
#9683=CARTESIAN_POINT('Ctrl Pts',(-12.5,12.9892444599064,18.120557704988));
#9684=CARTESIAN_POINT('Ctrl Pts',(-12.5,12.9500053940197,18.1387705143881));
#9685=CARTESIAN_POINT('Ctrl Pts',(-12.5,12.9400159216881,18.1694611835322));
#9686=CARTESIAN_POINT('Ctrl Pts',(-12.5,12.9537012890152,18.1840026143198));
#9687=CARTESIAN_POINT('Ctrl Pts',(-12.5,12.961812050497,18.1899260044128));
#9688=CARTESIAN_POINT('Ctrl Pts',(-12.5,13.0145651919562,18.1813872029455));
#9689=CARTESIAN_POINT('Ctrl Pts',(-12.5,13.0124717686313,18.1813748929333));
#9690=CARTESIAN_POINT('Ctrl Pts',(-12.5,13.0083843999768,18.1820035921734));
#9691=CARTESIAN_POINT('Ctrl Pts',(-12.5,13.0046615625024,18.1847890169395));
#9692=CARTESIAN_POINT('Ctrl Pts',(-12.5,13.0045726171709,18.1880293377461));
#9693=CARTESIAN_POINT('Ctrl Pts',(-12.5,13.0045726171709,18.1899260044128));
#9694=CARTESIAN_POINT('',(-12.5,13.0145651919562,18.1813872029455));
#9695=CARTESIAN_POINT('Ctrl Pts',(-12.5046612682516,13.0145726171709,17.6953387317483));
#9696=CARTESIAN_POINT('Ctrl Pts',(-12.5273882534809,13.0145720455039,17.7180657169776));
#9697=CARTESIAN_POINT('Ctrl Pts',(-12.5558379761173,13.0145710853294,17.7764529644401));
#9698=CARTESIAN_POINT('Ctrl Pts',(-12.5420970490717,13.0145673065473,17.9584816587676));
#9699=CARTESIAN_POINT('Ctrl Pts',(-12.5,13.0145651919562,18.1153818063282));
#9700=CARTESIAN_POINT('Ctrl Pts',(-12.5,13.0145651919562,18.1813872029455));
#9701=CARTESIAN_POINT('',(-12.5,13.0045726171709,18.1899260044128));
#9702=CARTESIAN_POINT('Ctrl Pts',(-12.5,13.0145651919562,18.1813872029455));
#9703=CARTESIAN_POINT('Ctrl Pts',(-12.5,13.0132766354787,18.181379625813));
#9704=CARTESIAN_POINT('Ctrl Pts',(-12.5,13.0120027203451,18.1814814945635));
#9705=CARTESIAN_POINT('Ctrl Pts',(-12.5,13.0108358832508,18.1817156691959));
#9706=CARTESIAN_POINT('Ctrl Pts',(-12.5,13.0097787063832,18.1819278359204));
#9707=CARTESIAN_POINT('Ctrl Pts',(-12.5,13.0088062337197,18.1822514750616));
#9708=CARTESIAN_POINT('Ctrl Pts',(-12.5,13.0079661090214,18.1826797441302));
#9709=CARTESIAN_POINT('Ctrl Pts',(-12.5,13.0072781067144,18.1830304660026));
#9710=CARTESIAN_POINT('Ctrl Pts',(-12.5,13.0066794343858,18.1834482086252));
#9711=CARTESIAN_POINT('Ctrl Pts',(-12.5,13.0061986196,18.1839094455856));
#9712=CARTESIAN_POINT('Ctrl Pts',(-12.5,13.0056724316675,18.1844142081882));
#9713=CARTESIAN_POINT('Ctrl Pts',(-12.5,13.0052894534442,18.184972291141));
#9714=CARTESIAN_POINT('Ctrl Pts',(-12.5,13.0050373978353,18.1856234450952));
#9715=CARTESIAN_POINT('Ctrl Pts',(-12.5,13.0048179443313,18.186190375613));
#9716=CARTESIAN_POINT('Ctrl Pts',(-12.5,13.0046964613518,18.1868329132747));
#9717=CARTESIAN_POINT('Ctrl Pts',(-12.5,13.0046352386874,18.1875593778771));
#9718=CARTESIAN_POINT('Ctrl Pts',(-12.5,13.0045856083347,18.1881482887778));
#9719=CARTESIAN_POINT('Ctrl Pts',(-12.5,13.004574969819,18.1887929688886));
#9720=CARTESIAN_POINT('Ctrl Pts',(-12.5,13.0045730639104,18.1894581118437));
#9721=CARTESIAN_POINT('Ctrl Pts',(-12.5,13.0045726187415,18.1896134712971));
#9722=CARTESIAN_POINT('Ctrl Pts',(-12.5,13.0045726171709,18.1897697299462));
#9723=CARTESIAN_POINT('Ctrl Pts',(-12.5,13.0045726171709,18.1899260044128));
#9724=CARTESIAN_POINT('Origin',(-12.99,13.0045726171709,18.1899260044128));
#9725=CARTESIAN_POINT('Ctrl Pts',(12.5046612682516,13.0145726171708,25.7046612682515));
#9726=CARTESIAN_POINT('Ctrl Pts',(12.5207332123747,13.0529723625516,25.6885893241284));
#9727=CARTESIAN_POINT('Ctrl Pts',(12.5486398604155,13.1238477521295,25.6550925256232));
#9728=CARTESIAN_POINT('Ctrl Pts',(12.6081762750455,13.2977727702081,25.5284337472206));
#9729=CARTESIAN_POINT('Ctrl Pts',(12.6435176772186,13.3710549399522,25.3304880365769));
#9730=CARTESIAN_POINT('Ctrl Pts',(12.6435176772186,13.3710549399522,25.210073995587));
#9731=CARTESIAN_POINT('Ctrl Pts',(12.5046634443748,13.0688786295469,25.7046590921282));
#9732=CARTESIAN_POINT('Ctrl Pts',(12.5221661927693,13.1030117102418,25.6914975341896));
#9733=CARTESIAN_POINT('Ctrl Pts',(12.5560432024829,13.1688027878073,25.6608755642319));
#9734=CARTESIAN_POINT('Ctrl Pts',(12.627331794131,13.3369646354335,25.5262251704465));
#9735=CARTESIAN_POINT('Ctrl Pts',(12.6680187894367,13.3955560521702,25.3386587260954));
#9736=CARTESIAN_POINT('Ctrl Pts',(12.673753963881,13.4012912266146,25.210073995587));
#9737=CARTESIAN_POINT('Ctrl Pts',(12.511266947441,13.1730973940116,25.7112617386927));
#9738=CARTESIAN_POINT('Ctrl Pts',(12.5322777679291,13.2021503919438,25.7002202084131));
#9739=CARTESIAN_POINT('Ctrl Pts',(12.5807989979667,13.2655179390737,25.6684812594543));
#9740=CARTESIAN_POINT('Ctrl Pts',(12.6758767926544,13.4142109126544,25.5235096944675));
#9741=CARTESIAN_POINT('Ctrl Pts',(12.7259130500616,13.4435753803075,25.3499456316213));
#9742=CARTESIAN_POINT('Ctrl Pts',(12.7421847850858,13.4537998861549,25.210073995587));
#9743=CARTESIAN_POINT('Ctrl Pts',(12.5731087661661,13.3989456849775,25.7731121181289));
#9744=CARTESIAN_POINT('Ctrl Pts',(12.6104716330786,13.4197846585668,25.7576095230346));
#9745=CARTESIAN_POINT('Ctrl Pts',(12.686111543862,13.4635240423191,25.7099841173418));
#9746=CARTESIAN_POINT('Ctrl Pts',(12.7826870026314,13.4998256700369,25.5432501886037));
#9747=CARTESIAN_POINT('Ctrl Pts',(12.8429866347819,13.4990379119284,25.3377787190022));
#9748=CARTESIAN_POINT('Ctrl Pts',(12.8617223063782,13.5033139486867,25.210073995587));
#9749=CARTESIAN_POINT('Ctrl Pts',(12.6602257516946,13.5145726171708,25.8602257516945));
#9750=CARTESIAN_POINT('Ctrl Pts',(12.702247470485,13.5145726171708,25.8249232077181));
#9751=CARTESIAN_POINT('Ctrl Pts',(12.7859629993643,13.5145726171708,25.7280446270105));
#9752=CARTESIAN_POINT('Ctrl Pts',(12.8962452382287,13.5145726171708,25.503127036102));
#9753=CARTESIAN_POINT('Ctrl Pts',(12.9391286718443,13.5145726171708,25.3118089697477));
#9754=CARTESIAN_POINT('Ctrl Pts',(12.9472394333261,13.5145726171708,25.210073995587));
#9755=CARTESIAN_POINT('Ctrl Pts',(12.7029863183685,13.5145726171708,25.9029863183684));
#9756=CARTESIAN_POINT('Ctrl Pts',(12.7634543256694,13.5145726171708,25.8425183110675));
#9757=CARTESIAN_POINT('Ctrl Pts',(12.8684637153436,13.5145726171708,25.7056670024923));
#9758=CARTESIAN_POINT('Ctrl Pts',(12.9674843632191,13.5145726171708,25.4666100114363));
#9759=CARTESIAN_POINT('Ctrl Pts',(12.99,13.5145726171708,25.2955886716016));
#9760=CARTESIAN_POINT('Ctrl Pts',(12.99,13.5145726171708,25.210073995587));
#9761=CARTESIAN_POINT('',(12.5046612682516,13.0145726171708,25.7046612682515));
#9762=CARTESIAN_POINT('',(12.6435176772186,13.3710549399522,25.210073995587));
#9763=CARTESIAN_POINT('Ctrl Pts',(12.5046612682516,13.0145726171708,25.7046612682515));
#9764=CARTESIAN_POINT('Ctrl Pts',(12.5207332123747,13.0529723625516,25.6885893241284));
#9765=CARTESIAN_POINT('Ctrl Pts',(12.5486398604155,13.1238477521295,25.6550925256232));
#9766=CARTESIAN_POINT('Ctrl Pts',(12.6081762750455,13.2977727702081,25.5284337472206));
#9767=CARTESIAN_POINT('Ctrl Pts',(12.6435176772186,13.3710549399522,25.3304880365769));
#9768=CARTESIAN_POINT('Ctrl Pts',(12.6435176772186,13.3710549399522,25.210073995587));
#9769=CARTESIAN_POINT('',(12.7029863183685,13.5145726171708,25.9029863183684));
#9770=CARTESIAN_POINT('Ctrl Pts',(12.5046612682516,13.0145726171708,25.7046612682515));
#9771=CARTESIAN_POINT('Ctrl Pts',(12.5046634443748,13.0688786295469,25.7046590921282));
#9772=CARTESIAN_POINT('Ctrl Pts',(12.511266947441,13.1730973940116,25.7112617386927));
#9773=CARTESIAN_POINT('Ctrl Pts',(12.5731087661661,13.3989456849775,25.7731121181289));
#9774=CARTESIAN_POINT('Ctrl Pts',(12.6602257516946,13.5145726171708,25.8602257516945));
#9775=CARTESIAN_POINT('Ctrl Pts',(12.7029863183685,13.5145726171708,25.9029863183684));
#9776=CARTESIAN_POINT('',(12.99,13.5145726171708,25.210073995587));
#9777=CARTESIAN_POINT('Origin',(12.0100739955871,13.5145726171708,25.210073995587));
#9778=CARTESIAN_POINT('Origin',(12.99,13.0245726171708,25.210073995587));
#9779=CARTESIAN_POINT('Ctrl Pts',(12.5046612682516,13.0145726171708,25.7046612682515));
#9780=CARTESIAN_POINT('Ctrl Pts',(12.5046634443748,13.0688786295469,25.7046590921282));
#9781=CARTESIAN_POINT('Ctrl Pts',(12.511266947441,13.1730973940116,25.7112617386927));
#9782=CARTESIAN_POINT('Ctrl Pts',(12.5731087661661,13.3989456849775,25.7731121181289));
#9783=CARTESIAN_POINT('Ctrl Pts',(12.6602257516946,13.5145726171708,25.8602257516945));
#9784=CARTESIAN_POINT('Ctrl Pts',(12.7029863183685,13.5145726171708,25.9029863183684));
#9785=CARTESIAN_POINT('Ctrl Pts',(12.4885924016315,13.0529731710108,25.7207301348715));
#9786=CARTESIAN_POINT('Ctrl Pts',(12.4915053376597,13.1030124814927,25.7221598206295));
#9787=CARTESIAN_POINT('Ctrl Pts',(12.5002213216999,13.2021481822756,25.7322761462425));
#9788=CARTESIAN_POINT('Ctrl Pts',(12.5576078951105,13.419786240611,25.8104734269195));
#9789=CARTESIAN_POINT('Ctrl Pts',(12.6249232077182,13.5145726171708,25.9022474704849));
#9790=CARTESIAN_POINT('Ctrl Pts',(12.6425183110676,13.5145726171708,25.9634543256693));
#9791=CARTESIAN_POINT('Ctrl Pts',(12.455105850161,13.1238384499834,25.7486350614573));
#9792=CARTESIAN_POINT('Ctrl Pts',(12.4608799468372,13.1687916765671,25.7560395302756));
#9793=CARTESIAN_POINT('Ctrl Pts',(12.4684588036644,13.2655255654191,25.7808003611149));
#9794=CARTESIAN_POINT('Ctrl Pts',(12.5099943563833,13.4635231794445,25.8861116806393));
#9795=CARTESIAN_POINT('Ctrl Pts',(12.5280446270106,13.5145726171708,25.9859629993642));
#9796=CARTESIAN_POINT('Ctrl Pts',(12.5056670024924,13.5145726171708,26.0684637153435));
#9797=CARTESIAN_POINT('Ctrl Pts',(12.3284235896959,13.2977850868031,25.8081761919164));
#9798=CARTESIAN_POINT('Ctrl Pts',(12.3262256777084,13.336978916545,25.8273321413697));
#9799=CARTESIAN_POINT('Ctrl Pts',(12.323536792418,13.4142112235065,25.8758771232018));
#9800=CARTESIAN_POINT('Ctrl Pts',(12.3432454560628,13.4998254863862,25.982686878593));
#9801=CARTESIAN_POINT('Ctrl Pts',(12.3031270361021,13.5145726171708,26.0962452382286));
#9802=CARTESIAN_POINT('Ctrl Pts',(12.2666100114363,13.5145726171708,26.167484363219));
#9803=CARTESIAN_POINT('Ctrl Pts',(12.130488036577,13.3710549399522,25.8435176772185));
#9804=CARTESIAN_POINT('Ctrl Pts',(12.1386587260955,13.3955560521703,25.8680187894366));
#9805=CARTESIAN_POINT('Ctrl Pts',(12.1499456316214,13.4435753803075,25.9259130500615));
#9806=CARTESIAN_POINT('Ctrl Pts',(12.1377787190023,13.4990379119284,26.0429866347818));
#9807=CARTESIAN_POINT('Ctrl Pts',(12.1118089697478,13.5145726171708,26.1391286718442));
#9808=CARTESIAN_POINT('Ctrl Pts',(12.0955886716017,13.5145726171708,26.1899999999999));
#9809=CARTESIAN_POINT('Ctrl Pts',(12.0100739955871,13.3710549399522,25.8435176772185));
#9810=CARTESIAN_POINT('Ctrl Pts',(12.0100739955871,13.4012912266146,25.873753963881));
#9811=CARTESIAN_POINT('Ctrl Pts',(12.0100739955871,13.4537998861549,25.9421847850857));
#9812=CARTESIAN_POINT('Ctrl Pts',(12.0100739955871,13.5033139486867,26.0617223063781));
#9813=CARTESIAN_POINT('Ctrl Pts',(12.0100739955871,13.5145726171708,26.147239433326));
#9814=CARTESIAN_POINT('Ctrl Pts',(12.0100739955871,13.5145726171708,26.1899999999999));
#9815=CARTESIAN_POINT('',(12.0100739955871,13.3710549399522,25.8435176772185));
#9816=CARTESIAN_POINT('Ctrl Pts',(12.5046612682516,13.0145726171708,25.7046612682515));
#9817=CARTESIAN_POINT('Ctrl Pts',(12.4885924016315,13.0529731710108,25.7207301348715));
#9818=CARTESIAN_POINT('Ctrl Pts',(12.455105850161,13.1238384499834,25.7486350614573));
#9819=CARTESIAN_POINT('Ctrl Pts',(12.3284235896959,13.2977850868031,25.8081761919164));
#9820=CARTESIAN_POINT('Ctrl Pts',(12.130488036577,13.3710549399522,25.8435176772185));
#9821=CARTESIAN_POINT('Ctrl Pts',(12.0100739955871,13.3710549399522,25.8435176772185));
#9822=CARTESIAN_POINT('',(12.0100739955871,13.5145726171708,26.1899999999999));
#9823=CARTESIAN_POINT('Origin',(12.0100739955871,13.0245726171708,26.1899999999999));
#9824=CARTESIAN_POINT('Origin',(12.0100739955871,13.5145726171708,25.210073995587));
#9825=CARTESIAN_POINT('Ctrl Pts',(12.5046612682516,13.0145726171708,25.7046612682515));
#9826=CARTESIAN_POINT('Ctrl Pts',(12.4885924016315,13.0529731710108,25.7207301348715));
#9827=CARTESIAN_POINT('Ctrl Pts',(12.455105850161,13.1238384499834,25.7486350614573));
#9828=CARTESIAN_POINT('Ctrl Pts',(12.3284235896959,13.2977850868031,25.8081761919164));
#9829=CARTESIAN_POINT('Ctrl Pts',(12.130488036577,13.3710549399522,25.8435176772185));
#9830=CARTESIAN_POINT('Ctrl Pts',(12.0100739955871,13.3710549399522,25.8435176772185));
#9831=CARTESIAN_POINT('Ctrl Pts',(12.4819342830222,13.0145731888377,25.7273882534808));
#9832=CARTESIAN_POINT('Ctrl Pts',(12.4634860407213,13.0512063796783,25.7375066848644));
#9833=CARTESIAN_POINT('Ctrl Pts',(12.4249347334475,13.1199590302634,25.7570036520445));
#9834=CARTESIAN_POINT('Ctrl Pts',(12.2867148896654,13.2908625294536,25.8002109415816));
#9835=CARTESIAN_POINT('Ctrl Pts',(12.1033961059619,13.3465538277341,25.8190165650004));
#9836=CARTESIAN_POINT('Ctrl Pts',(12.0100739955871,13.3408186532897,25.813281390556));
#9837=CARTESIAN_POINT('Ctrl Pts',(12.4235470355597,13.0145741490122,25.7558379761172));
#9838=CARTESIAN_POINT('Ctrl Pts',(12.402901901229,13.0491084504199,25.7570904003576));
#9839=CARTESIAN_POINT('Ctrl Pts',(12.3568758054028,13.1148039931823,25.7614339670311));
#9840=CARTESIAN_POINT('Ctrl Pts',(12.1964049293421,13.2735720568804,25.775459102591));
#9841=CARTESIAN_POINT('Ctrl Pts',(12.0607956758327,13.2886595671091,25.7709972368632));
#9842=CARTESIAN_POINT('Ctrl Pts',(12.0100739955871,13.272387832085,25.7607727310157));
#9843=CARTESIAN_POINT('Ctrl Pts',(12.2415183412323,13.0145779277943,25.7420970490716));
#9844=CARTESIAN_POINT('Ctrl Pts',(12.2195420645715,13.0451622222696,25.7366179159003));
#9845=CARTESIAN_POINT('Ctrl Pts',(12.1687504232474,13.1117816056691,25.729089035003));
#9846=CARTESIAN_POINT('Ctrl Pts',(12.0651001553801,13.2009882793208,25.7239768893426));
#9847=CARTESIAN_POINT('Ctrl Pts',(12.0272313338666,13.1715859823889,25.7155347052422));
#9848=CARTESIAN_POINT('Ctrl Pts',(12.0100739955871,13.1528503107926,25.711258668484));
#9849=CARTESIAN_POINT('Ctrl Pts',(12.0846181936716,13.0145800423855,25.6999999999999));
#9850=CARTESIAN_POINT('Ctrl Pts',(12.0794422950118,13.0399007744352,25.6999999999999));
#9851=CARTESIAN_POINT('Ctrl Pts',(12.0612294856118,13.0791398403219,25.6999999999999));
#9852=CARTESIAN_POINT('Ctrl Pts',(12.0305388164676,13.0891293126536,25.6999999999999));
#9853=CARTESIAN_POINT('Ctrl Pts',(12.0159973856801,13.0754439453264,25.6999999999999));
#9854=CARTESIAN_POINT('Ctrl Pts',(12.0100739955871,13.0673331838446,25.6999999999999));
#9855=CARTESIAN_POINT('Ctrl Pts',(12.0186127970544,13.0145800423855,25.6999999999999));
#9856=CARTESIAN_POINT('Ctrl Pts',(12.0186251070666,13.0166734657103,25.6999999999999));
#9857=CARTESIAN_POINT('Ctrl Pts',(12.0179964078265,13.0207608343649,25.6999999999999));
#9858=CARTESIAN_POINT('Ctrl Pts',(12.0152109830604,13.0244836718393,25.6999999999999));
#9859=CARTESIAN_POINT('Ctrl Pts',(12.0119706622537,13.0245726171708,25.6999999999999));
#9860=CARTESIAN_POINT('Ctrl Pts',(12.0100739955871,13.0245726171708,25.6999999999999));
#9861=CARTESIAN_POINT('',(12.0186127970544,13.0145800423855,25.6999999999999));
#9862=CARTESIAN_POINT('Ctrl Pts',(12.5046612682516,13.0145726171708,25.7046612682515));
#9863=CARTESIAN_POINT('Ctrl Pts',(12.4819342830222,13.0145731888377,25.7273882534808));
#9864=CARTESIAN_POINT('Ctrl Pts',(12.4235470355597,13.0145741490122,25.7558379761172));
#9865=CARTESIAN_POINT('Ctrl Pts',(12.2415183412323,13.0145779277943,25.7420970490716));
#9866=CARTESIAN_POINT('Ctrl Pts',(12.0846181936716,13.0145800423855,25.6999999999999));
#9867=CARTESIAN_POINT('Ctrl Pts',(12.0186127970544,13.0145800423855,25.6999999999999));
#9868=CARTESIAN_POINT('',(12.0100739955871,13.0245726171708,25.6999999999999));
#9869=CARTESIAN_POINT('Ctrl Pts',(12.0186127970544,13.0145800423855,25.6999999999999));
#9870=CARTESIAN_POINT('Ctrl Pts',(12.0186203741869,13.015868598863,25.6999999999999));
#9871=CARTESIAN_POINT('Ctrl Pts',(12.0185185054363,13.0171425139965,25.6999999999999));
#9872=CARTESIAN_POINT('Ctrl Pts',(12.018284330804,13.0183093510908,25.6999999999999));
#9873=CARTESIAN_POINT('Ctrl Pts',(12.0180721640795,13.0193665279584,25.6999999999999));
#9874=CARTESIAN_POINT('Ctrl Pts',(12.0177485249383,13.0203390006219,25.6999999999999));
#9875=CARTESIAN_POINT('Ctrl Pts',(12.0173202558697,13.0211791253201,25.6999999999999));
#9876=CARTESIAN_POINT('Ctrl Pts',(12.0169695339973,13.0218671276272,25.6999999999999));
#9877=CARTESIAN_POINT('Ctrl Pts',(12.0165517913747,13.0224657999558,25.6999999999999));
#9878=CARTESIAN_POINT('Ctrl Pts',(12.0160905544143,13.0229466147416,25.6999999999999));
#9879=CARTESIAN_POINT('Ctrl Pts',(12.0155857918117,13.0234728026742,25.6999999999999));
#9880=CARTESIAN_POINT('Ctrl Pts',(12.0150277088589,13.0238557808974,25.6999999999999));
#9881=CARTESIAN_POINT('Ctrl Pts',(12.0143765549048,13.0241078365063,25.6999999999999));
#9882=CARTESIAN_POINT('Ctrl Pts',(12.013809624387,13.0243272900103,25.6999999999999));
#9883=CARTESIAN_POINT('Ctrl Pts',(12.0131670867252,13.0244487729898,25.6999999999999));
#9884=CARTESIAN_POINT('Ctrl Pts',(12.0124406221228,13.0245099956542,25.6999999999999));
#9885=CARTESIAN_POINT('Ctrl Pts',(12.0118517112221,13.0245596260069,25.6999999999999));
#9886=CARTESIAN_POINT('Ctrl Pts',(12.0112070311113,13.0245702645226,25.6999999999999));
#9887=CARTESIAN_POINT('Ctrl Pts',(12.0105418881562,13.0245721704313,25.6999999999999));
#9888=CARTESIAN_POINT('Ctrl Pts',(12.0103865287028,13.0245726156001,25.6999999999999));
#9889=CARTESIAN_POINT('Ctrl Pts',(12.0102302700537,13.0245726171708,25.6999999999999));
#9890=CARTESIAN_POINT('Ctrl Pts',(12.0100739955871,13.0245726171708,25.6999999999999));
#9891=CARTESIAN_POINT('Origin',(12.0100739955871,13.0245726171708,26.1899999999999));
#9892=CARTESIAN_POINT('Ctrl Pts',(12.5046612682516,13.0145726171708,25.7046612682515));
#9893=CARTESIAN_POINT('Ctrl Pts',(12.4819342830222,13.0145731888377,25.7273882534808));
#9894=CARTESIAN_POINT('Ctrl Pts',(12.4235470355597,13.0145741490122,25.7558379761172));
#9895=CARTESIAN_POINT('Ctrl Pts',(12.2415183412323,13.0145779277943,25.7420970490716));
#9896=CARTESIAN_POINT('Ctrl Pts',(12.0846181936716,13.0145800423855,25.6999999999999));
#9897=CARTESIAN_POINT('Ctrl Pts',(12.0186127970544,13.0145800423855,25.6999999999999));
#9898=CARTESIAN_POINT('Ctrl Pts',(12.4885893241284,12.97617287179,25.7207332123746));
#9899=CARTESIAN_POINT('Ctrl Pts',(12.4634823891912,12.9779407166276,25.7375089050641));
#9900=CARTESIAN_POINT('Ctrl Pts',(12.4028971032533,12.9800405531145,25.7570916385799));
#9901=CARTESIAN_POINT('Ctrl Pts',(12.2195299185541,12.9839945395178,25.7366182059403));
#9902=CARTESIAN_POINT('Ctrl Pts',(12.0794223448774,12.9892593103357,25.6999999999999));
#9903=CARTESIAN_POINT('Ctrl Pts',(12.0186004870421,13.0124866190606,25.6999999999999));
#9904=CARTESIAN_POINT('Ctrl Pts',(12.4550925256233,12.905297482212,25.7486398604154));
#9905=CARTESIAN_POINT('Ctrl Pts',(12.4249201760738,12.9091738239188,25.7570078340588));
#9906=CARTESIAN_POINT('Ctrl Pts',(12.3568588191738,12.914322725839,25.7614367352389));
#9907=CARTESIAN_POINT('Ctrl Pts',(12.1687344963491,12.9173271450486,25.7290894872256));
#9908=CARTESIAN_POINT('Ctrl Pts',(12.0612395368004,12.9499661098907,25.6999999999999));
#9909=CARTESIAN_POINT('Ctrl Pts',(12.0180252070085,13.0083545698956,25.6999999999999));
#9910=CARTESIAN_POINT('Ctrl Pts',(12.3284337472207,12.7313724641334,25.8081762750454));
#9911=CARTESIAN_POINT('Ctrl Pts',(12.2867251600684,12.7382972910824,25.8002112934428));
#9912=CARTESIAN_POINT('Ctrl Pts',(12.1964144485495,12.7555928705304,25.7754595292572));
#9913=CARTESIAN_POINT('Ctrl Pts',(12.0650881228114,12.8281882181006,25.7239767470765));
#9914=CARTESIAN_POINT('Ctrl Pts',(12.0304907307853,12.9400432824643,25.6999999999999));
#9915=CARTESIAN_POINT('Ctrl Pts',(12.0151517837056,13.0046820730251,25.6999999999999));
#9916=CARTESIAN_POINT('Ctrl Pts',(12.130488036577,12.6580902943894,25.8435176772185));
#9917=CARTESIAN_POINT('Ctrl Pts',(12.1033961059619,12.6825914066074,25.8190165650004));
#9918=CARTESIAN_POINT('Ctrl Pts',(12.0607956758327,12.7404856672324,25.7709972368632));
#9919=CARTESIAN_POINT('Ctrl Pts',(12.0272313338666,12.8575592519527,25.7155347052422));
#9920=CARTESIAN_POINT('Ctrl Pts',(12.0159973856801,12.9537012890151,25.6999999999999));
#9921=CARTESIAN_POINT('Ctrl Pts',(12.0119706622537,13.0045726171708,25.6999999999999));
#9922=CARTESIAN_POINT('Ctrl Pts',(12.0100739955871,12.6580902943894,25.8435176772185));
#9923=CARTESIAN_POINT('Ctrl Pts',(12.0100739955871,12.6883265810518,25.813281390556));
#9924=CARTESIAN_POINT('Ctrl Pts',(12.0100739955871,12.7567574022565,25.7607727310157));
#9925=CARTESIAN_POINT('Ctrl Pts',(12.0100739955871,12.8762949235489,25.711258668484));
#9926=CARTESIAN_POINT('Ctrl Pts',(12.0100739955871,12.9618120504969,25.6999999999999));
#9927=CARTESIAN_POINT('Ctrl Pts',(12.0100739955871,13.0045726171708,25.6999999999999));
#9928=CARTESIAN_POINT('',(12.0100739955871,12.6580902943894,25.8435176772185));
#9929=CARTESIAN_POINT('Ctrl Pts',(12.5046612682516,13.0145726171708,25.7046612682515));
#9930=CARTESIAN_POINT('Ctrl Pts',(12.4885893241284,12.97617287179,25.7207332123746));
#9931=CARTESIAN_POINT('Ctrl Pts',(12.4550925256233,12.905297482212,25.7486398604154));
#9932=CARTESIAN_POINT('Ctrl Pts',(12.3284337472207,12.7313724641334,25.8081762750454));
#9933=CARTESIAN_POINT('Ctrl Pts',(12.130488036577,12.6580902943894,25.8435176772185));
#9934=CARTESIAN_POINT('Ctrl Pts',(12.0100739955871,12.6580902943894,25.8435176772185));
#9935=CARTESIAN_POINT('',(12.0100739955871,13.0045726171708,25.6999999999999));
#9936=CARTESIAN_POINT('Origin',(12.0100739955871,13.0045726171708,26.1899999999999));
#9937=CARTESIAN_POINT('Ctrl Pts',(12.0100739955871,13.0045726171708,25.6999999999999));
#9938=CARTESIAN_POINT('Ctrl Pts',(12.0107004357497,13.0045726171708,25.6999999999999));
#9939=CARTESIAN_POINT('Ctrl Pts',(12.0113222060492,13.0045730105876,25.6999999999999));
#9940=CARTESIAN_POINT('Ctrl Pts',(12.0118965575088,13.004600545214,25.6999999999999));
#9941=CARTESIAN_POINT('Ctrl Pts',(12.0125785282103,13.0046332391476,25.6999999999999));
#9942=CARTESIAN_POINT('Ctrl Pts',(12.0131947851639,13.0047048194263,25.6999999999999));
#9943=CARTESIAN_POINT('Ctrl Pts',(12.0137465251369,13.0048483587911,25.6999999999999));
#9944=CARTESIAN_POINT('Ctrl Pts',(12.0143803288812,13.0050132476725,25.6999999999999));
#9945=CARTESIAN_POINT('Ctrl Pts',(12.014934669466,13.0052744065766,25.6999999999999));
#9946=CARTESIAN_POINT('Ctrl Pts',(12.015444805161,13.0056515110825,25.6999999999999));
#9947=CARTESIAN_POINT('Ctrl Pts',(12.0161934955019,13.0062049608878,25.6999999999999));
#9948=CARTESIAN_POINT('Ctrl Pts',(12.0168517888542,13.007006758629,25.6999999999999));
#9949=CARTESIAN_POINT('Ctrl Pts',(12.017346946512,13.0079961675078,25.6999999999999));
#9950=CARTESIAN_POINT('Ctrl Pts',(12.0177835130049,13.008868501314,25.6999999999999));
#9951=CARTESIAN_POINT('Ctrl Pts',(12.0180954668198,13.0098894527354,25.6999999999999));
#9952=CARTESIAN_POINT('Ctrl Pts',(12.0182995988792,13.0110115482373,25.6999999999999));
#9953=CARTESIAN_POINT('Ctrl Pts',(12.0184777649873,13.0119909112499,25.6999999999999));
#9954=CARTESIAN_POINT('Ctrl Pts',(12.0185773209273,13.0130487937326,25.6999999999999));
#9955=CARTESIAN_POINT('Ctrl Pts',(12.0186052990939,13.0141141798519,25.6999999999999));
#9956=CARTESIAN_POINT('Ctrl Pts',(12.0186093766355,13.0142694493597,25.6999999999999));
#9957=CARTESIAN_POINT('Ctrl Pts',(12.0186118842623,13.0144248142589,25.6999999999999));
#9958=CARTESIAN_POINT('Ctrl Pts',(12.0186127970544,13.0145800423855,25.6999999999999));
#9959=CARTESIAN_POINT('Ctrl Pts',(12.5046612682516,13.0145726171708,25.7046612682515));
#9960=CARTESIAN_POINT('Ctrl Pts',(12.4885893241284,12.97617287179,25.7207332123746));
#9961=CARTESIAN_POINT('Ctrl Pts',(12.4550925256233,12.905297482212,25.7486398604154));
#9962=CARTESIAN_POINT('Ctrl Pts',(12.3284337472207,12.7313724641334,25.8081762750454));
#9963=CARTESIAN_POINT('Ctrl Pts',(12.130488036577,12.6580902943894,25.8435176772185));
#9964=CARTESIAN_POINT('Ctrl Pts',(12.0100739955871,12.6580902943894,25.8435176772185));
#9965=CARTESIAN_POINT('Ctrl Pts',(12.5046590921283,12.9602666047946,25.7046634443747));
#9966=CARTESIAN_POINT('Ctrl Pts',(12.4914975341897,12.9261335240997,25.7221661927692));
#9967=CARTESIAN_POINT('Ctrl Pts',(12.4608755642321,12.8603424465342,25.7560432024828));
#9968=CARTESIAN_POINT('Ctrl Pts',(12.3262251704465,12.692180598908,25.8273317941309));
#9969=CARTESIAN_POINT('Ctrl Pts',(12.1386587260955,12.6335891821713,25.8680187894366));
#9970=CARTESIAN_POINT('Ctrl Pts',(12.0100739955871,12.6278540077269,25.873753963881));
#9971=CARTESIAN_POINT('Ctrl Pts',(12.5112617386928,12.85604784033,25.7112669474409));
#9972=CARTESIAN_POINT('Ctrl Pts',(12.5002202084132,12.8269948423977,25.732277767929));
#9973=CARTESIAN_POINT('Ctrl Pts',(12.4684812594544,12.7636272952678,25.7807989979666));
#9974=CARTESIAN_POINT('Ctrl Pts',(12.3235096944676,12.6149343216871,25.8758767926543));
#9975=CARTESIAN_POINT('Ctrl Pts',(12.1499456316214,12.5855698540341,25.9259130500615));
#9976=CARTESIAN_POINT('Ctrl Pts',(12.0100739955871,12.5753453481866,25.9421847850857));
#9977=CARTESIAN_POINT('Ctrl Pts',(12.573112118129,12.630199549364,25.773108766166));
#9978=CARTESIAN_POINT('Ctrl Pts',(12.5576095230347,12.6093605757747,25.8104716330785));
#9979=CARTESIAN_POINT('Ctrl Pts',(12.5099841173419,12.5656211920224,25.8861115438619));
#9980=CARTESIAN_POINT('Ctrl Pts',(12.3432501886038,12.5293195643046,25.9826870026313));
#9981=CARTESIAN_POINT('Ctrl Pts',(12.1377787190023,12.5301073224131,26.0429866347818));
#9982=CARTESIAN_POINT('Ctrl Pts',(12.0100739955871,12.5258312856548,26.0617223063781));
#9983=CARTESIAN_POINT('Ctrl Pts',(12.6602257516946,12.5145726171708,25.8602257516945));
#9984=CARTESIAN_POINT('Ctrl Pts',(12.6249232077182,12.5145726171708,25.9022474704849));
#9985=CARTESIAN_POINT('Ctrl Pts',(12.5280446270106,12.5145726171708,25.9859629993642));
#9986=CARTESIAN_POINT('Ctrl Pts',(12.3031270361021,12.5145726171708,26.0962452382286));
#9987=CARTESIAN_POINT('Ctrl Pts',(12.1118089697478,12.5145726171708,26.1391286718442));
#9988=CARTESIAN_POINT('Ctrl Pts',(12.0100739955871,12.5145726171708,26.147239433326));
#9989=CARTESIAN_POINT('Ctrl Pts',(12.7029863183685,12.5145726171708,25.9029863183684));
#9990=CARTESIAN_POINT('Ctrl Pts',(12.6425183110676,12.5145726171708,25.9634543256693));
#9991=CARTESIAN_POINT('Ctrl Pts',(12.5056670024924,12.5145726171708,26.0684637153435));
#9992=CARTESIAN_POINT('Ctrl Pts',(12.2666100114363,12.5145726171708,26.167484363219));
#9993=CARTESIAN_POINT('Ctrl Pts',(12.0955886716017,12.5145726171708,26.1899999999999));
#9994=CARTESIAN_POINT('Ctrl Pts',(12.0100739955871,12.5145726171708,26.1899999999999));
#9995=CARTESIAN_POINT('',(12.7029863183685,12.5145726171708,25.9029863183684));
#9996=CARTESIAN_POINT('Ctrl Pts',(12.5046612682516,13.0145726171708,25.7046612682515));
#9997=CARTESIAN_POINT('Ctrl Pts',(12.5046590921283,12.9602666047946,25.7046634443747));
#9998=CARTESIAN_POINT('Ctrl Pts',(12.5112617386928,12.85604784033,25.7112669474409));
#9999=CARTESIAN_POINT('Ctrl Pts',(12.573112118129,12.630199549364,25.773108766166));
#10000=CARTESIAN_POINT('Ctrl Pts',(12.6602257516946,12.5145726171708,25.8602257516945));
#10001=CARTESIAN_POINT('Ctrl Pts',(12.7029863183685,12.5145726171708,25.9029863183684));
#10002=CARTESIAN_POINT('',(12.0100739955871,12.5145726171708,26.1899999999999));
#10003=CARTESIAN_POINT('Origin',(12.0100739955871,12.5145726171708,25.210073995587));
#10004=CARTESIAN_POINT('Origin',(12.0100739955871,13.0045726171708,26.1899999999999));
#10005=CARTESIAN_POINT('Ctrl Pts',(12.5046612682516,13.0145726171708,25.7046612682515));
#10006=CARTESIAN_POINT('Ctrl Pts',(12.5046590921283,12.9602666047946,25.7046634443747));
#10007=CARTESIAN_POINT('Ctrl Pts',(12.5112617386928,12.85604784033,25.7112669474409));
#10008=CARTESIAN_POINT('Ctrl Pts',(12.573112118129,12.630199549364,25.773108766166));
#10009=CARTESIAN_POINT('Ctrl Pts',(12.6602257516946,12.5145726171708,25.8602257516945));
#10010=CARTESIAN_POINT('Ctrl Pts',(12.7029863183685,12.5145726171708,25.9029863183684));
#10011=CARTESIAN_POINT('Ctrl Pts',(12.5207301348716,12.9761720633308,25.6885924016314));
#10012=CARTESIAN_POINT('Ctrl Pts',(12.5221598206296,12.9261327528488,25.6915053376596));
#10013=CARTESIAN_POINT('Ctrl Pts',(12.5322761462426,12.8269970520659,25.7002213216998));
#10014=CARTESIAN_POINT('Ctrl Pts',(12.6104734269196,12.6093589937305,25.7576078951104));
#10015=CARTESIAN_POINT('Ctrl Pts',(12.702247470485,12.5145726171708,25.8249232077181));
#10016=CARTESIAN_POINT('Ctrl Pts',(12.7634543256694,12.5145726171708,25.8425183110675));
#10017=CARTESIAN_POINT('Ctrl Pts',(12.5486350614574,12.9053067843581,25.6551058501609));
#10018=CARTESIAN_POINT('Ctrl Pts',(12.5560395302757,12.8603535577745,25.6608799468371));
#10019=CARTESIAN_POINT('Ctrl Pts',(12.580800361115,12.7636196689224,25.6684588036643));
#10020=CARTESIAN_POINT('Ctrl Pts',(12.6861116806394,12.565622054897,25.7099943563832));
#10021=CARTESIAN_POINT('Ctrl Pts',(12.7859629993643,12.5145726171708,25.7280446270105));
#10022=CARTESIAN_POINT('Ctrl Pts',(12.8684637153436,12.5145726171708,25.7056670024923));
#10023=CARTESIAN_POINT('Ctrl Pts',(12.6081761919165,12.7313601475384,25.5284235896958));
#10024=CARTESIAN_POINT('Ctrl Pts',(12.6273321413698,12.6921663177965,25.5262256777083));
#10025=CARTESIAN_POINT('Ctrl Pts',(12.6758771232019,12.614934010835,25.5235367924179));
#10026=CARTESIAN_POINT('Ctrl Pts',(12.7826868785931,12.5293197479553,25.5432454560627));
#10027=CARTESIAN_POINT('Ctrl Pts',(12.8962452382287,12.5145726171708,25.503127036102));
#10028=CARTESIAN_POINT('Ctrl Pts',(12.9674843632191,12.5145726171708,25.4666100114363));
#10029=CARTESIAN_POINT('Ctrl Pts',(12.6435176772186,12.6580902943893,25.3304880365769));
#10030=CARTESIAN_POINT('Ctrl Pts',(12.6680187894367,12.6335891821713,25.3386587260954));
#10031=CARTESIAN_POINT('Ctrl Pts',(12.7259130500616,12.5855698540341,25.3499456316213));
#10032=CARTESIAN_POINT('Ctrl Pts',(12.8429866347819,12.5301073224131,25.3377787190022));
#10033=CARTESIAN_POINT('Ctrl Pts',(12.9391286718443,12.5145726171708,25.3118089697477));
#10034=CARTESIAN_POINT('Ctrl Pts',(12.99,12.5145726171708,25.2955886716016));
#10035=CARTESIAN_POINT('Ctrl Pts',(12.6435176772186,12.6580902943893,25.210073995587));
#10036=CARTESIAN_POINT('Ctrl Pts',(12.673753963881,12.6278540077269,25.210073995587));
#10037=CARTESIAN_POINT('Ctrl Pts',(12.7421847850858,12.5753453481866,25.210073995587));
#10038=CARTESIAN_POINT('Ctrl Pts',(12.8617223063782,12.5258312856548,25.210073995587));
#10039=CARTESIAN_POINT('Ctrl Pts',(12.9472394333261,12.5145726171708,25.210073995587));
#10040=CARTESIAN_POINT('Ctrl Pts',(12.99,12.5145726171708,25.210073995587));
#10041=CARTESIAN_POINT('',(12.6435176772186,12.6580902943893,25.210073995587));
#10042=CARTESIAN_POINT('Ctrl Pts',(12.5046612682516,13.0145726171708,25.7046612682515));
#10043=CARTESIAN_POINT('Ctrl Pts',(12.5207301348716,12.9761720633308,25.6885924016314));
#10044=CARTESIAN_POINT('Ctrl Pts',(12.5486350614574,12.9053067843581,25.6551058501609));
#10045=CARTESIAN_POINT('Ctrl Pts',(12.6081761919165,12.7313601475384,25.5284235896958));
#10046=CARTESIAN_POINT('Ctrl Pts',(12.6435176772186,12.6580902943893,25.3304880365769));
#10047=CARTESIAN_POINT('Ctrl Pts',(12.6435176772186,12.6580902943893,25.210073995587));
#10048=CARTESIAN_POINT('',(12.99,12.5145726171708,25.210073995587));
#10049=CARTESIAN_POINT('Origin',(12.99,13.0045726171708,25.210073995587));
#10050=CARTESIAN_POINT('Origin',(12.0100739955871,12.5145726171708,25.210073995587));
#10051=CARTESIAN_POINT('Ctrl Pts',(12.5046612682516,13.0145726171708,25.7046612682515));
#10052=CARTESIAN_POINT('Ctrl Pts',(12.5207301348716,12.9761720633308,25.6885924016314));
#10053=CARTESIAN_POINT('Ctrl Pts',(12.5486350614574,12.9053067843581,25.6551058501609));
#10054=CARTESIAN_POINT('Ctrl Pts',(12.6081761919165,12.7313601475384,25.5284235896958));
#10055=CARTESIAN_POINT('Ctrl Pts',(12.6435176772186,12.6580902943893,25.3304880365769));
#10056=CARTESIAN_POINT('Ctrl Pts',(12.6435176772186,12.6580902943893,25.210073995587));
#10057=CARTESIAN_POINT('Ctrl Pts',(12.5273882534809,13.0145720455038,25.6819342830222));
#10058=CARTESIAN_POINT('Ctrl Pts',(12.5375066848645,12.9779388546632,25.6634860407212));
#10059=CARTESIAN_POINT('Ctrl Pts',(12.5570036520445,12.9091862040781,25.6249347334474));
#10060=CARTESIAN_POINT('Ctrl Pts',(12.6002109415817,12.7382827048879,25.4867148896653));
#10061=CARTESIAN_POINT('Ctrl Pts',(12.6190165650005,12.6825914066074,25.3033961059618));
#10062=CARTESIAN_POINT('Ctrl Pts',(12.6132813905561,12.6883265810518,25.210073995587));
#10063=CARTESIAN_POINT('Ctrl Pts',(12.5558379761173,13.0145710853293,25.6235470355596));
#10064=CARTESIAN_POINT('Ctrl Pts',(12.5570904003577,12.9800367839216,25.6029019012288));
#10065=CARTESIAN_POINT('Ctrl Pts',(12.5614339670312,12.9143412411593,25.5568758054027));
#10066=CARTESIAN_POINT('Ctrl Pts',(12.575459102591,12.7555731774611,25.396404929342));
#10067=CARTESIAN_POINT('Ctrl Pts',(12.5709972368633,12.7404856672324,25.2607956758326));
#10068=CARTESIAN_POINT('Ctrl Pts',(12.5607727310158,12.7567574022565,25.210073995587));
#10069=CARTESIAN_POINT('Ctrl Pts',(12.5420970490717,13.0145673065472,25.4415183412322));
#10070=CARTESIAN_POINT('Ctrl Pts',(12.5366179159004,12.9839830120719,25.4195420645714));
#10071=CARTESIAN_POINT('Ctrl Pts',(12.5290890350031,12.9173636286724,25.3687504232472));
#10072=CARTESIAN_POINT('Ctrl Pts',(12.5239768893427,12.8281569550207,25.26510015538));
#10073=CARTESIAN_POINT('Ctrl Pts',(12.5155347052423,12.8575592519527,25.2272313338665));
#10074=CARTESIAN_POINT('Ctrl Pts',(12.5112586684841,12.8762949235489,25.210073995587));
#10075=CARTESIAN_POINT('Ctrl Pts',(12.5,13.014565191956,25.2846181936715));
#10076=CARTESIAN_POINT('Ctrl Pts',(12.5,12.9892444599063,25.2794422950117));
#10077=CARTESIAN_POINT('Ctrl Pts',(12.5,12.9500053940196,25.2612294856117));
#10078=CARTESIAN_POINT('Ctrl Pts',(12.5,12.9400159216879,25.2305388164675));
#10079=CARTESIAN_POINT('Ctrl Pts',(12.5,12.9537012890151,25.21599738568));
#10080=CARTESIAN_POINT('Ctrl Pts',(12.5,12.9618120504969,25.210073995587));
#10081=CARTESIAN_POINT('Ctrl Pts',(12.5,13.014565191956,25.2186127970543));
#10082=CARTESIAN_POINT('Ctrl Pts',(12.5,13.0124717686312,25.2186251070665));
#10083=CARTESIAN_POINT('Ctrl Pts',(12.5,13.0083843999766,25.2179964078264));
#10084=CARTESIAN_POINT('Ctrl Pts',(12.5,13.0046615625022,25.2152109830603));
#10085=CARTESIAN_POINT('Ctrl Pts',(12.5,13.0045726171708,25.2119706622537));
#10086=CARTESIAN_POINT('Ctrl Pts',(12.5,13.0045726171708,25.210073995587));
#10087=CARTESIAN_POINT('',(12.5,13.014565191956,25.2186127970543));
#10088=CARTESIAN_POINT('Ctrl Pts',(12.5046612682516,13.0145726171708,25.7046612682515));
#10089=CARTESIAN_POINT('Ctrl Pts',(12.5273882534809,13.0145720455038,25.6819342830222));
#10090=CARTESIAN_POINT('Ctrl Pts',(12.5558379761173,13.0145710853293,25.6235470355596));
#10091=CARTESIAN_POINT('Ctrl Pts',(12.5420970490717,13.0145673065472,25.4415183412322));
#10092=CARTESIAN_POINT('Ctrl Pts',(12.5,13.014565191956,25.2846181936715));
#10093=CARTESIAN_POINT('Ctrl Pts',(12.5,13.014565191956,25.2186127970543));
#10094=CARTESIAN_POINT('',(12.5,13.0045726171708,25.210073995587));
#10095=CARTESIAN_POINT('Ctrl Pts',(12.5,13.014565191956,25.2186127970543));
#10096=CARTESIAN_POINT('Ctrl Pts',(12.5,13.0132766354786,25.2186203741868));
#10097=CARTESIAN_POINT('Ctrl Pts',(12.5,13.012002720345,25.2185185054363));
#10098=CARTESIAN_POINT('Ctrl Pts',(12.5,13.0108358832508,25.2182843308039));
#10099=CARTESIAN_POINT('Ctrl Pts',(12.5,13.0097787063833,25.2180721640795));
#10100=CARTESIAN_POINT('Ctrl Pts',(12.5,13.0088062337198,25.2177485249383));
#10101=CARTESIAN_POINT('Ctrl Pts',(12.5,13.0079661090216,25.2173202558698));
#10102=CARTESIAN_POINT('Ctrl Pts',(12.5,13.0072781067146,25.2169695339974));
#10103=CARTESIAN_POINT('Ctrl Pts',(12.5,13.0066794343859,25.2165517913748));
#10104=CARTESIAN_POINT('Ctrl Pts',(12.5,13.0061986196,25.2160905544143));
#10105=CARTESIAN_POINT('Ctrl Pts',(12.5,13.0056724316675,25.2155857918118));
#10106=CARTESIAN_POINT('Ctrl Pts',(12.5,13.0052894534442,25.215027708859));
#10107=CARTESIAN_POINT('Ctrl Pts',(12.5,13.0050373978352,25.2143765549049));
#10108=CARTESIAN_POINT('Ctrl Pts',(12.5,13.0048179443312,25.213809624387));
#10109=CARTESIAN_POINT('Ctrl Pts',(12.5,13.0046964613517,25.2131670867253));
#10110=CARTESIAN_POINT('Ctrl Pts',(12.5,13.0046352386873,25.2124406221229));
#10111=CARTESIAN_POINT('Ctrl Pts',(12.5,13.0045856083346,25.2118517112222));
#10112=CARTESIAN_POINT('Ctrl Pts',(12.5,13.0045749698189,25.2112070311114));
#10113=CARTESIAN_POINT('Ctrl Pts',(12.5,13.0045730639102,25.2105418881562));
#10114=CARTESIAN_POINT('Ctrl Pts',(12.5,13.0045726187414,25.2103865287028));
#10115=CARTESIAN_POINT('Ctrl Pts',(12.5,13.0045726171708,25.2102302700536));
#10116=CARTESIAN_POINT('Ctrl Pts',(12.5,13.0045726171708,25.210073995587));
#10117=CARTESIAN_POINT('Origin',(12.99,13.0045726171708,25.210073995587));
#10118=CARTESIAN_POINT('Ctrl Pts',(-12.5046612682516,13.0145726171709,25.7046612682515));
#10119=CARTESIAN_POINT('Ctrl Pts',(-12.4885893241285,13.0529723625517,25.7207332123746));
#10120=CARTESIAN_POINT('Ctrl Pts',(-12.4550925256234,13.1238477521297,25.7486398604154));
#10121=CARTESIAN_POINT('Ctrl Pts',(-12.3284337472208,13.2977727702082,25.8081762750454));
#10122=CARTESIAN_POINT('Ctrl Pts',(-12.130488036577,13.3710549399523,25.8435176772185));
#10123=CARTESIAN_POINT('Ctrl Pts',(-12.0100739955871,13.3710549399523,25.8435176772185));
#10124=CARTESIAN_POINT('Ctrl Pts',(-12.5046590921283,13.0688786295471,25.7046634443747));
#10125=CARTESIAN_POINT('Ctrl Pts',(-12.4914975341897,13.103011710242,25.7221661927692));
#10126=CARTESIAN_POINT('Ctrl Pts',(-12.4608755642321,13.1688027878074,25.7560432024828));
#10127=CARTESIAN_POINT('Ctrl Pts',(-12.3262251704466,13.3369646354336,25.8273317941309));
#10128=CARTESIAN_POINT('Ctrl Pts',(-12.1386587260956,13.3955560521704,25.8680187894366));
#10129=CARTESIAN_POINT('Ctrl Pts',(-12.0100739955871,13.4012912266147,25.873753963881));
#10130=CARTESIAN_POINT('Ctrl Pts',(-12.5112617386928,13.1730973940117,25.7112669474409));
#10131=CARTESIAN_POINT('Ctrl Pts',(-12.5002202084132,13.2021503919439,25.732277767929));
#10132=CARTESIAN_POINT('Ctrl Pts',(-12.4684812594544,13.2655179390738,25.7807989979666));
#10133=CARTESIAN_POINT('Ctrl Pts',(-12.3235096944676,13.4142109126545,25.8758767926543));
#10134=CARTESIAN_POINT('Ctrl Pts',(-12.1499456316214,13.4435753803076,25.9259130500615));
#10135=CARTESIAN_POINT('Ctrl Pts',(-12.0100739955871,13.453799886155,25.9421847850857));
#10136=CARTESIAN_POINT('Ctrl Pts',(-12.573112118129,13.3989456849776,25.773108766166));
#10137=CARTESIAN_POINT('Ctrl Pts',(-12.5576095230347,13.4197846585669,25.8104716330785));
#10138=CARTESIAN_POINT('Ctrl Pts',(-12.5099841173419,13.4635240423192,25.8861115438619));
#10139=CARTESIAN_POINT('Ctrl Pts',(-12.3432501886038,13.4998256700371,25.9826870026313));
#10140=CARTESIAN_POINT('Ctrl Pts',(-12.1377787190023,13.4990379119285,26.0429866347818));
#10141=CARTESIAN_POINT('Ctrl Pts',(-12.0100739955871,13.5033139486868,26.0617223063781));
#10142=CARTESIAN_POINT('Ctrl Pts',(-12.6602257516947,13.5145726171709,25.8602257516945));
#10143=CARTESIAN_POINT('Ctrl Pts',(-12.6249232077182,13.5145726171709,25.9022474704849));
#10144=CARTESIAN_POINT('Ctrl Pts',(-12.5280446270106,13.5145726171709,25.9859629993642));
#10145=CARTESIAN_POINT('Ctrl Pts',(-12.3031270361021,13.5145726171709,26.0962452382286));
#10146=CARTESIAN_POINT('Ctrl Pts',(-12.1118089697479,13.5145726171709,26.1391286718442));
#10147=CARTESIAN_POINT('Ctrl Pts',(-12.0100739955871,13.5145726171709,26.147239433326));
#10148=CARTESIAN_POINT('Ctrl Pts',(-12.7029863183685,13.5145726171709,25.9029863183684));
#10149=CARTESIAN_POINT('Ctrl Pts',(-12.6425183110676,13.5145726171709,25.9634543256693));
#10150=CARTESIAN_POINT('Ctrl Pts',(-12.5056670024924,13.5145726171709,26.0684637153435));
#10151=CARTESIAN_POINT('Ctrl Pts',(-12.2666100114364,13.5145726171709,26.167484363219));
#10152=CARTESIAN_POINT('Ctrl Pts',(-12.0955886716017,13.5145726171709,26.1899999999999));
#10153=CARTESIAN_POINT('Ctrl Pts',(-12.0100739955871,13.5145726171709,26.1899999999999));
#10154=CARTESIAN_POINT('',(-12.5046612682516,13.0145726171709,25.7046612682515));
#10155=CARTESIAN_POINT('',(-12.0100739955871,13.3710549399523,25.8435176772185));
#10156=CARTESIAN_POINT('Ctrl Pts',(-12.5046612682516,13.0145726171709,25.7046612682515));
#10157=CARTESIAN_POINT('Ctrl Pts',(-12.4885893241285,13.0529723625517,25.7207332123746));
#10158=CARTESIAN_POINT('Ctrl Pts',(-12.4550925256234,13.1238477521297,25.7486398604154));
#10159=CARTESIAN_POINT('Ctrl Pts',(-12.3284337472208,13.2977727702082,25.8081762750454));
#10160=CARTESIAN_POINT('Ctrl Pts',(-12.130488036577,13.3710549399523,25.8435176772185));
#10161=CARTESIAN_POINT('Ctrl Pts',(-12.0100739955871,13.3710549399523,25.8435176772185));
#10162=CARTESIAN_POINT('',(-12.7029863183685,13.5145726171709,25.9029863183684));
#10163=CARTESIAN_POINT('Ctrl Pts',(-12.5046612682516,13.0145726171709,25.7046612682515));
#10164=CARTESIAN_POINT('Ctrl Pts',(-12.5046590921283,13.0688786295471,25.7046634443747));
#10165=CARTESIAN_POINT('Ctrl Pts',(-12.5112617386928,13.1730973940117,25.7112669474409));
#10166=CARTESIAN_POINT('Ctrl Pts',(-12.573112118129,13.3989456849776,25.773108766166));
#10167=CARTESIAN_POINT('Ctrl Pts',(-12.6602257516947,13.5145726171709,25.8602257516945));
#10168=CARTESIAN_POINT('Ctrl Pts',(-12.7029863183685,13.5145726171709,25.9029863183684));
#10169=CARTESIAN_POINT('',(-12.0100739955871,13.5145726171709,26.1899999999999));
#10170=CARTESIAN_POINT('Origin',(-12.0100739955871,13.5145726171709,25.210073995587));
#10171=CARTESIAN_POINT('Origin',(-12.0100739955871,13.0245726171709,26.1899999999999));
#10172=CARTESIAN_POINT('Ctrl Pts',(-12.5046612682516,13.0145726171709,25.7046612682515));
#10173=CARTESIAN_POINT('Ctrl Pts',(-12.5046590921283,13.0688786295471,25.7046634443747));
#10174=CARTESIAN_POINT('Ctrl Pts',(-12.5112617386928,13.1730973940117,25.7112669474409));
#10175=CARTESIAN_POINT('Ctrl Pts',(-12.573112118129,13.3989456849776,25.773108766166));
#10176=CARTESIAN_POINT('Ctrl Pts',(-12.6602257516947,13.5145726171709,25.8602257516945));
#10177=CARTESIAN_POINT('Ctrl Pts',(-12.7029863183685,13.5145726171709,25.9029863183684));
#10178=CARTESIAN_POINT('Ctrl Pts',(-12.5207301348716,13.0529731710109,25.6885924016314));
#10179=CARTESIAN_POINT('Ctrl Pts',(-12.5221598206296,13.1030124814929,25.6915053376596));
#10180=CARTESIAN_POINT('Ctrl Pts',(-12.5322761462426,13.2021481822757,25.7002213216998));
#10181=CARTESIAN_POINT('Ctrl Pts',(-12.6104734269196,13.4197862406111,25.7576078951104));
#10182=CARTESIAN_POINT('Ctrl Pts',(-12.702247470485,13.5145726171709,25.8249232077181));
#10183=CARTESIAN_POINT('Ctrl Pts',(-12.7634543256694,13.5145726171709,25.8425183110675));
#10184=CARTESIAN_POINT('Ctrl Pts',(-12.5486350614574,13.1238384499835,25.6551058501609));
#10185=CARTESIAN_POINT('Ctrl Pts',(-12.5560395302757,13.1687916765672,25.6608799468371));
#10186=CARTESIAN_POINT('Ctrl Pts',(-12.580800361115,13.2655255654192,25.6684588036643));
#10187=CARTESIAN_POINT('Ctrl Pts',(-12.6861116806394,13.4635231794446,25.7099943563832));
#10188=CARTESIAN_POINT('Ctrl Pts',(-12.7859629993643,13.5145726171709,25.7280446270105));
#10189=CARTESIAN_POINT('Ctrl Pts',(-12.8684637153436,13.5145726171709,25.7056670024923));
#10190=CARTESIAN_POINT('Ctrl Pts',(-12.6081761919165,13.2977850868032,25.5284235896958));
#10191=CARTESIAN_POINT('Ctrl Pts',(-12.6273321413698,13.3369789165451,25.5262256777083));
#10192=CARTESIAN_POINT('Ctrl Pts',(-12.675877123202,13.4142112235066,25.5235367924179));
#10193=CARTESIAN_POINT('Ctrl Pts',(-12.7826868785931,13.4998254863863,25.5432454560627));
#10194=CARTESIAN_POINT('Ctrl Pts',(-12.8962452382288,13.5145726171709,25.503127036102));
#10195=CARTESIAN_POINT('Ctrl Pts',(-12.9674843632192,13.5145726171709,25.4666100114363));
#10196=CARTESIAN_POINT('Ctrl Pts',(-12.6435176772186,13.3710549399523,25.3304880365769));
#10197=CARTESIAN_POINT('Ctrl Pts',(-12.6680187894367,13.3955560521704,25.3386587260954));
#10198=CARTESIAN_POINT('Ctrl Pts',(-12.7259130500616,13.4435753803076,25.3499456316213));
#10199=CARTESIAN_POINT('Ctrl Pts',(-12.8429866347819,13.4990379119285,25.3377787190022));
#10200=CARTESIAN_POINT('Ctrl Pts',(-12.9391286718443,13.5145726171709,25.3118089697477));
#10201=CARTESIAN_POINT('Ctrl Pts',(-12.99,13.5145726171709,25.2955886716016));
#10202=CARTESIAN_POINT('Ctrl Pts',(-12.6435176772186,13.3710549399523,25.210073995587));
#10203=CARTESIAN_POINT('Ctrl Pts',(-12.6737539638811,13.4012912266148,25.210073995587));
#10204=CARTESIAN_POINT('Ctrl Pts',(-12.7421847850858,13.453799886155,25.210073995587));
#10205=CARTESIAN_POINT('Ctrl Pts',(-12.8617223063782,13.5033139486868,25.210073995587));
#10206=CARTESIAN_POINT('Ctrl Pts',(-12.9472394333261,13.5145726171709,25.210073995587));
#10207=CARTESIAN_POINT('Ctrl Pts',(-12.99,13.5145726171709,25.210073995587));
#10208=CARTESIAN_POINT('',(-12.6435176772186,13.3710549399523,25.210073995587));
#10209=CARTESIAN_POINT('Ctrl Pts',(-12.5046612682516,13.0145726171709,25.7046612682515));
#10210=CARTESIAN_POINT('Ctrl Pts',(-12.5207301348716,13.0529731710109,25.6885924016314));
#10211=CARTESIAN_POINT('Ctrl Pts',(-12.5486350614574,13.1238384499835,25.6551058501609));
#10212=CARTESIAN_POINT('Ctrl Pts',(-12.6081761919165,13.2977850868032,25.5284235896958));
#10213=CARTESIAN_POINT('Ctrl Pts',(-12.6435176772186,13.3710549399523,25.3304880365769));
#10214=CARTESIAN_POINT('Ctrl Pts',(-12.6435176772186,13.3710549399523,25.210073995587));
#10215=CARTESIAN_POINT('',(-12.99,13.5145726171709,25.210073995587));
#10216=CARTESIAN_POINT('Origin',(-12.99,13.0245726171709,25.210073995587));
#10217=CARTESIAN_POINT('Origin',(-12.0100739955871,13.5145726171709,25.210073995587));
#10218=CARTESIAN_POINT('Ctrl Pts',(-12.5046612682516,13.0145726171709,25.7046612682515));
#10219=CARTESIAN_POINT('Ctrl Pts',(-12.5207301348716,13.0529731710109,25.6885924016314));
#10220=CARTESIAN_POINT('Ctrl Pts',(-12.5486350614574,13.1238384499835,25.6551058501609));
#10221=CARTESIAN_POINT('Ctrl Pts',(-12.6081761919165,13.2977850868032,25.5284235896958));
#10222=CARTESIAN_POINT('Ctrl Pts',(-12.6435176772186,13.3710549399523,25.3304880365769));
#10223=CARTESIAN_POINT('Ctrl Pts',(-12.6435176772186,13.3710549399523,25.210073995587));
#10224=CARTESIAN_POINT('Ctrl Pts',(-12.5273882534809,13.0145731888379,25.6819342830221));
#10225=CARTESIAN_POINT('Ctrl Pts',(-12.5375066848645,13.0512063796784,25.6634860407212));
#10226=CARTESIAN_POINT('Ctrl Pts',(-12.5570036520446,13.1199590302635,25.6249347334474));
#10227=CARTESIAN_POINT('Ctrl Pts',(-12.6002109415817,13.2908625294538,25.4867148896653));
#10228=CARTESIAN_POINT('Ctrl Pts',(-12.6190165650005,13.3465538277342,25.3033961059618));
#10229=CARTESIAN_POINT('Ctrl Pts',(-12.6132813905561,13.3408186532898,25.210073995587));
#10230=CARTESIAN_POINT('Ctrl Pts',(-12.5558379761173,13.0145741490123,25.6235470355596));
#10231=CARTESIAN_POINT('Ctrl Pts',(-12.5570904003577,13.04910845042,25.6029019012288));
#10232=CARTESIAN_POINT('Ctrl Pts',(-12.5614339670312,13.1148039931824,25.5568758054027));
#10233=CARTESIAN_POINT('Ctrl Pts',(-12.5754591025911,13.2735720568805,25.396404929342));
#10234=CARTESIAN_POINT('Ctrl Pts',(-12.5709972368633,13.2886595671093,25.2607956758326));
#10235=CARTESIAN_POINT('Ctrl Pts',(-12.5607727310159,13.2723878320851,25.210073995587));
#10236=CARTESIAN_POINT('Ctrl Pts',(-12.5420970490718,13.0145779277944,25.4415183412322));
#10237=CARTESIAN_POINT('Ctrl Pts',(-12.5366179159004,13.0451622222698,25.4195420645714));
#10238=CARTESIAN_POINT('Ctrl Pts',(-12.5290890350031,13.1117816056692,25.3687504232473));
#10239=CARTESIAN_POINT('Ctrl Pts',(-12.5239768893427,13.2009882793209,25.26510015538));
#10240=CARTESIAN_POINT('Ctrl Pts',(-12.5155347052423,13.171585982389,25.2272313338665));
#10241=CARTESIAN_POINT('Ctrl Pts',(-12.5112586684841,13.1528503107927,25.210073995587));
#10242=CARTESIAN_POINT('Ctrl Pts',(-12.5,13.0145800423856,25.2846181936715));
#10243=CARTESIAN_POINT('Ctrl Pts',(-12.5,13.0399007744353,25.2794422950117));
#10244=CARTESIAN_POINT('Ctrl Pts',(-12.5,13.079139840322,25.2612294856117));
#10245=CARTESIAN_POINT('Ctrl Pts',(-12.5,13.0891293126537,25.2305388164676));
#10246=CARTESIAN_POINT('Ctrl Pts',(-12.5,13.0754439453266,25.21599738568));
#10247=CARTESIAN_POINT('Ctrl Pts',(-12.5,13.0673331838447,25.210073995587));
#10248=CARTESIAN_POINT('Ctrl Pts',(-12.5,13.0145800423856,25.2186127970543));
#10249=CARTESIAN_POINT('Ctrl Pts',(-12.5,13.0166734657105,25.2186251070665));
#10250=CARTESIAN_POINT('Ctrl Pts',(-12.5,13.020760834365,25.2179964078264));
#10251=CARTESIAN_POINT('Ctrl Pts',(-12.5,13.0244836718394,25.2152109830603));
#10252=CARTESIAN_POINT('Ctrl Pts',(-12.5,13.0245726171709,25.2119706622536));
#10253=CARTESIAN_POINT('Ctrl Pts',(-12.5,13.0245726171709,25.210073995587));
#10254=CARTESIAN_POINT('',(-12.5,13.0145800423856,25.2186127970543));
#10255=CARTESIAN_POINT('Ctrl Pts',(-12.5046612682516,13.0145726171709,25.7046612682515));
#10256=CARTESIAN_POINT('Ctrl Pts',(-12.5273882534809,13.0145731888379,25.6819342830221));
#10257=CARTESIAN_POINT('Ctrl Pts',(-12.5558379761173,13.0145741490123,25.6235470355596));
#10258=CARTESIAN_POINT('Ctrl Pts',(-12.5420970490718,13.0145779277944,25.4415183412322));
#10259=CARTESIAN_POINT('Ctrl Pts',(-12.5,13.0145800423856,25.2846181936715));
#10260=CARTESIAN_POINT('Ctrl Pts',(-12.5,13.0145800423856,25.2186127970543));
#10261=CARTESIAN_POINT('',(-12.5,13.0245726171709,25.210073995587));
#10262=CARTESIAN_POINT('Ctrl Pts',(-12.5,13.0145800423856,25.2186127970543));
#10263=CARTESIAN_POINT('Ctrl Pts',(-12.5,13.0158685988631,25.2186203741868));
#10264=CARTESIAN_POINT('Ctrl Pts',(-12.5,13.0171425139966,25.2185185054363));
#10265=CARTESIAN_POINT('Ctrl Pts',(-12.5,13.0183093510909,25.2182843308039));
#10266=CARTESIAN_POINT('Ctrl Pts',(-12.5,13.0193665279584,25.2180721640794));
#10267=CARTESIAN_POINT('Ctrl Pts',(-12.5,13.020339000622,25.2177485249383));
#10268=CARTESIAN_POINT('Ctrl Pts',(-12.5,13.0211791253202,25.2173202558697));
#10269=CARTESIAN_POINT('Ctrl Pts',(-12.5,13.0218671276272,25.2169695339973));
#10270=CARTESIAN_POINT('Ctrl Pts',(-12.5,13.0224657999559,25.2165517913746));
#10271=CARTESIAN_POINT('Ctrl Pts',(-12.5,13.0229466147417,25.2160905544142));
#10272=CARTESIAN_POINT('Ctrl Pts',(-12.5,13.0234728026743,25.2155857918117));
#10273=CARTESIAN_POINT('Ctrl Pts',(-12.5,13.0238557808975,25.2150277088589));
#10274=CARTESIAN_POINT('Ctrl Pts',(-12.5,13.0241078365064,25.2143765549047));
#10275=CARTESIAN_POINT('Ctrl Pts',(-12.5,13.0243272900104,25.2138096243869));
#10276=CARTESIAN_POINT('Ctrl Pts',(-12.5,13.0244487729899,25.2131670867252));
#10277=CARTESIAN_POINT('Ctrl Pts',(-12.5,13.0245099956543,25.2124406221228));
#10278=CARTESIAN_POINT('Ctrl Pts',(-12.5,13.024559626007,25.2118517112221));
#10279=CARTESIAN_POINT('Ctrl Pts',(-12.5,13.0245702645227,25.2112070311113));
#10280=CARTESIAN_POINT('Ctrl Pts',(-12.5,13.0245721704314,25.2105418881561));
#10281=CARTESIAN_POINT('Ctrl Pts',(-12.5,13.0245726156002,25.2103865287027));
#10282=CARTESIAN_POINT('Ctrl Pts',(-12.5,13.0245726171709,25.2102302700536));
#10283=CARTESIAN_POINT('Ctrl Pts',(-12.5,13.0245726171709,25.210073995587));
#10284=CARTESIAN_POINT('Origin',(-12.99,13.0245726171709,25.210073995587));
#10285=CARTESIAN_POINT('Ctrl Pts',(-12.5046612682516,13.0145726171709,25.7046612682515));
#10286=CARTESIAN_POINT('Ctrl Pts',(-12.5273882534809,13.0145731888379,25.6819342830221));
#10287=CARTESIAN_POINT('Ctrl Pts',(-12.5558379761173,13.0145741490123,25.6235470355596));
#10288=CARTESIAN_POINT('Ctrl Pts',(-12.5420970490718,13.0145779277944,25.4415183412322));
#10289=CARTESIAN_POINT('Ctrl Pts',(-12.5,13.0145800423856,25.2846181936715));
#10290=CARTESIAN_POINT('Ctrl Pts',(-12.5,13.0145800423856,25.2186127970543));
#10291=CARTESIAN_POINT('Ctrl Pts',(-12.5207332123747,12.9761728717901,25.6885893241284));
#10292=CARTESIAN_POINT('Ctrl Pts',(-12.5375089050642,12.9779407166278,25.6634823891911));
#10293=CARTESIAN_POINT('Ctrl Pts',(-12.5570916385801,12.9800405531146,25.6028971032532));
#10294=CARTESIAN_POINT('Ctrl Pts',(-12.5366182059405,12.9839945395179,25.419529918554));
#10295=CARTESIAN_POINT('Ctrl Pts',(-12.5,12.9892593103359,25.2794223448774));
#10296=CARTESIAN_POINT('Ctrl Pts',(-12.5,13.0124866190607,25.218600487042));
#10297=CARTESIAN_POINT('Ctrl Pts',(-12.5486398604155,12.9052974822121,25.6550925256232));
#10298=CARTESIAN_POINT('Ctrl Pts',(-12.5570078340589,12.9091738239189,25.6249201760737));
#10299=CARTESIAN_POINT('Ctrl Pts',(-12.561436735239,12.9143227258391,25.5568588191737));
#10300=CARTESIAN_POINT('Ctrl Pts',(-12.5290894872257,12.9173271450487,25.368734496349));
#10301=CARTESIAN_POINT('Ctrl Pts',(-12.5,12.9499661098908,25.2612395368003));
#10302=CARTESIAN_POINT('Ctrl Pts',(-12.5,13.0083545698957,25.2180252070084));
#10303=CARTESIAN_POINT('Ctrl Pts',(-12.6081762750456,12.7313724641335,25.5284337472206));
#10304=CARTESIAN_POINT('Ctrl Pts',(-12.600211293443,12.7382972910825,25.4867251600683));
#10305=CARTESIAN_POINT('Ctrl Pts',(-12.5754595292574,12.7555928705305,25.3964144485494));
#10306=CARTESIAN_POINT('Ctrl Pts',(-12.5239767470766,12.8281882181007,25.2650881228113));
#10307=CARTESIAN_POINT('Ctrl Pts',(-12.5,12.9400432824644,25.2304907307852));
#10308=CARTESIAN_POINT('Ctrl Pts',(-12.5,13.0046820730252,25.2151517837055));
#10309=CARTESIAN_POINT('Ctrl Pts',(-12.6435176772186,12.6580902943895,25.3304880365769));
#10310=CARTESIAN_POINT('Ctrl Pts',(-12.6190165650005,12.6825914066076,25.3033961059618));
#10311=CARTESIAN_POINT('Ctrl Pts',(-12.5709972368633,12.7404856672325,25.2607956758326));
#10312=CARTESIAN_POINT('Ctrl Pts',(-12.5155347052424,12.8575592519528,25.2272313338665));
#10313=CARTESIAN_POINT('Ctrl Pts',(-12.5,12.9537012890152,25.21599738568));
#10314=CARTESIAN_POINT('Ctrl Pts',(-12.5,13.0045726171709,25.2119706622536));
#10315=CARTESIAN_POINT('Ctrl Pts',(-12.6435176772186,12.6580902943895,25.210073995587));
#10316=CARTESIAN_POINT('Ctrl Pts',(-12.6132813905561,12.6883265810519,25.210073995587));
#10317=CARTESIAN_POINT('Ctrl Pts',(-12.5607727310159,12.7567574022567,25.210073995587));
#10318=CARTESIAN_POINT('Ctrl Pts',(-12.5112586684841,12.876294923549,25.210073995587));
#10319=CARTESIAN_POINT('Ctrl Pts',(-12.5,12.961812050497,25.210073995587));
#10320=CARTESIAN_POINT('Ctrl Pts',(-12.5,13.0045726171709,25.210073995587));
#10321=CARTESIAN_POINT('',(-12.6435176772186,12.6580902943895,25.210073995587));
#10322=CARTESIAN_POINT('Ctrl Pts',(-12.5046612682516,13.0145726171709,25.7046612682515));
#10323=CARTESIAN_POINT('Ctrl Pts',(-12.5207332123747,12.9761728717901,25.6885893241284));
#10324=CARTESIAN_POINT('Ctrl Pts',(-12.5486398604155,12.9052974822121,25.6550925256232));
#10325=CARTESIAN_POINT('Ctrl Pts',(-12.6081762750456,12.7313724641335,25.5284337472206));
#10326=CARTESIAN_POINT('Ctrl Pts',(-12.6435176772186,12.6580902943895,25.3304880365769));
#10327=CARTESIAN_POINT('Ctrl Pts',(-12.6435176772186,12.6580902943895,25.210073995587));
#10328=CARTESIAN_POINT('',(-12.5,13.0045726171709,25.210073995587));
#10329=CARTESIAN_POINT('Origin',(-12.99,13.0045726171709,25.210073995587));
#10330=CARTESIAN_POINT('Ctrl Pts',(-12.5,13.0045726171709,25.210073995587));
#10331=CARTESIAN_POINT('Ctrl Pts',(-12.5,13.0045726171709,25.2107004357496));
#10332=CARTESIAN_POINT('Ctrl Pts',(-12.5,13.0045730105877,25.2113222060491));
#10333=CARTESIAN_POINT('Ctrl Pts',(-12.5,13.0046005452141,25.2118965575087));
#10334=CARTESIAN_POINT('Ctrl Pts',(-12.5,13.0046332391477,25.2125785282102));
#10335=CARTESIAN_POINT('Ctrl Pts',(-12.5,13.0047048194264,25.2131947851638));
#10336=CARTESIAN_POINT('Ctrl Pts',(-12.5,13.0048483587912,25.2137465251368));
#10337=CARTESIAN_POINT('Ctrl Pts',(-12.5,13.0050132476726,25.2143803288811));
#10338=CARTESIAN_POINT('Ctrl Pts',(-12.5,13.0052744065767,25.2149346694659));
#10339=CARTESIAN_POINT('Ctrl Pts',(-12.5,13.0056515110826,25.2154448051609));
#10340=CARTESIAN_POINT('Ctrl Pts',(-12.5,13.0062049608879,25.2161934955018));
#10341=CARTESIAN_POINT('Ctrl Pts',(-12.5,13.0070067586291,25.2168517888541));
#10342=CARTESIAN_POINT('Ctrl Pts',(-12.5,13.0079961675079,25.2173469465119));
#10343=CARTESIAN_POINT('Ctrl Pts',(-12.5,13.0088685013142,25.2177835130049));
#10344=CARTESIAN_POINT('Ctrl Pts',(-12.5,13.0098894527355,25.2180954668198));
#10345=CARTESIAN_POINT('Ctrl Pts',(-12.5,13.0110115482374,25.2182995988791));
#10346=CARTESIAN_POINT('Ctrl Pts',(-12.5,13.0119909112506,25.2184777649874));
#10347=CARTESIAN_POINT('Ctrl Pts',(-12.5,13.0130487937341,25.2185773209273));
#10348=CARTESIAN_POINT('Ctrl Pts',(-12.5,13.0141141798541,25.2186052990939));
#10349=CARTESIAN_POINT('Ctrl Pts',(-12.5,13.0142694493612,25.2186093766354));
#10350=CARTESIAN_POINT('Ctrl Pts',(-12.5,13.0144248142597,25.2186118842622));
#10351=CARTESIAN_POINT('Ctrl Pts',(-12.5,13.0145800423856,25.2186127970543));
#10352=CARTESIAN_POINT('Ctrl Pts',(-12.5046612682516,13.0145726171709,25.7046612682515));
#10353=CARTESIAN_POINT('Ctrl Pts',(-12.5207332123747,12.9761728717901,25.6885893241284));
#10354=CARTESIAN_POINT('Ctrl Pts',(-12.5486398604155,12.9052974822121,25.6550925256232));
#10355=CARTESIAN_POINT('Ctrl Pts',(-12.6081762750456,12.7313724641335,25.5284337472206));
#10356=CARTESIAN_POINT('Ctrl Pts',(-12.6435176772186,12.6580902943895,25.3304880365769));
#10357=CARTESIAN_POINT('Ctrl Pts',(-12.6435176772186,12.6580902943895,25.210073995587));
#10358=CARTESIAN_POINT('Ctrl Pts',(-12.5046634443749,12.9602666047947,25.7046590921282));
#10359=CARTESIAN_POINT('Ctrl Pts',(-12.5221661927693,12.9261335240998,25.6914975341896));
#10360=CARTESIAN_POINT('Ctrl Pts',(-12.5560432024829,12.8603424465343,25.660875564232));
#10361=CARTESIAN_POINT('Ctrl Pts',(-12.627331794131,12.6921805989081,25.5262251704465));
#10362=CARTESIAN_POINT('Ctrl Pts',(-12.6680187894367,12.6335891821714,25.3386587260954));
#10363=CARTESIAN_POINT('Ctrl Pts',(-12.6737539638811,12.627854007727,25.210073995587));
#10364=CARTESIAN_POINT('Ctrl Pts',(-12.511266947441,12.8560478403301,25.7112617386927));
#10365=CARTESIAN_POINT('Ctrl Pts',(-12.5322777679291,12.8269948423978,25.7002202084131));
#10366=CARTESIAN_POINT('Ctrl Pts',(-12.5807989979667,12.763627295268,25.6684812594543));
#10367=CARTESIAN_POINT('Ctrl Pts',(-12.6758767926544,12.6149343216873,25.5235096944675));
#10368=CARTESIAN_POINT('Ctrl Pts',(-12.7259130500616,12.5855698540342,25.3499456316213));
#10369=CARTESIAN_POINT('Ctrl Pts',(-12.7421847850858,12.5753453481867,25.210073995587));
#10370=CARTESIAN_POINT('Ctrl Pts',(-12.5731087661661,12.6301995493641,25.7731121181289));
#10371=CARTESIAN_POINT('Ctrl Pts',(-12.6104716330786,12.6093605757748,25.7576095230346));
#10372=CARTESIAN_POINT('Ctrl Pts',(-12.686111543862,12.5656211920225,25.7099841173418));
#10373=CARTESIAN_POINT('Ctrl Pts',(-12.7826870026314,12.5293195643047,25.5432501886037));
#10374=CARTESIAN_POINT('Ctrl Pts',(-12.8429866347819,12.5301073224132,25.3377787190022));
#10375=CARTESIAN_POINT('Ctrl Pts',(-12.8617223063782,12.525831285655,25.210073995587));
#10376=CARTESIAN_POINT('Ctrl Pts',(-12.6602257516947,12.5145726171709,25.8602257516945));
#10377=CARTESIAN_POINT('Ctrl Pts',(-12.702247470485,12.5145726171709,25.8249232077181));
#10378=CARTESIAN_POINT('Ctrl Pts',(-12.7859629993644,12.5145726171709,25.7280446270105));
#10379=CARTESIAN_POINT('Ctrl Pts',(-12.8962452382288,12.5145726171709,25.503127036102));
#10380=CARTESIAN_POINT('Ctrl Pts',(-12.9391286718443,12.5145726171709,25.3118089697477));
#10381=CARTESIAN_POINT('Ctrl Pts',(-12.9472394333262,12.5145726171709,25.210073995587));
#10382=CARTESIAN_POINT('Ctrl Pts',(-12.7029863183685,12.5145726171709,25.9029863183684));
#10383=CARTESIAN_POINT('Ctrl Pts',(-12.7634543256694,12.5145726171709,25.8425183110675));
#10384=CARTESIAN_POINT('Ctrl Pts',(-12.8684637153436,12.5145726171709,25.7056670024923));
#10385=CARTESIAN_POINT('Ctrl Pts',(-12.9674843632192,12.5145726171709,25.4666100114363));
#10386=CARTESIAN_POINT('Ctrl Pts',(-12.99,12.5145726171709,25.2955886716016));
#10387=CARTESIAN_POINT('Ctrl Pts',(-12.99,12.5145726171709,25.210073995587));
#10388=CARTESIAN_POINT('',(-12.7029863183685,12.5145726171709,25.9029863183684));
#10389=CARTESIAN_POINT('Ctrl Pts',(-12.5046612682516,13.0145726171709,25.7046612682515));
#10390=CARTESIAN_POINT('Ctrl Pts',(-12.5046634443749,12.9602666047947,25.7046590921282));
#10391=CARTESIAN_POINT('Ctrl Pts',(-12.511266947441,12.8560478403301,25.7112617386927));
#10392=CARTESIAN_POINT('Ctrl Pts',(-12.5731087661661,12.6301995493641,25.7731121181289));
#10393=CARTESIAN_POINT('Ctrl Pts',(-12.6602257516947,12.5145726171709,25.8602257516945));
#10394=CARTESIAN_POINT('Ctrl Pts',(-12.7029863183685,12.5145726171709,25.9029863183684));
#10395=CARTESIAN_POINT('',(-12.99,12.5145726171709,25.210073995587));
#10396=CARTESIAN_POINT('Origin',(-12.0100739955871,12.5145726171709,25.210073995587));
#10397=CARTESIAN_POINT('Origin',(-12.99,13.0045726171709,25.210073995587));
#10398=CARTESIAN_POINT('Ctrl Pts',(-12.5046612682516,13.0145726171709,25.7046612682515));
#10399=CARTESIAN_POINT('Ctrl Pts',(-12.5046634443749,12.9602666047947,25.7046590921282));
#10400=CARTESIAN_POINT('Ctrl Pts',(-12.511266947441,12.8560478403301,25.7112617386927));
#10401=CARTESIAN_POINT('Ctrl Pts',(-12.5731087661661,12.6301995493641,25.7731121181289));
#10402=CARTESIAN_POINT('Ctrl Pts',(-12.6602257516947,12.5145726171709,25.8602257516945));
#10403=CARTESIAN_POINT('Ctrl Pts',(-12.7029863183685,12.5145726171709,25.9029863183684));
#10404=CARTESIAN_POINT('Ctrl Pts',(-12.4885924016315,12.9761720633309,25.7207301348715));
#10405=CARTESIAN_POINT('Ctrl Pts',(-12.4915053376597,12.9261327528489,25.7221598206295));
#10406=CARTESIAN_POINT('Ctrl Pts',(-12.5002213216999,12.826997052066,25.7322761462425));
#10407=CARTESIAN_POINT('Ctrl Pts',(-12.5576078951105,12.6093589937306,25.8104734269195));
#10408=CARTESIAN_POINT('Ctrl Pts',(-12.6249232077182,12.5145726171709,25.9022474704849));
#10409=CARTESIAN_POINT('Ctrl Pts',(-12.6425183110676,12.5145726171709,25.9634543256693));
#10410=CARTESIAN_POINT('Ctrl Pts',(-12.455105850161,12.9053067843582,25.7486350614573));
#10411=CARTESIAN_POINT('Ctrl Pts',(-12.4608799468372,12.8603535577746,25.7560395302756));
#10412=CARTESIAN_POINT('Ctrl Pts',(-12.4684588036645,12.7636196689225,25.7808003611149));
#10413=CARTESIAN_POINT('Ctrl Pts',(-12.5099943563834,12.5656220548971,25.8861116806393));
#10414=CARTESIAN_POINT('Ctrl Pts',(-12.5280446270106,12.5145726171709,25.9859629993642));
#10415=CARTESIAN_POINT('Ctrl Pts',(-12.5056670024924,12.5145726171709,26.0684637153435));
#10416=CARTESIAN_POINT('Ctrl Pts',(-12.3284235896959,12.7313601475385,25.8081761919164));
#10417=CARTESIAN_POINT('Ctrl Pts',(-12.3262256777084,12.6921663177966,25.8273321413697));
#10418=CARTESIAN_POINT('Ctrl Pts',(-12.323536792418,12.6149340108351,25.8758771232019));
#10419=CARTESIAN_POINT('Ctrl Pts',(-12.3432454560628,12.5293197479555,25.982686878593));
#10420=CARTESIAN_POINT('Ctrl Pts',(-12.3031270361021,12.5145726171709,26.0962452382286));
#10421=CARTESIAN_POINT('Ctrl Pts',(-12.2666100114364,12.5145726171709,26.167484363219));
#10422=CARTESIAN_POINT('Ctrl Pts',(-12.130488036577,12.6580902943895,25.8435176772185));
#10423=CARTESIAN_POINT('Ctrl Pts',(-12.1386587260956,12.6335891821714,25.8680187894366));
#10424=CARTESIAN_POINT('Ctrl Pts',(-12.1499456316214,12.5855698540342,25.9259130500615));
#10425=CARTESIAN_POINT('Ctrl Pts',(-12.1377787190023,12.5301073224132,26.0429866347818));
#10426=CARTESIAN_POINT('Ctrl Pts',(-12.1118089697479,12.5145726171709,26.1391286718442));
#10427=CARTESIAN_POINT('Ctrl Pts',(-12.0955886716017,12.5145726171709,26.1899999999999));
#10428=CARTESIAN_POINT('Ctrl Pts',(-12.0100739955871,12.6580902943895,25.8435176772185));
#10429=CARTESIAN_POINT('Ctrl Pts',(-12.0100739955871,12.627854007727,25.873753963881));
#10430=CARTESIAN_POINT('Ctrl Pts',(-12.0100739955871,12.5753453481867,25.9421847850857));
#10431=CARTESIAN_POINT('Ctrl Pts',(-12.0100739955871,12.525831285655,26.0617223063781));
#10432=CARTESIAN_POINT('Ctrl Pts',(-12.0100739955871,12.5145726171709,26.147239433326));
#10433=CARTESIAN_POINT('Ctrl Pts',(-12.0100739955871,12.5145726171709,26.1899999999999));
#10434=CARTESIAN_POINT('',(-12.0100739955871,12.6580902943895,25.8435176772185));
#10435=CARTESIAN_POINT('Ctrl Pts',(-12.5046612682516,13.0145726171709,25.7046612682515));
#10436=CARTESIAN_POINT('Ctrl Pts',(-12.4885924016315,12.9761720633309,25.7207301348715));
#10437=CARTESIAN_POINT('Ctrl Pts',(-12.455105850161,12.9053067843582,25.7486350614573));
#10438=CARTESIAN_POINT('Ctrl Pts',(-12.3284235896959,12.7313601475385,25.8081761919164));
#10439=CARTESIAN_POINT('Ctrl Pts',(-12.130488036577,12.6580902943895,25.8435176772185));
#10440=CARTESIAN_POINT('Ctrl Pts',(-12.0100739955871,12.6580902943895,25.8435176772185));
#10441=CARTESIAN_POINT('',(-12.0100739955871,12.5145726171709,26.1899999999999));
#10442=CARTESIAN_POINT('Origin',(-12.0100739955871,13.0045726171709,26.1899999999999));
#10443=CARTESIAN_POINT('Origin',(-12.0100739955871,12.5145726171709,25.210073995587));
#10444=CARTESIAN_POINT('Ctrl Pts',(-12.5046612682516,13.0145726171709,25.7046612682515));
#10445=CARTESIAN_POINT('Ctrl Pts',(-12.4885924016315,12.9761720633309,25.7207301348715));
#10446=CARTESIAN_POINT('Ctrl Pts',(-12.455105850161,12.9053067843582,25.7486350614573));
#10447=CARTESIAN_POINT('Ctrl Pts',(-12.3284235896959,12.7313601475385,25.8081761919164));
#10448=CARTESIAN_POINT('Ctrl Pts',(-12.130488036577,12.6580902943895,25.8435176772185));
#10449=CARTESIAN_POINT('Ctrl Pts',(-12.0100739955871,12.6580902943895,25.8435176772185));
#10450=CARTESIAN_POINT('Ctrl Pts',(-12.4819342830223,13.0145720455039,25.7273882534808));
#10451=CARTESIAN_POINT('Ctrl Pts',(-12.4634860407213,12.9779388546634,25.7375066848644));
#10452=CARTESIAN_POINT('Ctrl Pts',(-12.4249347334475,12.9091862040783,25.7570036520445));
#10453=CARTESIAN_POINT('Ctrl Pts',(-12.2867148896654,12.738282704888,25.8002109415816));
#10454=CARTESIAN_POINT('Ctrl Pts',(-12.103396105962,12.6825914066076,25.8190165650004));
#10455=CARTESIAN_POINT('Ctrl Pts',(-12.0100739955871,12.6883265810519,25.813281390556));
#10456=CARTESIAN_POINT('Ctrl Pts',(-12.4235470355597,13.0145710853294,25.7558379761172));
#10457=CARTESIAN_POINT('Ctrl Pts',(-12.402901901229,12.9800367839217,25.7570904003576));
#10458=CARTESIAN_POINT('Ctrl Pts',(-12.3568758054028,12.9143412411594,25.7614339670311));
#10459=CARTESIAN_POINT('Ctrl Pts',(-12.1964049293421,12.7555731774613,25.7754591025909));
#10460=CARTESIAN_POINT('Ctrl Pts',(-12.0607956758327,12.7404856672325,25.7709972368632));
#10461=CARTESIAN_POINT('Ctrl Pts',(-12.0100739955871,12.7567574022567,25.7607727310157));
#10462=CARTESIAN_POINT('Ctrl Pts',(-12.2415183412323,13.0145673065473,25.7420970490716));
#10463=CARTESIAN_POINT('Ctrl Pts',(-12.2195420645715,12.983983012072,25.7366179159003));
#10464=CARTESIAN_POINT('Ctrl Pts',(-12.1687504232474,12.9173636286725,25.729089035003));
#10465=CARTESIAN_POINT('Ctrl Pts',(-12.0651001553801,12.8281569550209,25.7239768893426));
#10466=CARTESIAN_POINT('Ctrl Pts',(-12.0272313338666,12.8575592519528,25.7155347052422));
#10467=CARTESIAN_POINT('Ctrl Pts',(-12.010073995587,12.876294923549,25.711258668484));
#10468=CARTESIAN_POINT('Ctrl Pts',(-12.0846181936717,13.0145651919562,25.6999999999999));
#10469=CARTESIAN_POINT('Ctrl Pts',(-12.0794422950119,12.9892444599064,25.6999999999999));
#10470=CARTESIAN_POINT('Ctrl Pts',(-12.0612294856118,12.9500053940197,25.6999999999999));
#10471=CARTESIAN_POINT('Ctrl Pts',(-12.0305388164677,12.9400159216881,25.6999999999999));
#10472=CARTESIAN_POINT('Ctrl Pts',(-12.0159973856801,12.9537012890152,25.6999999999999));
#10473=CARTESIAN_POINT('Ctrl Pts',(-12.0100739955871,12.961812050497,25.6999999999999));
#10474=CARTESIAN_POINT('Ctrl Pts',(-12.0186127970544,13.0145651919562,25.6999999999999));
#10475=CARTESIAN_POINT('Ctrl Pts',(-12.0186251070666,13.0124717686313,25.6999999999999));
#10476=CARTESIAN_POINT('Ctrl Pts',(-12.0179964078265,13.0083843999768,25.6999999999999));
#10477=CARTESIAN_POINT('Ctrl Pts',(-12.0152109830604,13.0046615625024,25.6999999999999));
#10478=CARTESIAN_POINT('Ctrl Pts',(-12.0119706622538,13.0045726171709,25.6999999999999));
#10479=CARTESIAN_POINT('Ctrl Pts',(-12.0100739955871,13.0045726171709,25.6999999999999));
#10480=CARTESIAN_POINT('',(-12.0186127970544,13.0145651919562,25.6999999999999));
#10481=CARTESIAN_POINT('Ctrl Pts',(-12.5046612682516,13.0145726171709,25.7046612682515));
#10482=CARTESIAN_POINT('Ctrl Pts',(-12.4819342830223,13.0145720455039,25.7273882534808));
#10483=CARTESIAN_POINT('Ctrl Pts',(-12.4235470355597,13.0145710853294,25.7558379761172));
#10484=CARTESIAN_POINT('Ctrl Pts',(-12.2415183412323,13.0145673065473,25.7420970490716));
#10485=CARTESIAN_POINT('Ctrl Pts',(-12.0846181936717,13.0145651919562,25.6999999999999));
#10486=CARTESIAN_POINT('Ctrl Pts',(-12.0186127970544,13.0145651919562,25.6999999999999));
#10487=CARTESIAN_POINT('',(-12.0100739955871,13.0045726171709,25.6999999999999));
#10488=CARTESIAN_POINT('Ctrl Pts',(-12.0186127970544,13.0145651919562,25.6999999999999));
#10489=CARTESIAN_POINT('Ctrl Pts',(-12.0186203741869,13.0132766354786,25.6999999999999));
#10490=CARTESIAN_POINT('Ctrl Pts',(-12.0185185054364,13.012002720345,25.6999999999999));
#10491=CARTESIAN_POINT('Ctrl Pts',(-12.018284330804,13.0108358832507,25.6999999999999));
#10492=CARTESIAN_POINT('Ctrl Pts',(-12.0180721640796,13.0097787063834,25.6999999999999));
#10493=CARTESIAN_POINT('Ctrl Pts',(-12.0177485249385,13.0088062337201,25.6999999999999));
#10494=CARTESIAN_POINT('Ctrl Pts',(-12.01732025587,13.007966109022,25.6999999999999));
#10495=CARTESIAN_POINT('Ctrl Pts',(-12.0169695339976,13.0072781067149,25.6999999999999));
#10496=CARTESIAN_POINT('Ctrl Pts',(-12.016551791375,13.0066794343862,25.6999999999999));
#10497=CARTESIAN_POINT('Ctrl Pts',(-12.0160905544146,13.0061986196003,25.6999999999999));
#10498=CARTESIAN_POINT('Ctrl Pts',(-12.015585791812,13.0056724316677,25.6999999999999));
#10499=CARTESIAN_POINT('Ctrl Pts',(-12.0150277088593,13.0052894534444,25.6999999999999));
#10500=CARTESIAN_POINT('Ctrl Pts',(-12.0143765549051,13.0050373978354,25.6999999999999));
#10501=CARTESIAN_POINT('Ctrl Pts',(-12.0138096243873,13.0048179443314,25.6999999999999));
#10502=CARTESIAN_POINT('Ctrl Pts',(-12.0131670867256,13.0046964613519,25.6999999999999));
#10503=CARTESIAN_POINT('Ctrl Pts',(-12.0124406221231,13.0046352386874,25.6999999999999));
#10504=CARTESIAN_POINT('Ctrl Pts',(-12.0118517112224,13.0045856083347,25.6999999999999));
#10505=CARTESIAN_POINT('Ctrl Pts',(-12.0112070311116,13.004574969819,25.6999999999999));
#10506=CARTESIAN_POINT('Ctrl Pts',(-12.0105418881565,13.0045730639104,25.6999999999999));
#10507=CARTESIAN_POINT('Ctrl Pts',(-12.010386528703,13.0045726187415,25.6999999999999));
#10508=CARTESIAN_POINT('Ctrl Pts',(-12.0102302700538,13.0045726171709,25.6999999999999));
#10509=CARTESIAN_POINT('Ctrl Pts',(-12.0100739955871,13.0045726171709,25.6999999999999));
#10510=CARTESIAN_POINT('Origin',(-12.0100739955871,13.0045726171709,26.1899999999999));
#10511=CARTESIAN_POINT('Ctrl Pts',(-12.5046612682516,13.0145726171709,25.7046612682515));
#10512=CARTESIAN_POINT('Ctrl Pts',(-12.4819342830223,13.0145720455039,25.7273882534808));
#10513=CARTESIAN_POINT('Ctrl Pts',(-12.4235470355598,13.0145710853294,25.7558379761172));
#10514=CARTESIAN_POINT('Ctrl Pts',(-12.2415183412323,13.0145673065473,25.7420970490716));
#10515=CARTESIAN_POINT('Ctrl Pts',(-12.0846181936717,13.0145651919562,25.6999999999999));
#10516=CARTESIAN_POINT('Ctrl Pts',(-12.0186127970544,13.0145651919562,25.6999999999999));
#10517=CARTESIAN_POINT('Ctrl Pts',(-12.4885893241285,13.0529723625517,25.7207332123746));
#10518=CARTESIAN_POINT('Ctrl Pts',(-12.4634823891913,13.051204517714,25.7375089050641));
#10519=CARTESIAN_POINT('Ctrl Pts',(-12.4028971032534,13.0491046812271,25.7570916385799));
#10520=CARTESIAN_POINT('Ctrl Pts',(-12.2195299185541,13.0451506948238,25.7366182059403));
#10521=CARTESIAN_POINT('Ctrl Pts',(-12.0794223448775,13.0398859240059,25.6999999999999));
#10522=CARTESIAN_POINT('Ctrl Pts',(-12.0186004870422,13.016658615281,25.6999999999999));
#10523=CARTESIAN_POINT('Ctrl Pts',(-12.4550925256234,13.1238477521297,25.7486398604154));
#10524=CARTESIAN_POINT('Ctrl Pts',(-12.4249201760738,13.1199714104229,25.7570078340588));
#10525=CARTESIAN_POINT('Ctrl Pts',(-12.3568588191738,13.1148225085027,25.7614367352389));
#10526=CARTESIAN_POINT('Ctrl Pts',(-12.1687344963491,13.1118180892931,25.7290894872256));
#10527=CARTESIAN_POINT('Ctrl Pts',(-12.0612395368004,13.079179124451,25.6999999999999));
#10528=CARTESIAN_POINT('Ctrl Pts',(-12.0180252070085,13.020790664446,25.6999999999999));
#10529=CARTESIAN_POINT('Ctrl Pts',(-12.3284337472208,13.2977727702082,25.8081762750454));
#10530=CARTESIAN_POINT('Ctrl Pts',(-12.2867251600684,13.2908479432592,25.8002112934428));
#10531=CARTESIAN_POINT('Ctrl Pts',(-12.1964144485495,13.2735523638112,25.7754595292572));
#10532=CARTESIAN_POINT('Ctrl Pts',(-12.0650881228115,13.2009570162411,25.7239767470765));
#10533=CARTESIAN_POINT('Ctrl Pts',(-12.0304907307854,13.0891019518773,25.6999999999999));
#10534=CARTESIAN_POINT('Ctrl Pts',(-12.0151517837057,13.0244631613166,25.6999999999999));
#10535=CARTESIAN_POINT('Ctrl Pts',(-12.130488036577,13.3710549399523,25.8435176772185));
#10536=CARTESIAN_POINT('Ctrl Pts',(-12.103396105962,13.3465538277342,25.8190165650004));
#10537=CARTESIAN_POINT('Ctrl Pts',(-12.0607956758327,13.2886595671093,25.7709972368632));
#10538=CARTESIAN_POINT('Ctrl Pts',(-12.0272313338666,13.171585982389,25.7155347052422));
#10539=CARTESIAN_POINT('Ctrl Pts',(-12.0159973856801,13.0754439453265,25.6999999999999));
#10540=CARTESIAN_POINT('Ctrl Pts',(-12.0119706622538,13.0245726171709,25.6999999999999));
#10541=CARTESIAN_POINT('Ctrl Pts',(-12.0100739955871,13.3710549399523,25.8435176772185));
#10542=CARTESIAN_POINT('Ctrl Pts',(-12.0100739955871,13.3408186532898,25.813281390556));
#10543=CARTESIAN_POINT('Ctrl Pts',(-12.0100739955871,13.2723878320851,25.7607727310157));
#10544=CARTESIAN_POINT('Ctrl Pts',(-12.0100739955871,13.1528503107927,25.711258668484));
#10545=CARTESIAN_POINT('Ctrl Pts',(-12.0100739955871,13.0673331838447,25.6999999999999));
#10546=CARTESIAN_POINT('Ctrl Pts',(-12.0100739955871,13.0245726171709,25.6999999999999));
#10547=CARTESIAN_POINT('',(-12.0100739955871,13.0245726171709,25.6999999999999));
#10548=CARTESIAN_POINT('Origin',(-12.0100739955871,13.0245726171709,26.1899999999999));
#10549=CARTESIAN_POINT('Ctrl Pts',(-12.0100739955871,13.0245726171709,25.6999999999999));
#10550=CARTESIAN_POINT('Ctrl Pts',(-12.0107004357496,13.0245726171709,25.6999999999999));
#10551=CARTESIAN_POINT('Ctrl Pts',(-12.0113222060491,13.0245722237541,25.6999999999999));
#10552=CARTESIAN_POINT('Ctrl Pts',(-12.0118965575087,13.0245446891277,25.6999999999999));
#10553=CARTESIAN_POINT('Ctrl Pts',(-12.0125785282101,13.024511995194,25.6999999999999));
#10554=CARTESIAN_POINT('Ctrl Pts',(-12.0131947851637,13.0244404149154,25.6999999999999));
#10555=CARTESIAN_POINT('Ctrl Pts',(-12.0137465251366,13.0242968755506,25.6999999999999));
#10556=CARTESIAN_POINT('Ctrl Pts',(-12.0143803288811,13.0241319866693,25.6999999999999));
#10557=CARTESIAN_POINT('Ctrl Pts',(-12.0149346694659,13.0238708277652,25.6999999999999));
#10558=CARTESIAN_POINT('Ctrl Pts',(-12.0154448051609,13.0234937232593,25.6999999999999));
#10559=CARTESIAN_POINT('Ctrl Pts',(-12.0161934955022,13.0229402734537,25.6999999999999));
#10560=CARTESIAN_POINT('Ctrl Pts',(-12.0168517888548,13.0221384757119,25.6999999999999));
#10561=CARTESIAN_POINT('Ctrl Pts',(-12.0173469465127,13.0211490668324,25.6999999999999));
#10562=CARTESIAN_POINT('Ctrl Pts',(-12.0177835130054,13.0202767330263,25.6999999999999));
#10563=CARTESIAN_POINT('Ctrl Pts',(-12.0180954668201,13.0192557816051,25.6999999999999));
#10564=CARTESIAN_POINT('Ctrl Pts',(-12.0182995988794,13.0181336861034,25.6999999999999));
#10565=CARTESIAN_POINT('Ctrl Pts',(-12.0184777649876,13.0171543230901,25.6999999999999));
#10566=CARTESIAN_POINT('Ctrl Pts',(-12.0185773209275,13.0160964406066,25.6999999999999));
#10567=CARTESIAN_POINT('Ctrl Pts',(-12.018605299094,13.0150310544865,25.6999999999999));
#10568=CARTESIAN_POINT('Ctrl Pts',(-12.0186093766355,13.0148757849798,25.6999999999999));
#10569=CARTESIAN_POINT('Ctrl Pts',(-12.0186118842624,13.0147204200817,25.6999999999999));
#10570=CARTESIAN_POINT('Ctrl Pts',(-12.0186127970544,13.0145651919562,25.6999999999999));
#10571=CARTESIAN_POINT('Ctrl Pts',(12.5046612682516,13.0145726171708,25.7046612682515));
#10572=CARTESIAN_POINT('Ctrl Pts',(12.5273882534809,13.0145720455038,25.6819342830222));
#10573=CARTESIAN_POINT('Ctrl Pts',(12.5558379761173,13.0145710853293,25.6235470355596));
#10574=CARTESIAN_POINT('Ctrl Pts',(12.5420970490717,13.0145673065472,25.4415183412322));
#10575=CARTESIAN_POINT('Ctrl Pts',(12.5,13.014565191956,25.2846181936715));
#10576=CARTESIAN_POINT('Ctrl Pts',(12.5,13.014565191956,25.2186127970543));
#10577=CARTESIAN_POINT('Ctrl Pts',(12.5207332123747,13.0529723625516,25.6885893241284));
#10578=CARTESIAN_POINT('Ctrl Pts',(12.5375089050642,13.0512045177139,25.6634823891911));
#10579=CARTESIAN_POINT('Ctrl Pts',(12.55709163858,13.049104681227,25.6028971032532));
#10580=CARTESIAN_POINT('Ctrl Pts',(12.5366182059404,13.0451506948237,25.419529918554));
#10581=CARTESIAN_POINT('Ctrl Pts',(12.5,13.0398859240058,25.2794223448774));
#10582=CARTESIAN_POINT('Ctrl Pts',(12.5,13.0166586152809,25.218600487042));
#10583=CARTESIAN_POINT('Ctrl Pts',(12.5486398604155,13.1238477521295,25.6550925256232));
#10584=CARTESIAN_POINT('Ctrl Pts',(12.5570078340589,13.1199714104228,25.6249201760737));
#10585=CARTESIAN_POINT('Ctrl Pts',(12.561436735239,13.1148225085025,25.5568588191737));
#10586=CARTESIAN_POINT('Ctrl Pts',(12.5290894872256,13.1118180892929,25.368734496349));
#10587=CARTESIAN_POINT('Ctrl Pts',(12.5,13.0791791244508,25.2612395368003));
#10588=CARTESIAN_POINT('Ctrl Pts',(12.5,13.0207906644459,25.2180252070084));
#10589=CARTESIAN_POINT('Ctrl Pts',(12.6081762750455,13.2977727702081,25.5284337472206));
#10590=CARTESIAN_POINT('Ctrl Pts',(12.6002112934429,13.2908479432591,25.4867251600683));
#10591=CARTESIAN_POINT('Ctrl Pts',(12.5754595292573,13.2735523638111,25.3964144485494));
#10592=CARTESIAN_POINT('Ctrl Pts',(12.5239767470766,13.200957016241,25.2650881228113));
#10593=CARTESIAN_POINT('Ctrl Pts',(12.5,13.0891019518772,25.2304907307852));
#10594=CARTESIAN_POINT('Ctrl Pts',(12.5,13.0244631613165,25.2151517837055));
#10595=CARTESIAN_POINT('Ctrl Pts',(12.6435176772186,13.3710549399522,25.3304880365769));
#10596=CARTESIAN_POINT('Ctrl Pts',(12.6190165650005,13.3465538277341,25.3033961059618));
#10597=CARTESIAN_POINT('Ctrl Pts',(12.5709972368633,13.2886595671091,25.2607956758326));
#10598=CARTESIAN_POINT('Ctrl Pts',(12.5155347052423,13.1715859823889,25.2272313338665));
#10599=CARTESIAN_POINT('Ctrl Pts',(12.5,13.0754439453264,25.21599738568));
#10600=CARTESIAN_POINT('Ctrl Pts',(12.5,13.0245726171708,25.2119706622536));
#10601=CARTESIAN_POINT('Ctrl Pts',(12.6435176772186,13.3710549399522,25.210073995587));
#10602=CARTESIAN_POINT('Ctrl Pts',(12.6132813905561,13.3408186532897,25.210073995587));
#10603=CARTESIAN_POINT('Ctrl Pts',(12.5607727310158,13.272387832085,25.210073995587));
#10604=CARTESIAN_POINT('Ctrl Pts',(12.5112586684841,13.1528503107926,25.210073995587));
#10605=CARTESIAN_POINT('Ctrl Pts',(12.5,13.0673331838446,25.210073995587));
#10606=CARTESIAN_POINT('Ctrl Pts',(12.5,13.0245726171708,25.210073995587));
#10607=CARTESIAN_POINT('',(12.5,13.0245726171708,25.210073995587));
#10608=CARTESIAN_POINT('Origin',(12.99,13.0245726171708,25.210073995587));
#10609=CARTESIAN_POINT('Ctrl Pts',(12.5,13.0245726171708,25.210073995587));
#10610=CARTESIAN_POINT('Ctrl Pts',(12.5,13.0245726171708,25.2107004357496));
#10611=CARTESIAN_POINT('Ctrl Pts',(12.5,13.024572223754,25.2113222060491));
#10612=CARTESIAN_POINT('Ctrl Pts',(12.5,13.0245446891275,25.2118965575088));
#10613=CARTESIAN_POINT('Ctrl Pts',(12.5,13.0245119951939,25.2125785282102));
#10614=CARTESIAN_POINT('Ctrl Pts',(12.5,13.0244404149153,25.2131947851639));
#10615=CARTESIAN_POINT('Ctrl Pts',(12.5,13.0242968755504,25.2137465251368));
#10616=CARTESIAN_POINT('Ctrl Pts',(12.5,13.024131986669,25.2143803288812));
#10617=CARTESIAN_POINT('Ctrl Pts',(12.5,13.0238708277649,25.2149346694659));
#10618=CARTESIAN_POINT('Ctrl Pts',(12.5,13.023493723259,25.2154448051609));
#10619=CARTESIAN_POINT('Ctrl Pts',(12.5,13.0229402734537,25.2161934955018));
#10620=CARTESIAN_POINT('Ctrl Pts',(12.5,13.0221384757125,25.2168517888541));
#10621=CARTESIAN_POINT('Ctrl Pts',(12.5,13.0211490668338,25.2173469465118));
#10622=CARTESIAN_POINT('Ctrl Pts',(12.5,13.0202767330276,25.2177835130048));
#10623=CARTESIAN_POINT('Ctrl Pts',(12.5,13.0192557816062,25.2180954668197));
#10624=CARTESIAN_POINT('Ctrl Pts',(12.5,13.0181336861043,25.218299598879));
#10625=CARTESIAN_POINT('Ctrl Pts',(12.5,13.0171543230912,25.2184777649873));
#10626=CARTESIAN_POINT('Ctrl Pts',(12.5,13.0160964406079,25.2185773209273));
#10627=CARTESIAN_POINT('Ctrl Pts',(12.5,13.015031054488,25.2186052990939));
#10628=CARTESIAN_POINT('Ctrl Pts',(12.5,13.0148757849807,25.2186093766354));
#10629=CARTESIAN_POINT('Ctrl Pts',(12.5,13.0147204200821,25.2186118842622));
#10630=CARTESIAN_POINT('Ctrl Pts',(12.5,13.014565191956,25.2186127970543));
#10631=CARTESIAN_POINT('Origin',(14.75,13.0245726171707,26.1899999999999));
#10632=CARTESIAN_POINT('',(14.75,13.5145726171707,26.1899999999999));
#10633=CARTESIAN_POINT('',(14.75,13.0245726171707,25.6999999999999));
#10634=CARTESIAN_POINT('Ctrl Pts',(-12.5046612682516,13.0145726171709,17.6953387317483));
#10635=CARTESIAN_POINT('Ctrl Pts',(-12.5273882534809,13.0145720455039,17.7180657169776));
#10636=CARTESIAN_POINT('Ctrl Pts',(-12.5558379761173,13.0145710853294,17.7764529644401));
#10637=CARTESIAN_POINT('Ctrl Pts',(-12.5420970490717,13.0145673065473,17.9584816587676));
#10638=CARTESIAN_POINT('Ctrl Pts',(-12.5,13.0145651919562,18.1153818063282));
#10639=CARTESIAN_POINT('Ctrl Pts',(-12.5,13.0145651919562,18.1813872029455));
#10640=CARTESIAN_POINT('Ctrl Pts',(-12.5207332123747,13.0529723625517,17.7114106758714));
#10641=CARTESIAN_POINT('Ctrl Pts',(-12.5375089050642,13.051204517714,17.7365176108086));
#10642=CARTESIAN_POINT('Ctrl Pts',(-12.5570916385801,13.0491046812271,17.7971028967465));
#10643=CARTESIAN_POINT('Ctrl Pts',(-12.5366182059405,13.0451506948238,17.9804700814458));
#10644=CARTESIAN_POINT('Ctrl Pts',(-12.5,13.0398859240059,18.1205776551224));
#10645=CARTESIAN_POINT('Ctrl Pts',(-12.5,13.016658615281,18.1813995129577));
#10646=CARTESIAN_POINT('Ctrl Pts',(-12.5486398604155,13.1238477521297,17.7449074743765));
#10647=CARTESIAN_POINT('Ctrl Pts',(-12.5570078340589,13.1199714104229,17.7750798239261));
#10648=CARTESIAN_POINT('Ctrl Pts',(-12.561436735239,13.1148225085027,17.8431411808261));
#10649=CARTESIAN_POINT('Ctrl Pts',(-12.5290894872257,13.1118180892931,18.0312655036508));
#10650=CARTESIAN_POINT('Ctrl Pts',(-12.5,13.079179124451,18.1387604631995));
#10651=CARTESIAN_POINT('Ctrl Pts',(-12.5,13.020790664446,18.1819747929914));
#10652=CARTESIAN_POINT('Ctrl Pts',(-12.6081762750455,13.2977727702082,17.8715662527792));
#10653=CARTESIAN_POINT('Ctrl Pts',(-12.600211293443,13.2908479432592,17.9132748399315));
#10654=CARTESIAN_POINT('Ctrl Pts',(-12.5754595292574,13.2735523638112,18.0035855514503));
#10655=CARTESIAN_POINT('Ctrl Pts',(-12.5239767470766,13.2009570162411,18.1349118771885));
#10656=CARTESIAN_POINT('Ctrl Pts',(-12.5,13.0891019518773,18.1695092692145));
#10657=CARTESIAN_POINT('Ctrl Pts',(-12.5,13.0244631613166,18.1848482162942));
#10658=CARTESIAN_POINT('Ctrl Pts',(-12.6435176772186,13.3710549399523,18.0695119634229));
#10659=CARTESIAN_POINT('Ctrl Pts',(-12.6190165650005,13.3465538277342,18.0966038940379));
#10660=CARTESIAN_POINT('Ctrl Pts',(-12.5709972368633,13.2886595671093,18.1392043241672));
#10661=CARTESIAN_POINT('Ctrl Pts',(-12.5155347052423,13.171585982389,18.1727686661333));
#10662=CARTESIAN_POINT('Ctrl Pts',(-12.5,13.0754439453266,18.1840026143198));
#10663=CARTESIAN_POINT('Ctrl Pts',(-12.5,13.0245726171709,18.1880293377461));
#10664=CARTESIAN_POINT('Ctrl Pts',(-12.6435176772186,13.3710549399523,18.1899260044128));
#10665=CARTESIAN_POINT('Ctrl Pts',(-12.6132813905561,13.3408186532898,18.1899260044128));
#10666=CARTESIAN_POINT('Ctrl Pts',(-12.5607727310159,13.2723878320851,18.1899260044128));
#10667=CARTESIAN_POINT('Ctrl Pts',(-12.5112586684841,13.1528503107927,18.1899260044128));
#10668=CARTESIAN_POINT('Ctrl Pts',(-12.5,13.0673331838447,18.1899260044128));
#10669=CARTESIAN_POINT('Ctrl Pts',(-12.5,13.0245726171709,18.1899260044128));
#10670=CARTESIAN_POINT('',(-12.5,13.0245726171709,18.1899260044128));
#10671=CARTESIAN_POINT('Origin',(-12.99,13.0245726171709,18.1899260044128));
#10672=CARTESIAN_POINT('Ctrl Pts',(-12.5,13.0245726171709,18.1899260044128));
#10673=CARTESIAN_POINT('Ctrl Pts',(-12.5,13.0245726171709,18.1892995642502));
#10674=CARTESIAN_POINT('Ctrl Pts',(-12.5,13.0245722237541,18.1886777939507));
#10675=CARTESIAN_POINT('Ctrl Pts',(-12.5,13.0245446891276,18.188103442491));
#10676=CARTESIAN_POINT('Ctrl Pts',(-12.5,13.024511995194,18.1874214717896));
#10677=CARTESIAN_POINT('Ctrl Pts',(-12.5,13.0244404149154,18.1868052148359));
#10678=CARTESIAN_POINT('Ctrl Pts',(-12.5,13.0242968755505,18.186253474863));
#10679=CARTESIAN_POINT('Ctrl Pts',(-12.5,13.0241319866692,18.1856196711186));
#10680=CARTESIAN_POINT('Ctrl Pts',(-12.5,13.0238708277651,18.1850653305338));
#10681=CARTESIAN_POINT('Ctrl Pts',(-12.5,13.0234937232592,18.1845551948389));
#10682=CARTESIAN_POINT('Ctrl Pts',(-12.5,13.0229402734538,18.183806504498));
#10683=CARTESIAN_POINT('Ctrl Pts',(-12.5,13.0221384757125,18.1831482111456));
#10684=CARTESIAN_POINT('Ctrl Pts',(-12.5,13.0211490668337,18.1826530534878));
#10685=CARTESIAN_POINT('Ctrl Pts',(-12.5,13.0202767330275,18.1822164869949));
#10686=CARTESIAN_POINT('Ctrl Pts',(-12.5,13.0192557816062,18.18190453318));
#10687=CARTESIAN_POINT('Ctrl Pts',(-12.5,13.0181336861043,18.1817004011207));
#10688=CARTESIAN_POINT('Ctrl Pts',(-12.5,13.0171543230915,18.1815222350125));
#10689=CARTESIAN_POINT('Ctrl Pts',(-12.5,13.0160964406085,18.1814226790726));
#10690=CARTESIAN_POINT('Ctrl Pts',(-12.5,13.015031054489,18.1813947009059));
#10691=CARTESIAN_POINT('Ctrl Pts',(-12.5,13.0148757849815,18.1813906233644));
#10692=CARTESIAN_POINT('Ctrl Pts',(-12.5,13.0147204200825,18.1813881157375));
#10693=CARTESIAN_POINT('Ctrl Pts',(-12.5,13.0145651919562,18.1813872029455));
#10694=CARTESIAN_POINT('Origin',(-12.99,13.0245726171709,19.9499999999999));
#10695=CARTESIAN_POINT('',(-12.99,13.5145726171709,19.9499999999999));
#10696=CARTESIAN_POINT('',(-12.5,13.0245726171709,19.9499999999999));
#10697=CARTESIAN_POINT('Origin',(-12.99,13.0045726171709,19.9499999999999));
#10698=CARTESIAN_POINT('',(-12.99,12.5145726171709,19.9499999999999));
#10699=CARTESIAN_POINT('',(-12.5,13.0045726171709,19.9499999999999));
#10700=CARTESIAN_POINT('Ctrl Pts',(12.5046612682516,13.0145726171708,17.6953387317483));
#10701=CARTESIAN_POINT('Ctrl Pts',(12.5273882534809,13.0145731888377,17.7180657169776));
#10702=CARTESIAN_POINT('Ctrl Pts',(12.5558379761173,13.0145741490122,17.7764529644401));
#10703=CARTESIAN_POINT('Ctrl Pts',(12.5420970490717,13.0145779277943,17.9584816587676));
#10704=CARTESIAN_POINT('Ctrl Pts',(12.5,13.0145800423855,18.1153818063282));
#10705=CARTESIAN_POINT('Ctrl Pts',(12.5,13.0145800423855,18.1813872029455));
#10706=CARTESIAN_POINT('Ctrl Pts',(12.5207332123747,12.97617287179,17.7114106758714));
#10707=CARTESIAN_POINT('Ctrl Pts',(12.5375089050642,12.9779407166276,17.7365176108086));
#10708=CARTESIAN_POINT('Ctrl Pts',(12.55709163858,12.9800405531145,17.7971028967465));
#10709=CARTESIAN_POINT('Ctrl Pts',(12.5366182059404,12.9839945395178,17.9804700814458));
#10710=CARTESIAN_POINT('Ctrl Pts',(12.5,12.9892593103357,18.1205776551224));
#10711=CARTESIAN_POINT('Ctrl Pts',(12.5,13.0124866190606,18.1813995129577));
#10712=CARTESIAN_POINT('Ctrl Pts',(12.5486398604155,12.905297482212,17.7449074743765));
#10713=CARTESIAN_POINT('Ctrl Pts',(12.5570078340589,12.9091738239187,17.7750798239261));
#10714=CARTESIAN_POINT('Ctrl Pts',(12.561436735239,12.914322725839,17.8431411808261));
#10715=CARTESIAN_POINT('Ctrl Pts',(12.5290894872256,12.9173271450486,18.0312655036508));
#10716=CARTESIAN_POINT('Ctrl Pts',(12.5,12.9499661098907,18.1387604631995));
#10717=CARTESIAN_POINT('Ctrl Pts',(12.5,13.0083545698956,18.1819747929914));
#10718=CARTESIAN_POINT('Ctrl Pts',(12.6081762750455,12.7313724641334,17.8715662527792));
#10719=CARTESIAN_POINT('Ctrl Pts',(12.6002112934429,12.7382972910824,17.9132748399315));
#10720=CARTESIAN_POINT('Ctrl Pts',(12.5754595292573,12.7555928705304,18.0035855514504));
#10721=CARTESIAN_POINT('Ctrl Pts',(12.5239767470766,12.8281882181006,18.1349118771885));
#10722=CARTESIAN_POINT('Ctrl Pts',(12.5,12.9400432824643,18.1695092692146));
#10723=CARTESIAN_POINT('Ctrl Pts',(12.5,13.004682073025,18.1848482162942));
#10724=CARTESIAN_POINT('Ctrl Pts',(12.6435176772186,12.6580902943893,18.0695119634229));
#10725=CARTESIAN_POINT('Ctrl Pts',(12.6190165650005,12.6825914066074,18.0966038940379));
#10726=CARTESIAN_POINT('Ctrl Pts',(12.5709972368633,12.7404856672324,18.1392043241672));
#10727=CARTESIAN_POINT('Ctrl Pts',(12.5155347052423,12.8575592519526,18.1727686661333));
#10728=CARTESIAN_POINT('Ctrl Pts',(12.5,12.9537012890151,18.1840026143198));
#10729=CARTESIAN_POINT('Ctrl Pts',(12.5,13.0045726171708,18.1880293377461));
#10730=CARTESIAN_POINT('Ctrl Pts',(12.6435176772186,12.6580902943893,18.1899260044128));
#10731=CARTESIAN_POINT('Ctrl Pts',(12.6132813905561,12.6883265810518,18.1899260044128));
#10732=CARTESIAN_POINT('Ctrl Pts',(12.5607727310158,12.7567574022565,18.1899260044128));
#10733=CARTESIAN_POINT('Ctrl Pts',(12.5112586684841,12.8762949235489,18.1899260044128));
#10734=CARTESIAN_POINT('Ctrl Pts',(12.5,12.9618120504969,18.1899260044128));
#10735=CARTESIAN_POINT('Ctrl Pts',(12.5,13.0045726171708,18.1899260044128));
#10736=CARTESIAN_POINT('',(12.5,13.0045726171708,18.1899260044128));
#10737=CARTESIAN_POINT('Origin',(12.99,13.0045726171708,18.1899260044128));
#10738=CARTESIAN_POINT('Ctrl Pts',(12.5,13.0045726171708,18.1899260044128));
#10739=CARTESIAN_POINT('Ctrl Pts',(12.5,13.0045726171708,18.1892995642502));
#10740=CARTESIAN_POINT('Ctrl Pts',(12.5,13.0045730105876,18.1886777939507));
#10741=CARTESIAN_POINT('Ctrl Pts',(12.5,13.004600545214,18.188103442491));
#10742=CARTESIAN_POINT('Ctrl Pts',(12.5,13.0046332391476,18.1874214717896));
#10743=CARTESIAN_POINT('Ctrl Pts',(12.5,13.0047048194262,18.186805214836));
#10744=CARTESIAN_POINT('Ctrl Pts',(12.5,13.0048483587911,18.186253474863));
#10745=CARTESIAN_POINT('Ctrl Pts',(12.5,13.0050132476724,18.1856196711186));
#10746=CARTESIAN_POINT('Ctrl Pts',(12.5,13.0052744065765,18.1850653305339));
#10747=CARTESIAN_POINT('Ctrl Pts',(12.5,13.0056515110824,18.1845551948389));
#10748=CARTESIAN_POINT('Ctrl Pts',(12.5,13.0062049608878,18.183806504498));
#10749=CARTESIAN_POINT('Ctrl Pts',(12.5,13.007006758629,18.1831482111457));
#10750=CARTESIAN_POINT('Ctrl Pts',(12.5,13.0079961675078,18.1826530534879));
#10751=CARTESIAN_POINT('Ctrl Pts',(12.5,13.008868501314,18.1822164869949));
#10752=CARTESIAN_POINT('Ctrl Pts',(12.5,13.0098894527354,18.18190453318));
#10753=CARTESIAN_POINT('Ctrl Pts',(12.5,13.0110115482373,18.1817004011207));
#10754=CARTESIAN_POINT('Ctrl Pts',(12.5,13.0119909112504,18.1815222350124));
#10755=CARTESIAN_POINT('Ctrl Pts',(12.5,13.0130487937338,18.1814226790725));
#10756=CARTESIAN_POINT('Ctrl Pts',(12.5,13.0141141798537,18.1813947009059));
#10757=CARTESIAN_POINT('Ctrl Pts',(12.5,13.0142694493609,18.1813906233644));
#10758=CARTESIAN_POINT('Ctrl Pts',(12.5,13.0144248142595,18.1813881157375));
#10759=CARTESIAN_POINT('Ctrl Pts',(12.5,13.0145800423855,18.1813872029455));
#10760=CARTESIAN_POINT('Origin',(12.99,13.0245726171708,15.9499999999999));
#10761=CARTESIAN_POINT('',(12.99,13.5145726171708,15.9499999999999));
#10762=CARTESIAN_POINT('',(12.5,13.0245726171708,15.9499999999999));
#10763=CARTESIAN_POINT('Origin',(2.25000000000002,13.0245726171708,17.2099999999999));
#10764=CARTESIAN_POINT('',(2.25000000000002,13.5145726171708,17.2099999999999));
#10765=CARTESIAN_POINT('',(2.25000000000002,13.0245726171708,17.6999999999999));
#10766=CARTESIAN_POINT('Origin',(-14.25,13.0045726171709,17.2099999999999));
#10767=CARTESIAN_POINT('',(-14.25,12.5145726171709,17.2099999999999));
#10768=CARTESIAN_POINT('',(-14.25,13.0045726171709,17.6999999999999));
#10769=CARTESIAN_POINT('Origin',(12.99,13.0045726171708,15.9499999999999));
#10770=CARTESIAN_POINT('',(12.99,12.5145726171708,15.9499999999999));
#10771=CARTESIAN_POINT('',(12.5,13.0045726171708,15.9499999999999));
#10772=CARTESIAN_POINT('Origin',(-1.74999999999998,13.0045726171708,26.1899999999999));
#10773=CARTESIAN_POINT('',(-1.74999999999998,12.5145726171708,26.1899999999999));
#10774=CARTESIAN_POINT('',(-1.74999999999998,13.0045726171708,25.6999999999999));
#10775=CARTESIAN_POINT('Origin',(12.5,13.5145726171708,25.6999999999999));
#10776=CARTESIAN_POINT('Origin',(-12.5,13.5145726171708,25.6999999999999));
#10777=CARTESIAN_POINT('Origin',(12.5,13.5145726171708,17.6999999999999));
#10778=CARTESIAN_POINT('Origin',(-12.5,13.5145726171708,17.6999999999999));
#10779=CARTESIAN_POINT('Origin',(17.0000000000001,13.5145726171707,14.1999999999999));
#10780=CARTESIAN_POINT('',(-16.4999999999999,13.5145726171709,27.6999999999999));
#10781=CARTESIAN_POINT('',(-16.4999999999999,13.5145726171709,14.6999999999999));
#10782=CARTESIAN_POINT('',(-16.4999999999999,13.5145726171709,14.1999999999999));
#10783=CARTESIAN_POINT('',(16.5000000000001,13.5145726171707,27.6999999999999));
#10784=CARTESIAN_POINT('',(8.50000006332999,13.5145726171708,27.6999999999999));
#10785=CARTESIAN_POINT('',(16.5000000000001,13.5145726171707,14.6999999999999));
#10786=CARTESIAN_POINT('',(16.5000000000001,13.5145726171707,14.1999999999999));
#10787=CARTESIAN_POINT('',(8.50000000000007,13.5145726171708,14.6999999999999));
#10788=CARTESIAN_POINT('Origin',(-16.,12.5145726171709,14.1999999999999));
#10789=CARTESIAN_POINT('',(16.0000000000001,12.5145726171707,26.6999999999999));
#10790=CARTESIAN_POINT('',(15.5000000000001,12.5145726171707,27.1999999999999));
#10791=CARTESIAN_POINT('Origin',(15.5000000000001,12.5145726171708,26.6999999999999));
#10792=CARTESIAN_POINT('',(-15.5,12.5145726171709,27.1999999999999));
#10793=CARTESIAN_POINT('',(16.0000000000001,12.5145726171707,27.1999999999999));
#10794=CARTESIAN_POINT('',(-16.,12.5145726171709,26.6999999999999));
#10795=CARTESIAN_POINT('Origin',(-15.5,12.5145726171709,26.6999999999999));
#10796=CARTESIAN_POINT('',(-16.,12.5145726171709,16.6999999999999));
#10797=CARTESIAN_POINT('',(-16.,12.5145726171709,14.1999999999999));
#10798=CARTESIAN_POINT('',(-15.4999999999999,12.5145726171709,16.1999999999999));
#10799=CARTESIAN_POINT('Origin',(-15.5,12.5145726171709,16.6999999999999));
#10800=CARTESIAN_POINT('',(15.5000000000001,12.5145726171707,16.1999999999999));
#10801=CARTESIAN_POINT('',(16.0000000000001,12.5145726171707,16.1999999999999));
#10802=CARTESIAN_POINT('',(16.0000000000001,12.5145726171707,16.6999999999999));
#10803=CARTESIAN_POINT('Origin',(15.5000000000001,12.5145726171708,16.6999999999999));
#10804=CARTESIAN_POINT('',(16.0000000000001,12.5145726171707,14.1999999999999));
#10805=CARTESIAN_POINT('Origin',(-8.50000000000001,1.01457261717089,27.6999999999999));
#10806=CARTESIAN_POINT('',(-16.,1.01457261717089,27.1999999999999));
#10807=CARTESIAN_POINT('',(-16.,1.5145726171709,27.6999999999999));
#10808=CARTESIAN_POINT('Origin',(-16.,1.01457261717089,27.6999999999999));
#10809=CARTESIAN_POINT('',(-16.5,1.5145726171709,27.6999999999999));
#10810=CARTESIAN_POINT('',(-8.49999993667002,1.5145726171709,27.6999999999999));
#10811=CARTESIAN_POINT('',(-16.5,1.01457261717089,27.1999999999999));
#10812=CARTESIAN_POINT('Origin',(-16.5,1.01457261717089,27.6999999999999));
#10813=CARTESIAN_POINT('',(-8.50000000000001,1.01457261717089,27.1999999999999));
#10814=CARTESIAN_POINT('Origin',(-16.5,2.01457261717089,27.6999999999999));
#10815=CARTESIAN_POINT('',(-17.,2.0145726171709,27.6999999999999));
#10816=CARTESIAN_POINT('Origin',(-16.5,2.01457261717089,27.6999999999999));
#10817=CARTESIAN_POINT('',(-17.,1.14854721338646,27.1999999999999));
#10818=CARTESIAN_POINT('Ctrl Pts',(-17.,2.0145726171709,27.6999999999999));
#10819=CARTESIAN_POINT('Ctrl Pts',(-17.,1.87602350613042,27.5614508889594));
#10820=CARTESIAN_POINT('Ctrl Pts',(-17.,1.7069609810689,27.3980436419055));
#10821=CARTESIAN_POINT('Ctrl Pts',(-17.,1.42220738059546,27.2447859999488));
#10822=CARTESIAN_POINT('Ctrl Pts',(-17.,1.27598592432424,27.1999999999999));
#10823=CARTESIAN_POINT('Ctrl Pts',(-17.,1.14854721338646,27.1999999999999));
#10824=CARTESIAN_POINT('Origin',(-16.5,2.01457261717089,27.1999999999999));
#10825=CARTESIAN_POINT('Origin',(-15.5,2.01457261717089,26.6999999999999));
#10826=CARTESIAN_POINT('',(-16.,1.5145726171709,27.5660254037843));
#10827=CARTESIAN_POINT('',(-16.000000000315,1.60933989066174,27.1999999999999));
#10828=CARTESIAN_POINT('Ctrl Pts',(-16.,1.51457261717089,27.5660254037843));
#10829=CARTESIAN_POINT('Ctrl Pts',(-16.,1.51457261717089,27.4459866107064));
#10830=CARTESIAN_POINT('Ctrl Pts',(-16.,1.55365646531092,27.3089522335647));
#10831=CARTESIAN_POINT('Ctrl Pts',(-16.,1.60933989091703,27.2000000001304));
#10832=CARTESIAN_POINT('',(-16.,2.01457261717089,26.6999999999999));
#10833=CARTESIAN_POINT('Ctrl Pts',(-16.,2.01457261717089,26.6999999999999));
#10834=CARTESIAN_POINT('Ctrl Pts',(-16.,1.87602350613041,26.8385491110404));
#10835=CARTESIAN_POINT('Ctrl Pts',(-16.,1.71261625907653,27.0076116361019));
#10836=CARTESIAN_POINT('Ctrl Pts',(-16.,1.61624849178971,27.1866635147172));
#10837=CARTESIAN_POINT('Ctrl Pts',(-16.,1.61277255435133,27.1932835249185));
#10838=CARTESIAN_POINT('Ctrl Pts',(-16.,1.60933989091774,27.200000000129));
#10839=CARTESIAN_POINT('',(-15.5,2.01457261717089,27.1999999999999));
#10840=CARTESIAN_POINT('Origin',(-15.5,2.01457261717089,26.6999999999999));
#10841=CARTESIAN_POINT('',(-15.5,1.5145726171709,27.6999999999999));
#10842=CARTESIAN_POINT('Origin',(-15.5,2.01457261717089,27.6999999999999));
#10843=CARTESIAN_POINT('Origin',(-15.5,1.5145726171709,26.6999999999999));
#10844=CARTESIAN_POINT('Origin',(-6.88338275267597E-14,-16.4854273828292,
27.1999999999999));
#10845=CARTESIAN_POINT('',(-16.0000755057012,-8.4854273828291,27.1999999999999));
#10846=CARTESIAN_POINT('',(-16.,12.5145726171709,27.1999999999999));
#10847=CARTESIAN_POINT('',(-16.9999999999753,-8.68331604149338,27.1999999999999));
#10848=CARTESIAN_POINT('',(-16.9999999999999,13.5145726171709,27.1999999999999));
#10849=CARTESIAN_POINT('Ctrl Pts',(-16.0000755057012,-8.4854273828291,27.1999999999999));
#10850=CARTESIAN_POINT('Ctrl Pts',(-16.1191693896434,-8.4854273828291,27.1999999999999));
#10851=CARTESIAN_POINT('Ctrl Pts',(-16.3576185210285,-8.48112406160898,
27.1999999999999));
#10852=CARTESIAN_POINT('Ctrl Pts',(-16.6535785168457,-8.52662543166003,
27.1999999999999));
#10853=CARTESIAN_POINT('Ctrl Pts',(-16.8659993478042,-8.60634971699775,
27.1999999999999));
#10854=CARTESIAN_POINT('Ctrl Pts',(-16.9600598736742,-8.65727718332528,
27.1999999999999));
#10855=CARTESIAN_POINT('Ctrl Pts',(-16.9999498328566,-8.68269613282505,
27.1999999999999));
#10856=CARTESIAN_POINT('Origin',(-8.50000000000001,1.01457261717089,27.6999999999999));
#10857=CARTESIAN_POINT('',(16.5,1.01457261717089,27.1999999999999));
#10858=CARTESIAN_POINT('',(16.5,1.5145726171709,27.6999999999999));
#10859=CARTESIAN_POINT('Origin',(16.5,1.01457261717089,27.6999999999999));
#10860=CARTESIAN_POINT('',(16.,1.5145726171709,27.6999999999999));
#10861=CARTESIAN_POINT('',(-8.49999993667002,1.5145726171709,27.6999999999999));
#10862=CARTESIAN_POINT('',(16.,1.0145726171709,27.1999999999999));
#10863=CARTESIAN_POINT('Origin',(16.,1.01457261717089,27.6999999999999));
#10864=CARTESIAN_POINT('',(-8.50000000000001,1.01457261717089,27.1999999999999));
#10865=CARTESIAN_POINT('Origin',(16.5,2.01457261717089,27.6999999999999));
#10866=CARTESIAN_POINT('',(17.,1.14854721338645,27.1999999999999));
#10867=CARTESIAN_POINT('Origin',(16.5,2.01457261717089,27.1999999999999));
#10868=CARTESIAN_POINT('',(17.,2.01457261717089,27.6999999999999));
#10869=CARTESIAN_POINT('Ctrl Pts',(17.,1.14854721338645,27.1999999999999));
#10870=CARTESIAN_POINT('Ctrl Pts',(17.,1.27598592432424,27.1999999999999));
#10871=CARTESIAN_POINT('Ctrl Pts',(17.,1.42220738059545,27.2447859999488));
#10872=CARTESIAN_POINT('Ctrl Pts',(17.,1.70696098106889,27.3980436419055));
#10873=CARTESIAN_POINT('Ctrl Pts',(17.,1.87602350613041,27.5614508889594));
#10874=CARTESIAN_POINT('Ctrl Pts',(17.,2.01457261717089,27.6999999999999));
#10875=CARTESIAN_POINT('Origin',(16.5,2.01457261717089,27.6999999999999));
#10876=CARTESIAN_POINT('Origin',(-16.9999999999999,1.5145726171709,27.1999999999999));
#10877=CARTESIAN_POINT('',(16.,1.5145726171709,27.5660254037843));
#10878=CARTESIAN_POINT('',(16.,1.5145726171709,20.6999999999999));
#10879=CARTESIAN_POINT('',(15.5,1.5145726171709,27.6999999999999));
#10880=CARTESIAN_POINT('',(-8.49999993667002,1.5145726171709,27.6999999999999));
#10881=CARTESIAN_POINT('Origin',(15.5,1.5145726171709,26.6999999999999));
#10882=CARTESIAN_POINT('Ctrl Pts',(-17.0000000000001,-19.9855028885302,
27.6999999999999));
#10883=CARTESIAN_POINT('Ctrl Pts',(-17.0000000000001,-20.0748213003542,
27.6999999999999));
#10884=CARTESIAN_POINT('Ctrl Pts',(-17.0005846899491,-20.193818090556,27.6854763615102));
#10885=CARTESIAN_POINT('Ctrl Pts',(-16.9966535292864,-20.3349593898306,
27.6501171390877));
#10886=CARTESIAN_POINT('Ctrl Pts',(-16.9893801909083,-20.4392861778906,
27.6206056580731));
#10887=CARTESIAN_POINT('Ctrl Pts',(-16.9401936384957,-20.6756532100958,
27.5854265057663));
#10888=CARTESIAN_POINT('Ctrl Pts',(-16.823889014942,-20.8452688940186,27.5870051183453));
#10889=CARTESIAN_POINT('Ctrl Pts',(-16.6117413973254,-20.9429969920013,
27.5960036869737));
#10890=CARTESIAN_POINT('Ctrl Pts',(-16.4540531348374,-20.9743544032465,
27.6216932781634));
#10891=CARTESIAN_POINT('Ctrl Pts',(-16.3497736377049,-20.9821300768378,
27.6504459117047));
#10892=CARTESIAN_POINT('Ctrl Pts',(-16.2088711211691,-20.9859161767611,
27.6866574998719));
#10893=CARTESIAN_POINT('Ctrl Pts',(-16.0893939175252,-20.9854273828291,
27.6999999999999));
#10894=CARTESIAN_POINT('Ctrl Pts',(-16.0000755057012,-20.9854273828291,
27.6999999999999));
#10895=CARTESIAN_POINT('Ctrl Pts',(-17.0000000000001,-19.9855028885302,
27.5691003061003));
#10896=CARTESIAN_POINT('Ctrl Pts',(-17.0000000000001,-20.0748213003542,
27.5691003061003));
#10897=CARTESIAN_POINT('Ctrl Pts',(-17.0044626518575,-20.1936815745141,
27.5569408801872));
#10898=CARTESIAN_POINT('Ctrl Pts',(-17.0091454232944,-20.3357258610422,
27.5280940314916));
#10899=CARTESIAN_POINT('Ctrl Pts',(-17.0081515814874,-20.4421430441773,
27.5044538124266));
#10900=CARTESIAN_POINT('Ctrl Pts',(-16.9650572719455,-20.6852188148594,
27.4767558886683));
#10901=CARTESIAN_POINT('Ctrl Pts',(-16.8410223283543,-20.8661194567866,
27.4780973564785));
#10902=CARTESIAN_POINT('Ctrl Pts',(-16.6191415771542,-20.9657254854943,
27.4850860520431));
#10903=CARTESIAN_POINT('Ctrl Pts',(-16.4569462127107,-20.9929072703336,
27.5053347486874));
#10904=CARTESIAN_POINT('Ctrl Pts',(-16.3505693160769,-20.9944666996899,
27.5283689880236));
#10905=CARTESIAN_POINT('Ctrl Pts',(-16.2087523295803,-20.9894666073969,
27.5579103576108));
#10906=CARTESIAN_POINT('Ctrl Pts',(-16.0893939175252,-20.9854273828291,
27.5691003061003));
#10907=CARTESIAN_POINT('Ctrl Pts',(-16.0000755057012,-20.9854273828291,
27.5691003061003));
#10908=CARTESIAN_POINT('Ctrl Pts',(-17.1084414179857,-19.9855028885302,
27.3084414179855));
#10909=CARTESIAN_POINT('Ctrl Pts',(-17.1084414179857,-20.0748213003542,
27.3084414179855));
#10910=CARTESIAN_POINT('Ctrl Pts',(-17.1163832283125,-20.1933968095877,
27.3041557180352));
#10911=CARTESIAN_POINT('Ctrl Pts',(-17.1272960885449,-20.3444026306118,
27.2943410696353));
#10912=CARTESIAN_POINT('Ctrl Pts',(-17.1289896897724,-20.4620842787265,
27.2865039812349));
#10913=CARTESIAN_POINT('Ctrl Pts',(-17.0849541671757,-20.7351648186305,
27.2775484253931));
#10914=CARTESIAN_POINT('Ctrl Pts',(-16.9270545838452,-20.9678500946097,
27.2780300437285));
#10915=CARTESIAN_POINT('Ctrl Pts',(-16.6587366964303,-21.0852168318454,
27.2802441866737));
#10916=CARTESIAN_POINT('Ctrl Pts',(-16.4768804229533,-21.1139799743687,
27.2868024622508));
#10917=CARTESIAN_POINT('Ctrl Pts',(-16.3591351722047,-21.1125304294562,
27.2944389964018));
#10918=CARTESIAN_POINT('Ctrl Pts',(-16.2082934213599,-21.101367408117,27.3044905109094));
#10919=CARTESIAN_POINT('Ctrl Pts',(-16.0893939175252,-21.0938688008147,
27.3084414179855));
#10920=CARTESIAN_POINT('Ctrl Pts',(-16.0000755057012,-21.0938688008147,
27.3084414179855));
#10921=CARTESIAN_POINT('Ctrl Pts',(-17.3691003061005,-19.9855028885302,
27.1999999999999));
#10922=CARTESIAN_POINT('Ctrl Pts',(-17.3691003061005,-20.0748213003542,
27.1999999999999));
#10923=CARTESIAN_POINT('Ctrl Pts',(-17.3722524306356,-20.1937938101129,
27.2000730284219));
#10924=CARTESIAN_POINT('Ctrl Pts',(-17.3712622750138,-20.3631414220817,
27.2002384036593));
#10925=CARTESIAN_POINT('Ctrl Pts',(-17.3603182508724,-20.5010602218327,
27.2003588887592));
#10926=CARTESIAN_POINT('Ctrl Pts',(-17.2955574806263,-20.8251388249308,
27.2004809698213));
#10927=CARTESIAN_POINT('Ctrl Pts',(-17.0796391128173,-21.1471624756081,
27.2004664427128));
#10928=CARTESIAN_POINT('Ctrl Pts',(-16.7308210744334,-21.3012327225466,
27.2004414943226));
#10929=CARTESIAN_POINT('Ctrl Pts',(-16.5160456265196,-21.346186691391,27.200349614501));
#10930=CARTESIAN_POINT('Ctrl Pts',(-16.3777303002862,-21.3565552513571,
27.2002336024582));
#10931=CARTESIAN_POINT('Ctrl Pts',(-16.2086279763982,-21.3577763401801,
27.2000619609014));
#10932=CARTESIAN_POINT('Ctrl Pts',(-16.0893939175252,-21.3545276889295,
27.1999999999999));
#10933=CARTESIAN_POINT('Ctrl Pts',(-16.0000755057012,-21.3545276889295,
27.1999999999999));
#10934=CARTESIAN_POINT('Ctrl Pts',(-17.5000000000001,-19.9855028885302,
27.1999999999999));
#10935=CARTESIAN_POINT('Ctrl Pts',(-17.5000000000001,-20.0748213003542,
27.1999999999999));
#10936=CARTESIAN_POINT('Ctrl Pts',(-17.5006971943724,-20.1939483066807,
27.1999999999999));
#10937=CARTESIAN_POINT('Ctrl Pts',(-17.493548929666,-20.3725118065981,27.1999999999999));
#10938=CARTESIAN_POINT('Ctrl Pts',(-17.4761452737511,-20.5205757084723,
27.1999999999999));
#10939=CARTESIAN_POINT('Ctrl Pts',(-17.4009251652047,-20.8701773298281,
27.1999999999999));
#10940=CARTESIAN_POINT('Ctrl Pts',(-17.1560467183828,-21.2368986400451,
27.1999999999999));
#10941=CARTESIAN_POINT('Ctrl Pts',(-16.7668911447753,-21.4093470230866,
27.1999999999999));
#10942=CARTESIAN_POINT('Ctrl Pts',(-16.535631495989,-21.4624873824193,27.1999999999999));
#10943=CARTESIAN_POINT('Ctrl Pts',(-16.3870120851819,-21.4788918075026,
27.1999999999999));
#10944=CARTESIAN_POINT('Ctrl Pts',(-16.2087202843733,-21.4865330889518,
27.1999999999999));
#10945=CARTESIAN_POINT('Ctrl Pts',(-16.0893939175252,-21.4854273828291,
27.1999999999999));
#10946=CARTESIAN_POINT('Ctrl Pts',(-16.0000755057012,-21.4854273828291,
27.1999999999999));
#10947=CARTESIAN_POINT('',(-16.9999999996593,-21.2875387245684,27.1999999999999));
#10948=CARTESIAN_POINT('Ctrl Pts',(-17.0000000000001,-19.9855028885302,
27.6999999999999));
#10949=CARTESIAN_POINT('Ctrl Pts',(-17.0000000000001,-19.9893704471433,
27.6999999999999));
#10950=CARTESIAN_POINT('Ctrl Pts',(-17.0000000000001,-19.9932373071883,
27.6999682643528));
#10951=CARTESIAN_POINT('Ctrl Pts',(-17.0000000000001,-20.0424445601396,
27.699161058329));
#10952=CARTESIAN_POINT('Ctrl Pts',(-17.0000000000001,-20.0867572466972,
27.6940855575228));
#10953=CARTESIAN_POINT('Ctrl Pts',(-17.0000000000001,-20.2362502225263,
27.6645359225632));
#10954=CARTESIAN_POINT('Ctrl Pts',(-17.0000000000001,-20.3107536497452,
27.629395962625));
#10955=CARTESIAN_POINT('Ctrl Pts',(-17.0000000000001,-20.4044920108625,
27.5819776593804));
#10956=CARTESIAN_POINT('Ctrl Pts',(-17.0000000000001,-20.4634505476831,
27.5474407726312));
#10957=CARTESIAN_POINT('Ctrl Pts',(-17.0000000000001,-20.6061347084352,
27.4617663197595));
#10958=CARTESIAN_POINT('Ctrl Pts',(-17.0000000000001,-20.6886189277292,
27.4101495249411));
#10959=CARTESIAN_POINT('Ctrl Pts',(-17.0000000000001,-20.8515197573841,
27.3178070747249));
#10960=CARTESIAN_POINT('Ctrl Pts',(-17.0000000000001,-20.9351436396334,
27.2758238797191));
#10961=CARTESIAN_POINT('Ctrl Pts',(-17.0000000000001,-21.0939565246237,
27.2224089077755));
#10962=CARTESIAN_POINT('Ctrl Pts',(-17.0000000000001,-21.1849349959698,
27.1999999999999));
#10963=CARTESIAN_POINT('Ctrl Pts',(-17.0000000000001,-21.2875387241332,
27.1999999999999));
#10964=CARTESIAN_POINT('',(-16.0000755057012,-21.4854273828291,27.1999999999999));
#10965=CARTESIAN_POINT('Ctrl Pts',(-17.0006772822259,-21.2879633654415,
27.1999999999999));
#10966=CARTESIAN_POINT('Ctrl Pts',(-16.9108066755734,-21.3453996330691,
27.1999999999999));
#10967=CARTESIAN_POINT('Ctrl Pts',(-16.7550178707132,-21.4120753418981,
27.1999999999999));
#10968=CARTESIAN_POINT('Ctrl Pts',(-16.535631495989,-21.4624873824193,27.1999999999999));
#10969=CARTESIAN_POINT('Ctrl Pts',(-16.3870120851819,-21.4788918075026,
27.1999999999999));
#10970=CARTESIAN_POINT('Ctrl Pts',(-16.2087202843733,-21.4865330889518,
27.1999999999999));
#10971=CARTESIAN_POINT('Ctrl Pts',(-16.0893939175252,-21.4854273828291,
27.1999999999999));
#10972=CARTESIAN_POINT('Ctrl Pts',(-16.0000755057012,-21.4854273828291,
27.1999999999999));
#10973=CARTESIAN_POINT('Origin',(-16.0000755057012,-21.4854273828291,27.6999999999999));
#10974=CARTESIAN_POINT('Ctrl Pts',(-16.7255793241973,-20.7110067070263,
27.9255793241971));
#10975=CARTESIAN_POINT('Ctrl Pts',(-16.701895431378,-20.687322814207,27.9729471098358));
#10976=CARTESIAN_POINT('Ctrl Pts',(-16.6496103788125,-20.6350377616416,
28.0536714863978));
#10977=CARTESIAN_POINT('Ctrl Pts',(-16.5122245180311,-20.4976519008602,
28.1657509040115));
#10978=CARTESIAN_POINT('Ctrl Pts',(-16.4021073028643,-20.3875346856933,
28.1999999999999));
#10979=CARTESIAN_POINT('Ctrl Pts',(-16.3535755057012,-20.3390028885302,
28.1999999999999));
#10980=CARTESIAN_POINT('Ctrl Pts',(-16.6782115385587,-20.7346905998456,
27.9492632170164));
#10981=CARTESIAN_POINT('Ctrl Pts',(-16.654940011235,-20.7107135115865,27.9917802808575));
#10982=CARTESIAN_POINT('Ctrl Pts',(-16.6026662249396,-20.6582026817421,
28.0660784201291));
#10983=CARTESIAN_POINT('Ctrl Pts',(-16.4656309783725,-20.5231847238284,
28.1704472741235));
#10984=CARTESIAN_POINT('Ctrl Pts',(-16.3660410288376,-20.418208537813,28.1999999999999));
#10985=CARTESIAN_POINT('Ctrl Pts',(-16.3227268111722,-20.3698515830592,
28.1999999999999));
#10986=CARTESIAN_POINT('Ctrl Pts',(-16.5757554746187,-20.7739956483788,
27.9885682655496));
#10987=CARTESIAN_POINT('Ctrl Pts',(-16.5525319950924,-20.7501503070332,
28.0242651013179));
#10988=CARTESIAN_POINT('Ctrl Pts',(-16.4976739927718,-20.6969273137662,
28.0898490999469));
#10989=CARTESIAN_POINT('Ctrl Pts',(-16.3595373229597,-20.5655092092903,
28.1809296858844));
#10990=CARTESIAN_POINT('Ctrl Pts',(-16.2862753216198,-20.4717897390451,
28.1999999999999));
#10991=CARTESIAN_POINT('Ctrl Pts',(-16.2529099873248,-20.4234237566653,
28.1999999999999));
#10992=CARTESIAN_POINT('Ctrl Pts',(-16.3064486586096,-20.8273067672918,
28.0418793844626));
#10993=CARTESIAN_POINT('Ctrl Pts',(-16.2861641382221,-20.8006940890991,
28.0724134282018));
#10994=CARTESIAN_POINT('Ctrl Pts',(-16.2386454332625,-20.7383532053863,
28.1289866303008));
#10995=CARTESIAN_POINT('Ctrl Pts',(-16.1739068642835,-20.6145479193535,
28.1876412835365));
#10996=CARTESIAN_POINT('Ctrl Pts',(-16.1470551133602,-20.523156586095,28.1999999999999));
#10997=CARTESIAN_POINT('Ctrl Pts',(-16.1309513447088,-20.4739406804855,
28.1999999999999));
#10998=CARTESIAN_POINT('Ctrl Pts',(-16.0971303145401,-20.8389807734224,
28.0535533905932));
#10999=CARTESIAN_POINT('Ctrl Pts',(-16.0917383807157,-20.8098414948928,
28.0826926691227));
#11000=CARTESIAN_POINT('Ctrl Pts',(-16.0799920034956,-20.7431631948302,
28.1349312046486));
#11001=CARTESIAN_POINT('Ctrl Pts',(-16.0610667517941,-20.6219225305661,
28.1872335809652));
#11002=CARTESIAN_POINT('Ctrl Pts',(-16.0493663462786,-20.5314846825345,
28.1999999999999));
#11003=CARTESIAN_POINT('Ctrl Pts',(-16.0437021478856,-20.4854273828291,
28.1999999999999));
#11004=CARTESIAN_POINT('Ctrl Pts',(-16.0000755057012,-20.8389807734224,
28.0535533905932));
#11005=CARTESIAN_POINT('Ctrl Pts',(-16.0000755057012,-20.8081274196852,
28.0844067443304));
#11006=CARTESIAN_POINT('Ctrl Pts',(-16.0000755057012,-20.7383000511089,
28.1379870091674));
#11007=CARTESIAN_POINT('Ctrl Pts',(-16.0000755057012,-20.6163229885657,
28.1885115627712));
#11008=CARTESIAN_POINT('Ctrl Pts',(-16.0000755057012,-20.529060614129,28.1999999999999));
#11009=CARTESIAN_POINT('Ctrl Pts',(-16.0000755057012,-20.4854273828291,
28.1999999999999));
#11010=CARTESIAN_POINT('',(-16.0000755057012,-20.4854273828291,28.1999999999999));
#11011=CARTESIAN_POINT('Origin',(-16.0000755057012,-20.4854273828291,27.6999999999999));
#11012=CARTESIAN_POINT('Origin',(-16.0000755057012,-19.9855028885302,28.1999999999999));
#11013=CARTESIAN_POINT('Origin',(-16.9999999999999,-20.9854273828291,27.1999999999999));
#11014=CARTESIAN_POINT('',(-16.0000000000001,-20.9854273828291,27.5660254037843));
#11015=CARTESIAN_POINT('',(-16.0000000000001,-20.9854273828291,20.6999999999999));
#11016=CARTESIAN_POINT('',(-15.5000000000001,-20.9854273828291,27.6999999999999));
#11017=CARTESIAN_POINT('Origin',(-15.5000000000001,-20.9854273828291,26.6999999999999));
#11018=CARTESIAN_POINT('',(-8.49999993667002,-20.9854273828291,27.6999999999999));
#11019=CARTESIAN_POINT('Origin',(-15.5000000000001,-20.4854273828291,26.6999999999999));
#11020=CARTESIAN_POINT('',(-16.0000000003151,-20.8906601093383,27.1999999999999));
#11021=CARTESIAN_POINT('Ctrl Pts',(-16.0000000000001,-20.9854273828291,
27.5660254037843));
#11022=CARTESIAN_POINT('Ctrl Pts',(-16.0000000000001,-20.9854273828291,
27.4459866107064));
#11023=CARTESIAN_POINT('Ctrl Pts',(-16.0000000000001,-20.9463435346891,
27.3089522335648));
#11024=CARTESIAN_POINT('Ctrl Pts',(-16.0000000000001,-20.890660109083,27.2000000001304));
#11025=CARTESIAN_POINT('',(-16.0000000000001,-20.4854273828291,26.6999999999999));
#11026=CARTESIAN_POINT('Ctrl Pts',(-16.0000000000001,-20.4854273828291,
26.6999999999999));
#11027=CARTESIAN_POINT('Ctrl Pts',(-16.0000000000001,-20.6239764938696,
26.8385491110404));
#11028=CARTESIAN_POINT('Ctrl Pts',(-16.0000000000001,-20.7873837409235,
27.0076116361019));
#11029=CARTESIAN_POINT('Ctrl Pts',(-16.0000000000001,-20.8837515082103,
27.1866635147172));
#11030=CARTESIAN_POINT('Ctrl Pts',(-16.0000000000001,-20.8872274456487,
27.1932835249185));
#11031=CARTESIAN_POINT('Ctrl Pts',(-16.0000000000001,-20.8906601090823,
27.200000000129));
#11032=CARTESIAN_POINT('',(-15.5000000000001,-20.4854273828291,27.1999999999999));
#11033=CARTESIAN_POINT('Origin',(-15.5000000000001,-20.4854273828291,26.6999999999999));
#11034=CARTESIAN_POINT('Origin',(-15.5000000000001,-20.4854273828291,27.6999999999999));
#11035=CARTESIAN_POINT('Ctrl Pts',(-16.0000755057012,-8.9854273828291,27.6999999999999));
#11036=CARTESIAN_POINT('Ctrl Pts',(-16.1191693896434,-8.9854273828291,27.6999999999999));
#11037=CARTESIAN_POINT('Ctrl Pts',(-16.3393694197197,-8.98264898230905,
27.6525638449325));
#11038=CARTESIAN_POINT('Ctrl Pts',(-16.5307032276991,-9.00682581074538,
27.60070091636));
#11039=CARTESIAN_POINT('Ctrl Pts',(-16.6707576248129,-9.05588711897633,
27.5914228504867));
#11040=CARTESIAN_POINT('Ctrl Pts',(-16.7805250546466,-9.11846432644665,
27.5862190559358));
#11041=CARTESIAN_POINT('Ctrl Pts',(-16.9287995281499,-9.26222622921866,
27.584225336246));
#11042=CARTESIAN_POINT('Ctrl Pts',(-16.994147570937,-9.49671003014166,27.6096103076941));
#11043=CARTESIAN_POINT('Ctrl Pts',(-16.9994499518532,-9.77610155317443,
27.6869632043086));
#11044=CARTESIAN_POINT('Ctrl Pts',(-17.,-9.8960314641713,27.6999999999999));
#11045=CARTESIAN_POINT('Ctrl Pts',(-17.,-9.98535187712799,27.6999999999999));
#11046=CARTESIAN_POINT('Ctrl Pts',(-16.0000755057012,-8.9854273828291,27.5691003061003));
#11047=CARTESIAN_POINT('Ctrl Pts',(-16.1191693896434,-8.9854273828291,27.5691003061003));
#11048=CARTESIAN_POINT('Ctrl Pts',(-16.3389209948816,-8.9701184922935,27.5296900100347));
#11049=CARTESIAN_POINT('Ctrl Pts',(-16.5357544473232,-8.9840646324271,27.4886783009017));
#11050=CARTESIAN_POINT('Ctrl Pts',(-16.68094392655,-9.03323597929647,27.4814505467758));
#11051=CARTESIAN_POINT('Ctrl Pts',(-16.7960312261105,-9.09752353596957,
27.4773325898257));
#11052=CARTESIAN_POINT('Ctrl Pts',(-16.9528758259068,-9.24960677579169,
27.475969497732));
#11053=CARTESIAN_POINT('Ctrl Pts',(-17.016058766227,-9.49472338305639,27.4952727140966));
#11054=CARTESIAN_POINT('Ctrl Pts',(-17.0030530784689,-9.77627152849512,
27.5580770986102));
#11055=CARTESIAN_POINT('Ctrl Pts',(-17.,-9.8960314641713,27.5691003061003));
#11056=CARTESIAN_POINT('Ctrl Pts',(-17.,-9.98535187712799,27.5691003061003));
#11057=CARTESIAN_POINT('Ctrl Pts',(-16.0000755057012,-8.87700320156958,
27.3084241812594));
#11058=CARTESIAN_POINT('Ctrl Pts',(-16.1191693896434,-8.87700320156958,
27.3084241812594));
#11059=CARTESIAN_POINT('Ctrl Pts',(-16.3423189452199,-8.85070608729544,
27.2946795922663));
#11060=CARTESIAN_POINT('Ctrl Pts',(-16.5664992784334,-8.86154469835816,
27.2813411312409));
#11061=CARTESIAN_POINT('Ctrl Pts',(-16.7340315321969,-8.91840560926994,
27.2790406046522));
#11062=CARTESIAN_POINT('Ctrl Pts',(-16.8749543650779,-8.99601382199207,
27.2776983754153));
#11063=CARTESIAN_POINT('Ctrl Pts',(-17.0719525950343,-9.18940431442186,
27.2773590493216));
#11064=CARTESIAN_POINT('Ctrl Pts',(-17.1406026547695,-9.47662013186403,
27.2832627884421));
#11065=CARTESIAN_POINT('Ctrl Pts',(-17.1149848999748,-9.77665830842728,
27.3044880322417));
#11066=CARTESIAN_POINT('Ctrl Pts',(-17.1084241812596,-9.8960314641713,27.3084241812594));
#11067=CARTESIAN_POINT('Ctrl Pts',(-17.1084241812596,-9.98535187712799,
27.3084241812594));
#11068=CARTESIAN_POINT('Ctrl Pts',(-16.0000755057012,-8.61632707672868,
27.1999999999999));
#11069=CARTESIAN_POINT('Ctrl Pts',(-16.1191693896434,-8.61632707672868,
27.1999999999999));
#11070=CARTESIAN_POINT('Ctrl Pts',(-16.3525363915142,-8.60452029903716,
27.2002358046462));
#11071=CARTESIAN_POINT('Ctrl Pts',(-16.6245319036986,-8.63833176628544,
27.2004269435146));
#11072=CARTESIAN_POINT('Ctrl Pts',(-16.8296292262849,-8.71329752646768,
27.2004511456117));
#11073=CARTESIAN_POINT('Ctrl Pts',(-17.0152126594893,-8.81703811322809,
27.2004714773044));
#11074=CARTESIAN_POINT('Ctrl Pts',(-17.28142094584,-9.08280375092681,27.200467004537));
#11075=CARTESIAN_POINT('Ctrl Pts',(-17.3710724118341,-9.43957500014325,
27.2004224845547));
#11076=CARTESIAN_POINT('Ctrl Pts',(-17.3718310959452,-9.77652705156753,
27.2000712019539));
#11077=CARTESIAN_POINT('Ctrl Pts',(-17.3691003061005,-9.8960314641713,27.1999999999999));
#11078=CARTESIAN_POINT('Ctrl Pts',(-17.3691003061005,-9.98535187712799,
27.1999999999999));
#11079=CARTESIAN_POINT('Ctrl Pts',(-16.0000755057012,-8.4854273828291,27.1999999999999));
#11080=CARTESIAN_POINT('Ctrl Pts',(-16.1191693896434,-8.4854273828291,27.1999999999999));
#11081=CARTESIAN_POINT('Ctrl Pts',(-16.3576185210285,-8.48112406160898,
27.1999999999999));
#11082=CARTESIAN_POINT('Ctrl Pts',(-16.6535785168457,-8.52662543166003,
27.1999999999999));
#11083=CARTESIAN_POINT('Ctrl Pts',(-16.8774798991524,-8.61065851640967,
27.1999999999999));
#11084=CARTESIAN_POINT('Ctrl Pts',(-17.0854650072523,-8.7275186550403,27.1999999999999));
#11085=CARTESIAN_POINT('Ctrl Pts',(-17.3863724421516,-9.02957259862452,
27.1999999999999));
#11086=CARTESIAN_POINT('Ctrl Pts',(-17.4863696119494,-9.42100266628153,
27.1999999999999));
#11087=CARTESIAN_POINT('Ctrl Pts',(-17.5007508004382,-9.77649539656425,
27.1999999999999));
#11088=CARTESIAN_POINT('Ctrl Pts',(-17.5,-9.8960314641713,27.1999999999999));
#11089=CARTESIAN_POINT('Ctrl Pts',(-17.5,-9.98535187712799,27.1999999999999));
#11090=CARTESIAN_POINT('Ctrl Pts',(-17.,-8.68331604152502,27.1999999999999));
#11091=CARTESIAN_POINT('Ctrl Pts',(-17.,-8.78591980127126,27.1999999999999));
#11092=CARTESIAN_POINT('Ctrl Pts',(-17.,-8.87689905988595,27.2224089652233));
#11093=CARTESIAN_POINT('Ctrl Pts',(-17.,-9.03571460942561,27.2758253349019));
#11094=CARTESIAN_POINT('Ctrl Pts',(-17.,-9.11933916606417,27.3178092231708));
#11095=CARTESIAN_POINT('Ctrl Pts',(-17.,-9.28224059505606,27.4101524232917));
#11096=CARTESIAN_POINT('Ctrl Pts',(-17.,-9.36472631159261,27.461770161274));
#11097=CARTESIAN_POINT('Ctrl Pts',(-17.,-9.50741014552656,27.5474442754111));
#11098=CARTESIAN_POINT('Ctrl Pts',(-17.,-9.56636831581731,27.5819807931203));
#11099=CARTESIAN_POINT('Ctrl Pts',(-17.,-9.66004082842024,27.6293652180349));
#11100=CARTESIAN_POINT('Ctrl Pts',(-17.,-9.73462012639802,27.664555000699));
#11101=CARTESIAN_POINT('Ctrl Pts',(-17.,-9.88418005734814,27.6940950802543));
#11102=CARTESIAN_POINT('Ctrl Pts',(-17.,-9.92845282142469,27.6991617567385));
#11103=CARTESIAN_POINT('Ctrl Pts',(-17.,-9.97761745165375,27.6999682642993));
#11104=CARTESIAN_POINT('Ctrl Pts',(-17.,-9.98148431496112,27.6999999999999));
#11105=CARTESIAN_POINT('Ctrl Pts',(-17.,-9.98535187712799,27.6999999999999));
#11106=CARTESIAN_POINT('Ctrl Pts',(-16.9884563405275,-9.55729202252858,
27.6306706895078));
#11107=CARTESIAN_POINT('Ctrl Pts',(-16.972119382814,-9.42341169372001,27.601934831656));
#11108=CARTESIAN_POINT('Ctrl Pts',(-16.9238779650891,-9.28083760531507,
27.5878802845786));
#11109=CARTESIAN_POINT('Ctrl Pts',(-16.8430859279946,-9.18370885764785,
27.5860819482313));
#11110=CARTESIAN_POINT('Ctrl Pts',(-16.8223541832787,-9.1630723011911,27.586161658888));
#11111=CARTESIAN_POINT('Origin',(-16.0000755057012,-8.4854273828291,27.6999999999999));
#11112=CARTESIAN_POINT('Origin',(8.49999999999987,-8.48542738282912,27.6999999999999));
#11113=CARTESIAN_POINT('',(16.,-8.48542738282912,27.1999999999999));
#11114=CARTESIAN_POINT('',(16.,-8.98542738282912,27.6999999999999));
#11115=CARTESIAN_POINT('Origin',(16.,-8.48542738282912,27.6999999999999));
#11116=CARTESIAN_POINT('',(16.5,-8.98542738282912,27.6999999999999));
#11117=CARTESIAN_POINT('',(8.50000006332985,-8.98542738282912,27.6999999999999));
#11118=CARTESIAN_POINT('',(16.5,-8.48542738282912,27.1999999999999));
#11119=CARTESIAN_POINT('Origin',(16.5,-8.48542738282912,27.6999999999999));
#11120=CARTESIAN_POINT('',(8.49999999999987,-8.48542738282912,27.1999999999999));
#11121=CARTESIAN_POINT('Origin',(16.5,-9.48542738282912,27.6999999999999));
#11122=CARTESIAN_POINT('',(17.,-9.48542738282912,27.6999999999999));
#11123=CARTESIAN_POINT('Origin',(16.5,-9.48542738282912,27.6999999999999));
#11124=CARTESIAN_POINT('',(17.,-8.61940197904469,27.1999999999999));
#11125=CARTESIAN_POINT('Ctrl Pts',(17.,-9.48542738282912,27.6999999999999));
#11126=CARTESIAN_POINT('Ctrl Pts',(17.,-9.34687827178865,27.5614508889594));
#11127=CARTESIAN_POINT('Ctrl Pts',(17.,-9.17781574672712,27.3980436419055));
#11128=CARTESIAN_POINT('Ctrl Pts',(17.,-8.89306214625369,27.2447859999488));
#11129=CARTESIAN_POINT('Ctrl Pts',(17.,-8.74684068998247,27.1999999999999));
#11130=CARTESIAN_POINT('Ctrl Pts',(17.,-8.61940197904469,27.1999999999999));
#11131=CARTESIAN_POINT('Origin',(16.5,-9.48542738282912,27.1999999999999));
#11132=CARTESIAN_POINT('Origin',(-6.88338275267597E-14,-16.4854273828292,
27.1999999999999));
#11133=CARTESIAN_POINT('',(15.9999999999998,-45.4854273828293,27.1999999999999));
#11134=CARTESIAN_POINT('',(16.9999999999998,-46.4854273828293,27.1999999999999));
#11135=CARTESIAN_POINT('Origin',(-8.50000000000001,-21.4854273828291,27.6999999999999));
#11136=CARTESIAN_POINT('',(16.4999999999999,-21.4854273828291,27.1999999999999));
#11137=CARTESIAN_POINT('',(16.4999999999999,-20.9854273828291,27.6999999999999));
#11138=CARTESIAN_POINT('Origin',(16.4999999999999,-21.4854273828291,27.6999999999999));
#11139=CARTESIAN_POINT('',(15.9999999999999,-20.9854273828291,27.6999999999999));
#11140=CARTESIAN_POINT('',(-8.49999993667002,-20.9854273828291,27.6999999999999));
#11141=CARTESIAN_POINT('',(15.9999999999999,-21.4854273828291,27.1999999999999));
#11142=CARTESIAN_POINT('Origin',(15.9999999999999,-21.4854273828291,27.6999999999999));
#11143=CARTESIAN_POINT('',(-8.50000000000001,-21.4854273828291,27.1999999999999));
#11144=CARTESIAN_POINT('Origin',(16.4999999999999,-20.4854273828291,27.6999999999999));
#11145=CARTESIAN_POINT('',(16.9999999999999,-21.3514527866135,27.1999999999999));
#11146=CARTESIAN_POINT('Origin',(16.4999999999999,-20.4854273828291,27.1999999999999));
#11147=CARTESIAN_POINT('',(16.9999999999999,-20.4854273828291,27.6999999999999));
#11148=CARTESIAN_POINT('Ctrl Pts',(16.9999999999999,-21.3514527866135,27.1999999999999));
#11149=CARTESIAN_POINT('Ctrl Pts',(16.9999999999999,-21.2240140756758,27.1999999999999));
#11150=CARTESIAN_POINT('Ctrl Pts',(16.9999999999999,-21.0777926194045,27.2447859999488));
#11151=CARTESIAN_POINT('Ctrl Pts',(16.9999999999999,-20.7930390189311,27.3980436419055));
#11152=CARTESIAN_POINT('Ctrl Pts',(16.9999999999999,-20.6239764938696,27.5614508889594));
#11153=CARTESIAN_POINT('Ctrl Pts',(16.9999999999999,-20.4854273828291,27.6999999999999));
#11154=CARTESIAN_POINT('Origin',(16.4999999999999,-20.4854273828291,27.6999999999999));
#11155=CARTESIAN_POINT('Origin',(-16.9999999999999,-20.9854273828291,27.1999999999999));
#11156=CARTESIAN_POINT('',(15.9999999999999,-20.9854273828291,27.5660254037843));
#11157=CARTESIAN_POINT('',(15.9999999999999,-20.9854273828291,20.6999999999999));
#11158=CARTESIAN_POINT('',(15.4999999999999,-20.9854273828291,27.6999999999999));
#11159=CARTESIAN_POINT('',(-8.49999993667002,-20.9854273828291,27.6999999999999));
#11160=CARTESIAN_POINT('Origin',(15.4999999999999,-20.9854273828291,26.6999999999999));
#11161=CARTESIAN_POINT('Ctrl Pts',(-17.0000000000002,-42.4855028885302,
27.6999999999999));
#11162=CARTESIAN_POINT('Ctrl Pts',(-17.0000000000002,-42.5748193448279,
27.6999999999999));
#11163=CARTESIAN_POINT('Ctrl Pts',(-17.0001387288077,-42.6946111278078,
27.6862283945972));
#11164=CARTESIAN_POINT('Ctrl Pts',(-16.9957518478736,-42.8807137151854,
27.6368780713697));
#11165=CARTESIAN_POINT('Ctrl Pts',(-16.9725611819203,-43.064166479417,27.5961576934594));
#11166=CARTESIAN_POINT('Ctrl Pts',(-16.8862154050622,-43.2507752952998,
27.5883602104234));
#11167=CARTESIAN_POINT('Ctrl Pts',(-16.7650802495883,-43.3722954909346,
27.5886081388959));
#11168=CARTESIAN_POINT('Ctrl Pts',(-16.5785292190118,-43.4583101312898,
27.5961043878514));
#11169=CARTESIAN_POINT('Ctrl Pts',(-16.395136868836,-43.4813535895324,27.6367911583722));
#11170=CARTESIAN_POINT('Ctrl Pts',(-16.2095026534851,-43.4855828439304,
27.6866548372773));
#11171=CARTESIAN_POINT('Ctrl Pts',(-16.089391961999,-43.4854273828291,27.6999999999999));
#11172=CARTESIAN_POINT('Ctrl Pts',(-16.0000755057013,-43.4854273828291,
27.6999999999999));
#11173=CARTESIAN_POINT('Ctrl Pts',(-17.0000000000002,-42.4855028885302,
27.5691003061003));
#11174=CARTESIAN_POINT('Ctrl Pts',(-17.0000000000002,-42.5748193448279,
27.5691003061003));
#11175=CARTESIAN_POINT('Ctrl Pts',(-17.003875849681,-42.6944481308068,27.5575362381072));
#11176=CARTESIAN_POINT('Ctrl Pts',(-17.0113738424223,-42.8818804600774,
27.517320226982));
#11177=CARTESIAN_POINT('Ctrl Pts',(-16.9959768046629,-43.070236934689,27.4851620739147));
#11178=CARTESIAN_POINT('Ctrl Pts',(-16.9074932404644,-43.265359143155,27.4791097911292));
#11179=CARTESIAN_POINT('Ctrl Pts',(-16.7795034308333,-43.3936481799946,
27.4793085483615));
#11180=CARTESIAN_POINT('Ctrl Pts',(-16.5845388885225,-43.4817878555074,
27.4851172014769));
#11181=CARTESIAN_POINT('Ctrl Pts',(-16.3962684740836,-43.4970277919325,
27.5172499803585));
#11182=CARTESIAN_POINT('Ctrl Pts',(-16.2093171307651,-43.4892293083468,
27.5578783174007));
#11183=CARTESIAN_POINT('Ctrl Pts',(-16.089391961999,-43.4854273828291,27.5691003061003));
#11184=CARTESIAN_POINT('Ctrl Pts',(-16.0000755057013,-43.4854273828291,
27.5691003061003));
#11185=CARTESIAN_POINT('Ctrl Pts',(-17.1084658161306,-42.4855028885302,
27.3084658161304));
#11186=CARTESIAN_POINT('Ctrl Pts',(-17.1084658161306,-42.5748193448279,
27.3084658161304));
#11187=CARTESIAN_POINT('Ctrl Pts',(-17.1158334994396,-42.693990740943,27.3043726316447));
#11188=CARTESIAN_POINT('Ctrl Pts',(-17.1316486855099,-42.8939030778521,
27.2907113270594));
#11189=CARTESIAN_POINT('Ctrl Pts',(-17.1182517987493,-43.1040911788838,
27.2802693092356));
#11190=CARTESIAN_POINT('Ctrl Pts',(-17.0146365594262,-43.3371912084788,
27.2783525574268));
#11191=CARTESIAN_POINT('Ctrl Pts',(-16.8514035920603,-43.5005391723038,
27.2784188964571));
#11192=CARTESIAN_POINT('Ctrl Pts',(-16.6183619485529,-43.604058071148,27.28025351691));
#11193=CARTESIAN_POINT('Ctrl Pts',(-16.4083314076736,-43.6172698259959,
27.2906878667097));
#11194=CARTESIAN_POINT('Ctrl Pts',(-16.2087492361284,-43.6011356394998,
27.3044864021807));
#11195=CARTESIAN_POINT('Ctrl Pts',(-16.089391961999,-43.5938931989596,27.3084658161304));
#11196=CARTESIAN_POINT('Ctrl Pts',(-16.0000755057013,-43.5938931989596,
27.3084658161304));
#11197=CARTESIAN_POINT('Ctrl Pts',(-17.3691003061006,-42.4855028885302,
27.1999999999999));
#11198=CARTESIAN_POINT('Ctrl Pts',(-17.3691003061006,-42.5748193448279,
27.1999999999999));
#11199=CARTESIAN_POINT('Ctrl Pts',(-17.3722087315922,-42.6939946025629,
27.2000736567686));
#11200=CARTESIAN_POINT('Ctrl Pts',(-17.3709904192374,-42.9192403526475,
27.2003037770572));
#11201=CARTESIAN_POINT('Ctrl Pts',(-17.3385318364794,-43.1668142198335,
27.2004495821047));
#11202=CARTESIAN_POINT('Ctrl Pts',(-17.2048982876723,-43.4645074174006,
27.2004723637656));
#11203=CARTESIAN_POINT('Ctrl Pts',(-16.97890813127,-43.6904325809271,27.2004699434586));
#11204=CARTESIAN_POINT('Ctrl Pts',(-16.6812229716697,-43.824108090608,27.2004496200172));
#11205=CARTESIAN_POINT('Ctrl Pts',(-16.433764218728,-43.8564799221875,27.2003038334649));
#11206=CARTESIAN_POINT('Ctrl Pts',(-16.2086450020703,-43.857575757078,27.2000710008447));
#11207=CARTESIAN_POINT('Ctrl Pts',(-16.089391961999,-43.8545276889295,27.1999999999999));
#11208=CARTESIAN_POINT('Ctrl Pts',(-16.0000755057013,-43.8545276889295,
27.1999999999999));
#11209=CARTESIAN_POINT('Ctrl Pts',(-17.5000000000002,-42.4855028885302,
27.1999999999999));
#11210=CARTESIAN_POINT('Ctrl Pts',(-17.5000000000002,-42.5748193448279,
27.1999999999999));
#11211=CARTESIAN_POINT('Ctrl Pts',(-17.5009152822205,-42.6939574942982,
27.1999999999999));
#11212=CARTESIAN_POINT('Ctrl Pts',(-17.4908953749292,-42.931928790321,27.1999999999999));
#11213=CARTESIAN_POINT('Ctrl Pts',(-17.4487981733253,-43.1981797173308,
27.1999999999999));
#11214=CARTESIAN_POINT('Ctrl Pts',(-17.3001697891058,-43.5282008486068,
27.1999999999999));
#11215=CARTESIAN_POINT('Ctrl Pts',(-17.042733121352,-43.7854838564452,27.1999999999999));
#11216=CARTESIAN_POINT('Ctrl Pts',(-16.7126563009922,-43.9342601561345,
27.1999999999999));
#11217=CARTESIAN_POINT('Ctrl Pts',(-16.4465090482566,-43.9763100998842,
27.1999999999999));
#11218=CARTESIAN_POINT('Ctrl Pts',(-16.2085477642637,-43.9863230674477,
27.1999999999999));
#11219=CARTESIAN_POINT('Ctrl Pts',(-16.089391961999,-43.9854273828291,27.1999999999999));
#11220=CARTESIAN_POINT('Ctrl Pts',(-16.0000755057013,-43.9854273828291,
27.1999999999999));
#11221=CARTESIAN_POINT('',(-16.9999999999033,-43.7875387242569,27.1999999999999));
#11222=CARTESIAN_POINT('Ctrl Pts',(-17.0000000000002,-42.4855028885302,
27.6999999999999));
#11223=CARTESIAN_POINT('Ctrl Pts',(-17.0000000000002,-42.4893700601066,
27.6999999999999));
#11224=CARTESIAN_POINT('Ctrl Pts',(-17.0000000000002,-42.4932365366048,
27.699968270651));
#11225=CARTESIAN_POINT('Ctrl Pts',(-17.0000000000002,-42.5424629431674,
27.699160831031));
#11226=CARTESIAN_POINT('Ctrl Pts',(-17.0000000000002,-42.5867939395671,
27.6940813536809));
#11227=CARTESIAN_POINT('Ctrl Pts',(-17.0000000000002,-42.7362558538302,
27.6645276277682));
#11228=CARTESIAN_POINT('Ctrl Pts',(-17.0000000000002,-42.810722343867,27.6294112123975));
#11229=CARTESIAN_POINT('Ctrl Pts',(-17.0000000000002,-42.9044836986814,
27.5819826219306));
#11230=CARTESIAN_POINT('Ctrl Pts',(-17.0000000000002,-42.9634493114248,
27.5474415303241));
#11231=CARTESIAN_POINT('Ctrl Pts',(-17.0000000000002,-43.1061363447012,
27.4617653137859));
#11232=CARTESIAN_POINT('Ctrl Pts',(-17.0000000000002,-43.188620113807,27.4101488046979));
#11233=CARTESIAN_POINT('Ctrl Pts',(-17.0000000000002,-43.3515208123281,
27.3178065262194));
#11234=CARTESIAN_POINT('Ctrl Pts',(-17.0000000000002,-43.4351445995735,
27.2758234677657));
#11235=CARTESIAN_POINT('Ctrl Pts',(-17.0000000000002,-43.5939567817102,
27.2224088897831));
#11236=CARTESIAN_POINT('Ctrl Pts',(-17.0000000000002,-43.6849350057464,
27.1999999999999));
#11237=CARTESIAN_POINT('Ctrl Pts',(-17.0000000000002,-43.7875387241332,
27.1999999999999));
#11238=CARTESIAN_POINT('',(-16.0000755057013,-43.9854273828291,27.1999999999999));
#11239=CARTESIAN_POINT('Ctrl Pts',(-17.0000903868789,-43.7876765748903,
27.1999999999999));
#11240=CARTESIAN_POINT('Ctrl Pts',(-16.9100699788872,-43.8450968995119,
27.1999999999999));
#11241=CARTESIAN_POINT('Ctrl Pts',(-16.7005109929465,-43.9361790544695,
27.1999999999999));
#11242=CARTESIAN_POINT('Ctrl Pts',(-16.4465090482566,-43.9763100998842,
27.1999999999999));
#11243=CARTESIAN_POINT('Ctrl Pts',(-16.2085477642637,-43.9863230674477,
27.1999999999999));
#11244=CARTESIAN_POINT('Ctrl Pts',(-16.089391961999,-43.9854273828291,27.1999999999999));
#11245=CARTESIAN_POINT('Ctrl Pts',(-16.0000755057013,-43.9854273828291,
27.1999999999999));
#11246=CARTESIAN_POINT('Origin',(-16.0000755057013,-43.9854273828291,27.6999999999999));
#11247=CARTESIAN_POINT('Ctrl Pts',(-16.4297229612732,-43.474696606401,27.6302274813102));
#11248=CARTESIAN_POINT('Ctrl Pts',(-16.4794727887648,-43.4690719455016,
27.6189931763528));
#11249=CARTESIAN_POINT('Ctrl Pts',(-16.603522335875,-43.446786346341,27.5951000802065));
#11250=CARTESIAN_POINT('Ctrl Pts',(-16.733989911102,-43.3866305727359,27.589857453449));
#11251=CARTESIAN_POINT('Ctrl Pts',(-16.8027351842097,-43.3303075495159,
27.5888274762993));
#11252=CARTESIAN_POINT('Ctrl Pts',(-16.8235632321233,-43.3094366607058,
27.5888027905014));
#11253=CARTESIAN_POINT('Ctrl Pts',(-16.7255793241974,-43.2110067070263,
27.9255793241971));
#11254=CARTESIAN_POINT('Ctrl Pts',(-16.7018954313781,-43.258374492665,27.9018954313778));
#11255=CARTESIAN_POINT('Ctrl Pts',(-16.6496103788126,-43.339098869227,27.8496103788124));
#11256=CARTESIAN_POINT('Ctrl Pts',(-16.5122245180312,-43.4511782868407,
27.7122245180309));
#11257=CARTESIAN_POINT('Ctrl Pts',(-16.4021073028644,-43.4854273828291,
27.6021073028641));
#11258=CARTESIAN_POINT('Ctrl Pts',(-16.3535755057013,-43.4854273828291,
27.553575505701));
#11259=CARTESIAN_POINT('Ctrl Pts',(-16.7492632170167,-43.2346905998456,
27.8782115385585));
#11260=CARTESIAN_POINT('Ctrl Pts',(-16.7252861287576,-43.2772076636867,
27.8549400112348));
#11261=CARTESIAN_POINT('Ctrl Pts',(-16.6727752989132,-43.3515058029583,
27.8026662249394));
#11262=CARTESIAN_POINT('Ctrl Pts',(-16.5377573409995,-43.4558746569527,
27.6656309783723));
#11263=CARTESIAN_POINT('Ctrl Pts',(-16.4327811549841,-43.4854273828291,
27.5660410288374));
#11264=CARTESIAN_POINT('Ctrl Pts',(-16.3844242002303,-43.4854273828291,
27.522726811172));
#11265=CARTESIAN_POINT('Ctrl Pts',(-16.7885682655499,-43.2739956483788,
27.7757554746185));
#11266=CARTESIAN_POINT('Ctrl Pts',(-16.7647229242043,-43.3096924841471,
27.7525319950922));
#11267=CARTESIAN_POINT('Ctrl Pts',(-16.7114999309373,-43.3752764827761,
27.6976739927717));
#11268=CARTESIAN_POINT('Ctrl Pts',(-16.5800818264613,-43.4663570687136,
27.5595373229595));
#11269=CARTESIAN_POINT('Ctrl Pts',(-16.4863623562162,-43.4854273828291,
27.4862753216196));
#11270=CARTESIAN_POINT('Ctrl Pts',(-16.4379963738364,-43.4854273828291,
27.4529099873246));
#11271=CARTESIAN_POINT('Ctrl Pts',(-16.8418793844628,-43.3273067672918,
27.5064486586094));
#11272=CARTESIAN_POINT('Ctrl Pts',(-16.8152667062702,-43.357840811031,27.4861641382219));
#11273=CARTESIAN_POINT('Ctrl Pts',(-16.7529258225574,-43.41441401313,27.4386454332623));
#11274=CARTESIAN_POINT('Ctrl Pts',(-16.6291205365245,-43.4730686663658,
27.3739068642833));
#11275=CARTESIAN_POINT('Ctrl Pts',(-16.537729203266,-43.4854273828291,27.34705511336));
#11276=CARTESIAN_POINT('Ctrl Pts',(-16.4885132976565,-43.4854273828291,
27.3309513447086));
#11277=CARTESIAN_POINT('Ctrl Pts',(-16.8535533905935,-43.3389807734224,
27.2971303145399));
#11278=CARTESIAN_POINT('Ctrl Pts',(-16.8244141120639,-43.368120051952,27.2917383807155));
#11279=CARTESIAN_POINT('Ctrl Pts',(-16.7577358120013,-43.4203585874778,
27.2799920034954));
#11280=CARTESIAN_POINT('Ctrl Pts',(-16.6364951477372,-43.4726609637945,
27.2610667517939));
#11281=CARTESIAN_POINT('Ctrl Pts',(-16.5460572997056,-43.4854273828291,
27.2493663462784));
#11282=CARTESIAN_POINT('Ctrl Pts',(-16.5000000000002,-43.4854273828291,
27.2437021478854));
#11283=CARTESIAN_POINT('Ctrl Pts',(-16.8535533905935,-43.3389807734224,
27.200075505701));
#11284=CARTESIAN_POINT('Ctrl Pts',(-16.8227000368562,-43.3698341271596,
27.200075505701));
#11285=CARTESIAN_POINT('Ctrl Pts',(-16.75287266828,-43.4234143919966,27.200075505701));
#11286=CARTESIAN_POINT('Ctrl Pts',(-16.6308956057367,-43.4739389456005,
27.200075505701));
#11287=CARTESIAN_POINT('Ctrl Pts',(-16.5436332313,-43.4854273828291,27.200075505701));
#11288=CARTESIAN_POINT('Ctrl Pts',(-16.5000000000002,-43.4854273828291,
27.200075505701));
#11289=CARTESIAN_POINT('Origin',(-16.9999999999999,-43.4854273828291,27.1999999999999));
#11290=CARTESIAN_POINT('',(-16.0000000000002,-43.4854273828291,27.5660254037843));
#11291=CARTESIAN_POINT('',(-16.0000000000002,-43.4854273828291,20.6999999999999));
#11292=CARTESIAN_POINT('',(-15.5000000000002,-43.4854273828291,27.6999999999999));
#11293=CARTESIAN_POINT('Origin',(-15.5000000000002,-43.4854273828291,26.6999999999999));
#11294=CARTESIAN_POINT('',(-8.49999993667002,-43.4854273828291,27.6999999999999));
#11295=CARTESIAN_POINT('Ctrl Pts',(-16.0000755057013,-31.4854273828291,
27.6999999999999));
#11296=CARTESIAN_POINT('Ctrl Pts',(-16.089395918658,-31.4854273828291,27.6999999999999));
#11297=CARTESIAN_POINT('Ctrl Pts',(-16.2091551123641,-31.4852876347944,
27.6862331747813));
#11298=CARTESIAN_POINT('Ctrl Pts',(-16.3953707423134,-31.4896795888825,
27.6368644886758));
#11299=CARTESIAN_POINT('Ctrl Pts',(-16.5786669085647,-31.5128473782528,
27.5961636509737));
#11300=CARTESIAN_POINT('Ctrl Pts',(-16.7653831125613,-31.5992118172724,
27.5883476714162));
#11301=CARTESIAN_POINT('Ctrl Pts',(-16.8868685677737,-31.7203353948535,
27.588599998981));
#11302=CARTESIAN_POINT('Ctrl Pts',(-16.9729079537413,-31.906928795948,27.5961003658382));
#11303=CARTESIAN_POINT('Ctrl Pts',(-16.9959285237003,-32.0902729713456,
27.6367829350737));
#11304=CARTESIAN_POINT('Ctrl Pts',(-17.0001620459812,-32.2759493658692,
27.6866555521743));
#11305=CARTESIAN_POINT('Ctrl Pts',(-17.0000000000001,-32.3960314641713,
27.6999999999999));
#11306=CARTESIAN_POINT('Ctrl Pts',(-17.0000000000001,-32.485351877128,27.6999999999999));
#11307=CARTESIAN_POINT('Ctrl Pts',(-16.0000755057013,-31.4854273828291,
27.5691003061003));
#11308=CARTESIAN_POINT('Ctrl Pts',(-16.089395918658,-31.4854273828291,27.5691003061003));
#11309=CARTESIAN_POINT('Ctrl Pts',(-16.2089917837182,-31.4815519313439,
27.5575401403063));
#11310=CARTESIAN_POINT('Ctrl Pts',(-16.3965375974979,-31.4740545914444,
27.517309045329));
#11311=CARTESIAN_POINT('Ctrl Pts',(-16.584734623244,-31.4894330781887,27.4851665926585));
#11312=CARTESIAN_POINT('Ctrl Pts',(-16.7799658875261,-31.5779311525823,
27.4790995619066));
#11313=CARTESIAN_POINT('Ctrl Pts',(-16.9082209734332,-31.7059111148467,
27.479301858312));
#11314=CARTESIAN_POINT('Ctrl Pts',(-16.9963848429568,-31.9009186240678,
27.485113888069));
#11315=CARTESIAN_POINT('Ctrl Pts',(-17.0116038626387,-32.089140830064,27.5172433039091));
#11316=CARTESIAN_POINT('Ctrl Pts',(-17.0038077231699,-32.276134828555,27.5578788789955));
#11317=CARTESIAN_POINT('Ctrl Pts',(-17.0000000000001,-32.3960314641713,
27.5691003061003));
#11318=CARTESIAN_POINT('Ctrl Pts',(-17.0000000000001,-32.485351877128,27.5691003061003));
#11319=CARTESIAN_POINT('Ctrl Pts',(-16.0000755057013,-31.3769718563106,
27.3084555265184));
#11320=CARTESIAN_POINT('Ctrl Pts',(-16.089395918658,-31.3769718563106,27.3084555265184));
#11321=CARTESIAN_POINT('Ctrl Pts',(-16.2085319584844,-31.3696040615147,
27.3043638973474));
#11322=CARTESIAN_POINT('Ctrl Pts',(-16.4085618776606,-31.3537859568588,
27.290697508519));
#11323=CARTESIAN_POINT('Ctrl Pts',(-16.61857572786,-31.3671617114443,27.2802611290692));
#11324=CARTESIAN_POINT('Ctrl Pts',(-16.8517931397697,-31.4707872855799,
27.2783396813047));
#11325=CARTESIAN_POINT('Ctrl Pts',(-17.0151065864684,-31.634009582531,27.2784072789891));
#11326=CARTESIAN_POINT('Ctrl Pts',(-17.1186507953451,-31.8670991683274,
27.2802428303073));
#11327=CARTESIAN_POINT('Ctrl Pts',(-17.1318383100985,-32.0770761962887,
27.2906756615737));
#11328=CARTESIAN_POINT('Ctrl Pts',(-17.1157052993103,-32.2767041975326,
27.3044765664773));
#11329=CARTESIAN_POINT('Ctrl Pts',(-17.1084555265187,-32.3960314641713,
27.3084555265184));
#11330=CARTESIAN_POINT('Ctrl Pts',(-17.1084555265187,-32.485351877128,27.3084555265184));
#11331=CARTESIAN_POINT('Ctrl Pts',(-16.0000755057013,-31.1163270767287,
27.1999999999999));
#11332=CARTESIAN_POINT('Ctrl Pts',(-16.089395918658,-31.1163270767287,27.1999999999999));
#11333=CARTESIAN_POINT('Ctrl Pts',(-16.208532311253,-31.1132173582829,27.2000730532947));
#11334=CARTESIAN_POINT('Ctrl Pts',(-16.4339046989999,-31.1144401277915,
27.2003030198708));
#11335=CARTESIAN_POINT('Ctrl Pts',(-16.6812811049568,-31.1468665626532,
27.2004477400212));
#11336=CARTESIAN_POINT('Ctrl Pts',(-16.9791108053359,-31.2805193834942,
27.2004702088719));
#11337=CARTESIAN_POINT('Ctrl Pts',(-17.2050018876998,-31.5064967728643,
27.2004675827125));
#11338=CARTESIAN_POINT('Ctrl Pts',(-17.3387121093728,-31.8042422765037,
27.2004477790359));
#11339=CARTESIAN_POINT('Ctrl Pts',(-17.3710550474565,-32.0516392014751,
27.200303001756));
#11340=CARTESIAN_POINT('Ctrl Pts',(-17.3721563075876,-32.2768104827505,
27.2000703002041));
#11341=CARTESIAN_POINT('Ctrl Pts',(-17.3691003061006,-32.3960314641713,
27.1999999999999));
#11342=CARTESIAN_POINT('Ctrl Pts',(-17.3691003061006,-32.485351877128,27.1999999999999));
#11343=CARTESIAN_POINT('Ctrl Pts',(-16.0000755057013,-30.9854273828291,
27.1999999999999));
#11344=CARTESIAN_POINT('Ctrl Pts',(-16.089395918658,-30.9854273828291,27.1999999999999));
#11345=CARTESIAN_POINT('Ctrl Pts',(-16.208493162292,-30.9845096224335,27.1999999999999));
#11346=CARTESIAN_POINT('Ctrl Pts',(-16.4465954914119,-30.9945375218614,
27.1999999999999));
#11347=CARTESIAN_POINT('Ctrl Pts',(-16.7126367067082,-31.0365958791199,
27.1999999999999));
#11348=CARTESIAN_POINT('Ctrl Pts',(-17.0428031606872,-31.1852471567214,
27.1999999999999));
#11349=CARTESIAN_POINT('Ctrl Pts',(-17.3000516306735,-31.442669223725,27.1999999999999));
#11350=CARTESIAN_POINT('Ctrl Pts',(-17.448866698727,-31.7728121655864,27.1999999999999));
#11351=CARTESIAN_POINT('Ctrl Pts',(-17.4908841770599,-32.0388926656673,
27.1999999999999));
#11352=CARTESIAN_POINT('Ctrl Pts',(-17.500904609051,-32.2769090908852,27.1999999999999));
#11353=CARTESIAN_POINT('Ctrl Pts',(-17.5000000000001,-32.3960314641713,
27.1999999999999));
#11354=CARTESIAN_POINT('Ctrl Pts',(-17.5000000000001,-32.485351877128,27.1999999999999));
#11355=CARTESIAN_POINT('',(-16.9999999999753,-31.1833160414934,27.1999999999999));
#11356=CARTESIAN_POINT('Ctrl Pts',(-17.0000000000001,-31.183316041525,27.1999999999999));
#11357=CARTESIAN_POINT('Ctrl Pts',(-17.0000000000001,-31.2859198012718,
27.1999999999999));
#11358=CARTESIAN_POINT('Ctrl Pts',(-17.0000000000001,-31.3768990598865,
27.2224089652234));
#11359=CARTESIAN_POINT('Ctrl Pts',(-17.0000000000001,-31.5357146094256,
27.2758253349019));
#11360=CARTESIAN_POINT('Ctrl Pts',(-17.0000000000001,-31.6193391660642,
27.3178092231708));
#11361=CARTESIAN_POINT('Ctrl Pts',(-17.0000000000001,-31.7822405949181,
27.4101524232135));
#11362=CARTESIAN_POINT('Ctrl Pts',(-17.0000000000001,-31.8647263112233,
27.4617701610448));
#11363=CARTESIAN_POINT('Ctrl Pts',(-17.0000000000001,-32.0074101434449,
27.547444274166));
#11364=CARTESIAN_POINT('Ctrl Pts',(-17.0000000000001,-32.0663683099261,
27.5819807896472));
#11365=CARTESIAN_POINT('Ctrl Pts',(-17.0000000000001,-32.1600408341007,
27.6293652212891));
#11366=CARTESIAN_POINT('Ctrl Pts',(-17.0000000000001,-32.2346201237081,
27.6645549981006));
#11367=CARTESIAN_POINT('Ctrl Pts',(-17.0000000000001,-32.3841800485858,
27.6940950793997));
#11368=CARTESIAN_POINT('Ctrl Pts',(-17.0000000000001,-32.428452817816,27.6991617567096));
#11369=CARTESIAN_POINT('Ctrl Pts',(-17.0000000000001,-32.4776174512231,
27.6999682642849));
#11370=CARTESIAN_POINT('Ctrl Pts',(-17.0000000000001,-32.481484315393,27.6999999999999));
#11371=CARTESIAN_POINT('Ctrl Pts',(-17.0000000000001,-32.485351877128,27.6999999999999));
#11372=CARTESIAN_POINT('Ctrl Pts',(-16.9892782075603,-32.055707380991,27.6302221324324));
#11373=CARTESIAN_POINT('Ctrl Pts',(-16.9836566286434,-32.0059596212099,
27.6189872131559));
#11374=CARTESIAN_POINT('Ctrl Pts',(-16.9613813849029,-31.8819311549454,
27.5950955528224));
#11375=CARTESIAN_POINT('Ctrl Pts',(-16.9012096446111,-31.7514368523122,
27.5898501629169));
#11376=CARTESIAN_POINT('Ctrl Pts',(-16.8448995835131,-31.682692546974,27.5888179480157));
#11377=CARTESIAN_POINT('Ctrl Pts',(-16.8240335543927,-31.661866847339,27.5887929319141));
#11378=CARTESIAN_POINT('',(-16.0000755057013,-30.9854273828291,27.1999999999999));
#11379=CARTESIAN_POINT('Origin',(-16.0000755057013,-30.9854273828291,27.6999999999999));
#11380=CARTESIAN_POINT('Ctrl Pts',(-16.0000755057013,-30.9854273828291,
27.1999999999999));
#11381=CARTESIAN_POINT('Ctrl Pts',(-16.089395918658,-30.9854273828291,27.1999999999999));
#11382=CARTESIAN_POINT('Ctrl Pts',(-16.208493162292,-30.9845096224335,27.1999999999999));
#11383=CARTESIAN_POINT('Ctrl Pts',(-16.4465954914119,-30.9945375218614,
27.1999999999999));
#11384=CARTESIAN_POINT('Ctrl Pts',(-16.7005111308995,-31.0346789513282,
27.1999999999999));
#11385=CARTESIAN_POINT('Ctrl Pts',(-16.910132241315,-31.1256961898631,27.1999999999999));
#11386=CARTESIAN_POINT('Ctrl Pts',(-17.0001557135765,-31.1831232299689,
27.1999999999999));
#11387=CARTESIAN_POINT('Origin',(-6.88338275267597E-14,-16.4854273828292,
27.1999999999999));
#11388=CARTESIAN_POINT('',(-16.,12.5145726171709,27.1999999999999));
#11389=CARTESIAN_POINT('',(-16.9999999999999,13.5145726171709,27.1999999999999));
#11390=CARTESIAN_POINT('Origin',(8.49999999999986,-30.9854273828291,27.6999999999999));
#11391=CARTESIAN_POINT('',(15.9999999999999,-30.9854273828291,27.1999999999999));
#11392=CARTESIAN_POINT('',(15.9999999999999,-31.4854273828291,27.6999999999999));
#11393=CARTESIAN_POINT('Origin',(15.9999999999999,-30.9854273828291,27.6999999999999));
#11394=CARTESIAN_POINT('',(16.4999999999999,-31.4854273828291,27.6999999999999));
#11395=CARTESIAN_POINT('',(8.50000006332985,-31.4854273828291,27.6999999999999));
#11396=CARTESIAN_POINT('',(16.4999999999999,-30.9854273828291,27.1999999999999));
#11397=CARTESIAN_POINT('Origin',(16.4999999999999,-30.9854273828291,27.6999999999999));
#11398=CARTESIAN_POINT('',(8.49999999999986,-30.9854273828291,27.1999999999999));
#11399=CARTESIAN_POINT('Origin',(16.4999999999999,-31.9854273828291,27.6999999999999));
#11400=CARTESIAN_POINT('',(16.9999999999999,-31.9854273828291,27.6999999999999));
#11401=CARTESIAN_POINT('Origin',(16.4999999999999,-31.9854273828291,27.6999999999999));
#11402=CARTESIAN_POINT('',(16.9999999999999,-31.1194019790447,27.1999999999999));
#11403=CARTESIAN_POINT('Ctrl Pts',(16.9999999999999,-31.9854273828291,27.6999999999999));
#11404=CARTESIAN_POINT('Ctrl Pts',(16.9999999999999,-31.8468782717886,27.5614508889594));
#11405=CARTESIAN_POINT('Ctrl Pts',(16.9999999999999,-31.6778157467271,27.3980436419055));
#11406=CARTESIAN_POINT('Ctrl Pts',(16.9999999999999,-31.3930621462537,27.2447859999488));
#11407=CARTESIAN_POINT('Ctrl Pts',(16.9999999999999,-31.2468406899825,27.1999999999999));
#11408=CARTESIAN_POINT('Ctrl Pts',(16.9999999999999,-31.1194019790447,27.1999999999999));
#11409=CARTESIAN_POINT('Origin',(16.4999999999999,-31.9854273828291,27.1999999999999));
#11410=CARTESIAN_POINT('Origin',(-6.88338275267597E-14,-16.4854273828292,
27.1999999999999));
#11411=CARTESIAN_POINT('',(15.9999999999998,-45.4854273828293,27.1999999999999));
#11412=CARTESIAN_POINT('',(16.9999999999998,-46.4854273828293,27.1999999999999));
#11413=CARTESIAN_POINT('Origin',(-8.50000000000001,-43.9854273828291,27.6999999999999));
#11414=CARTESIAN_POINT('',(16.4999999999998,-43.9854273828291,27.1999999999999));
#11415=CARTESIAN_POINT('',(16.4999999999998,-43.4854273828291,27.6999999999999));
#11416=CARTESIAN_POINT('Origin',(16.4999999999998,-43.9854273828291,27.6999999999999));
#11417=CARTESIAN_POINT('',(15.9999999999998,-43.4854273828291,27.6999999999999));
#11418=CARTESIAN_POINT('',(-8.49999993667002,-43.4854273828291,27.6999999999999));
#11419=CARTESIAN_POINT('',(15.9999999999998,-43.9854273828291,27.1999999999999));
#11420=CARTESIAN_POINT('Origin',(15.9999999999998,-43.9854273828291,27.6999999999999));
#11421=CARTESIAN_POINT('',(-8.50000000000001,-43.9854273828291,27.1999999999999));
#11422=CARTESIAN_POINT('Origin',(16.4999999999998,-42.9854273828291,27.6999999999999));
#11423=CARTESIAN_POINT('',(16.9999999999998,-43.8514527866135,27.1999999999999));
#11424=CARTESIAN_POINT('Origin',(16.4999999999998,-42.9854273828291,27.1999999999999));
#11425=CARTESIAN_POINT('',(16.9999999999998,-42.9854273828291,27.6999999999999));
#11426=CARTESIAN_POINT('Ctrl Pts',(16.9999999999998,-43.8514527866135,27.1999999999999));
#11427=CARTESIAN_POINT('Ctrl Pts',(16.9999999999998,-43.7240140756758,27.1999999999999));
#11428=CARTESIAN_POINT('Ctrl Pts',(16.9999999999998,-43.5777926194045,27.2447859999488));
#11429=CARTESIAN_POINT('Ctrl Pts',(16.9999999999998,-43.2930390189311,27.3980436419055));
#11430=CARTESIAN_POINT('Ctrl Pts',(16.9999999999998,-43.1239764938696,27.5614508889594));
#11431=CARTESIAN_POINT('Ctrl Pts',(16.9999999999998,-42.9854273828291,27.6999999999999));
#11432=CARTESIAN_POINT('Origin',(16.4999999999998,-42.9854273828291,27.6999999999999));
#11433=CARTESIAN_POINT('Origin',(15.4999999999998,-42.9854273828292,26.6999999999999));
#11434=CARTESIAN_POINT('',(16.0000000003148,-43.3906601093384,27.1999999999999));
#11435=CARTESIAN_POINT('',(15.9999999999998,-43.4854273828291,27.5660254037843));
#11436=CARTESIAN_POINT('Ctrl Pts',(15.9999999999998,-43.3906601090831,27.2000000001304));
#11437=CARTESIAN_POINT('Ctrl Pts',(15.9999999999998,-43.4463435346892,27.3089522335648));
#11438=CARTESIAN_POINT('Ctrl Pts',(15.9999999999998,-43.4854273828292,27.4459866107064));
#11439=CARTESIAN_POINT('Ctrl Pts',(15.9999999999998,-43.4854273828292,27.5660254037843));
#11440=CARTESIAN_POINT('',(15.4999999999998,-43.4854273828291,27.6999999999999));
#11441=CARTESIAN_POINT('Origin',(15.4999999999998,-43.4854273828291,26.6999999999999));
#11442=CARTESIAN_POINT('',(15.4999999999998,-42.9854273828291,27.1999999999999));
#11443=CARTESIAN_POINT('Origin',(15.4999999999998,-42.9854273828291,27.6999999999999));
#11444=CARTESIAN_POINT('',(15.9999999999998,-42.9854273828292,26.6999999999999));
#11445=CARTESIAN_POINT('Origin',(15.4999999999998,-42.9854273828292,26.6999999999999));
#11446=CARTESIAN_POINT('Ctrl Pts',(15.9999999999998,-43.3906601090824,27.200000000129));
#11447=CARTESIAN_POINT('Ctrl Pts',(15.9999999999998,-43.3872274456488,27.1932835249185));
#11448=CARTESIAN_POINT('Ctrl Pts',(15.9999999999998,-43.3837515082104,27.1866635147172));
#11449=CARTESIAN_POINT('Ctrl Pts',(15.9999999999998,-43.2873837409236,27.0076116361019));
#11450=CARTESIAN_POINT('Ctrl Pts',(15.9999999999998,-43.1239764938697,26.8385491110404));
#11451=CARTESIAN_POINT('Ctrl Pts',(15.9999999999998,-42.9854273828292,26.6999999999999));
#11452=CARTESIAN_POINT('Origin',(-16.9999999999999,-43.4854273828291,27.1999999999999));
#11453=CARTESIAN_POINT('',(15.9999999999998,-43.4854273828291,20.6999999999999));
#11454=CARTESIAN_POINT('',(-8.49999993667002,-43.4854273828291,27.6999999999999));
#11455=CARTESIAN_POINT('Origin',(15.5,2.01457261717076,26.6999999999999));
#11456=CARTESIAN_POINT('',(16.000000000315,1.60933989066161,27.1999999999999));
#11457=CARTESIAN_POINT('Ctrl Pts',(16.,1.6093398909169,27.2000000001304));
#11458=CARTESIAN_POINT('Ctrl Pts',(16.,1.55365646531079,27.3089522335648));
#11459=CARTESIAN_POINT('Ctrl Pts',(16.,1.51457261717076,27.4459866107064));
#11460=CARTESIAN_POINT('Ctrl Pts',(16.,1.51457261717076,27.5660254037843));
#11461=CARTESIAN_POINT('',(15.5,2.0145726171709,27.1999999999999));
#11462=CARTESIAN_POINT('Origin',(15.5,2.0145726171709,27.6999999999999));
#11463=CARTESIAN_POINT('',(16.,2.01457261717076,26.6999999999999));
#11464=CARTESIAN_POINT('Origin',(15.5,2.01457261717076,26.6999999999999));
#11465=CARTESIAN_POINT('Ctrl Pts',(16.,1.60933989091761,27.200000000129));
#11466=CARTESIAN_POINT('Ctrl Pts',(16.,1.6127725543512,27.1932835249185));
#11467=CARTESIAN_POINT('Ctrl Pts',(16.,1.61624849178959,27.1866635147172));
#11468=CARTESIAN_POINT('Ctrl Pts',(16.,1.7126162590764,27.0076116361019));
#11469=CARTESIAN_POINT('Ctrl Pts',(16.,1.87602350613028,26.8385491110404));
#11470=CARTESIAN_POINT('Ctrl Pts',(16.,2.01457261717076,26.6999999999999));
#11471=CARTESIAN_POINT('Origin',(-16.9999999999999,1.5145726171709,27.1999999999999));
#11472=CARTESIAN_POINT('',(-16.,1.5145726171709,20.6999999999999));
#11473=CARTESIAN_POINT('',(-8.49999993667002,1.5145726171709,27.6999999999999));
#11474=CARTESIAN_POINT('Origin',(15.5,10.0145726171708,26.6999999999999));
#11475=CARTESIAN_POINT('',(15.5,10.0145726171708,27.1999999999999));
#11476=CARTESIAN_POINT('',(16.,10.0145726171708,26.6999999999999));
#11477=CARTESIAN_POINT('Origin',(1.26659898125325E-7,7.5145726171709,27.1999999999999));
#11478=CARTESIAN_POINT('',(-8.49999993667002,2.0145726171709,27.1999999999999));
#11479=CARTESIAN_POINT('',(-15.5000000000001,-18.9854273828291,27.1999999999999));
#11480=CARTESIAN_POINT('',(2.5,7.51457261717087,27.1999999999999));
#11481=CARTESIAN_POINT('Origin',(0.,7.51457261717087,27.1999999999999));
#11482=CARTESIAN_POINT('',(-7.5,7.51457261717087,27.1999999999999));
#11483=CARTESIAN_POINT('Origin',(-10.,7.51457261717087,27.1999999999999));
#11484=CARTESIAN_POINT('',(12.5,7.51457261717087,27.1999999999999));
#11485=CARTESIAN_POINT('Origin',(10.,7.51457261717087,27.1999999999999));
#11486=CARTESIAN_POINT('Origin',(-15.5000000000001,-18.9854273828291,26.6999999999999));
#11487=CARTESIAN_POINT('',(-16.0000000000001,-18.9854273828291,26.6999999999999));
#11488=CARTESIAN_POINT('Origin',(-8.49999993667002,2.0145726171709,27.6999999999999));
#11489=CARTESIAN_POINT('',(-16.5,2.0145726171709,28.1999999999999));
#11490=CARTESIAN_POINT('Origin',(-16.5,2.0145726171709,27.6999999999999));
#11491=CARTESIAN_POINT('',(16.5,2.01457261717089,28.1999999999999));
#11492=CARTESIAN_POINT('Origin',(16.5,2.0145726171709,27.6999999999999));
#11493=CARTESIAN_POINT('',(-8.49999993667002,2.0145726171709,28.1999999999999));
#11494=CARTESIAN_POINT('Origin',(-16.5,2.01457261717089,27.6999999999999));
#11495=CARTESIAN_POINT('Origin',(-16.5,2.01457261717089,27.6999999999999));
#11496=CARTESIAN_POINT('Origin',(16.5,2.01457261717089,27.6999999999999));
#11497=CARTESIAN_POINT('Origin',(16.5,2.01457261717089,27.6999999999999));
#11498=CARTESIAN_POINT('Origin',(-16.9999999999999,13.5145726171709,14.1999999999999));
#11499=CARTESIAN_POINT('',(-17.,13.0145726171709,27.6999999999999));
#11500=CARTESIAN_POINT('',(-17.,10.5145726171709,27.6999999999999));
#11501=CARTESIAN_POINT('',(-17.,13.0145726171709,14.6999999999999));
#11502=CARTESIAN_POINT('',(-17.,13.0145726171709,14.1999999999999));
#11503=CARTESIAN_POINT('',(-17.0000000000002,-44.9854273828291,14.6999999999999));
#11504=CARTESIAN_POINT('',(-17.,-1.48542738282911,14.6999999999999));
#11505=CARTESIAN_POINT('',(-17.0000000000002,-44.9854273828291,27.1999999999999));
#11506=CARTESIAN_POINT('',(-17.0000000000002,-44.9854273828291,14.1999999999999));
#11507=CARTESIAN_POINT('',(-16.9999999999999,13.5145726171709,27.1999999999999));
#11508=CARTESIAN_POINT('',(-17.0000000000001,-11.9854273828291,27.6999999999999));
#11509=CARTESIAN_POINT('',(-17.,-0.735427382829068,27.6999999999999));
#11510=CARTESIAN_POINT('Origin',(-16.5,10.5145726171709,27.6999999999999));
#11511=CARTESIAN_POINT('',(-16.4999999999999,13.0145726171709,28.1999999999999));
#11512=CARTESIAN_POINT('',(-16.5,10.5145726171709,28.1999999999999));
#11513=CARTESIAN_POINT('Origin',(-16.4999999999999,13.0145726171709,27.6999999999999));
#11514=CARTESIAN_POINT('Origin',(1.26659898125325E-7,7.5145726171709,28.1999999999999));
#11515=CARTESIAN_POINT('',(16.5000000000001,13.0145726171707,28.1999999999999));
#11516=CARTESIAN_POINT('',(16.4999999999999,-19.4854273828292,28.1999999999999));
#11517=CARTESIAN_POINT('',(8.50000006332999,13.0145726171708,28.1999999999999));
#11518=CARTESIAN_POINT('',(2.5,7.51457261717087,28.1999999999999));
#11519=CARTESIAN_POINT('Origin',(0.,7.51457261717087,28.1999999999999));
#11520=CARTESIAN_POINT('',(-7.5,7.51457261717087,28.1999999999999));
#11521=CARTESIAN_POINT('Origin',(-10.,7.51457261717087,28.1999999999999));
#11522=CARTESIAN_POINT('',(12.5,7.51457261717087,28.1999999999999));
#11523=CARTESIAN_POINT('Origin',(10.,7.51457261717087,28.1999999999999));
#11524=CARTESIAN_POINT('Origin',(16.4999999999999,-19.4854273828292,27.6999999999999));
#11525=CARTESIAN_POINT('',(17.0000000000001,13.0145726171707,27.6999999999999));
#11526=CARTESIAN_POINT('',(16.9999999999999,-19.4854273828292,27.6999999999999));
#11527=CARTESIAN_POINT('Origin',(16.5000000000001,13.0145726171707,27.6999999999999));
#11528=CARTESIAN_POINT('Origin',(16.9999999999998,-46.4854273828293,14.1999999999999));
#11529=CARTESIAN_POINT('',(16.9999999999999,-30.7354273828292,27.6999999999999));
#11530=CARTESIAN_POINT('',(16.9999999999998,-41.9854273828292,27.6999999999999));
#11531=CARTESIAN_POINT('',(16.9999999999998,-44.9854273828293,27.1999999999999));
#11532=CARTESIAN_POINT('',(16.9999999999998,-46.4854273828293,27.1999999999999));
#11533=CARTESIAN_POINT('',(16.9999999999998,-44.9854273828293,14.6999999999999));
#11534=CARTESIAN_POINT('',(16.9999999999998,-44.9854273828293,14.1999999999999));
#11535=CARTESIAN_POINT('',(17.0000000000001,13.0145726171707,14.6999999999999));
#11536=CARTESIAN_POINT('',(16.9999999999999,-31.4854273828293,14.6999999999999));
#11537=CARTESIAN_POINT('',(17.0000000000001,13.0145726171707,14.1999999999999));
#11538=CARTESIAN_POINT('Origin',(15.5,-9.48542738282912,26.6999999999999));
#11539=CARTESIAN_POINT('',(16.,-8.98542738282912,27.5660254037843));
#11540=CARTESIAN_POINT('',(16.000000000315,-9.08019465631996,27.1999999999999));
#11541=CARTESIAN_POINT('Ctrl Pts',(16.,-8.98542738282912,27.5660254037843));
#11542=CARTESIAN_POINT('Ctrl Pts',(16.,-8.98542738282912,27.4459866107064));
#11543=CARTESIAN_POINT('Ctrl Pts',(16.,-9.02451123096914,27.3089522335648));
#11544=CARTESIAN_POINT('Ctrl Pts',(16.,-9.08019465657525,27.2000000001304));
#11545=CARTESIAN_POINT('',(16.,-9.48542738282912,26.6999999999999));
#11546=CARTESIAN_POINT('Ctrl Pts',(16.,-9.48542738282912,26.6999999999999));
#11547=CARTESIAN_POINT('Ctrl Pts',(16.,-9.34687827178864,26.8385491110404));
#11548=CARTESIAN_POINT('Ctrl Pts',(16.,-9.18347102473475,27.0076116361019));
#11549=CARTESIAN_POINT('Ctrl Pts',(16.,-9.08710325744794,27.1866635147172));
#11550=CARTESIAN_POINT('Ctrl Pts',(16.,-9.08362732000955,27.1932835249185));
#11551=CARTESIAN_POINT('Ctrl Pts',(16.,-9.08019465657596,27.200000000129));
#11552=CARTESIAN_POINT('',(15.5,-9.48542738282912,27.1999999999999));
#11553=CARTESIAN_POINT('Origin',(15.5,-9.48542738282912,26.6999999999999));
#11554=CARTESIAN_POINT('',(15.5,-8.98542738282912,27.6999999999999));
#11555=CARTESIAN_POINT('Origin',(15.5,-9.48542738282912,27.6999999999999));
#11556=CARTESIAN_POINT('Origin',(15.5,-8.98542738282912,26.6999999999999));
#11557=CARTESIAN_POINT('Origin',(-15.5,-9.48542738282899,26.6999999999999));
#11558=CARTESIAN_POINT('',(-16.000000000315,-9.08019465631984,27.1999999999999));
#11559=CARTESIAN_POINT('',(-16.,-8.9854273828291,27.5660254037843));
#11560=CARTESIAN_POINT('Ctrl Pts',(-16.,-9.08019465657513,27.2000000001304));
#11561=CARTESIAN_POINT('Ctrl Pts',(-16.,-9.05558015700006,27.2481616330468));
#11562=CARTESIAN_POINT('Ctrl Pts',(-16.,-9.03460805164488,27.2994285480234));
#11563=CARTESIAN_POINT('Ctrl Pts',(-16.,-8.99923260252288,27.413466582184));
#11564=CARTESIAN_POINT('Ctrl Pts',(-16.,-8.98542738282899,27.4961602892786));
#11565=CARTESIAN_POINT('Ctrl Pts',(-16.,-8.98542738282899,27.5660254037843));
#11566=CARTESIAN_POINT('',(-15.5,-8.9854273828291,27.6999999999999));
#11567=CARTESIAN_POINT('Origin',(-15.5,-8.9854273828291,26.6999999999999));
#11568=CARTESIAN_POINT('',(-15.5,-9.4854273828291,27.1999999999999));
#11569=CARTESIAN_POINT('Origin',(-15.5,-9.4854273828291,27.6999999999999));
#11570=CARTESIAN_POINT('',(-16.,-9.48542738282899,26.6999999999999));
#11571=CARTESIAN_POINT('Origin',(-15.5,-9.48542738282899,26.6999999999999));
#11572=CARTESIAN_POINT('Ctrl Pts',(-16.,-9.0801946565757,27.2000000001292));
#11573=CARTESIAN_POINT('Ctrl Pts',(-16.,-9.09650616499592,27.1680843043236));
#11574=CARTESIAN_POINT('Ctrl Pts',(-16.,-9.11430076630712,27.1374724962697));
#11575=CARTESIAN_POINT('Ctrl Pts',(-16.,-9.22286284875829,26.9661973884201));
#11576=CARTESIAN_POINT('Ctrl Pts',(-16.,-9.3652490187504,26.8201783640785));
#11577=CARTESIAN_POINT('Ctrl Pts',(-16.,-9.48542738282899,26.6999999999999));
#11578=CARTESIAN_POINT('Origin',(16.9999999999998,-8.98542738282912,27.1999999999999));
#11579=CARTESIAN_POINT('',(16.,-8.98542738282912,20.6999999999999));
#11580=CARTESIAN_POINT('',(8.50000006332985,-8.98542738282912,27.6999999999999));
#11581=CARTESIAN_POINT('Origin',(-15.5000000000001,-30.2354273828291,26.6999999999999));
#11582=CARTESIAN_POINT('',(-15.5000000000001,-30.2354273828291,27.1999999999999));
#11583=CARTESIAN_POINT('',(-16.0000000000001,-30.2354273828291,26.6999999999999));
#11584=CARTESIAN_POINT('Origin',(1.26659898125325E-7,-14.9854273828291,
27.1999999999999));
#11585=CARTESIAN_POINT('',(8.50000006332985,-9.48542738282912,27.1999999999999));
#11586=CARTESIAN_POINT('',(15.4999999999999,-20.4854273828291,27.1999999999999));
#11587=CARTESIAN_POINT('',(15.5,-1.23542738282922,27.1999999999999));
#11588=CARTESIAN_POINT('',(-8.49999993667002,-20.4854273828291,27.1999999999999));
#11589=CARTESIAN_POINT('',(12.5,-14.9854273828291,27.1999999999999));
#11590=CARTESIAN_POINT('Origin',(10.,-14.9854273828291,27.1999999999999));
#11591=CARTESIAN_POINT('',(-7.5,-14.9854273828291,27.1999999999999));
#11592=CARTESIAN_POINT('Origin',(-10.,-14.9854273828291,27.1999999999999));
#11593=CARTESIAN_POINT('',(2.5,-14.9854273828291,27.1999999999999));
#11594=CARTESIAN_POINT('Origin',(0.,-14.9854273828291,27.1999999999999));
#11595=CARTESIAN_POINT('Origin',(15.5,-1.23542738282922,26.6999999999999));
#11596=CARTESIAN_POINT('',(15.9999999999999,-20.4854273828292,26.6999999999999));
#11597=CARTESIAN_POINT('',(16.,-1.23542738282922,26.6999999999999));
#11598=CARTESIAN_POINT('Origin',(15.4999999999999,-20.4854273828292,26.6999999999999));
#11599=CARTESIAN_POINT('Origin',(15.4999999999999,-20.4854273828292,26.6999999999999));
#11600=CARTESIAN_POINT('',(16.0000000003149,-20.8906601093384,27.1999999999999));
#11601=CARTESIAN_POINT('Ctrl Pts',(15.9999999999999,-20.8906601090831,27.2000000001304));
#11602=CARTESIAN_POINT('Ctrl Pts',(15.9999999999999,-20.9463435346892,27.3089522335648));
#11603=CARTESIAN_POINT('Ctrl Pts',(15.9999999999999,-20.9854273828292,27.4459866107064));
#11604=CARTESIAN_POINT('Ctrl Pts',(15.9999999999999,-20.9854273828292,27.5660254037843));
#11605=CARTESIAN_POINT('Origin',(15.4999999999999,-20.4854273828291,27.6999999999999));
#11606=CARTESIAN_POINT('Ctrl Pts',(15.9999999999999,-20.8906601090824,27.200000000129));
#11607=CARTESIAN_POINT('Ctrl Pts',(15.9999999999999,-20.8872274456488,27.1932835249185));
#11608=CARTESIAN_POINT('Ctrl Pts',(15.9999999999999,-20.8837515082104,27.1866635147172));
#11609=CARTESIAN_POINT('Ctrl Pts',(15.9999999999999,-20.7873837409236,27.0076116361019));
#11610=CARTESIAN_POINT('Ctrl Pts',(15.9999999999999,-20.6239764938697,26.8385491110404));
#11611=CARTESIAN_POINT('Ctrl Pts',(15.9999999999999,-20.4854273828292,26.6999999999999));
#11612=CARTESIAN_POINT('Origin',(-8.49999993667002,-20.4854273828291,27.6999999999999));
#11613=CARTESIAN_POINT('',(16.4999999999999,-20.4854273828291,28.1999999999999));
#11614=CARTESIAN_POINT('Origin',(16.4999999999999,-20.4854273828291,27.6999999999999));
#11615=CARTESIAN_POINT('',(-8.49999993667002,-20.4854273828291,28.1999999999999));
#11616=CARTESIAN_POINT('Ctrl Pts',(-16.7255793241973,-9.25984805863188,
27.9255793241971));
#11617=CARTESIAN_POINT('Ctrl Pts',(-16.7729471098359,-9.2835319514512,27.9018954313778));
#11618=CARTESIAN_POINT('Ctrl Pts',(-16.853671486398,-9.33581700401665,27.8496103788124));
#11619=CARTESIAN_POINT('Ctrl Pts',(-16.9657509040116,-9.47320286479806,
27.7122245180309));
#11620=CARTESIAN_POINT('Ctrl Pts',(-17.,-9.58332007996491,27.6021073028641));
#11621=CARTESIAN_POINT('Ctrl Pts',(-17.,-9.63185187712799,27.553575505701));
#11622=CARTESIAN_POINT('Ctrl Pts',(-16.7492632170166,-9.23616416581256,
27.8782115385585));
#11623=CARTESIAN_POINT('Ctrl Pts',(-16.7917802808577,-9.2601412540717,27.8549400112348));
#11624=CARTESIAN_POINT('Ctrl Pts',(-16.8660784201293,-9.31265208391606,
27.8026662249394));
#11625=CARTESIAN_POINT('Ctrl Pts',(-16.9704472741237,-9.44767004182977,
27.6656309783723));
#11626=CARTESIAN_POINT('Ctrl Pts',(-17.,-9.55264622784523,27.5660410288374));
#11627=CARTESIAN_POINT('Ctrl Pts',(-17.,-9.60100318259899,27.522726811172));
#11628=CARTESIAN_POINT('Ctrl Pts',(-16.7885682655497,-9.19685911727942,
27.7757554746185));
#11629=CARTESIAN_POINT('Ctrl Pts',(-16.8242651013181,-9.22070445862499,
27.7525319950922));
#11630=CARTESIAN_POINT('Ctrl Pts',(-16.889849099947,-9.27392745189201,27.6976739927717));
#11631=CARTESIAN_POINT('Ctrl Pts',(-16.9809296858845,-9.40534555636794,
27.5595373229595));
#11632=CARTESIAN_POINT('Ctrl Pts',(-17.,-9.49906502661307,27.4862753216196));
#11633=CARTESIAN_POINT('Ctrl Pts',(-17.,-9.5474310089929,27.4529099873246));
#11634=CARTESIAN_POINT('Ctrl Pts',(-16.8418793844627,-9.14354799836646,
27.5064486586094));
#11635=CARTESIAN_POINT('Ctrl Pts',(-16.8724134282019,-9.17016067655906,
27.4861641382219));
#11636=CARTESIAN_POINT('Ctrl Pts',(-16.928986630301,-9.23250156027187,27.4386454332623));
#11637=CARTESIAN_POINT('Ctrl Pts',(-16.9876412835367,-9.35630684630476,
27.3739068642833));
#11638=CARTESIAN_POINT('Ctrl Pts',(-17.,-9.44769817956325,27.34705511336));
#11639=CARTESIAN_POINT('Ctrl Pts',(-17.,-9.49691408517274,27.3309513447086));
#11640=CARTESIAN_POINT('Ctrl Pts',(-16.8535533905933,-9.13187399223583,
27.2971303145399));
#11641=CARTESIAN_POINT('Ctrl Pts',(-16.8826926691229,-9.16101327076542,
27.2917383807155));
#11642=CARTESIAN_POINT('Ctrl Pts',(-16.9349312046487,-9.22769157082795,
27.2799920034954));
#11643=CARTESIAN_POINT('Ctrl Pts',(-16.9872335809654,-9.34893223509206,
27.2610667517939));
#11644=CARTESIAN_POINT('Ctrl Pts',(-17.,-9.4393700831237,27.2493663462784));
#11645=CARTESIAN_POINT('Ctrl Pts',(-17.,-9.4854273828291,27.2437021478854));
#11646=CARTESIAN_POINT('Ctrl Pts',(-16.8535533905933,-9.13187399223583,
27.200075505701));
#11647=CARTESIAN_POINT('Ctrl Pts',(-16.8844067443305,-9.16272734597304,
27.200075505701));
#11648=CARTESIAN_POINT('Ctrl Pts',(-16.9379870091675,-9.23255471454929,
27.200075505701));
#11649=CARTESIAN_POINT('Ctrl Pts',(-16.9885115627714,-9.35453177709254,
27.200075505701));
#11650=CARTESIAN_POINT('Ctrl Pts',(-17.,-9.44179415152924,27.200075505701));
#11651=CARTESIAN_POINT('Ctrl Pts',(-17.,-9.4854273828291,27.200075505701));
#11652=CARTESIAN_POINT('Origin',(-16.5,-0.73542738282907,27.6999999999999));
#11653=CARTESIAN_POINT('',(-16.5,-0.73542738282907,28.1999999999999));
#11654=CARTESIAN_POINT('Origin',(8.50000006332985,-9.48542738282912,27.6999999999999));
#11655=CARTESIAN_POINT('',(16.5,-9.48542738282912,28.1999999999999));
#11656=CARTESIAN_POINT('',(8.50000006332985,-9.48542738282912,28.1999999999999));
#11657=CARTESIAN_POINT('Origin',(16.5,-9.48542738282912,27.6999999999999));
#11658=CARTESIAN_POINT('',(8.50000006332985,-8.98542738282912,27.6999999999999));
#11659=CARTESIAN_POINT('Origin',(16.5,-9.48542738282912,27.6999999999999));
#11660=CARTESIAN_POINT('Origin',(16.5,-9.48542738282912,27.6999999999999));
#11661=CARTESIAN_POINT('Origin',(16.4999999999999,-20.4854273828291,27.6999999999999));
#11662=CARTESIAN_POINT('Origin',(16.4999999999999,-20.4854273828291,27.6999999999999));
#11663=CARTESIAN_POINT('Origin',(16.9999999999998,-8.98542738282912,27.1999999999999));
#11664=CARTESIAN_POINT('',(-16.,-8.9854273828291,20.6999999999999));
#11665=CARTESIAN_POINT('Origin',(1.26659898125325E-7,-14.9854273828291,
28.1999999999999));
#11666=CARTESIAN_POINT('',(16.4999999999999,-30.7354273828292,28.1999999999999));
#11667=CARTESIAN_POINT('',(2.5,-14.9854273828291,28.1999999999999));
#11668=CARTESIAN_POINT('Origin',(0.,-14.9854273828291,28.1999999999999));
#11669=CARTESIAN_POINT('',(-7.5,-14.9854273828291,28.1999999999999));
#11670=CARTESIAN_POINT('Origin',(-10.,-14.9854273828291,28.1999999999999));
#11671=CARTESIAN_POINT('',(12.5,-14.9854273828291,28.1999999999999));
#11672=CARTESIAN_POINT('Origin',(10.,-14.9854273828291,28.1999999999999));
#11673=CARTESIAN_POINT('Origin',(16.4999999999999,-30.7354273828292,27.6999999999999));
#11674=CARTESIAN_POINT('Origin',(15.4999999999999,-31.9854273828291,26.6999999999999));
#11675=CARTESIAN_POINT('',(15.9999999999999,-31.4854273828291,27.5660254037843));
#11676=CARTESIAN_POINT('',(16.0000000003149,-31.58019465632,27.1999999999999));
#11677=CARTESIAN_POINT('Ctrl Pts',(15.9999999999999,-31.4854273828291,27.5660254037843));
#11678=CARTESIAN_POINT('Ctrl Pts',(15.9999999999999,-31.4854273828291,27.4459866107064));
#11679=CARTESIAN_POINT('Ctrl Pts',(15.9999999999999,-31.5245112309691,27.3089522335648));
#11680=CARTESIAN_POINT('Ctrl Pts',(15.9999999999999,-31.5801946565752,27.2000000001304));
#11681=CARTESIAN_POINT('',(15.9999999999999,-31.9854273828291,26.6999999999999));
#11682=CARTESIAN_POINT('Ctrl Pts',(15.9999999999999,-31.9854273828291,26.6999999999999));
#11683=CARTESIAN_POINT('Ctrl Pts',(15.9999999999999,-31.8468782717886,26.8385491110404));
#11684=CARTESIAN_POINT('Ctrl Pts',(15.9999999999999,-31.6834710247347,27.0076116361019));
#11685=CARTESIAN_POINT('Ctrl Pts',(15.9999999999999,-31.5871032574479,27.1866635147172));
#11686=CARTESIAN_POINT('Ctrl Pts',(15.9999999999999,-31.5836273200095,27.1932835249185));
#11687=CARTESIAN_POINT('Ctrl Pts',(15.9999999999999,-31.580194656576,27.200000000129));
#11688=CARTESIAN_POINT('',(15.4999999999999,-31.9854273828291,27.1999999999999));
#11689=CARTESIAN_POINT('Origin',(15.4999999999999,-31.9854273828291,26.6999999999999));
#11690=CARTESIAN_POINT('',(15.4999999999999,-31.4854273828291,27.6999999999999));
#11691=CARTESIAN_POINT('Origin',(15.4999999999999,-31.9854273828291,27.6999999999999));
#11692=CARTESIAN_POINT('Origin',(15.4999999999999,-31.4854273828291,26.6999999999999));
#11693=CARTESIAN_POINT('Origin',(-15.5000000000001,-31.985427382829,26.6999999999999));
#11694=CARTESIAN_POINT('',(-16.0000000003151,-31.5801946563198,27.1999999999999));
#11695=CARTESIAN_POINT('',(-16.0000000000001,-31.4854273828291,27.5660254037843));
#11696=CARTESIAN_POINT('Ctrl Pts',(-16.0000000000001,-31.5801946565751,
27.2000000001304));
#11697=CARTESIAN_POINT('Ctrl Pts',(-16.0000000000001,-31.5555801570001,
27.2481616330468));
#11698=CARTESIAN_POINT('Ctrl Pts',(-16.0000000000001,-31.5346080516449,
27.2994285480234));
#11699=CARTESIAN_POINT('Ctrl Pts',(-16.0000000000001,-31.4992326025229,
27.413466582184));
#11700=CARTESIAN_POINT('Ctrl Pts',(-16.0000000000001,-31.485427382829,27.4961602892786));
#11701=CARTESIAN_POINT('Ctrl Pts',(-16.0000000000001,-31.485427382829,27.5660254037843));
#11702=CARTESIAN_POINT('',(-15.5000000000001,-31.4854273828291,27.6999999999999));
#11703=CARTESIAN_POINT('Origin',(-15.5000000000001,-31.4854273828291,26.6999999999999));
#11704=CARTESIAN_POINT('',(-15.5000000000001,-31.9854273828291,27.1999999999999));
#11705=CARTESIAN_POINT('Origin',(-15.5000000000001,-31.9854273828291,27.6999999999999));
#11706=CARTESIAN_POINT('',(-16.0000000000001,-31.985427382829,26.6999999999999));
#11707=CARTESIAN_POINT('Origin',(-15.5000000000001,-31.985427382829,26.6999999999999));
#11708=CARTESIAN_POINT('Ctrl Pts',(-16.0000000000001,-31.5801946565757,
27.2000000001292));
#11709=CARTESIAN_POINT('Ctrl Pts',(-16.0000000000001,-31.5965061649959,
27.1680843043236));
#11710=CARTESIAN_POINT('Ctrl Pts',(-16.0000000000001,-31.6143007663071,
27.1374724962697));
#11711=CARTESIAN_POINT('Ctrl Pts',(-16.0000000000001,-31.7228628487583,
26.9661973884201));
#11712=CARTESIAN_POINT('Ctrl Pts',(-16.0000000000001,-31.8652490187504,
26.8201783640785));
#11713=CARTESIAN_POINT('Ctrl Pts',(-16.0000000000001,-31.985427382829,26.6999999999999));
#11714=CARTESIAN_POINT('Origin',(16.9999999999998,-31.4854273828291,27.1999999999999));
#11715=CARTESIAN_POINT('',(15.9999999999999,-31.4854273828291,20.6999999999999));
#11716=CARTESIAN_POINT('',(8.50000006332985,-31.4854273828291,27.6999999999999));
#11717=CARTESIAN_POINT('Origin',(-15.5000000000002,-41.4854273828291,26.6999999999999));
#11718=CARTESIAN_POINT('',(-15.5000000000002,-42.9854273828291,27.1999999999999));
#11719=CARTESIAN_POINT('',(-15.5000000000002,-41.4854273828291,27.1999999999999));
#11720=CARTESIAN_POINT('',(-16.0000000000002,-42.9854273828291,26.6999999999999));
#11721=CARTESIAN_POINT('Origin',(-15.5000000000002,-42.9854273828291,26.6999999999999));
#11722=CARTESIAN_POINT('',(-16.0000000000002,-41.4854273828291,26.6999999999999));
#11723=CARTESIAN_POINT('Origin',(1.26659898125325E-7,-37.4854273828291,
27.1999999999999));
#11724=CARTESIAN_POINT('',(8.50000006332985,-31.9854273828291,27.1999999999999));
#11725=CARTESIAN_POINT('',(15.5,-12.4854273828292,27.1999999999999));
#11726=CARTESIAN_POINT('',(-8.49999993667002,-42.9854273828291,27.1999999999999));
#11727=CARTESIAN_POINT('',(2.5,-37.4854273828291,27.1999999999999));
#11728=CARTESIAN_POINT('Origin',(0.,-37.4854273828291,27.1999999999999));
#11729=CARTESIAN_POINT('',(-7.5,-37.4854273828291,27.1999999999999));
#11730=CARTESIAN_POINT('Origin',(-10.,-37.4854273828291,27.1999999999999));
#11731=CARTESIAN_POINT('',(12.5,-37.4854273828291,27.1999999999999));
#11732=CARTESIAN_POINT('Origin',(10.,-37.4854273828291,27.1999999999999));
#11733=CARTESIAN_POINT('Origin',(15.5,-12.4854273828292,26.6999999999999));
#11734=CARTESIAN_POINT('',(16.,-12.4854273828292,26.6999999999999));
#11735=CARTESIAN_POINT('Origin',(-15.5000000000002,-42.9854273828291,26.6999999999999));
#11736=CARTESIAN_POINT('',(-16.0000000003152,-43.3906601093383,27.1999999999999));
#11737=CARTESIAN_POINT('Ctrl Pts',(-16.0000000000002,-43.4854273828291,
27.5660254037843));
#11738=CARTESIAN_POINT('Ctrl Pts',(-16.0000000000002,-43.4854273828291,
27.4459866107064));
#11739=CARTESIAN_POINT('Ctrl Pts',(-16.0000000000002,-43.4463435346891,
27.3089522335648));
#11740=CARTESIAN_POINT('Ctrl Pts',(-16.0000000000002,-43.390660109083,27.2000000001304));
#11741=CARTESIAN_POINT('Ctrl Pts',(-16.0000000000002,-42.9854273828291,
26.6999999999999));
#11742=CARTESIAN_POINT('Ctrl Pts',(-16.0000000000002,-43.1239764938696,
26.8385491110404));
#11743=CARTESIAN_POINT('Ctrl Pts',(-16.0000000000002,-43.2873837409235,
27.0076116361019));
#11744=CARTESIAN_POINT('Ctrl Pts',(-16.0000000000002,-43.3837515082103,
27.1866635147172));
#11745=CARTESIAN_POINT('Ctrl Pts',(-16.0000000000002,-43.3872274456487,
27.1932835249185));
#11746=CARTESIAN_POINT('Ctrl Pts',(-16.0000000000002,-43.3906601090823,
27.200000000129));
#11747=CARTESIAN_POINT('Origin',(-15.5000000000002,-42.9854273828291,27.6999999999999));
#11748=CARTESIAN_POINT('Origin',(-8.49999993667002,-42.9854273828291,27.6999999999999));
#11749=CARTESIAN_POINT('',(16.4999999999998,-42.9854273828291,28.1999999999999));
#11750=CARTESIAN_POINT('Origin',(16.4999999999998,-42.9854273828291,27.6999999999999));
#11751=CARTESIAN_POINT('',(-8.49999993667002,-42.9854273828291,28.1999999999999));
#11752=CARTESIAN_POINT('Ctrl Pts',(-16.7255793241974,-31.7598480586319,
27.9255793241971));
#11753=CARTESIAN_POINT('Ctrl Pts',(-16.772947109836,-31.7835319514512,27.9018954313778));
#11754=CARTESIAN_POINT('Ctrl Pts',(-16.8536714863981,-31.8358170040166,
27.8496103788123));
#11755=CARTESIAN_POINT('Ctrl Pts',(-16.9657509040117,-31.9732028647981,
27.7122245180309));
#11756=CARTESIAN_POINT('Ctrl Pts',(-17.0000000000001,-32.0833200799649,
27.6021073028641));
#11757=CARTESIAN_POINT('Ctrl Pts',(-17.0000000000001,-32.131851877128,27.553575505701));
#11758=CARTESIAN_POINT('Ctrl Pts',(-16.7492632170167,-31.7361641658125,
27.8782115385585));
#11759=CARTESIAN_POINT('Ctrl Pts',(-16.7917802808578,-31.7601412540717,
27.8549400112348));
#11760=CARTESIAN_POINT('Ctrl Pts',(-16.8660784201294,-31.8126520839161,
27.8026662249394));
#11761=CARTESIAN_POINT('Ctrl Pts',(-16.9704472741238,-31.9476700418298,
27.6656309783723));
#11762=CARTESIAN_POINT('Ctrl Pts',(-17.0000000000001,-32.0526462278452,
27.5660410288374));
#11763=CARTESIAN_POINT('Ctrl Pts',(-17.0000000000001,-32.101003182599,27.522726811172));
#11764=CARTESIAN_POINT('Ctrl Pts',(-16.7885682655498,-31.6968591172794,
27.7757554746185));
#11765=CARTESIAN_POINT('Ctrl Pts',(-16.8242651013182,-31.720704458625,27.7525319950922));
#11766=CARTESIAN_POINT('Ctrl Pts',(-16.8898490999471,-31.773927451892,27.6976739927717));
#11767=CARTESIAN_POINT('Ctrl Pts',(-16.9809296858846,-31.9053455563679,
27.5595373229595));
#11768=CARTESIAN_POINT('Ctrl Pts',(-17.0000000000001,-31.9990650266131,
27.4862753216196));
#11769=CARTESIAN_POINT('Ctrl Pts',(-17.0000000000001,-32.0474310089929,
27.4529099873246));
#11770=CARTESIAN_POINT('Ctrl Pts',(-16.8418793844628,-31.6435479983665,
27.5064486586094));
#11771=CARTESIAN_POINT('Ctrl Pts',(-16.872413428202,-31.6701606765591,27.4861641382219));
#11772=CARTESIAN_POINT('Ctrl Pts',(-16.928986630301,-31.7325015602718,27.4386454332623));
#11773=CARTESIAN_POINT('Ctrl Pts',(-16.9876412835368,-31.8563068463048,
27.3739068642833));
#11774=CARTESIAN_POINT('Ctrl Pts',(-17.0000000000001,-31.9476981795633,
27.34705511336));
#11775=CARTESIAN_POINT('Ctrl Pts',(-17.0000000000001,-31.9969140851727,
27.3309513447086));
#11776=CARTESIAN_POINT('Ctrl Pts',(-16.8535533905934,-31.6318739922358,
27.2971303145399));
#11777=CARTESIAN_POINT('Ctrl Pts',(-16.882692669123,-31.6610132707654,27.2917383807155));
#11778=CARTESIAN_POINT('Ctrl Pts',(-16.9349312046488,-31.7276915708279,
27.2799920034954));
#11779=CARTESIAN_POINT('Ctrl Pts',(-16.9872335809655,-31.8489322350921,
27.2610667517939));
#11780=CARTESIAN_POINT('Ctrl Pts',(-17.0000000000001,-31.9393700831237,
27.2493663462784));
#11781=CARTESIAN_POINT('Ctrl Pts',(-17.0000000000001,-31.9854273828291,
27.2437021478854));
#11782=CARTESIAN_POINT('Ctrl Pts',(-16.8535533905934,-31.6318739922358,
27.200075505701));
#11783=CARTESIAN_POINT('Ctrl Pts',(-16.8844067443306,-31.662727345973,27.200075505701));
#11784=CARTESIAN_POINT('Ctrl Pts',(-16.9379870091676,-31.7325547145493,
27.200075505701));
#11785=CARTESIAN_POINT('Ctrl Pts',(-16.9885115627715,-31.8545317770925,
27.200075505701));
#11786=CARTESIAN_POINT('Ctrl Pts',(-17.0000000000001,-31.9417941515292,
27.200075505701));
#11787=CARTESIAN_POINT('Ctrl Pts',(-17.0000000000001,-31.9854273828291,
27.200075505701));
#11788=CARTESIAN_POINT('Origin',(-16.5000000000001,-11.9854273828291,27.6999999999999));
#11789=CARTESIAN_POINT('',(-16.5000000000001,-11.9854273828291,28.1999999999999));
#11790=CARTESIAN_POINT('Origin',(8.50000006332985,-31.9854273828291,27.6999999999999));
#11791=CARTESIAN_POINT('',(16.4999999999999,-31.9854273828291,28.1999999999999));
#11792=CARTESIAN_POINT('',(8.50000006332985,-31.9854273828291,28.1999999999999));
#11793=CARTESIAN_POINT('Origin',(16.4999999999999,-31.9854273828291,27.6999999999999));
#11794=CARTESIAN_POINT('',(8.50000006332985,-31.4854273828291,27.6999999999999));
#11795=CARTESIAN_POINT('Origin',(16.4999999999999,-31.9854273828291,27.6999999999999));
#11796=CARTESIAN_POINT('Origin',(16.4999999999999,-31.9854273828291,27.6999999999999));
#11797=CARTESIAN_POINT('Origin',(16.4999999999998,-42.9854273828291,27.6999999999999));
#11798=CARTESIAN_POINT('Origin',(16.4999999999998,-42.9854273828291,27.6999999999999));
#11799=CARTESIAN_POINT('Origin',(16.9999999999998,-31.4854273828291,27.1999999999999));
#11800=CARTESIAN_POINT('',(-16.0000000000001,-31.4854273828291,20.6999999999999));
#11801=CARTESIAN_POINT('Origin',(1.26659898125325E-7,-37.4854273828291,
28.1999999999999));
#11802=CARTESIAN_POINT('',(16.4999999999998,-41.9854273828292,28.1999999999999));
#11803=CARTESIAN_POINT('',(12.5,-37.4854273828291,28.1999999999999));
#11804=CARTESIAN_POINT('Origin',(10.,-37.4854273828291,28.1999999999999));
#11805=CARTESIAN_POINT('',(-7.5,-37.4854273828291,28.1999999999999));
#11806=CARTESIAN_POINT('Origin',(-10.,-37.4854273828291,28.1999999999999));
#11807=CARTESIAN_POINT('',(2.5,-37.4854273828291,28.1999999999999));
#11808=CARTESIAN_POINT('Origin',(0.,-37.4854273828291,28.1999999999999));
#11809=CARTESIAN_POINT('Origin',(16.4999999999998,-41.9854273828292,27.6999999999999));
#11810=CARTESIAN_POINT('Origin',(9.50611140775851,-11.7353273828293,6.4797795196315));
#11811=CARTESIAN_POINT('',(10.0061114077585,-8.48532738282929,6.4797795196315));
#11812=CARTESIAN_POINT('',(9.98301161459214,-8.48532738282929,6.62999999999964));
#11813=CARTESIAN_POINT('Origin',(9.50611140775851,-8.48532738282929,6.4797795196315));
#11814=CARTESIAN_POINT('',(10.0061114077585,-14.9850362122644,6.4797795196315));
#11815=CARTESIAN_POINT('',(10.0061114077585,-11.7353273828293,6.4797795196315));
#11816=CARTESIAN_POINT('',(9.92331980217909,-14.9855703404371,6.75534649084721));
#11817=CARTESIAN_POINT('Origin',(9.50611140775851,-14.9850362122644,6.4797795196315));
#11818=CARTESIAN_POINT('',(9.92331980217909,-8.48557034043708,6.75534649084721));
#11819=CARTESIAN_POINT('',(9.92331980217909,-11.7353273828293,6.75534649084721));
#11820=CARTESIAN_POINT('Origin',(9.50611140775851,-8.48503621226435,6.4797795196315));
#11821=CARTESIAN_POINT('Origin',(10.0061114077585,-8.48532738282929,4.09999999999997));
#11822=CARTESIAN_POINT('',(10.0061114077585,-8.48532738282929,4.09999999999997));
#11823=CARTESIAN_POINT('',(10.0061114077585,-8.48532738282929,4.09999999999997));
#11824=CARTESIAN_POINT('',(10.0061114077585,-14.9853273828293,4.09999999999997));
#11825=CARTESIAN_POINT('',(10.0061114077585,-10.1103273828293,4.09999999999997));
#11826=CARTESIAN_POINT('',(10.0061114077585,-14.9853273828293,6.09999999999997));
#11827=CARTESIAN_POINT('',(10.0061114077585,-14.9853273828293,3.59999999999997));
#11828=CARTESIAN_POINT('',(10.0061114077585,-14.9843000901523,6.09999999999997));
#11829=CARTESIAN_POINT('',(10.0061114077585,-14.9853273828293,6.09999999999997));
#11830=CARTESIAN_POINT('',(10.0061114077585,-14.9828632475566,5.35870533997723));
#11831=CARTESIAN_POINT('Origin',(10.5061114077585,-10.1103273828293,4.09999999999997));
#11832=CARTESIAN_POINT('',(10.5061114077585,-8.48532738282929,3.59999999999997));
#11833=CARTESIAN_POINT('Origin',(10.5061114077585,-8.48532738282929,4.09999999999997));
#11834=CARTESIAN_POINT('',(10.5061114077585,-14.9853273828293,3.59999999999997));
#11835=CARTESIAN_POINT('',(10.5061114077585,-10.1103273828293,3.59999999999997));
#11836=CARTESIAN_POINT('Origin',(10.5061114077585,-14.9853273828293,4.09999999999997));
#11837=CARTESIAN_POINT('Origin',(16.0061114077585,-11.7353273828293,3.59999999999997));
#11838=CARTESIAN_POINT('',(22.0061114077585,-8.48532738282929,3.59999999999997));
#11839=CARTESIAN_POINT('',(22.0061114077585,-8.48532738282929,3.59999999999997));
#11840=CARTESIAN_POINT('',(21.7120347372229,-9.18331699674776,3.59999999999997));
#11841=CARTESIAN_POINT('Origin',(21.0061649924427,-8.4749753394919,3.59999999999997));
#11842=CARTESIAN_POINT('',(21.0061114077585,-12.7354273828294,3.59999999999997));
#11843=CARTESIAN_POINT('Origin',(24.0061114077584,-11.4854273828293,3.59999999999997));
#11844=CARTESIAN_POINT('',(21.3778138425279,-13.3971156180295,3.59999999999997));
#11845=CARTESIAN_POINT('Ctrl Pts',(21.0061114077585,-12.7354273828294,3.59999999999997));
#11846=CARTESIAN_POINT('Ctrl Pts',(21.0807251847021,-12.9145004474939,3.59999999999997));
#11847=CARTESIAN_POINT('Ctrl Pts',(21.1706184299384,-13.0844883364535,3.59999999999997));
#11848=CARTESIAN_POINT('Ctrl Pts',(21.2709664819882,-13.2408425004107,3.59999999999997));
#11849=CARTESIAN_POINT('Ctrl Pts',(21.3054620555132,-13.2945906943074,3.59999999999997));
#11850=CARTESIAN_POINT('Ctrl Pts',(21.3411660655499,-13.3467301727311,3.59999999999997));
#11851=CARTESIAN_POINT('Ctrl Pts',(21.3778138425279,-13.3971156180295,3.59999999999997));
#11852=CARTESIAN_POINT('',(21.0061114077585,-14.8847866980487,3.59999999999997));
#11853=CARTESIAN_POINT('Ctrl Pts',(21.0061114077585,-14.8847866980487,3.59999999999997));
#11854=CARTESIAN_POINT('Ctrl Pts',(21.0164335959899,-14.8797716376493,3.59999999999997));
#11855=CARTESIAN_POINT('Ctrl Pts',(21.026586583702,-14.8746188657734,3.59999999999997));
#11856=CARTESIAN_POINT('Ctrl Pts',(21.1138950705488,-14.8284530453972,3.59999999999997));
#11857=CARTESIAN_POINT('Ctrl Pts',(21.1910097302525,-14.7738938154885,3.59999999999997));
#11858=CARTESIAN_POINT('Ctrl Pts',(21.3254152606384,-14.6460828296632,3.59999999999997));
#11859=CARTESIAN_POINT('Ctrl Pts',(21.3828061039687,-14.5728153180345,3.59999999999997));
#11860=CARTESIAN_POINT('Ctrl Pts',(21.470006561429,-14.4274759572841,3.59999999999997));
#11861=CARTESIAN_POINT('Ctrl Pts',(21.5075129735047,-14.3429567278498,3.59999999999997));
#11862=CARTESIAN_POINT('Ctrl Pts',(21.5570911536375,-14.1653041235299,3.59999999999997));
#11863=CARTESIAN_POINT('Ctrl Pts',(21.5691068994693,-14.0720460011931,3.59999999999997));
#11864=CARTESIAN_POINT('Ctrl Pts',(21.5691068994693,-13.8986087644655,3.59999999999997));
#11865=CARTESIAN_POINT('Ctrl Pts',(21.5570911536375,-13.8053506421287,3.59999999999997));
#11866=CARTESIAN_POINT('Ctrl Pts',(21.5075129735047,-13.6276980378088,3.59999999999997));
#11867=CARTESIAN_POINT('Ctrl Pts',(21.470006561429,-13.5431788083744,3.59999999999997));
#11868=CARTESIAN_POINT('Ctrl Pts',(21.4118182048234,-13.4461947007392,3.59999999999997));
#11869=CARTESIAN_POINT('Ctrl Pts',(21.3955310739425,-13.4214742740687,3.59999999999997));
#11870=CARTESIAN_POINT('Ctrl Pts',(21.3778138425313,-13.3971156180342,3.59999999999997));
#11871=CARTESIAN_POINT('',(20.5691068994693,-14.9853273828293,3.59999999999997));
#11872=CARTESIAN_POINT('Origin',(20.5691068994693,-13.9853273828293,3.59999999999997));
#11873=CARTESIAN_POINT('',(10.0061114077585,-14.9853273828293,3.59999999999997));
#11874=CARTESIAN_POINT('',(17.5561114077583,-11.4854273828291,3.59999999999997));
#11875=CARTESIAN_POINT('Origin',(16.0061114077583,-11.4854273828291,3.59999999999997));
#11876=CARTESIAN_POINT('Origin',(22.0061114077585,-8.48532738282929,4.09999999999997));
#11877=CARTESIAN_POINT('',(14.4411130631012,-8.48532738282929,6.62999999999997));
#11878=CARTESIAN_POINT('',(22.0061114077585,-8.48532738282929,6.62999999999997));
#11879=CARTESIAN_POINT('',(14.7573969877534,-8.48532738282928,6.09999999999997));
#11880=CARTESIAN_POINT('Ctrl Pts',(14.7573969877514,-8.48532738282929,6.10000000000324));
#11881=CARTESIAN_POINT('Ctrl Pts',(14.4592477610296,-8.48532738282929,6.62999999999501));
#11882=CARTESIAN_POINT('Ctrl Pts',(14.4411130631012,-8.48532738282929,6.62999999999997));
#11883=CARTESIAN_POINT('',(22.0061114077585,-8.48532738282929,6.09999999999997));
#11884=CARTESIAN_POINT('',(10.0061114077585,-8.48532738282929,6.09999999999997));
#11885=CARTESIAN_POINT('',(22.0061114077585,-8.48532738282929,4.09999999999997));
#11886=CARTESIAN_POINT('Origin',(-9.50611140775868,-35.2071165716077,6.4797795196315));
#11887=CARTESIAN_POINT('',(-9.92331980217925,-38.4571165716077,6.75534649084721));
#11888=CARTESIAN_POINT('',(-10.0061114077587,-38.4571165716077,6.4797795196315));
#11889=CARTESIAN_POINT('Origin',(-9.50611140775867,-38.4571165716077,6.4797795196315));
#11890=CARTESIAN_POINT('',(-10.0061114077587,-31.9571165716077,6.4797795196315));
#11891=CARTESIAN_POINT('',(-10.0061114077587,-35.2071165716077,6.4797795196315));
#11892=CARTESIAN_POINT('',(-9.92331980217927,-31.9571165716077,6.75534649084721));
#11893=CARTESIAN_POINT('Origin',(-9.50611140775868,-31.9571165716077,6.4797795196315));
#11894=CARTESIAN_POINT('',(-9.92331980217926,-35.2071165716077,6.75534649084721));
#11895=CARTESIAN_POINT('Origin',(-10.0061114077587,-38.4571165716077,4.09999999999997));
#11896=CARTESIAN_POINT('',(-10.0061114077587,-38.4571165716077,4.09999999999997));
#11897=CARTESIAN_POINT('',(-10.0061114077587,-38.4571165716077,4.09999999999997));
#11898=CARTESIAN_POINT('',(-10.0061114077587,-31.9571165716077,4.09999999999997));
#11899=CARTESIAN_POINT('',(-10.0061114077587,-36.8321165716077,4.09999999999997));
#11900=CARTESIAN_POINT('',(-10.0061114077587,-31.9571165716077,4.09999999999997));
#11901=CARTESIAN_POINT('Origin',(-10.5061114077587,-36.8321165716077,4.09999999999997));
#11902=CARTESIAN_POINT('',(-10.5061114077587,-31.9571165716077,3.59999999999997));
#11903=CARTESIAN_POINT('Origin',(-10.5061114077587,-31.9571165716077,4.09999999999997));
#11904=CARTESIAN_POINT('',(-10.5061114077587,-38.4571165716077,3.59999999999997));
#11905=CARTESIAN_POINT('Origin',(-10.5061114077587,-38.4571165716077,4.09999999999997));
#11906=CARTESIAN_POINT('',(-10.5061114077587,-36.8321165716077,3.59999999999997));
#11907=CARTESIAN_POINT('Origin',(-16.0061114077587,-35.2071165716077,3.59999999999997));
#11908=CARTESIAN_POINT('',(-20.2561647428046,-38.4571165716077,3.59999999999997));
#11909=CARTESIAN_POINT('',(-22.0061114077587,-38.4571165716077,3.59999999999997));
#11910=CARTESIAN_POINT('',(-21.0061114077587,-38.1186148707168,3.59999999999997));
#11911=CARTESIAN_POINT('Origin',(-20.2561647428046,-37.4571165716077,3.59999999999997));
#11912=CARTESIAN_POINT('',(-21.1385051345584,-36.9865048069017,3.59999999999997));
#11913=CARTESIAN_POINT('Ctrl Pts',(-21.1385051345584,-36.9865048069017,
3.59999999999997));
#11914=CARTESIAN_POINT('Ctrl Pts',(-21.1437353338954,-36.9963108008825,
3.59999999999997));
#11915=CARTESIAN_POINT('Ctrl Pts',(-21.1488035082314,-37.0062067615797,
3.59999999999997));
#11916=CARTESIAN_POINT('Ctrl Pts',(-21.2215568984475,-37.1543008007282,
3.59999999999997));
#11917=CARTESIAN_POINT('Ctrl Pts',(-21.2561647428046,-37.3091875009671,
3.59999999999997));
#11918=CARTESIAN_POINT('Ctrl Pts',(-21.2561647428046,-37.6050456422483,
3.59999999999997));
#11919=CARTESIAN_POINT('Ctrl Pts',(-21.2215568984475,-37.7599323424872,
3.59999999999997));
#11920=CARTESIAN_POINT('Ctrl Pts',(-21.1144093752895,-37.9780377729296,
3.59999999999997));
#11921=CARTESIAN_POINT('Ctrl Pts',(-21.0642488786994,-38.0527038887845,
3.59999999999997));
#11922=CARTESIAN_POINT('Ctrl Pts',(-21.0061114077587,-38.1186148707168,
3.59999999999997));
#11923=CARTESIAN_POINT('',(-21.0061114077587,-36.7070165716078,3.59999999999997));
#11924=CARTESIAN_POINT('Ctrl Pts',(-21.1385051345584,-36.9865048069017,
3.59999999999997));
#11925=CARTESIAN_POINT('Ctrl Pts',(-21.0904612184545,-36.8964282492469,
3.59999999999997));
#11926=CARTESIAN_POINT('Ctrl Pts',(-21.0461120403028,-36.8030180897137,
3.59999999999997));
#11927=CARTESIAN_POINT('Ctrl Pts',(-21.0061114077587,-36.7070165716078,
3.59999999999997));
#11928=CARTESIAN_POINT('',(-21.0061114077587,-34.2070165716076,3.59999999999997));
#11929=CARTESIAN_POINT('Origin',(-24.0061114077586,-35.4570165716077,3.59999999999997));
#11930=CARTESIAN_POINT('',(-21.377813842528,-33.5453283364075,3.59999999999997));
#11931=CARTESIAN_POINT('Ctrl Pts',(-21.0061114077587,-34.2070165716076,
3.59999999999997));
#11932=CARTESIAN_POINT('Ctrl Pts',(-21.0807251847022,-34.0279435069431,
3.59999999999997));
#11933=CARTESIAN_POINT('Ctrl Pts',(-21.1706184299386,-33.8579556179835,
3.59999999999997));
#11934=CARTESIAN_POINT('Ctrl Pts',(-21.2709664819884,-33.7016014540263,
3.59999999999997));
#11935=CARTESIAN_POINT('Ctrl Pts',(-21.3054620555134,-33.6478532601296,
3.59999999999997));
#11936=CARTESIAN_POINT('Ctrl Pts',(-21.3411660655501,-33.5957137817059,
3.59999999999997));
#11937=CARTESIAN_POINT('Ctrl Pts',(-21.377813842528,-33.5453283364075,3.59999999999997));
#11938=CARTESIAN_POINT('',(-21.0061114077587,-32.0576572563883,3.59999999999997));
#11939=CARTESIAN_POINT('Ctrl Pts',(-21.0061114077587,-32.0576572563883,
3.59999999999997));
#11940=CARTESIAN_POINT('Ctrl Pts',(-21.0164335959901,-32.0626723167877,
3.59999999999997));
#11941=CARTESIAN_POINT('Ctrl Pts',(-21.0265865837022,-32.0678250886636,
3.59999999999997));
#11942=CARTESIAN_POINT('Ctrl Pts',(-21.113895070549,-32.1139909090398,3.59999999999997));
#11943=CARTESIAN_POINT('Ctrl Pts',(-21.1910097302526,-32.1685501389484,
3.59999999999997));
#11944=CARTESIAN_POINT('Ctrl Pts',(-21.3254152606386,-32.2963611247738,
3.59999999999997));
#11945=CARTESIAN_POINT('Ctrl Pts',(-21.3828061039689,-32.3696286364025,
3.59999999999997));
#11946=CARTESIAN_POINT('Ctrl Pts',(-21.4700065614292,-32.5149679971529,
3.59999999999997));
#11947=CARTESIAN_POINT('Ctrl Pts',(-21.5075129735049,-32.5994872265872,
3.59999999999997));
#11948=CARTESIAN_POINT('Ctrl Pts',(-21.5570911536377,-32.7771398309071,
3.59999999999997));
#11949=CARTESIAN_POINT('Ctrl Pts',(-21.5691068994695,-32.8703979532439,
3.59999999999997));
#11950=CARTESIAN_POINT('Ctrl Pts',(-21.5691068994695,-33.0438351899715,
3.59999999999997));
#11951=CARTESIAN_POINT('Ctrl Pts',(-21.5570911536377,-33.1370933123083,
3.59999999999997));
#11952=CARTESIAN_POINT('Ctrl Pts',(-21.5075129735049,-33.3147459166282,
3.59999999999997));
#11953=CARTESIAN_POINT('Ctrl Pts',(-21.4700065614292,-33.3992651460626,
3.59999999999997));
#11954=CARTESIAN_POINT('Ctrl Pts',(-21.4118182048236,-33.4962492536978,
3.59999999999997));
#11955=CARTESIAN_POINT('Ctrl Pts',(-21.3955310739427,-33.5209696803683,
3.59999999999997));
#11956=CARTESIAN_POINT('Ctrl Pts',(-21.3778138425314,-33.5453283364028,
3.59999999999997));
#11957=CARTESIAN_POINT('',(-20.5691068994695,-31.9571165716077,3.59999999999997));
#11958=CARTESIAN_POINT('Origin',(-20.5691068994695,-32.9571165716077,3.59999999999997));
#11959=CARTESIAN_POINT('',(-10.0061114077587,-31.9571165716077,3.59999999999997));
#11960=CARTESIAN_POINT('',(-14.4438885922415,-35.4854273828291,3.59999999999997));
#11961=CARTESIAN_POINT('Origin',(-15.9938885922415,-35.4854273828291,3.59999999999997));
#11962=CARTESIAN_POINT('Origin',(-22.0061114077587,-38.4571165716077,4.09999999999997));
#11963=CARTESIAN_POINT('',(-5.33636239851165,-38.4571165716077,13.6999999999999));
#11964=CARTESIAN_POINT('',(-10.0061114077587,-38.4571165716077,6.62999999999997));
#11965=CARTESIAN_POINT('',(-10.7048017594214,-38.4571165716077,13.6999999999999));
#11966=CARTESIAN_POINT('',(-11.0030557038794,-38.4571165716077,13.6999999999999));
#11967=CARTESIAN_POINT('',(-14.7206538069776,-38.4571165716077,6.09999999999997));
#11968=CARTESIAN_POINT('',(-15.8504980822238,-38.4571165716077,3.96176970909647));
#11969=CARTESIAN_POINT('',(-20.2561647428046,-38.4571165716077,6.09999999999997));
#11970=CARTESIAN_POINT('',(-10.0061114077587,-38.4571165716077,6.09999999999997));
#11971=CARTESIAN_POINT('',(-20.2561647428046,-38.4571165716077,4.09999999999997));
#11972=CARTESIAN_POINT('Ctrl Pts',(14.7048017594213,-10.0562648123439,6.62999999999997));
#11973=CARTESIAN_POINT('Ctrl Pts',(14.7048017594213,-10.0562648123439,6.37999999999997));
#11974=CARTESIAN_POINT('Ctrl Pts',(14.7062583730926,-10.05362460634,6.62999999999997));
#11975=CARTESIAN_POINT('Ctrl Pts',(14.7062583730926,-10.05362460634,6.37999999999997));
#11976=CARTESIAN_POINT('Ctrl Pts',(14.7077150503444,-10.0509854731539,6.62999999999993));
#11977=CARTESIAN_POINT('Ctrl Pts',(14.7077150503444,-10.0509854731539,6.37999999999993));
#11978=CARTESIAN_POINT('Ctrl Pts',(14.8049443308653,-9.87489241221796,6.62999999999993));
#11979=CARTESIAN_POINT('Ctrl Pts',(14.8049443308653,-9.87489241221796,6.37999999999993));
#11980=CARTESIAN_POINT('Ctrl Pts',(14.8945290735688,-9.71663953471602,6.62999999999997));
#11981=CARTESIAN_POINT('Ctrl Pts',(14.8945290735688,-9.71663953471602,6.37999999999997));
#11982=CARTESIAN_POINT('Ctrl Pts',(14.9564465003611,-9.52646071091632,6.62999999999997));
#11983=CARTESIAN_POINT('Ctrl Pts',(14.9564465003611,-9.52646071091632,6.37999999999997));
#11984=CARTESIAN_POINT('Ctrl Pts',(14.9625116507719,-9.50640571838977,6.62999999999997));
#11985=CARTESIAN_POINT('Ctrl Pts',(14.9625116507719,-9.50640571838977,6.37999999999997));
#11986=CARTESIAN_POINT('Ctrl Pts',(14.96824503722,-9.48532736863843,6.62999999999997));
#11987=CARTESIAN_POINT('Ctrl Pts',(14.96824503722,-9.48532736863843,6.37999999999997));
#11988=CARTESIAN_POINT('',(14.7048017594213,-10.0562648123439,6.62999999999997));
#11989=CARTESIAN_POINT('',(14.9682450372199,-9.48532736863878,6.62999999999997));
#11990=CARTESIAN_POINT('Ctrl Pts',(14.96824503722,-9.48532736863843,6.62999999999997));
#11991=CARTESIAN_POINT('Ctrl Pts',(14.9625116507719,-9.50640571838977,6.62999999999997));
#11992=CARTESIAN_POINT('Ctrl Pts',(14.9564465003611,-9.52646071091632,6.62999999999997));
#11993=CARTESIAN_POINT('Ctrl Pts',(14.9502832628792,-9.54539103983701,6.62999999999997));
#11994=CARTESIAN_POINT('Ctrl Pts',(14.8945290735688,-9.71663953471602,6.62999999999997));
#11995=CARTESIAN_POINT('Ctrl Pts',(14.8049443308653,-9.87489241221796,6.62999999999993));
#11996=CARTESIAN_POINT('Ctrl Pts',(14.7091725596173,-10.0483457614555,6.62999999999993));
#11997=CARTESIAN_POINT('Ctrl Pts',(14.7077150503444,-10.0509854731539,6.62999999999993));
#11998=CARTESIAN_POINT('Ctrl Pts',(14.7062583730926,-10.05362460634,6.62999999999997));
#11999=CARTESIAN_POINT('Ctrl Pts',(14.7048017594213,-10.0562648123439,6.62999999999997));
#12000=CARTESIAN_POINT('',(14.7048017594213,-10.0562648123439,6.37999999999997));
#12001=CARTESIAN_POINT('',(14.7048017594213,-10.0562648123439,6.62999999999997));
#12002=CARTESIAN_POINT('',(14.9682450372199,-9.48532736863878,6.37999999999997));
#12003=CARTESIAN_POINT('Ctrl Pts',(14.7048017594213,-10.0562648123439,6.37999999999997));
#12004=CARTESIAN_POINT('Ctrl Pts',(14.7062583730926,-10.05362460634,6.37999999999997));
#12005=CARTESIAN_POINT('Ctrl Pts',(14.7077150503444,-10.0509854731539,6.37999999999993));
#12006=CARTESIAN_POINT('Ctrl Pts',(14.7091725596173,-10.0483457614555,6.37999999999993));
#12007=CARTESIAN_POINT('Ctrl Pts',(14.8049443308653,-9.87489241221796,6.37999999999993));
#12008=CARTESIAN_POINT('Ctrl Pts',(14.8945290735688,-9.71663953471602,6.37999999999997));
#12009=CARTESIAN_POINT('Ctrl Pts',(14.9502832628792,-9.54539103983701,6.37999999999997));
#12010=CARTESIAN_POINT('Ctrl Pts',(14.9564465003611,-9.52646071091632,6.37999999999997));
#12011=CARTESIAN_POINT('Ctrl Pts',(14.9625116507719,-9.50640571838977,6.37999999999997));
#12012=CARTESIAN_POINT('Ctrl Pts',(14.96824503722,-9.48532736863843,6.37999999999997));
#12013=CARTESIAN_POINT('',(14.9682450372199,-9.48532736863878,6.62999999999997));
#12014=CARTESIAN_POINT('Ctrl Pts',(14.7048017594213,-12.922292644285,6.62999999999997));
#12015=CARTESIAN_POINT('Ctrl Pts',(14.7048017594213,-12.922292644285,6.37999999999997));
#12016=CARTESIAN_POINT('Ctrl Pts',(14.5887348796194,-12.8241141537398,6.62999999999997));
#12017=CARTESIAN_POINT('Ctrl Pts',(14.5887348796194,-12.8241141537398,6.37999999999997));
#12018=CARTESIAN_POINT('Ctrl Pts',(14.4852399241968,-12.7111057287046,6.62999999999997));
#12019=CARTESIAN_POINT('Ctrl Pts',(14.4852399241968,-12.7111057287046,6.37999999999997));
#12020=CARTESIAN_POINT('Ctrl Pts',(14.2826718486915,-12.426452408029,6.62999999999997));
#12021=CARTESIAN_POINT('Ctrl Pts',(14.2826718486915,-12.426452408029,6.37999999999997));
#12022=CARTESIAN_POINT('Ctrl Pts',(14.1941660893915,-12.2473424774677,6.62999999999997));
#12023=CARTESIAN_POINT('Ctrl Pts',(14.1941660893915,-12.2473424774677,6.37999999999997));
#12024=CARTESIAN_POINT('Ctrl Pts',(14.098396836916,-11.9412739864826,6.62999999999997));
#12025=CARTESIAN_POINT('Ctrl Pts',(14.098396836916,-11.9412739864826,6.37999999999997));
#12026=CARTESIAN_POINT('Ctrl Pts',(14.0730667358398,-11.819967306865,6.62999999999997));
#12027=CARTESIAN_POINT('Ctrl Pts',(14.0730667358398,-11.819967306865,6.37999999999997));
#12028=CARTESIAN_POINT('Ctrl Pts',(14.0596359851283,-11.6973633540173,6.62999999999997));
#12029=CARTESIAN_POINT('Ctrl Pts',(14.0596359851283,-11.6973633540173,6.37999999999997));
#12030=CARTESIAN_POINT('Ctrl Pts',(14.0461385929639,-11.5741510579942,6.62999999999997));
#12031=CARTESIAN_POINT('Ctrl Pts',(14.0461385929639,-11.5741510579942,6.37999999999997));
#12032=CARTESIAN_POINT('Ctrl Pts',(14.0446578512379,-11.4496195733963,6.62999999999997));
#12033=CARTESIAN_POINT('Ctrl Pts',(14.0446578512379,-11.4496195733963,6.37999999999997));
#12034=CARTESIAN_POINT('Ctrl Pts',(14.0721218415644,-11.1284983262135,6.62999999999997));
#12035=CARTESIAN_POINT('Ctrl Pts',(14.0721218415644,-11.1284983262135,6.37999999999997));
#12036=CARTESIAN_POINT('Ctrl Pts',(14.1199768584463,-10.9335511995373,6.62999999999997));
#12037=CARTESIAN_POINT('Ctrl Pts',(14.1199768584463,-10.9335511995373,6.37999999999997));
#12038=CARTESIAN_POINT('Ctrl Pts',(14.2968177389001,-10.5130720608117,6.62999999999997));
#12039=CARTESIAN_POINT('Ctrl Pts',(14.2968177389001,-10.5130720608117,6.37999999999997));
#12040=CARTESIAN_POINT('Ctrl Pts',(14.4461154355397,-10.296017983139,6.62999999999997));
#12041=CARTESIAN_POINT('Ctrl Pts',(14.4461154355397,-10.296017983139,6.37999999999997));
#12042=CARTESIAN_POINT('Ctrl Pts',(14.6570068230128,-10.0977563184638,6.62999999999997));
#12043=CARTESIAN_POINT('Ctrl Pts',(14.6570068230128,-10.0977563184638,6.37999999999997));
#12044=CARTESIAN_POINT('Ctrl Pts',(14.6806296632424,-10.076692104374,6.62999999999997));
#12045=CARTESIAN_POINT('Ctrl Pts',(14.6806296632424,-10.076692104374,6.37999999999997));
#12046=CARTESIAN_POINT('Ctrl Pts',(14.7048017594213,-10.0562648123439,6.62999999999997));
#12047=CARTESIAN_POINT('Ctrl Pts',(14.7048017594213,-10.0562648123439,6.37999999999997));
#12048=CARTESIAN_POINT('',(14.7048017594213,-12.922292644285,6.62999999999997));
#12049=CARTESIAN_POINT('Ctrl Pts',(14.7050875643255,-12.9219553194877,6.62999999999997));
#12050=CARTESIAN_POINT('Ctrl Pts',(14.5036140340004,-12.7507602528327,6.62999999999997));
#12051=CARTESIAN_POINT('Ctrl Pts',(14.1124337964588,-12.2339051569933,6.62999999999997));
#12052=CARTESIAN_POINT('Ctrl Pts',(13.9466761511014,-11.1150488073564,6.62999999999997));
#12053=CARTESIAN_POINT('Ctrl Pts',(14.3644778401608,-10.3481795908039,6.62999999999997));
#12054=CARTESIAN_POINT('Ctrl Pts',(14.705413282513,-10.0569866266055,6.62999999999997));
#12055=CARTESIAN_POINT('',(14.7048017594213,-12.922292644285,6.37999999999997));
#12056=CARTESIAN_POINT('',(14.7048017594213,-12.922292644285,6.62999999999997));
#12057=CARTESIAN_POINT('Ctrl Pts',(14.7048017594213,-12.922292644285,6.37999999999997));
#12058=CARTESIAN_POINT('Ctrl Pts',(14.5887348796194,-12.8241141537398,6.37999999999997));
#12059=CARTESIAN_POINT('Ctrl Pts',(14.4852399241968,-12.7111057287046,6.37999999999997));
#12060=CARTESIAN_POINT('Ctrl Pts',(14.3970932664353,-12.587240017014,6.37999999999997));
#12061=CARTESIAN_POINT('Ctrl Pts',(14.2826718486915,-12.426452408029,6.37999999999997));
#12062=CARTESIAN_POINT('Ctrl Pts',(14.1941660893915,-12.2473424774677,6.37999999999997));
#12063=CARTESIAN_POINT('Ctrl Pts',(14.1352311647912,-12.0589926368615,6.37999999999997));
#12064=CARTESIAN_POINT('Ctrl Pts',(14.098396836916,-11.9412739864826,6.37999999999997));
#12065=CARTESIAN_POINT('Ctrl Pts',(14.0730667358398,-11.819967306865,6.37999999999997));
#12066=CARTESIAN_POINT('Ctrl Pts',(14.0596359851283,-11.6973633540173,6.37999999999997));
#12067=CARTESIAN_POINT('Ctrl Pts',(14.0461385929639,-11.5741510579942,6.37999999999997));
#12068=CARTESIAN_POINT('Ctrl Pts',(14.0446578512379,-11.4496195733963,6.37999999999997));
#12069=CARTESIAN_POINT('Ctrl Pts',(14.0552209244404,-11.3261114014029,6.37999999999997));
#12070=CARTESIAN_POINT('Ctrl Pts',(14.0721218415644,-11.1284983262135,6.37999999999997));
#12071=CARTESIAN_POINT('Ctrl Pts',(14.1199768584463,-10.9335511995373,6.37999999999997));
#12072=CARTESIAN_POINT('Ctrl Pts',(14.1968641977741,-10.7507341827001,6.37999999999997));
#12073=CARTESIAN_POINT('Ctrl Pts',(14.2968177389001,-10.5130720608117,6.37999999999997));
#12074=CARTESIAN_POINT('Ctrl Pts',(14.4461154355397,-10.296017983139,6.37999999999997));
#12075=CARTESIAN_POINT('Ctrl Pts',(14.6339527533918,-10.1194297413351,6.37999999999997));
#12076=CARTESIAN_POINT('Ctrl Pts',(14.6570068230128,-10.0977563184638,6.37999999999997));
#12077=CARTESIAN_POINT('Ctrl Pts',(14.6806296632424,-10.076692104374,6.37999999999997));
#12078=CARTESIAN_POINT('Ctrl Pts',(14.7048017594213,-10.0562648123439,6.37999999999997));
#12079=CARTESIAN_POINT('Ctrl Pts',(15.0061114077585,-13.7641840170283,6.62999999999997));
#12080=CARTESIAN_POINT('Ctrl Pts',(15.0061114077585,-13.7641840170283,6.37999999999997));
#12081=CARTESIAN_POINT('Ctrl Pts',(15.0061114077585,-13.6359374250046,6.62999999999997));
#12082=CARTESIAN_POINT('Ctrl Pts',(15.0061114077585,-13.6359374250046,6.37999999999997));
#12083=CARTESIAN_POINT('Ctrl Pts',(14.979187086958,-13.5219642317141,6.62999999999997));
#12084=CARTESIAN_POINT('Ctrl Pts',(14.979187086958,-13.5219642317141,6.37999999999997));
#12085=CARTESIAN_POINT('Ctrl Pts',(14.8942700583111,-13.2616568530489,6.62999999999997));
#12086=CARTESIAN_POINT('Ctrl Pts',(14.8942700583111,-13.2616568530489,6.37999999999997));
#12087=CARTESIAN_POINT('Ctrl Pts',(14.8048768569362,-13.1036332148321,6.62999999999991));
#12088=CARTESIAN_POINT('Ctrl Pts',(14.8048768569362,-13.1036332148321,6.37999999999991));
#12089=CARTESIAN_POINT('Ctrl Pts',(14.7077855186738,-12.9277024395296,6.62999999999991));
#12090=CARTESIAN_POINT('Ctrl Pts',(14.7077855186738,-12.9277024395296,6.37999999999991));
#12091=CARTESIAN_POINT('Ctrl Pts',(14.7062936088833,-12.9249981109367,6.62999999999997));
#12092=CARTESIAN_POINT('Ctrl Pts',(14.7062936088833,-12.9249981109367,6.37999999999997));
#12093=CARTESIAN_POINT('Ctrl Pts',(14.7048017594213,-12.922292644285,6.62999999999997));
#12094=CARTESIAN_POINT('Ctrl Pts',(14.7048017594213,-12.922292644285,6.37999999999997));
#12095=CARTESIAN_POINT('',(15.0061114054623,-13.7641840271804,6.63000000434555));
#12096=CARTESIAN_POINT('Ctrl Pts',(14.7048017594213,-12.922292644285,6.62999999999997));
#12097=CARTESIAN_POINT('Ctrl Pts',(14.7062936088833,-12.9249981109367,6.62999999999997));
#12098=CARTESIAN_POINT('Ctrl Pts',(14.7077855186738,-12.9277024395296,6.62999999999991));
#12099=CARTESIAN_POINT('Ctrl Pts',(14.7092783056257,-12.9304073890185,6.62999999999991));
#12100=CARTESIAN_POINT('Ctrl Pts',(14.8048768569362,-13.1036332148321,6.62999999999991));
#12101=CARTESIAN_POINT('Ctrl Pts',(14.8942700583111,-13.2616568530489,6.62999999999997));
#12102=CARTESIAN_POINT('Ctrl Pts',(14.9500172324425,-13.4325460256607,6.62999999999997));
#12103=CARTESIAN_POINT('Ctrl Pts',(14.979187086958,-13.5219642317141,6.62999999999997));
#12104=CARTESIAN_POINT('Ctrl Pts',(15.0061114077585,-13.6359374250046,6.62999999999997));
#12105=CARTESIAN_POINT('Ctrl Pts',(15.0061114077585,-13.7641840170283,6.62999999999997));
#12106=CARTESIAN_POINT('',(15.0061114054623,-13.7641840271804,6.38000000434555));
#12107=CARTESIAN_POINT('',(15.0061114054623,-13.7641840271804,6.63000000434555));
#12108=CARTESIAN_POINT('Ctrl Pts',(15.0061114077585,-13.7641840170283,6.37999999999997));
#12109=CARTESIAN_POINT('Ctrl Pts',(15.0061114077585,-13.6359374250046,6.37999999999997));
#12110=CARTESIAN_POINT('Ctrl Pts',(14.979187086958,-13.5219642317141,6.37999999999997));
#12111=CARTESIAN_POINT('Ctrl Pts',(14.9500172324425,-13.4325460256607,6.37999999999997));
#12112=CARTESIAN_POINT('Ctrl Pts',(14.8942700583111,-13.2616568530489,6.37999999999997));
#12113=CARTESIAN_POINT('Ctrl Pts',(14.8048768569362,-13.1036332148321,6.37999999999991));
#12114=CARTESIAN_POINT('Ctrl Pts',(14.7092783056257,-12.9304073890185,6.37999999999991));
#12115=CARTESIAN_POINT('Ctrl Pts',(14.7077855186738,-12.9277024395296,6.37999999999991));
#12116=CARTESIAN_POINT('Ctrl Pts',(14.7062936088833,-12.9249981109367,6.37999999999997));
#12117=CARTESIAN_POINT('Ctrl Pts',(14.7048017594213,-12.922292644285,6.37999999999997));
#12118=CARTESIAN_POINT('Origin',(15.0061114077585,-13.9853273828293,6.62999999999997));
#12119=CARTESIAN_POINT('',(15.0061114077585,-13.9853273828293,6.62999999999997));
#12120=CARTESIAN_POINT('',(15.0061114077585,-12.7560213065682,6.62999999999997));
#12121=CARTESIAN_POINT('',(15.0061114077585,-13.9853273828293,6.37999999999997));
#12122=CARTESIAN_POINT('',(15.0061114077585,-13.9853273828293,6.62999999999997));
#12123=CARTESIAN_POINT('',(15.0061114077585,-12.7560213065682,6.37999999999997));
#12124=CARTESIAN_POINT('Origin',(21.5691068994693,-13.9853273828293,6.62999999999997));
#12125=CARTESIAN_POINT('',(21.5691068994693,-13.9853273828293,6.62999999999997));
#12126=CARTESIAN_POINT('',(13.0061114077585,-13.9853273828293,6.62999999999997));
#12127=CARTESIAN_POINT('',(21.5691068994693,-13.9853273828293,6.37999999999997));
#12128=CARTESIAN_POINT('',(21.5691068994693,-13.9853273828293,4.09999999999997));
#12129=CARTESIAN_POINT('',(13.0061114077585,-13.9853273828293,6.37999999999997));
#12130=CARTESIAN_POINT('Origin',(14.9682450372199,-9.48532738282929,6.62999999999997));
#12131=CARTESIAN_POINT('',(21.444451791416,-9.48532738282929,6.62999999999997));
#12132=CARTESIAN_POINT('',(19.0061114077585,-9.48532738282929,6.62999999999997));
#12133=CARTESIAN_POINT('',(21.444451791416,-9.48532738282929,6.37999999999997));
#12134=CARTESIAN_POINT('',(19.0061114077585,-9.48532738282929,6.37999999999997));
#12135=CARTESIAN_POINT('',(21.444451791416,-9.48532738282929,4.09999999999997));
#12136=CARTESIAN_POINT('Origin',(16.0061114077585,-11.7353273828293,6.37999999999997));
#12137=CARTESIAN_POINT('',(21.3778138425961,-13.3971156181234,6.37999999999997));
#12138=CARTESIAN_POINT('Origin',(20.5691068994693,-13.9853273828293,6.37999999999997));
#12139=CARTESIAN_POINT('Origin',(24.0061114077584,-11.4854273828293,6.37999999999997));
#12140=CARTESIAN_POINT('',(17.5561114077583,-11.4854273828291,6.37999999999997));
#12141=CARTESIAN_POINT('Origin',(16.0061114077583,-11.4854273828291,6.37999999999997));
#12142=CARTESIAN_POINT('Ctrl Pts',(-14.7048017594214,-36.8872316999111,
6.62999999999997));
#12143=CARTESIAN_POINT('Ctrl Pts',(-14.7048017594214,-36.8872316999111,
6.37999999999997));
#12144=CARTESIAN_POINT('Ctrl Pts',(-14.7062584337304,-36.8898722076421,
6.62999999999997));
#12145=CARTESIAN_POINT('Ctrl Pts',(-14.7062584337304,-36.8898722076421,
6.37999999999997));
#12146=CARTESIAN_POINT('Ctrl Pts',(-14.7077151733671,-36.892511645427,6.62999999999992));
#12147=CARTESIAN_POINT('Ctrl Pts',(-14.7077151733671,-36.892511645427,6.37999999999992));
#12148=CARTESIAN_POINT('Ctrl Pts',(-14.804948408065,-37.0686246384036,6.62999999999992));
#12149=CARTESIAN_POINT('Ctrl Pts',(-14.804948408065,-37.0686246384036,6.37999999999992));
#12150=CARTESIAN_POINT('Ctrl Pts',(-14.8945342980714,-37.2268901810104,
6.62999999999997));
#12151=CARTESIAN_POINT('Ctrl Pts',(-14.8945342980714,-37.2268901810104,
6.37999999999997));
#12152=CARTESIAN_POINT('Ctrl Pts',(-14.9563439287343,-37.4167492928936,
6.62999999999997));
#12153=CARTESIAN_POINT('Ctrl Pts',(-14.9563439287343,-37.4167492928936,
6.37999999999997));
#12154=CARTESIAN_POINT('Ctrl Pts',(-14.9623054426679,-37.4364383578171,
6.62999999999997));
#12155=CARTESIAN_POINT('Ctrl Pts',(-14.9623054426679,-37.4364383578171,
6.37999999999997));
#12156=CARTESIAN_POINT('Ctrl Pts',(-14.9679503618314,-37.4571165859197,
6.62999999999997));
#12157=CARTESIAN_POINT('Ctrl Pts',(-14.9679503618314,-37.4571165859197,
6.37999999999997));
#12158=CARTESIAN_POINT('',(-14.7048017594214,-36.8872316999111,6.62999999999997));
#12159=CARTESIAN_POINT('',(-14.9679503618313,-37.4571165859194,6.62999999999997));
#12160=CARTESIAN_POINT('Ctrl Pts',(-14.9679503618314,-37.4571165859197,
6.62999999999997));
#12161=CARTESIAN_POINT('Ctrl Pts',(-14.9623054426679,-37.4364383578171,
6.62999999999997));
#12162=CARTESIAN_POINT('Ctrl Pts',(-14.9563439287343,-37.4167492928936,
6.62999999999997));
#12163=CARTESIAN_POINT('Ctrl Pts',(-14.9502873580421,-37.3981454746805,
6.62999999999997));
#12164=CARTESIAN_POINT('Ctrl Pts',(-14.8945342980714,-37.2268901810104,
6.62999999999997));
#12165=CARTESIAN_POINT('Ctrl Pts',(-14.804948408065,-37.0686246384036,6.62999999999992));
#12166=CARTESIAN_POINT('Ctrl Pts',(-14.7091727434912,-36.8951516587704,
6.62999999999992));
#12167=CARTESIAN_POINT('Ctrl Pts',(-14.7077151733671,-36.892511645427,6.62999999999992));
#12168=CARTESIAN_POINT('Ctrl Pts',(-14.7062584337304,-36.8898722076421,
6.62999999999997));
#12169=CARTESIAN_POINT('Ctrl Pts',(-14.7048017594214,-36.8872316999111,
6.62999999999997));
#12170=CARTESIAN_POINT('',(-14.7048017594214,-36.8872316999111,6.37999999999997));
#12171=CARTESIAN_POINT('',(-14.7048017594214,-36.8872316999111,6.62999999999997));
#12172=CARTESIAN_POINT('',(-14.9679503618313,-37.4571165859194,6.37999999999997));
#12173=CARTESIAN_POINT('Ctrl Pts',(-14.7048017594214,-36.8872316999111,
6.37999999999997));
#12174=CARTESIAN_POINT('Ctrl Pts',(-14.7062584337304,-36.8898722076421,
6.37999999999997));
#12175=CARTESIAN_POINT('Ctrl Pts',(-14.7077151733671,-36.892511645427,6.37999999999992));
#12176=CARTESIAN_POINT('Ctrl Pts',(-14.7091727434912,-36.8951516587704,
6.37999999999992));
#12177=CARTESIAN_POINT('Ctrl Pts',(-14.804948408065,-37.0686246384036,6.37999999999992));
#12178=CARTESIAN_POINT('Ctrl Pts',(-14.8945342980714,-37.2268901810104,
6.37999999999997));
#12179=CARTESIAN_POINT('Ctrl Pts',(-14.9502873580421,-37.3981454746805,
6.37999999999997));
#12180=CARTESIAN_POINT('Ctrl Pts',(-14.9563439287343,-37.4167492928936,
6.37999999999997));
#12181=CARTESIAN_POINT('Ctrl Pts',(-14.9623054426679,-37.4364383578171,
6.37999999999997));
#12182=CARTESIAN_POINT('Ctrl Pts',(-14.9679503618314,-37.4571165859197,
6.37999999999997));
#12183=CARTESIAN_POINT('',(-14.9679503618313,-37.4571165859194,6.62999999999997));
#12184=CARTESIAN_POINT('Ctrl Pts',(-14.7048017594214,-34.0211918800481,
6.62999999999997));
#12185=CARTESIAN_POINT('Ctrl Pts',(-14.7048017594214,-34.0211918800481,
6.37999999999997));
#12186=CARTESIAN_POINT('Ctrl Pts',(-14.5886867524643,-34.1193989156327,
6.62999999999997));
#12187=CARTESIAN_POINT('Ctrl Pts',(-14.5886867524643,-34.1193989156327,
6.37999999999997));
#12188=CARTESIAN_POINT('Ctrl Pts',(-14.4851550939405,-34.2324512977072,
6.62999999999997));
#12189=CARTESIAN_POINT('Ctrl Pts',(-14.4851550939405,-34.2324512977072,
6.37999999999997));
#12190=CARTESIAN_POINT('Ctrl Pts',(-14.2825875329963,-34.5171501968046,
6.62999999999997));
#12191=CARTESIAN_POINT('Ctrl Pts',(-14.2825875329963,-34.5171501968046,
6.37999999999997));
#12192=CARTESIAN_POINT('Ctrl Pts',(-14.1941045713794,-34.6962505198892,
6.62999999999997));
#12193=CARTESIAN_POINT('Ctrl Pts',(-14.1941045713794,-34.6962505198892,
6.37999999999997));
#12194=CARTESIAN_POINT('Ctrl Pts',(-14.0983661743586,-35.0022972677109,
6.62999999999997));
#12195=CARTESIAN_POINT('Ctrl Pts',(-14.0983661743586,-35.0022972677109,
6.37999999999997));
#12196=CARTESIAN_POINT('Ctrl Pts',(-14.0730464620675,-35.1235941985971,
6.62999999999997));
#12197=CARTESIAN_POINT('Ctrl Pts',(-14.0730464620675,-35.1235941985971,
6.37999999999997));
#12198=CARTESIAN_POINT('Ctrl Pts',(-14.0596240088696,-35.2461874739887,
6.62999999999997));
#12199=CARTESIAN_POINT('Ctrl Pts',(-14.0596240088696,-35.2461874739887,
6.37999999999997));
#12200=CARTESIAN_POINT('Ctrl Pts',(-14.0461326424052,-35.3694101651016,
6.62999999999997));
#12201=CARTESIAN_POINT('Ctrl Pts',(-14.0461326424052,-35.3694101651016,
6.37999999999997));
#12202=CARTESIAN_POINT('Ctrl Pts',(-14.0446599529461,-35.4939515606721,
6.62999999999997));
#12203=CARTESIAN_POINT('Ctrl Pts',(-14.0446599529461,-35.4939515606721,
6.37999999999997));
#12204=CARTESIAN_POINT('Ctrl Pts',(-14.0721490143361,-35.8150959263278,
6.62999999999997));
#12205=CARTESIAN_POINT('Ctrl Pts',(-14.0721490143361,-35.8150959263278,
6.37999999999997));
#12206=CARTESIAN_POINT('Ctrl Pts',(-14.1200235951011,-36.0100545529395,
6.62999999999997));
#12207=CARTESIAN_POINT('Ctrl Pts',(-14.1200235951011,-36.0100545529395,
6.37999999999997));
#12208=CARTESIAN_POINT('Ctrl Pts',(-14.2969131090241,-36.4305519116297,
6.62999999999997));
#12209=CARTESIAN_POINT('Ctrl Pts',(-14.2969131090241,-36.4305519116297,
6.37999999999997));
#12210=CARTESIAN_POINT('Ctrl Pts',(-14.4462407580757,-36.6476095158603,
6.62999999999997));
#12211=CARTESIAN_POINT('Ctrl Pts',(-14.4462407580757,-36.6476095158603,
6.37999999999997));
#12212=CARTESIAN_POINT('Ctrl Pts',(-14.6571096450559,-36.8458265932574,
6.62999999999997));
#12213=CARTESIAN_POINT('Ctrl Pts',(-14.6571096450559,-36.8458265932574,
6.37999999999997));
#12214=CARTESIAN_POINT('Ctrl Pts',(-14.6806822914277,-36.8668461579554,
6.62999999999997));
#12215=CARTESIAN_POINT('Ctrl Pts',(-14.6806822914277,-36.8668461579554,
6.37999999999997));
#12216=CARTESIAN_POINT('Ctrl Pts',(-14.7048017594214,-36.8872316999111,
6.62999999999997));
#12217=CARTESIAN_POINT('Ctrl Pts',(-14.7048017594214,-36.8872316999111,
6.37999999999997));
#12218=CARTESIAN_POINT('',(-14.7048017594214,-34.0211918800481,6.62999999999997));
#12219=CARTESIAN_POINT('Ctrl Pts',(-14.7050895363261,-34.0215315701689,
6.62999999999997));
#12220=CARTESIAN_POINT('Ctrl Pts',(-14.5035952238615,-34.1927313459473,
6.62999999999997));
#12221=CARTESIAN_POINT('Ctrl Pts',(-14.112453962922,-34.7096164758519,6.62999999999997));
#12222=CARTESIAN_POINT('Ctrl Pts',(-13.9468160423862,-35.8284811964117,
6.62999999999997));
#12223=CARTESIAN_POINT('Ctrl Pts',(-14.3645364396852,-36.5952995480566,
6.62999999999997));
#12224=CARTESIAN_POINT('Ctrl Pts',(-14.7054171856092,-36.8865053914912,
6.62999999999997));
#12225=CARTESIAN_POINT('',(-14.7048017594214,-34.0211918800481,6.37999999999997));
#12226=CARTESIAN_POINT('',(-14.7048017594214,-34.0211918800481,6.62999999999997));
#12227=CARTESIAN_POINT('Ctrl Pts',(-14.7048017594214,-34.0211918800481,
6.37999999999997));
#12228=CARTESIAN_POINT('Ctrl Pts',(-14.5886867524643,-34.1193989156327,
6.37999999999997));
#12229=CARTESIAN_POINT('Ctrl Pts',(-14.4851550939405,-34.2324512977072,
6.37999999999997));
#12230=CARTESIAN_POINT('Ctrl Pts',(-14.3969858974573,-34.3563688344345,
6.37999999999997));
#12231=CARTESIAN_POINT('Ctrl Pts',(-14.2825875329963,-34.5171501968046,
6.37999999999997));
#12232=CARTESIAN_POINT('Ctrl Pts',(-14.1941045713794,-34.6962505198892,
6.37999999999997));
#12233=CARTESIAN_POINT('Ctrl Pts',(-14.1351886347512,-34.8845869800871,
6.37999999999997));
#12234=CARTESIAN_POINT('Ctrl Pts',(-14.0983661743586,-35.0022972677109,
6.37999999999997));
#12235=CARTESIAN_POINT('Ctrl Pts',(-14.0730464620675,-35.1235941985971,
6.37999999999997));
#12236=CARTESIAN_POINT('Ctrl Pts',(-14.0596240088696,-35.2461874739887,
6.37999999999997));
#12237=CARTESIAN_POINT('Ctrl Pts',(-14.0461326424052,-35.3694101651016,
6.37999999999997));
#12238=CARTESIAN_POINT('Ctrl Pts',(-14.0446599529461,-35.4939515606721,
6.37999999999997));
#12239=CARTESIAN_POINT('Ctrl Pts',(-14.0552326688653,-35.6174686243858,
6.37999999999997));
#12240=CARTESIAN_POINT('Ctrl Pts',(-14.0721490143361,-35.8150959263278,
6.37999999999997));
#12241=CARTESIAN_POINT('Ctrl Pts',(-14.1200235951011,-36.0100545529395,
6.37999999999997));
#12242=CARTESIAN_POINT('Ctrl Pts',(-14.1969320794154,-36.1928794915005,
6.37999999999997));
#12243=CARTESIAN_POINT('Ctrl Pts',(-14.2969131090241,-36.4305519116297,
6.37999999999997));
#12244=CARTESIAN_POINT('Ctrl Pts',(-14.4462407580757,-36.6476095158603,
6.37999999999997));
#12245=CARTESIAN_POINT('Ctrl Pts',(-14.6341031990251,-36.8242004986788,
6.37999999999997));
#12246=CARTESIAN_POINT('Ctrl Pts',(-14.6571096450559,-36.8458265932574,
6.37999999999997));
#12247=CARTESIAN_POINT('Ctrl Pts',(-14.6806822914277,-36.8668461579554,
6.37999999999997));
#12248=CARTESIAN_POINT('Ctrl Pts',(-14.7048017594214,-36.8872316999111,
6.37999999999997));
#12249=CARTESIAN_POINT('Ctrl Pts',(-15.0061114077587,-33.1793308044888,
6.62999999999997));
#12250=CARTESIAN_POINT('Ctrl Pts',(-15.0061114077587,-33.1793308044888,
6.37999999999997));
#12251=CARTESIAN_POINT('Ctrl Pts',(-15.0061114077587,-33.3075915501933,
6.62999999999997));
#12252=CARTESIAN_POINT('Ctrl Pts',(-15.0061114077587,-33.3075915501933,
6.37999999999997));
#12253=CARTESIAN_POINT('Ctrl Pts',(-14.9791811786057,-33.4215701949761,
6.62999999999997));
#12254=CARTESIAN_POINT('Ctrl Pts',(-14.9791811786057,-33.4215701949761,
6.37999999999997));
#12255=CARTESIAN_POINT('Ctrl Pts',(-14.89426385703,-33.6818610758853,6.62999999999997));
#12256=CARTESIAN_POINT('Ctrl Pts',(-14.89426385703,-33.6818610758853,6.37999999999997));
#12257=CARTESIAN_POINT('Ctrl Pts',(-14.8048725297249,-33.83987136491,6.62999999999991));
#12258=CARTESIAN_POINT('Ctrl Pts',(-14.8048725297249,-33.83987136491,6.37999999999991));
#12259=CARTESIAN_POINT('Ctrl Pts',(-14.7077856779009,-34.0157821605773,
6.62999999999991));
#12260=CARTESIAN_POINT('Ctrl Pts',(-14.7077856779009,-34.0157821605773,
6.37999999999991));
#12261=CARTESIAN_POINT('Ctrl Pts',(-14.7062936880306,-34.0184864521181,
6.62999999999997));
#12262=CARTESIAN_POINT('Ctrl Pts',(-14.7062936880306,-34.0184864521181,
6.37999999999997));
#12263=CARTESIAN_POINT('Ctrl Pts',(-14.7048017594214,-34.021191880048,6.62999999999997));
#12264=CARTESIAN_POINT('Ctrl Pts',(-14.7048017594214,-34.021191880048,6.37999999999997));
#12265=CARTESIAN_POINT('',(-15.0061114054961,-33.1793307944854,6.63000000428193));
#12266=CARTESIAN_POINT('Ctrl Pts',(-14.7048017594214,-34.021191880048,6.62999999999997));
#12267=CARTESIAN_POINT('Ctrl Pts',(-14.7062936880306,-34.0184864521181,
6.62999999999997));
#12268=CARTESIAN_POINT('Ctrl Pts',(-14.7077856779009,-34.0157821605773,
6.62999999999991));
#12269=CARTESIAN_POINT('Ctrl Pts',(-14.709278544018,-34.013077249855,6.62999999999991));
#12270=CARTESIAN_POINT('Ctrl Pts',(-14.8048725297249,-33.83987136491,6.62999999999991));
#12271=CARTESIAN_POINT('Ctrl Pts',(-14.89426385703,-33.6818610758853,6.62999999999997));
#12272=CARTESIAN_POINT('Ctrl Pts',(-14.9500121265154,-33.510979965833,6.62999999999997));
#12273=CARTESIAN_POINT('Ctrl Pts',(-14.9791811786057,-33.4215701949761,
6.62999999999997));
#12274=CARTESIAN_POINT('Ctrl Pts',(-15.0061114077587,-33.3075915501933,
6.62999999999997));
#12275=CARTESIAN_POINT('Ctrl Pts',(-15.0061114077587,-33.1793308044888,
6.62999999999997));
#12276=CARTESIAN_POINT('',(-15.0061114054961,-33.1793307944854,6.38000000428193));
#12277=CARTESIAN_POINT('',(-15.0061114054961,-33.1793307944854,6.63000000428193));
#12278=CARTESIAN_POINT('Ctrl Pts',(-15.0061114077587,-33.1793308044888,
6.37999999999997));
#12279=CARTESIAN_POINT('Ctrl Pts',(-15.0061114077587,-33.3075915501933,
6.37999999999997));
#12280=CARTESIAN_POINT('Ctrl Pts',(-14.9791811786057,-33.4215701949761,
6.37999999999997));
#12281=CARTESIAN_POINT('Ctrl Pts',(-14.9500121265154,-33.510979965833,6.37999999999997));
#12282=CARTESIAN_POINT('Ctrl Pts',(-14.89426385703,-33.6818610758853,6.37999999999997));
#12283=CARTESIAN_POINT('Ctrl Pts',(-14.8048725297249,-33.83987136491,6.37999999999991));
#12284=CARTESIAN_POINT('Ctrl Pts',(-14.709278544018,-34.013077249855,6.37999999999991));
#12285=CARTESIAN_POINT('Ctrl Pts',(-14.7077856779009,-34.0157821605773,
6.37999999999991));
#12286=CARTESIAN_POINT('Ctrl Pts',(-14.7062936880306,-34.0184864521181,
6.37999999999997));
#12287=CARTESIAN_POINT('Ctrl Pts',(-14.7048017594214,-34.021191880048,6.37999999999997));
#12288=CARTESIAN_POINT('Origin',(-15.0061114077587,-32.9571165716077,6.62999999999997));
#12289=CARTESIAN_POINT('',(-15.0061114077587,-32.9571165716077,6.62999999999997));
#12290=CARTESIAN_POINT('',(-15.0061114077587,-34.1864226478688,6.62999999999997));
#12291=CARTESIAN_POINT('',(-15.0061114077587,-32.9571165716077,6.37999999999997));
#12292=CARTESIAN_POINT('',(-15.0061114077587,-32.9571165716077,6.62999999999997));
#12293=CARTESIAN_POINT('',(-15.0061114077587,-34.1864226478688,6.37999999999997));
#12294=CARTESIAN_POINT('Origin',(-21.5691068994695,-32.9571165716077,6.62999999999997));
#12295=CARTESIAN_POINT('',(-21.5691068994695,-32.9571165716077,6.62999999999997));
#12296=CARTESIAN_POINT('',(-13.0061114077587,-32.9571165716077,6.62999999999997));
#12297=CARTESIAN_POINT('',(-21.5691068994695,-32.9571165716077,6.37999999999997));
#12298=CARTESIAN_POINT('',(-21.5691068994695,-32.9571165716077,4.09999999999997));
#12299=CARTESIAN_POINT('',(-13.0061114077587,-32.9571165716077,6.37999999999997));
#12300=CARTESIAN_POINT('Origin',(-14.9679503618313,-37.4571165716077,6.62999999999997));
#12301=CARTESIAN_POINT('',(-21.2561647428046,-37.4571165716077,6.62999999999997));
#12302=CARTESIAN_POINT('',(-19.0061114077587,-37.4571165716077,6.62999999999997));
#12303=CARTESIAN_POINT('',(-21.2561647428046,-37.4571165716077,6.37999999999997));
#12304=CARTESIAN_POINT('',(-19.0061114077587,-37.4571165716077,6.37999999999997));
#12305=CARTESIAN_POINT('',(-21.2561647428046,-37.4571165716077,4.09999999999997));
#12306=CARTESIAN_POINT('Origin',(-16.0061114077587,-35.2071165716077,6.37999999999997));
#12307=CARTESIAN_POINT('',(-21.3778138425963,-33.5453283363136,6.37999999999997));
#12308=CARTESIAN_POINT('Origin',(-20.5691068994695,-32.9571165716077,6.37999999999997));
#12309=CARTESIAN_POINT('',(-21.1385051345585,-36.9865048069018,6.37999999999997));
#12310=CARTESIAN_POINT('Origin',(-24.0061114077586,-35.4570165716077,6.37999999999997));
#12311=CARTESIAN_POINT('Origin',(-20.2561647428046,-37.4571165716077,6.37999999999997));
#12312=CARTESIAN_POINT('',(-14.4438885922415,-35.4854273828291,6.37999999999997));
#12313=CARTESIAN_POINT('Origin',(-15.9938885922415,-35.4854273828291,6.37999999999997));
#12314=CARTESIAN_POINT('Origin',(-20.2561647428046,-37.4571165716077,4.09999999999997));
#12315=CARTESIAN_POINT('',(-21.1385051345584,-36.9865048069017,4.10880279403937));
#12316=CARTESIAN_POINT('',(-21.1385051345585,-36.9865048069018,4.09999999999997));
#12317=CARTESIAN_POINT('',(-21.0061114077587,-38.1186148707168,4.09999999999997));
#12318=CARTESIAN_POINT('Ctrl Pts',(-21.1385051345584,-36.9865048069017,
4.10880279403938));
#12319=CARTESIAN_POINT('Ctrl Pts',(-21.1437353338954,-36.9963108008825,
4.10950138921092));
#12320=CARTESIAN_POINT('Ctrl Pts',(-21.1488035082314,-37.0062067615797,
4.11022046921573));
#12321=CARTESIAN_POINT('Ctrl Pts',(-21.2215568984475,-37.1543008007282,
4.12107727253424));
#12322=CARTESIAN_POINT('Ctrl Pts',(-21.2561647428046,-37.3091875009671,
4.13176793606466));
#12323=CARTESIAN_POINT('Ctrl Pts',(-21.2561647428046,-37.6050456422483,
4.13176793606466));
#12324=CARTESIAN_POINT('Ctrl Pts',(-21.2215568984475,-37.7599323424872,
4.12107727253424));
#12325=CARTESIAN_POINT('Ctrl Pts',(-21.1144093752895,-37.9780377729296,
4.10508792026437));
#12326=CARTESIAN_POINT('Ctrl Pts',(-21.0642488786994,-38.0527038887845,
4.09999999999997));
#12327=CARTESIAN_POINT('Ctrl Pts',(-21.0061114077587,-38.1186148707168,
4.09999999999997));
#12328=CARTESIAN_POINT('',(-21.0061114077587,-38.1186148707168,4.09999999999997));
#12329=CARTESIAN_POINT('',(-20.7261647428046,-38.339782986512,6.09999999999997));
#12330=CARTESIAN_POINT('Origin',(-20.2561647428046,-37.4571165716077,6.09999999999997));
#12331=CARTESIAN_POINT('Origin',(-20.2561647428046,-37.4571165716077,5.62999999999997));
#12332=CARTESIAN_POINT('Origin',(-24.0061114077586,-35.4570165716077,4.09999999999997));
#12333=CARTESIAN_POINT('',(-21.3778138425314,-33.5453283364028,4.17164807317899));
#12334=CARTESIAN_POINT('',(-21.3778138425963,-33.5453283363136,4.09999999999997));
#12335=CARTESIAN_POINT('',(-21.0061114077587,-34.2070165716076,4.09999999999997));
#12336=CARTESIAN_POINT('Ctrl Pts',(-21.0061114077587,-34.2070165716076,
4.09999999999997));
#12337=CARTESIAN_POINT('Ctrl Pts',(-21.0807251847022,-34.0279435069431,
4.09999999999997));
#12338=CARTESIAN_POINT('Ctrl Pts',(-21.1706184299386,-33.8579556179835,
4.10814979587106));
#12339=CARTESIAN_POINT('Ctrl Pts',(-21.3054620555134,-33.6478532601296,
4.14518645481836));
#12340=CARTESIAN_POINT('Ctrl Pts',(-21.3411660655501,-33.5957137817059,
4.15697468530145));
#12341=CARTESIAN_POINT('Ctrl Pts',(-21.377813842528,-33.5453283364075,4.1716480732036));
#12342=CARTESIAN_POINT('',(-21.0061114077587,-34.2070165716076,4.09999999999997));
#12343=CARTESIAN_POINT('',(-21.0061114077587,-36.7070165716078,4.09999999999997));
#12344=CARTESIAN_POINT('',(-21.0061114077587,-36.7070165716078,4.09999999999997));
#12345=CARTESIAN_POINT('Ctrl Pts',(-21.1385051345584,-36.9865048069017,
4.10880279403938));
#12346=CARTESIAN_POINT('Ctrl Pts',(-21.0904612184545,-36.8964282492469,
4.10238559162516));
#12347=CARTESIAN_POINT('Ctrl Pts',(-21.0461120403028,-36.8030180897137,
4.09999999999997));
#12348=CARTESIAN_POINT('Ctrl Pts',(-21.0061114077587,-36.7070165716078,
4.09999999999997));
#12349=CARTESIAN_POINT('Ctrl Pts',(21.3778138425279,-13.3971156180295,3.59999999999997));
#12350=CARTESIAN_POINT('Ctrl Pts',(21.3778138425279,-13.3971156180295,6.09999999999997));
#12351=CARTESIAN_POINT('Ctrl Pts',(21.3411660655499,-13.3467301727311,3.59999999999997));
#12352=CARTESIAN_POINT('Ctrl Pts',(21.3411660655499,-13.3467301727311,6.09999999999997));
#12353=CARTESIAN_POINT('Ctrl Pts',(21.3054620555132,-13.2945906943074,3.59999999999997));
#12354=CARTESIAN_POINT('Ctrl Pts',(21.3054620555132,-13.2945906943074,6.09999999999997));
#12355=CARTESIAN_POINT('Ctrl Pts',(21.1706184299384,-13.0844883364535,3.59999999999997));
#12356=CARTESIAN_POINT('Ctrl Pts',(21.1706184299384,-13.0844883364535,6.09999999999997));
#12357=CARTESIAN_POINT('Ctrl Pts',(21.0807251847021,-12.9145004474939,3.59999999999997));
#12358=CARTESIAN_POINT('Ctrl Pts',(21.0807251847021,-12.9145004474939,6.09999999999997));
#12359=CARTESIAN_POINT('Ctrl Pts',(21.0061114077585,-12.7354273828294,3.59999999999997));
#12360=CARTESIAN_POINT('Ctrl Pts',(21.0061114077585,-12.7354273828294,6.09999999999997));
#12361=CARTESIAN_POINT('',(21.0061114077585,-12.7354273828294,4.09999999999997));
#12362=CARTESIAN_POINT('',(21.3778138425313,-13.3971156180342,4.17164807317898));
#12363=CARTESIAN_POINT('Ctrl Pts',(21.0061114077585,-12.7354273828294,4.09999999999997));
#12364=CARTESIAN_POINT('Ctrl Pts',(21.0807251847021,-12.9145004474939,4.09999999999997));
#12365=CARTESIAN_POINT('Ctrl Pts',(21.1706184299384,-13.0844883364535,4.10814979587106));
#12366=CARTESIAN_POINT('Ctrl Pts',(21.3054620555132,-13.2945906943074,4.14518645481836));
#12367=CARTESIAN_POINT('Ctrl Pts',(21.3411660655499,-13.3467301727311,4.15697468530145));
#12368=CARTESIAN_POINT('Ctrl Pts',(21.3778138425279,-13.3971156180295,4.1716480732036));
#12369=CARTESIAN_POINT('',(21.3778138425279,-13.3971156180295,3.59999999999997));
#12370=CARTESIAN_POINT('',(21.0061114077585,-12.7354273828294,4.09999999999997));
#12371=CARTESIAN_POINT('Ctrl Pts',(21.0061114077585,-14.8847866980487,3.59999999999997));
#12372=CARTESIAN_POINT('Ctrl Pts',(21.0061114077585,-14.8847866980487,6.09999999999997));
#12373=CARTESIAN_POINT('Ctrl Pts',(21.0164335959899,-14.8797716376493,3.59999999999997));
#12374=CARTESIAN_POINT('Ctrl Pts',(21.0164335959899,-14.8797716376493,6.09999999999997));
#12375=CARTESIAN_POINT('Ctrl Pts',(21.026586583702,-14.8746188657734,3.59999999999997));
#12376=CARTESIAN_POINT('Ctrl Pts',(21.026586583702,-14.8746188657734,6.09999999999997));
#12377=CARTESIAN_POINT('Ctrl Pts',(21.1138950705488,-14.8284530453972,3.59999999999997));
#12378=CARTESIAN_POINT('Ctrl Pts',(21.1138950705488,-14.8284530453972,6.09999999999997));
#12379=CARTESIAN_POINT('Ctrl Pts',(21.1910097302525,-14.7738938154885,3.59999999999997));
#12380=CARTESIAN_POINT('Ctrl Pts',(21.1910097302525,-14.7738938154885,6.09999999999997));
#12381=CARTESIAN_POINT('Ctrl Pts',(21.3254152606384,-14.6460828296632,3.59999999999997));
#12382=CARTESIAN_POINT('Ctrl Pts',(21.3254152606384,-14.6460828296632,6.09999999999997));
#12383=CARTESIAN_POINT('Ctrl Pts',(21.3828061039687,-14.5728153180345,3.59999999999997));
#12384=CARTESIAN_POINT('Ctrl Pts',(21.3828061039687,-14.5728153180345,6.09999999999997));
#12385=CARTESIAN_POINT('Ctrl Pts',(21.470006561429,-14.4274759572841,3.59999999999997));
#12386=CARTESIAN_POINT('Ctrl Pts',(21.470006561429,-14.4274759572841,6.09999999999997));
#12387=CARTESIAN_POINT('Ctrl Pts',(21.5075129735047,-14.3429567278498,3.59999999999997));
#12388=CARTESIAN_POINT('Ctrl Pts',(21.5075129735047,-14.3429567278498,6.09999999999997));
#12389=CARTESIAN_POINT('Ctrl Pts',(21.5570911536375,-14.1653041235299,3.59999999999997));
#12390=CARTESIAN_POINT('Ctrl Pts',(21.5570911536375,-14.1653041235299,6.09999999999997));
#12391=CARTESIAN_POINT('Ctrl Pts',(21.5691068994693,-14.0720460011931,3.59999999999997));
#12392=CARTESIAN_POINT('Ctrl Pts',(21.5691068994693,-14.0720460011931,6.09999999999997));
#12393=CARTESIAN_POINT('Ctrl Pts',(21.5691068994693,-13.8986087644655,3.59999999999997));
#12394=CARTESIAN_POINT('Ctrl Pts',(21.5691068994693,-13.8986087644655,6.09999999999997));
#12395=CARTESIAN_POINT('Ctrl Pts',(21.5570911536375,-13.8053506421287,3.59999999999997));
#12396=CARTESIAN_POINT('Ctrl Pts',(21.5570911536375,-13.8053506421287,6.09999999999997));
#12397=CARTESIAN_POINT('Ctrl Pts',(21.5075129735047,-13.6276980378088,3.59999999999997));
#12398=CARTESIAN_POINT('Ctrl Pts',(21.5075129735047,-13.6276980378088,6.09999999999997));
#12399=CARTESIAN_POINT('Ctrl Pts',(21.470006561429,-13.5431788083744,3.59999999999997));
#12400=CARTESIAN_POINT('Ctrl Pts',(21.470006561429,-13.5431788083744,6.09999999999997));
#12401=CARTESIAN_POINT('Ctrl Pts',(21.4118182048234,-13.4461947007392,3.59999999999997));
#12402=CARTESIAN_POINT('Ctrl Pts',(21.4118182048234,-13.4461947007392,6.09999999999997));
#12403=CARTESIAN_POINT('Ctrl Pts',(21.3955310739425,-13.4214742740687,3.59999999999997));
#12404=CARTESIAN_POINT('Ctrl Pts',(21.3955310739425,-13.4214742740687,6.09999999999997));
#12405=CARTESIAN_POINT('Ctrl Pts',(21.3778138425313,-13.3971156180342,3.59999999999997));
#12406=CARTESIAN_POINT('Ctrl Pts',(21.3778138425313,-13.3971156180342,6.09999999999997));
#12407=CARTESIAN_POINT('',(21.0061114077585,-14.8847866980487,6.06700450828919));
#12408=CARTESIAN_POINT('',(21.0391068995642,-14.8679937977027,6.10000000001046));
#12409=CARTESIAN_POINT('Origin',(20.5691068994693,-13.9853273828293,5.62999999999997));
#12410=CARTESIAN_POINT('',(21.0061114077585,-14.8847866980487,6.09999999999997));
#12411=CARTESIAN_POINT('Ctrl Pts',(21.0061114077585,-14.8847866980487,6.09999999999997));
#12412=CARTESIAN_POINT('Ctrl Pts',(21.0164335959899,-14.8797716376493,6.09999999999997));
#12413=CARTESIAN_POINT('Ctrl Pts',(21.026586583702,-14.8746188657734,6.09999999999997));
#12414=CARTESIAN_POINT('Ctrl Pts',(21.0374017238994,-14.868900179793,6.09999999999997));
#12415=CARTESIAN_POINT('Ctrl Pts',(21.0382542733751,-14.8684477052536,6.09999999999997));
#12416=CARTESIAN_POINT('Ctrl Pts',(21.0391067817855,-14.8679935765841,6.09999999999997));
#12417=CARTESIAN_POINT('',(21.0061114077585,-14.8847866980487,3.59999999999997));
#12418=CARTESIAN_POINT('Origin',(16.0061114077585,-11.7353273828293,6.09999999999997));
#12419=CARTESIAN_POINT('',(15.0828564709091,-14.8679937977331,6.10000000000045));
#12420=CARTESIAN_POINT('',(13.0061114077585,-14.8679937977336,6.09999999999997));
#12421=CARTESIAN_POINT('',(14.720141710695,-14.9843000901523,6.09999999999997));
#12422=CARTESIAN_POINT('Origin',(14.7206538069774,-14.484299150913,6.09999999999997));
#12423=CARTESIAN_POINT('',(15.5061114077585,-14.9843000901523,6.09999999999997));
#12424=CARTESIAN_POINT('',(20.5691068994693,-14.9853273828293,6.09999999999997));
#12425=CARTESIAN_POINT('',(20.5691068994693,-14.9853273828293,6.09999999999997));
#12426=CARTESIAN_POINT('Origin',(20.5691068994693,-13.9853273828293,6.09999999999997));
#12427=CARTESIAN_POINT('Ctrl Pts',(21.0061114077585,-14.8847866980487,3.59999999999997));
#12428=CARTESIAN_POINT('Ctrl Pts',(21.0061114077585,-14.8847866980487,6.09999999999997));
#12429=CARTESIAN_POINT('Ctrl Pts',(21.0164335959899,-14.8797716376493,3.59999999999997));
#12430=CARTESIAN_POINT('Ctrl Pts',(21.0164335959899,-14.8797716376493,6.09999999999997));
#12431=CARTESIAN_POINT('Ctrl Pts',(21.026586583702,-14.8746188657734,3.59999999999997));
#12432=CARTESIAN_POINT('Ctrl Pts',(21.026586583702,-14.8746188657734,6.09999999999997));
#12433=CARTESIAN_POINT('Ctrl Pts',(21.1138950705488,-14.8284530453972,3.59999999999997));
#12434=CARTESIAN_POINT('Ctrl Pts',(21.1138950705488,-14.8284530453972,6.09999999999997));
#12435=CARTESIAN_POINT('Ctrl Pts',(21.1910097302525,-14.7738938154885,3.59999999999997));
#12436=CARTESIAN_POINT('Ctrl Pts',(21.1910097302525,-14.7738938154885,6.09999999999997));
#12437=CARTESIAN_POINT('Ctrl Pts',(21.3254152606384,-14.6460828296632,3.59999999999997));
#12438=CARTESIAN_POINT('Ctrl Pts',(21.3254152606384,-14.6460828296632,6.09999999999997));
#12439=CARTESIAN_POINT('Ctrl Pts',(21.3828061039687,-14.5728153180345,3.59999999999997));
#12440=CARTESIAN_POINT('Ctrl Pts',(21.3828061039687,-14.5728153180345,6.09999999999997));
#12441=CARTESIAN_POINT('Ctrl Pts',(21.470006561429,-14.4274759572841,3.59999999999997));
#12442=CARTESIAN_POINT('Ctrl Pts',(21.470006561429,-14.4274759572841,6.09999999999997));
#12443=CARTESIAN_POINT('Ctrl Pts',(21.5075129735047,-14.3429567278498,3.59999999999997));
#12444=CARTESIAN_POINT('Ctrl Pts',(21.5075129735047,-14.3429567278498,6.09999999999997));
#12445=CARTESIAN_POINT('Ctrl Pts',(21.5570911536375,-14.1653041235299,3.59999999999997));
#12446=CARTESIAN_POINT('Ctrl Pts',(21.5570911536375,-14.1653041235299,6.09999999999997));
#12447=CARTESIAN_POINT('Ctrl Pts',(21.5691068994693,-14.0720460011931,3.59999999999997));
#12448=CARTESIAN_POINT('Ctrl Pts',(21.5691068994693,-14.0720460011931,6.09999999999997));
#12449=CARTESIAN_POINT('Ctrl Pts',(21.5691068994693,-13.8986087644655,3.59999999999997));
#12450=CARTESIAN_POINT('Ctrl Pts',(21.5691068994693,-13.8986087644655,6.09999999999997));
#12451=CARTESIAN_POINT('Ctrl Pts',(21.5570911536375,-13.8053506421287,3.59999999999997));
#12452=CARTESIAN_POINT('Ctrl Pts',(21.5570911536375,-13.8053506421287,6.09999999999997));
#12453=CARTESIAN_POINT('Ctrl Pts',(21.5075129735047,-13.6276980378088,3.59999999999997));
#12454=CARTESIAN_POINT('Ctrl Pts',(21.5075129735047,-13.6276980378088,6.09999999999997));
#12455=CARTESIAN_POINT('Ctrl Pts',(21.470006561429,-13.5431788083744,3.59999999999997));
#12456=CARTESIAN_POINT('Ctrl Pts',(21.470006561429,-13.5431788083744,6.09999999999997));
#12457=CARTESIAN_POINT('Ctrl Pts',(21.4118182048234,-13.4461947007392,3.59999999999997));
#12458=CARTESIAN_POINT('Ctrl Pts',(21.4118182048234,-13.4461947007392,6.09999999999997));
#12459=CARTESIAN_POINT('Ctrl Pts',(21.3955310739425,-13.4214742740687,3.59999999999997));
#12460=CARTESIAN_POINT('Ctrl Pts',(21.3955310739425,-13.4214742740687,6.09999999999997));
#12461=CARTESIAN_POINT('Ctrl Pts',(21.3778138425313,-13.3971156180342,3.59999999999997));
#12462=CARTESIAN_POINT('Ctrl Pts',(21.3778138425313,-13.3971156180342,6.09999999999997));
#12463=CARTESIAN_POINT('',(21.0061114077585,-14.8847866980487,4.09999999999997));
#12464=CARTESIAN_POINT('Ctrl Pts',(21.0061114077585,-14.8847866980487,4.09999999999997));
#12465=CARTESIAN_POINT('Ctrl Pts',(21.0164335959899,-14.8797716376493,4.09999999999997));
#12466=CARTESIAN_POINT('Ctrl Pts',(21.026586583702,-14.8746188657734,4.10015995686179));
#12467=CARTESIAN_POINT('Ctrl Pts',(21.1138950705488,-14.8284530453972,4.10281866163076));
#12468=CARTESIAN_POINT('Ctrl Pts',(21.1910097302525,-14.7738938154885,4.11479173861694));
#12469=CARTESIAN_POINT('Ctrl Pts',(21.3254152606384,-14.6460828296632,4.14980645133209));
#12470=CARTESIAN_POINT('Ctrl Pts',(21.3828061039687,-14.5728153180345,4.17240535334649));
#12471=CARTESIAN_POINT('Ctrl Pts',(21.470006561429,-14.4274759572841,4.21281948096685));
#12472=CARTESIAN_POINT('Ctrl Pts',(21.5075129735047,-14.3429567278498,4.23429441277164));
#12473=CARTESIAN_POINT('Ctrl Pts',(21.5570911536375,-14.1653041235299,4.26497234096326));
#12474=CARTESIAN_POINT('Ctrl Pts',(21.5691068994693,-14.0720460011931,4.27354003344784));
#12475=CARTESIAN_POINT('Ctrl Pts',(21.5691068994693,-13.8986087644655,4.27354003344784));
#12476=CARTESIAN_POINT('Ctrl Pts',(21.5570911536375,-13.8053506421287,4.26497234096326));
#12477=CARTESIAN_POINT('Ctrl Pts',(21.5075129735047,-13.6276980378088,4.23429441277164));
#12478=CARTESIAN_POINT('Ctrl Pts',(21.470006561429,-13.5431788083744,4.21281948096685));
#12479=CARTESIAN_POINT('Ctrl Pts',(21.4118182048234,-13.4461947007392,4.18585136934944));
#12480=CARTESIAN_POINT('Ctrl Pts',(21.3955310739392,-13.4214742740639,4.17874186798432));
#12481=CARTESIAN_POINT('Ctrl Pts',(21.3778138425279,-13.3971156180295,4.17164807320359));
#12482=CARTESIAN_POINT('',(21.0061114077585,-14.8847866980487,4.09999999999997));
#12483=CARTESIAN_POINT('Origin',(16.0061114077585,-11.7353273828293,6.09999999999997));
#12484=CARTESIAN_POINT('',(21.9979796820878,-8.60266096792499,6.09999999999997));
#12485=CARTESIAN_POINT('',(15.0864035088562,-8.60266096792443,6.09999999999944));
#12486=CARTESIAN_POINT('',(19.0061114077585,-8.60266096792499,6.09999999999997));
#12487=CARTESIAN_POINT('Origin',(21.0061649924427,-8.4749753394919,6.09999999999997));
#12488=CARTESIAN_POINT('Origin',(14.7206538069774,-8.98430102939159,6.09999999999997));
#12489=CARTESIAN_POINT('Origin',(19.0061114077585,-9.48532738282929,5.62999999999997));
#12490=CARTESIAN_POINT('',(15.0771213109971,-8.98461506846946,6.49561375812101));
#12491=CARTESIAN_POINT('Ctrl Pts',(15.0864035088562,-8.60266096792443,6.09999999999891));
#12492=CARTESIAN_POINT('Ctrl Pts',(15.0872001154933,-8.60501795429558,6.10442645257381));
#12493=CARTESIAN_POINT('Ctrl Pts',(15.0879814037848,-8.6074087670105,6.10883615123403));
#12494=CARTESIAN_POINT('Ctrl Pts',(15.1022386714248,-8.65257763161713,6.19067159095066));
#12495=CARTESIAN_POINT('Ctrl Pts',(15.1113443386971,-8.70722210353666,6.2651960923832));
#12496=CARTESIAN_POINT('Ctrl Pts',(15.1100144858752,-8.83428532998955,6.39394729437904));
#12497=CARTESIAN_POINT('Ctrl Pts',(15.1015432171918,-8.90471423215909,6.44939530064741));
#12498=CARTESIAN_POINT('Ctrl Pts',(15.0771213109971,-8.98461506846923,6.49561375812087));
#12499=CARTESIAN_POINT('',(15.0210445288934,-9.24926978205573,6.60173906825214));
#12500=CARTESIAN_POINT('Origin',(15.5345129929633,-9.48532738282929,5.62999999999997));
#12501=CARTESIAN_POINT('Ctrl Pts',(15.0210445300977,-9.24926978887834,6.60173906597297));
#12502=CARTESIAN_POINT('Ctrl Pts',(15.0176169044854,-9.27597284410589,6.60822584744434));
#12503=CARTESIAN_POINT('Ctrl Pts',(15.0129835844086,-9.30270564160668,6.61355775203835));
#12504=CARTESIAN_POINT('Ctrl Pts',(14.9960215120502,-9.38471761358984,6.62649434407865));
#12505=CARTESIAN_POINT('Ctrl Pts',(14.9814307390343,-9.43685116317403,6.62999999931207));
#12506=CARTESIAN_POINT('Ctrl Pts',(14.9682450372199,-9.48532736863877,6.62999999999997));
#12507=CARTESIAN_POINT('',(21.7120347372229,-9.18331699674775,6.58330463478304));
#12508=CARTESIAN_POINT('Ctrl Pts',(21.444451791416,-9.48532738282929,6.62999999999997));
#12509=CARTESIAN_POINT('Ctrl Pts',(21.525147287258,-9.38197535397107,6.62999999999997));
#12510=CARTESIAN_POINT('Ctrl Pts',(21.6157251823869,-9.27929045841787,6.6137093775641));
#12511=CARTESIAN_POINT('Ctrl Pts',(21.7120347372229,-9.18331699674775,6.58330463478304));
#12512=CARTESIAN_POINT('Ctrl Pts',(21.7120347372229,-9.18331699674775,6.58330463478304));
#12513=CARTESIAN_POINT('Ctrl Pts',(21.7431638802572,-9.1522964856374,6.57347722369632));
#12514=CARTESIAN_POINT('Ctrl Pts',(21.7716627484584,-9.11978191226851,6.56149783703783));
#12515=CARTESIAN_POINT('Ctrl Pts',(21.8353779356435,-9.03735830695559,6.52565797317222));
#12516=CARTESIAN_POINT('Ctrl Pts',(21.8704050770175,-8.98174566699962,6.49643555262933));
#12517=CARTESIAN_POINT('Ctrl Pts',(21.9256334592498,-8.87285069053854,6.42320706843812));
#12518=CARTESIAN_POINT('Ctrl Pts',(21.9460440016775,-8.81975066515849,6.37908805791793));
#12519=CARTESIAN_POINT('Ctrl Pts',(21.9807019986624,-8.7093814297117,6.26757029981339));
#12520=CARTESIAN_POINT('Ctrl Pts',(21.9919437631244,-8.64954575847498,6.18805027655973));
#12521=CARTESIAN_POINT('Ctrl Pts',(21.9979796829396,-8.60266096794954,6.10000000004608));
#12522=CARTESIAN_POINT('Origin',(14.0187683691184,-8.98687569269434,7.42831819114813));
#12523=CARTESIAN_POINT('',(10.705825951986,-8.49902920100574,13.6990308577855));
#12524=CARTESIAN_POINT('',(14.0187683691184,-8.48687663193186,7.4292873333625));
#12525=CARTESIAN_POINT('',(11.3937441545008,-8.99812647002235,13.46640502679));
#12526=CARTESIAN_POINT('Origin',(10.7048017594213,-8.99903201872181,13.6999999999999));
#12527=CARTESIAN_POINT('',(13.1878106118198,-8.99154545807424,10.0711342563138));
#12528=CARTESIAN_POINT('',(14.4608468559181,-8.98687569269434,7.66191316435799));
#12529=CARTESIAN_POINT('',(14.6577403620851,-8.95198206974791,7.28679046660176));
#12530=CARTESIAN_POINT('Ctrl Pts',(14.6577403621026,-8.95198206974752,7.2867904665687));
#12531=CARTESIAN_POINT('Ctrl Pts',(14.1608972279134,-8.96392205518325,8.22854909733841));
#12532=CARTESIAN_POINT('Ctrl Pts',(13.7190999605325,-8.97619749812872,9.06564828876867));
#12533=CARTESIAN_POINT('Ctrl Pts',(13.1975622580589,-8.99126364109856,10.0526791685936));
#12534=CARTESIAN_POINT('Ctrl Pts',(13.1926865814586,-8.99140452729698,10.0619064837724));
#12535=CARTESIAN_POINT('Ctrl Pts',(13.1878106292489,-8.99154545713053,10.0711342233294));
#12536=CARTESIAN_POINT('',(14.8437398708081,-8.98547116064231,6.93728813367854));
#12537=CARTESIAN_POINT('Ctrl Pts',(14.843594718722,-8.98466527658343,6.93756283400159));
#12538=CARTESIAN_POINT('Ctrl Pts',(14.842578108054,-8.98427026797071,6.93948588781228));
#12539=CARTESIAN_POINT('Ctrl Pts',(14.8415607452429,-8.9838789738629,6.94140931277565));
#12540=CARTESIAN_POINT('Ctrl Pts',(14.8405426525547,-8.9834913822118,6.94333312351072));
#12541=CARTESIAN_POINT('Ctrl Pts',(14.8225552370354,-8.97664350661029,6.97732254654699));
#12542=CARTESIAN_POINT('Ctrl Pts',(14.804377506436,-8.97095890987882,7.01137064273706));
#12543=CARTESIAN_POINT('Ctrl Pts',(14.7860915248341,-8.96637559517594,7.04558033761821));
#12544=CARTESIAN_POINT('Ctrl Pts',(14.7774577201411,-8.96421156346832,7.06173259187738));
#12545=CARTESIAN_POINT('Ctrl Pts',(14.7687991833666,-8.96229326845839,7.07792044661005));
#12546=CARTESIAN_POINT('Ctrl Pts',(14.7601217129819,-8.96061553507355,7.09415226426175));
#12547=CARTESIAN_POINT('Ctrl Pts',(14.7428741722922,-8.95728083342222,7.12641500017456));
#12548=CARTESIAN_POINT('Ctrl Pts',(14.7256213118641,-8.95490840018572,7.15872644063173));
#12549=CARTESIAN_POINT('Ctrl Pts',(14.7083931006807,-8.95347654622541,7.19111938704017));
#12550=CARTESIAN_POINT('Ctrl Pts',(14.6914735983217,-8.952070349366,7.22293189080716));
#12551=CARTESIAN_POINT('Ctrl Pts',(14.6745775246862,-8.95157159809687,7.25482294496067));
#12552=CARTESIAN_POINT('Ctrl Pts',(14.6577200726385,-8.95197723736043,7.28677985884645));
#12553=CARTESIAN_POINT('',(14.4608468559181,-8.98687569269434,7.66191316435799));
#12554=CARTESIAN_POINT('Origin',(15.0061114077585,-14.9853273828293,6.62999999999997));
#12555=CARTESIAN_POINT('',(10.7037775668565,-14.9990329579593,13.7009691422143));
#12556=CARTESIAN_POINT('',(14.5641160698178,-14.9848724249953,6.39527852536021));
#12557=CARTESIAN_POINT('',(5.33572227815853,-14.9990329579593,13.7009691422143));
#12558=CARTESIAN_POINT('',(7.50305570387922,-14.9990329579593,13.7009691422143));
#12559=CARTESIAN_POINT('',(10.0061114077585,-14.9853273828293,6.62999999999997));
#12560=CARTESIAN_POINT('Ctrl Pts',(-21.1385051345584,-36.9865048069017,
3.59999999999997));
#12561=CARTESIAN_POINT('Ctrl Pts',(-21.1385051345584,-36.9865048069017,
6.09999999999997));
#12562=CARTESIAN_POINT('Ctrl Pts',(-21.1437353338954,-36.9963108008825,
3.59999999999997));
#12563=CARTESIAN_POINT('Ctrl Pts',(-21.1437353338954,-36.9963108008825,
6.09999999999997));
#12564=CARTESIAN_POINT('Ctrl Pts',(-21.1488035082314,-37.0062067615797,
3.59999999999997));
#12565=CARTESIAN_POINT('Ctrl Pts',(-21.1488035082314,-37.0062067615797,
6.09999999999997));
#12566=CARTESIAN_POINT('Ctrl Pts',(-21.2215568984475,-37.1543008007282,
3.59999999999997));
#12567=CARTESIAN_POINT('Ctrl Pts',(-21.2215568984475,-37.1543008007282,
6.09999999999997));
#12568=CARTESIAN_POINT('Ctrl Pts',(-21.2561647428046,-37.3091875009671,
3.59999999999997));
#12569=CARTESIAN_POINT('Ctrl Pts',(-21.2561647428046,-37.3091875009671,
6.09999999999997));
#12570=CARTESIAN_POINT('Ctrl Pts',(-21.2561647428046,-37.6050456422483,
3.59999999999997));
#12571=CARTESIAN_POINT('Ctrl Pts',(-21.2561647428046,-37.6050456422483,
6.09999999999997));
#12572=CARTESIAN_POINT('Ctrl Pts',(-21.2215568984475,-37.7599323424872,
3.59999999999997));
#12573=CARTESIAN_POINT('Ctrl Pts',(-21.2215568984475,-37.7599323424872,
6.09999999999997));
#12574=CARTESIAN_POINT('Ctrl Pts',(-21.1144093752895,-37.9780377729296,
3.59999999999997));
#12575=CARTESIAN_POINT('Ctrl Pts',(-21.1144093752895,-37.9780377729296,
6.09999999999997));
#12576=CARTESIAN_POINT('Ctrl Pts',(-21.0642488786994,-38.0527038887845,
3.59999999999997));
#12577=CARTESIAN_POINT('Ctrl Pts',(-21.0642488786994,-38.0527038887845,
6.09999999999997));
#12578=CARTESIAN_POINT('Ctrl Pts',(-21.0061114077587,-38.1186148707168,
3.59999999999997));
#12579=CARTESIAN_POINT('Ctrl Pts',(-21.0061114077587,-38.1186148707168,
6.09999999999997));
#12580=CARTESIAN_POINT('',(-21.1385051345584,-36.9865048069017,3.59999999999997));
#12581=CARTESIAN_POINT('Ctrl Pts',(-21.377813842528,-33.5453283364075,3.59999999999997));
#12582=CARTESIAN_POINT('Ctrl Pts',(-21.377813842528,-33.5453283364075,6.09999999999997));
#12583=CARTESIAN_POINT('Ctrl Pts',(-21.3411660655501,-33.5957137817059,
3.59999999999997));
#12584=CARTESIAN_POINT('Ctrl Pts',(-21.3411660655501,-33.5957137817059,
6.09999999999997));
#12585=CARTESIAN_POINT('Ctrl Pts',(-21.3054620555134,-33.6478532601296,
3.59999999999997));
#12586=CARTESIAN_POINT('Ctrl Pts',(-21.3054620555134,-33.6478532601296,
6.09999999999997));
#12587=CARTESIAN_POINT('Ctrl Pts',(-21.1706184299386,-33.8579556179835,
3.59999999999997));
#12588=CARTESIAN_POINT('Ctrl Pts',(-21.1706184299386,-33.8579556179835,
6.09999999999997));
#12589=CARTESIAN_POINT('Ctrl Pts',(-21.0807251847022,-34.0279435069431,
3.59999999999997));
#12590=CARTESIAN_POINT('Ctrl Pts',(-21.0807251847022,-34.0279435069431,
6.09999999999997));
#12591=CARTESIAN_POINT('Ctrl Pts',(-21.0061114077587,-34.2070165716076,
3.59999999999997));
#12592=CARTESIAN_POINT('Ctrl Pts',(-21.0061114077587,-34.2070165716076,
6.09999999999997));
#12593=CARTESIAN_POINT('',(-21.377813842528,-33.5453283364075,3.59999999999997));
#12594=CARTESIAN_POINT('Origin',(-15.7882039246797,-35.2071165716077,6.09999999999997));
#12595=CARTESIAN_POINT('',(-14.7206538069776,-31.9571165716077,6.09999999999997));
#12596=CARTESIAN_POINT('',(-15.084635964226,-32.0744501565267,6.09999999983405));
#12597=CARTESIAN_POINT('Origin',(-14.7206538069776,-32.4571165716077,6.09999999999997));
#12598=CARTESIAN_POINT('',(-20.5691068994695,-31.9571165716077,6.09999999999997));
#12599=CARTESIAN_POINT('',(-20.5691068994695,-31.9571165716077,6.09999999999997));
#12600=CARTESIAN_POINT('',(-21.0061114077587,-32.0576572563883,6.09999999999997));
#12601=CARTESIAN_POINT('Origin',(-20.5691068994695,-32.9571165716077,6.09999999999997));
#12602=CARTESIAN_POINT('',(-21.0391068995644,-32.0744501567343,6.10000000001046));
#12603=CARTESIAN_POINT('Ctrl Pts',(-21.0061114077587,-32.0576572563883,
6.09999999999997));
#12604=CARTESIAN_POINT('Ctrl Pts',(-21.0164335959901,-32.0626723167877,
6.09999999999997));
#12605=CARTESIAN_POINT('Ctrl Pts',(-21.0265865837022,-32.0678250886636,
6.09999999999997));
#12606=CARTESIAN_POINT('Ctrl Pts',(-21.0374017238996,-32.073543774644,6.09999999999997));
#12607=CARTESIAN_POINT('Ctrl Pts',(-21.0382542733753,-32.0739962491834,
6.09999999999997));
#12608=CARTESIAN_POINT('Ctrl Pts',(-21.0391067817857,-32.0744503778529,
6.09999999999997));
#12609=CARTESIAN_POINT('',(-13.0061114077587,-32.0744501567034,6.09999999999997));
#12610=CARTESIAN_POINT('Ctrl Pts',(-21.0061114077587,-32.0576572563883,
3.59999999999997));
#12611=CARTESIAN_POINT('Ctrl Pts',(-21.0061114077587,-32.0576572563883,
6.09999999999997));
#12612=CARTESIAN_POINT('Ctrl Pts',(-21.0164335959901,-32.0626723167877,
3.59999999999997));
#12613=CARTESIAN_POINT('Ctrl Pts',(-21.0164335959901,-32.0626723167877,
6.09999999999997));
#12614=CARTESIAN_POINT('Ctrl Pts',(-21.0265865837022,-32.0678250886636,
3.59999999999997));
#12615=CARTESIAN_POINT('Ctrl Pts',(-21.0265865837022,-32.0678250886636,
6.09999999999997));
#12616=CARTESIAN_POINT('Ctrl Pts',(-21.113895070549,-32.1139909090398,3.59999999999997));
#12617=CARTESIAN_POINT('Ctrl Pts',(-21.113895070549,-32.1139909090398,6.09999999999997));
#12618=CARTESIAN_POINT('Ctrl Pts',(-21.1910097302526,-32.1685501389484,
3.59999999999997));
#12619=CARTESIAN_POINT('Ctrl Pts',(-21.1910097302526,-32.1685501389484,
6.09999999999997));
#12620=CARTESIAN_POINT('Ctrl Pts',(-21.3254152606386,-32.2963611247738,
3.59999999999997));
#12621=CARTESIAN_POINT('Ctrl Pts',(-21.3254152606386,-32.2963611247738,
6.09999999999997));
#12622=CARTESIAN_POINT('Ctrl Pts',(-21.3828061039689,-32.3696286364025,
3.59999999999997));
#12623=CARTESIAN_POINT('Ctrl Pts',(-21.3828061039689,-32.3696286364025,
6.09999999999997));
#12624=CARTESIAN_POINT('Ctrl Pts',(-21.4700065614292,-32.5149679971529,
3.59999999999997));
#12625=CARTESIAN_POINT('Ctrl Pts',(-21.4700065614292,-32.5149679971529,
6.09999999999997));
#12626=CARTESIAN_POINT('Ctrl Pts',(-21.5075129735049,-32.5994872265872,
3.59999999999997));
#12627=CARTESIAN_POINT('Ctrl Pts',(-21.5075129735049,-32.5994872265872,
6.09999999999997));
#12628=CARTESIAN_POINT('Ctrl Pts',(-21.5570911536377,-32.7771398309071,
3.59999999999997));
#12629=CARTESIAN_POINT('Ctrl Pts',(-21.5570911536377,-32.7771398309071,
6.09999999999997));
#12630=CARTESIAN_POINT('Ctrl Pts',(-21.5691068994695,-32.8703979532439,
3.59999999999997));
#12631=CARTESIAN_POINT('Ctrl Pts',(-21.5691068994695,-32.8703979532439,
6.09999999999997));
#12632=CARTESIAN_POINT('Ctrl Pts',(-21.5691068994695,-33.0438351899715,
3.59999999999997));
#12633=CARTESIAN_POINT('Ctrl Pts',(-21.5691068994695,-33.0438351899715,
6.09999999999997));
#12634=CARTESIAN_POINT('Ctrl Pts',(-21.5570911536377,-33.1370933123083,
3.59999999999997));
#12635=CARTESIAN_POINT('Ctrl Pts',(-21.5570911536377,-33.1370933123083,
6.09999999999997));
#12636=CARTESIAN_POINT('Ctrl Pts',(-21.5075129735049,-33.3147459166282,
3.59999999999997));
#12637=CARTESIAN_POINT('Ctrl Pts',(-21.5075129735049,-33.3147459166282,
6.09999999999997));
#12638=CARTESIAN_POINT('Ctrl Pts',(-21.4700065614292,-33.3992651460626,
3.59999999999997));
#12639=CARTESIAN_POINT('Ctrl Pts',(-21.4700065614292,-33.3992651460626,
6.09999999999997));
#12640=CARTESIAN_POINT('Ctrl Pts',(-21.4118182048236,-33.4962492536978,
3.59999999999997));
#12641=CARTESIAN_POINT('Ctrl Pts',(-21.4118182048236,-33.4962492536978,
6.09999999999997));
#12642=CARTESIAN_POINT('Ctrl Pts',(-21.3955310739427,-33.5209696803683,
3.59999999999997));
#12643=CARTESIAN_POINT('Ctrl Pts',(-21.3955310739427,-33.5209696803683,
6.09999999999997));
#12644=CARTESIAN_POINT('Ctrl Pts',(-21.3778138425314,-33.5453283364028,
3.59999999999997));
#12645=CARTESIAN_POINT('Ctrl Pts',(-21.3778138425314,-33.5453283364028,
6.09999999999997));
#12646=CARTESIAN_POINT('',(-21.0061114077587,-32.0576572563883,6.06700450828919));
#12647=CARTESIAN_POINT('Origin',(-20.5691068994695,-32.9571165716077,5.62999999999997));
#12648=CARTESIAN_POINT('',(-21.0061114077587,-32.0576572563883,3.59999999999997));
#12649=CARTESIAN_POINT('Ctrl Pts',(-21.0061114077587,-36.7070165716078,
3.59999999999997));
#12650=CARTESIAN_POINT('Ctrl Pts',(-21.0061114077587,-36.7070165716078,
6.09999999999997));
#12651=CARTESIAN_POINT('Ctrl Pts',(-21.0461120403028,-36.8030180897137,
3.59999999999997));
#12652=CARTESIAN_POINT('Ctrl Pts',(-21.0461120403028,-36.8030180897137,
6.09999999999997));
#12653=CARTESIAN_POINT('Ctrl Pts',(-21.0904612184545,-36.8964282492469,
3.59999999999997));
#12654=CARTESIAN_POINT('Ctrl Pts',(-21.0904612184545,-36.8964282492469,
6.09999999999997));
#12655=CARTESIAN_POINT('Ctrl Pts',(-21.1385051345584,-36.9865048069017,
3.59999999999997));
#12656=CARTESIAN_POINT('Ctrl Pts',(-21.1385051345584,-36.9865048069017,
6.09999999999997));
#12657=CARTESIAN_POINT('Ctrl Pts',(-21.0061114077587,-32.0576572563883,
3.59999999999997));
#12658=CARTESIAN_POINT('Ctrl Pts',(-21.0061114077587,-32.0576572563883,
6.09999999999997));
#12659=CARTESIAN_POINT('Ctrl Pts',(-21.0164335959901,-32.0626723167877,
3.59999999999997));
#12660=CARTESIAN_POINT('Ctrl Pts',(-21.0164335959901,-32.0626723167877,
6.09999999999997));
#12661=CARTESIAN_POINT('Ctrl Pts',(-21.0265865837022,-32.0678250886636,
3.59999999999997));
#12662=CARTESIAN_POINT('Ctrl Pts',(-21.0265865837022,-32.0678250886636,
6.09999999999997));
#12663=CARTESIAN_POINT('Ctrl Pts',(-21.113895070549,-32.1139909090398,3.59999999999997));
#12664=CARTESIAN_POINT('Ctrl Pts',(-21.113895070549,-32.1139909090398,6.09999999999997));
#12665=CARTESIAN_POINT('Ctrl Pts',(-21.1910097302526,-32.1685501389484,
3.59999999999997));
#12666=CARTESIAN_POINT('Ctrl Pts',(-21.1910097302526,-32.1685501389484,
6.09999999999997));
#12667=CARTESIAN_POINT('Ctrl Pts',(-21.3254152606386,-32.2963611247738,
3.59999999999997));
#12668=CARTESIAN_POINT('Ctrl Pts',(-21.3254152606386,-32.2963611247738,
6.09999999999997));
#12669=CARTESIAN_POINT('Ctrl Pts',(-21.3828061039689,-32.3696286364025,
3.59999999999997));
#12670=CARTESIAN_POINT('Ctrl Pts',(-21.3828061039689,-32.3696286364025,
6.09999999999997));
#12671=CARTESIAN_POINT('Ctrl Pts',(-21.4700065614292,-32.5149679971529,
3.59999999999997));
#12672=CARTESIAN_POINT('Ctrl Pts',(-21.4700065614292,-32.5149679971529,
6.09999999999997));
#12673=CARTESIAN_POINT('Ctrl Pts',(-21.5075129735049,-32.5994872265872,
3.59999999999997));
#12674=CARTESIAN_POINT('Ctrl Pts',(-21.5075129735049,-32.5994872265872,
6.09999999999997));
#12675=CARTESIAN_POINT('Ctrl Pts',(-21.5570911536377,-32.7771398309071,
3.59999999999997));
#12676=CARTESIAN_POINT('Ctrl Pts',(-21.5570911536377,-32.7771398309071,
6.09999999999997));
#12677=CARTESIAN_POINT('Ctrl Pts',(-21.5691068994695,-32.8703979532439,
3.59999999999997));
#12678=CARTESIAN_POINT('Ctrl Pts',(-21.5691068994695,-32.8703979532439,
6.09999999999997));
#12679=CARTESIAN_POINT('Ctrl Pts',(-21.5691068994695,-33.0438351899715,
3.59999999999997));
#12680=CARTESIAN_POINT('Ctrl Pts',(-21.5691068994695,-33.0438351899715,
6.09999999999997));
#12681=CARTESIAN_POINT('Ctrl Pts',(-21.5570911536377,-33.1370933123083,
3.59999999999997));
#12682=CARTESIAN_POINT('Ctrl Pts',(-21.5570911536377,-33.1370933123083,
6.09999999999997));
#12683=CARTESIAN_POINT('Ctrl Pts',(-21.5075129735049,-33.3147459166282,
3.59999999999997));
#12684=CARTESIAN_POINT('Ctrl Pts',(-21.5075129735049,-33.3147459166282,
6.09999999999997));
#12685=CARTESIAN_POINT('Ctrl Pts',(-21.4700065614292,-33.3992651460626,
3.59999999999997));
#12686=CARTESIAN_POINT('Ctrl Pts',(-21.4700065614292,-33.3992651460626,
6.09999999999997));
#12687=CARTESIAN_POINT('Ctrl Pts',(-21.4118182048236,-33.4962492536978,
3.59999999999997));
#12688=CARTESIAN_POINT('Ctrl Pts',(-21.4118182048236,-33.4962492536978,
6.09999999999997));
#12689=CARTESIAN_POINT('Ctrl Pts',(-21.3955310739427,-33.5209696803683,
3.59999999999997));
#12690=CARTESIAN_POINT('Ctrl Pts',(-21.3955310739427,-33.5209696803683,
6.09999999999997));
#12691=CARTESIAN_POINT('Ctrl Pts',(-21.3778138425314,-33.5453283364028,
3.59999999999997));
#12692=CARTESIAN_POINT('Ctrl Pts',(-21.3778138425314,-33.5453283364028,
6.09999999999997));
#12693=CARTESIAN_POINT('',(-21.0061114077587,-32.0576572563883,4.09999999999997));
#12694=CARTESIAN_POINT('Ctrl Pts',(-21.0061114077587,-32.0576572563883,
4.09999999999997));
#12695=CARTESIAN_POINT('Ctrl Pts',(-21.0164335959901,-32.0626723167877,
4.09999999999997));
#12696=CARTESIAN_POINT('Ctrl Pts',(-21.0265865837022,-32.0678250886636,
4.10015995686179));
#12697=CARTESIAN_POINT('Ctrl Pts',(-21.113895070549,-32.1139909090398,4.10281866163076));
#12698=CARTESIAN_POINT('Ctrl Pts',(-21.1910097302526,-32.1685501389484,
4.11479173861694));
#12699=CARTESIAN_POINT('Ctrl Pts',(-21.3254152606386,-32.2963611247738,
4.1498064513321));
#12700=CARTESIAN_POINT('Ctrl Pts',(-21.3828061039689,-32.3696286364025,
4.17240535334649));
#12701=CARTESIAN_POINT('Ctrl Pts',(-21.4700065614292,-32.5149679971529,
4.21281948096686));
#12702=CARTESIAN_POINT('Ctrl Pts',(-21.5075129735049,-32.5994872265872,
4.23429441277164));
#12703=CARTESIAN_POINT('Ctrl Pts',(-21.5570911536377,-32.7771398309071,
4.26497234096327));
#12704=CARTESIAN_POINT('Ctrl Pts',(-21.5691068994695,-32.8703979532439,
4.27354003344785));
#12705=CARTESIAN_POINT('Ctrl Pts',(-21.5691068994695,-33.0438351899715,
4.27354003344785));
#12706=CARTESIAN_POINT('Ctrl Pts',(-21.5570911536377,-33.1370933123083,
4.26497234096327));
#12707=CARTESIAN_POINT('Ctrl Pts',(-21.5075129735049,-33.3147459166282,
4.23429441277164));
#12708=CARTESIAN_POINT('Ctrl Pts',(-21.4700065614292,-33.3992651460626,
4.21281948096685));
#12709=CARTESIAN_POINT('Ctrl Pts',(-21.4118182048236,-33.4962492536978,
4.18585136934945));
#12710=CARTESIAN_POINT('Ctrl Pts',(-21.3955310739394,-33.5209696803731,
4.17874186798433));
#12711=CARTESIAN_POINT('Ctrl Pts',(-21.377813842528,-33.5453283364075,4.1716480732036));
#12712=CARTESIAN_POINT('',(-21.0061114077587,-32.0576572563883,4.09999999999997));
#12713=CARTESIAN_POINT('Origin',(-15.7882039246797,-35.2071165716077,6.09999999999997));
#12714=CARTESIAN_POINT('',(-15.0846359639509,-38.3397829874691,6.09999999910123));
#12715=CARTESIAN_POINT('',(-19.0061114077587,-38.339782986512,6.09999999999997));
#12716=CARTESIAN_POINT('Origin',(-14.7206538069776,-37.9571165716077,6.09999999999997));
#12717=CARTESIAN_POINT('Origin',(-19.0061114077587,-37.4571165716077,5.62999999999997));
#12718=CARTESIAN_POINT('',(-15.0769037967761,-37.9571165716077,6.49602540378441));
#12719=CARTESIAN_POINT('Ctrl Pts',(-15.0846359639509,-38.3397829874691,
6.09999999820249));
#12720=CARTESIAN_POINT('Ctrl Pts',(-15.092257391396,-38.3181636530295,6.14060140355591));
#12721=CARTESIAN_POINT('Ctrl Pts',(-15.0983748106073,-38.2939814364387,
6.17919128330024));
#12722=CARTESIAN_POINT('Ctrl Pts',(-15.109162502008,-38.2289845207018,6.26929250362209));
#12723=CARTESIAN_POINT('Ctrl Pts',(-15.1122289004253,-38.1803274950389,
6.32442748186116));
#12724=CARTESIAN_POINT('Ctrl Pts',(-15.1047925246304,-38.0725195787528,
6.42154450470752));
#12725=CARTESIAN_POINT('Ctrl Pts',(-15.0940717471521,-38.0133915017849,
6.46353505769798));
#12726=CARTESIAN_POINT('Ctrl Pts',(-15.0769037967761,-37.9571165716077,
6.49602540378441));
#12727=CARTESIAN_POINT('',(-15.021150667491,-37.6939995206477,6.60153820095646));
#12728=CARTESIAN_POINT('Origin',(-15.5345129929634,-37.4571165716077,5.62999999999997));
#12729=CARTESIAN_POINT('Ctrl Pts',(-15.0211506686637,-37.6939995139957,
6.6015381987372));
#12730=CARTESIAN_POINT('Ctrl Pts',(-15.017710423793,-37.6672970501303,6.60804886215494));
#12731=CARTESIAN_POINT('Ctrl Pts',(-15.0130625310332,-37.6405644389436,
6.61340409423033));
#12732=CARTESIAN_POINT('Ctrl Pts',(-14.9959817619652,-37.5582310214178,
6.62646199962819));
#12733=CARTESIAN_POINT('Ctrl Pts',(-14.9812449829601,-37.5058168746625,
6.62999999930299));
#12734=CARTESIAN_POINT('Ctrl Pts',(-14.9679503618313,-37.4571165859194,
6.62999999999997));
#12735=CARTESIAN_POINT('Origin',(-15.8504980822238,-37.9571165716077,3.96176970909647));
#12736=CARTESIAN_POINT('',(-11.393744154501,-37.9571165716077,13.46640502679));
#12737=CARTESIAN_POINT('Origin',(-10.7048017594214,-37.9571165716077,13.6999999999999));
#12738=CARTESIAN_POINT('',(-13.1806382985813,-37.9571165708689,10.0847078591182));
#12739=CARTESIAN_POINT('',(-16.2925765690235,-37.9571165716077,4.19536468230633));
#12740=CARTESIAN_POINT('',(-14.6586316920086,-37.9914290911645,7.28508232312688));
#12741=CARTESIAN_POINT('Ctrl Pts',(-14.6586316920261,-37.9914290911648,
7.28508232309359));
#12742=CARTESIAN_POINT('Ctrl Pts',(-14.1588867231137,-37.9812746358468,
8.23234477867387));
#12743=CARTESIAN_POINT('Ctrl Pts',(-13.7151025838101,-37.9705808308881,
9.0732132432435));
#12744=CARTESIAN_POINT('Ctrl Pts',(-13.1903904428567,-37.9573623553017,
10.0662518290687));
#12745=CARTESIAN_POINT('Ctrl Pts',(-13.1855143591216,-37.957239480433,10.0754799145455));
#12746=CARTESIAN_POINT('Ctrl Pts',(-13.1806383132516,-37.9571165716086,
10.0847078313546));
#12747=CARTESIAN_POINT('',(-14.8448784750799,-37.9571165716077,6.93513332509447));
#12748=CARTESIAN_POINT('Ctrl Pts',(-14.844731220284,-37.957928820981,6.93541200479582));
#12749=CARTESIAN_POINT('Ctrl Pts',(-14.8437167054307,-37.9583278871996,
6.93733107906186));
#12750=CARTESIAN_POINT('Ctrl Pts',(-14.8427014345425,-37.9587232491713,
6.9392505302685));
#12751=CARTESIAN_POINT('Ctrl Pts',(-14.8416854302796,-37.9591149187602,
6.94117037218653));
#12752=CARTESIAN_POINT('Ctrl Pts',(-14.8237003618378,-37.9660481616804,
6.97515496216535));
#12753=CARTESIAN_POINT('Ctrl Pts',(-14.8055231057902,-37.971816688585,7.0092000744105));
#12754=CARTESIAN_POINT('Ctrl Pts',(-14.7872362508029,-37.976482649939,7.04340875895318));
#12755=CARTESIAN_POINT('Ctrl Pts',(-14.7785153060081,-37.9787078325312,
7.05972277520183));
#12756=CARTESIAN_POINT('Ctrl Pts',(-14.7697688224309,-37.9806820301246,
7.07607356458531));
#12757=CARTESIAN_POINT('Ctrl Pts',(-14.7610028063583,-37.9824106021304,
7.09246976115636));
#12758=CARTESIAN_POINT('Ctrl Pts',(-14.7437620910454,-37.9858103013328,
7.12471726731582));
#12759=CARTESIAN_POINT('Ctrl Pts',(-14.726515603515,-37.9882476460601,7.15701485041853));
#12760=CARTESIAN_POINT('Ctrl Pts',(-14.7092931655977,-37.9897443660437,
7.18939565839415));
#12761=CARTESIAN_POINT('Ctrl Pts',(-14.6923712500448,-37.9912149690611,
7.2212114385253));
#12762=CARTESIAN_POINT('Ctrl Pts',(-14.6754722067414,-37.9917772170313,
7.25310750789061));
#12763=CARTESIAN_POINT('Ctrl Pts',(-14.6586110714251,-37.9914340868619,
7.28507153433012));
#12764=CARTESIAN_POINT('',(-16.2925765690235,-37.9571165716077,4.19536468230633));
#12765=CARTESIAN_POINT('Origin',(-10.0061114077587,-31.9571165716077,4.09999999999997));
#12766=CARTESIAN_POINT('',(-20.5691068994695,-31.9571165716077,4.09999999999997));
#12767=CARTESIAN_POINT('',(-10.7048017594214,-31.9571165716077,13.6999999999999));
#12768=CARTESIAN_POINT('',(-14.5408994060098,-31.9571165716077,6.44018520383149));
#12769=CARTESIAN_POINT('',(-5.33636239851166,-31.9571165716077,13.6999999999999));
#12770=CARTESIAN_POINT('',(-5.00305570387936,-31.9571165716077,13.6999999999999));
#12771=CARTESIAN_POINT('',(-10.0061114077587,-31.9571165716077,6.62999999999997));
#12772=CARTESIAN_POINT('Origin',(-14.5408994060098,-32.4571165716077,6.44018520383149));
#12773=CARTESIAN_POINT('',(-15.0769037967762,-32.4571165716077,6.4960254037844));
#12774=CARTESIAN_POINT('Ctrl Pts',(-15.0769037967762,-32.4571165716077,
6.49602540378441));
#12775=CARTESIAN_POINT('Ctrl Pts',(-15.0972783688907,-32.390330636302,6.45746652605759));
#12776=CARTESIAN_POINT('Ctrl Pts',(-15.1081500034633,-32.321109387023,6.40642500996796));
#12777=CARTESIAN_POINT('Ctrl Pts',(-15.1116085635624,-32.1983016367557,
6.28691767589958));
#12778=CARTESIAN_POINT('Ctrl Pts',(-15.1045021276417,-32.1447290398738,
6.2184466411512));
#12779=CARTESIAN_POINT('Ctrl Pts',(-15.0909100768866,-32.0935060188151,
6.1345289222482));
#12780=CARTESIAN_POINT('Ctrl Pts',(-15.0879212264101,-32.0837693008636,
6.1175014799431));
#12781=CARTESIAN_POINT('Ctrl Pts',(-15.084635964226,-32.0744501565267,6.09999999966813));
#12782=CARTESIAN_POINT('',(-11.393744154501,-32.4571165716077,13.46640502679));
#12783=CARTESIAN_POINT('',(-14.9829778928095,-32.4571165716077,6.67378017704135));
#12784=CARTESIAN_POINT('Origin',(-10.7048017594214,-32.4571165716077,13.6999999999999));
#12785=CARTESIAN_POINT('Origin',(-13.0061114077587,-32.9571165716077,5.62999999999997));
#12786=CARTESIAN_POINT('Origin',(-20.5691068994695,-32.9571165716077,5.62999999999997));
#12787=CARTESIAN_POINT('Origin',(-15.5345129929634,-32.9571165716077,5.62999999999997));
#12788=CARTESIAN_POINT('Origin',(16.0000000000001,12.5145726171707,14.1999999999999));
#12789=CARTESIAN_POINT('',(15.9999999999998,-44.9854273828293,16.6999999999999));
#12790=CARTESIAN_POINT('',(16.,-1.98542738282926,16.6999999999999));
#12791=CARTESIAN_POINT('',(15.9999999999998,-44.9854273828293,27.1999999999999));
#12792=CARTESIAN_POINT('',(15.9999999999998,-44.9854273828293,14.1999999999999));
#12793=CARTESIAN_POINT('',(15.9999999999998,-45.4854273828293,27.1999999999999));
#12794=CARTESIAN_POINT('Origin',(-16.0000000000002,-45.4854273828291,14.1999999999999));
#12795=CARTESIAN_POINT('',(-16.0000000000002,-44.9854273828291,27.1999999999999));
#12796=CARTESIAN_POINT('',(-16.,12.5145726171709,27.1999999999999));
#12797=CARTESIAN_POINT('',(-16.0000000000002,-44.9854273828291,16.6999999999999));
#12798=CARTESIAN_POINT('',(-16.0000000000002,-44.9854273828291,14.1999999999999));
#12799=CARTESIAN_POINT('',(-16.0000000000001,-30.9854273828291,16.6999999999999));
#12800=CARTESIAN_POINT('Origin',(15.4999999999998,-44.9854273828293,16.6999999999999));
#12801=CARTESIAN_POINT('',(16.4999999999998,-45.4854273828293,16.6999999999999));
#12802=CARTESIAN_POINT('Origin',(16.4999999999998,-44.9854273828293,16.6999999999999));
#12803=CARTESIAN_POINT('',(15.4999999999998,-44.9854273828293,16.1999999999999));
#12804=CARTESIAN_POINT('Origin',(15.4999999999998,-44.9854273828293,16.6999999999999));
#12805=CARTESIAN_POINT('',(15.4999999999998,-45.4854273828293,15.6999999999999));
#12806=CARTESIAN_POINT('Origin',(15.4999999999998,-44.9854273828293,15.6999999999999));
#12807=CARTESIAN_POINT('Origin',(15.4999999999998,-45.4854273828293,16.6999999999999));
#12808=CARTESIAN_POINT('Origin',(15.5,-1.98542738282926,16.6999999999999));
#12809=CARTESIAN_POINT('',(15.5,-1.98542738282926,16.1999999999999));
#12810=CARTESIAN_POINT('Origin',(-15.5000000000002,-44.9854273828291,16.6999999999999));
#12811=CARTESIAN_POINT('',(-15.5000000000002,-44.9854273828291,16.1999999999999));
#12812=CARTESIAN_POINT('',(-15.5000000000002,-45.4854273828291,15.6999999999999));
#12813=CARTESIAN_POINT('Origin',(-15.5000000000002,-44.9854273828291,15.6999999999999));
#12814=CARTESIAN_POINT('Origin',(-15.5000000000002,-44.9854273828291,16.6999999999999));
#12815=CARTESIAN_POINT('',(-16.5000000000002,-45.4854273828291,16.6999999999999));
#12816=CARTESIAN_POINT('Origin',(-16.5000000000002,-44.9854273828291,16.6999999999999));
#12817=CARTESIAN_POINT('Origin',(-15.5000000000002,-45.4854273828291,16.6999999999999));
#12818=CARTESIAN_POINT('Origin',(-15.5000000000001,-30.9854273828291,16.6999999999999));
#12819=CARTESIAN_POINT('',(-15.5000000000001,-30.9854273828291,16.1999999999999));
#12820=CARTESIAN_POINT('Origin',(16.4999999999998,-44.9854273828293,14.6999999999999));
#12821=CARTESIAN_POINT('',(16.4999999999998,-45.4854273828293,14.6999999999999));
#12822=CARTESIAN_POINT('Origin',(16.4999999999998,-44.9854273828293,14.6999999999999));
#12823=CARTESIAN_POINT('',(16.4999999999998,-44.9854273828293,14.1999999999999));
#12824=CARTESIAN_POINT('Origin',(16.4999999999998,-44.9854273828293,14.6999999999999));
#12825=CARTESIAN_POINT('Origin',(16.4999999999998,-44.9854273828293,14.6999999999999));
#12826=CARTESIAN_POINT('Origin',(16.5000000000001,13.0145726171707,14.6999999999999));
#12827=CARTESIAN_POINT('Origin',(16.5000000000001,13.0145726171707,14.6999999999999));
#12828=CARTESIAN_POINT('',(16.5000000000001,13.0145726171707,14.1999999999999));
#12829=CARTESIAN_POINT('Origin',(16.5000000000001,13.0145726171707,14.6999999999999));
#12830=CARTESIAN_POINT('Origin',(16.5000000000001,13.0145726171707,14.6999999999999));
#12831=CARTESIAN_POINT('Origin',(16.4999999999999,-31.4854273828293,14.6999999999999));
#12832=CARTESIAN_POINT('',(16.4999999999999,-31.4854273828293,14.1999999999999));
#12833=CARTESIAN_POINT('Origin',(-16.5000000000002,-44.9854273828291,14.6999999999999));
#12834=CARTESIAN_POINT('',(-16.5000000000002,-45.4854273828291,14.6999999999999));
#12835=CARTESIAN_POINT('Origin',(-16.5000000000002,-44.9854273828291,14.6999999999999));
#12836=CARTESIAN_POINT('',(-16.5000000000002,-44.9854273828291,14.1999999999999));
#12837=CARTESIAN_POINT('Origin',(-16.5000000000002,-44.9854273828291,14.6999999999999));
#12838=CARTESIAN_POINT('Origin',(-16.5000000000002,-44.9854273828291,14.6999999999999));
#12839=CARTESIAN_POINT('Origin',(16.5000000000001,13.0145726171707,27.6999999999999));
#12840=CARTESIAN_POINT('Origin',(16.5000000000001,13.0145726171707,27.6999999999999));
#12841=CARTESIAN_POINT('Origin',(16.5000000000001,13.0145726171707,27.6999999999999));
#12842=CARTESIAN_POINT('Origin',(16.5000000000001,13.0145726171707,14.1999999999999));
#12843=CARTESIAN_POINT('Origin',(-16.4999999999999,13.0145726171709,14.6999999999999));
#12844=CARTESIAN_POINT('',(-16.4999999999999,13.0145726171709,14.1999999999999));
#12845=CARTESIAN_POINT('Origin',(-16.4999999999999,13.0145726171709,14.6999999999999));
#12846=CARTESIAN_POINT('Origin',(-16.4999999999999,13.0145726171709,14.6999999999999));
#12847=CARTESIAN_POINT('Origin',(-16.4999999999999,13.0145726171709,14.6999999999999));
#12848=CARTESIAN_POINT('Origin',(-16.5,-1.48542738282911,14.6999999999999));
#12849=CARTESIAN_POINT('',(-16.5,-1.48542738282911,14.1999999999999));
#12850=CARTESIAN_POINT('Origin',(-16.4999999999999,13.0145726171709,27.6999999999999));
#12851=CARTESIAN_POINT('Origin',(-16.4999999999999,13.0145726171709,27.6999999999999));
#12852=CARTESIAN_POINT('Origin',(-16.4999999999999,13.0145726171709,27.6999999999999));
#12853=CARTESIAN_POINT('Origin',(-16.4999999999999,13.0145726171709,14.1999999999999));
#12854=CARTESIAN_POINT('Origin',(8.50000006332999,13.0145726171708,27.6999999999999));
#12855=CARTESIAN_POINT('Origin',(8.50000000000006,13.0145726171708,14.6999999999999));
#12856=CARTESIAN_POINT('',(8.50000000000006,13.0145726171708,14.1999999999999));
#12857=CARTESIAN_POINT('Origin',(-8.50000000000019,-44.9854273828292,14.6999999999999));
#12858=CARTESIAN_POINT('',(-8.50000000000019,-45.4854273828292,14.6999999999999));
#12859=CARTESIAN_POINT('',(-8.50000000000019,-44.9854273828292,14.1999999999999));
#12860=CARTESIAN_POINT('Origin',(-8.50000000000019,-44.9854273828292,26.6999999999999));
#12861=CARTESIAN_POINT('',(-16.5000000000002,-45.4854273828291,26.6999999999999));
#12862=CARTESIAN_POINT('Origin',(-16.5000000000002,-44.9854273828291,26.6999999999999));
#12863=CARTESIAN_POINT('',(-8.50000000000019,-44.9854273828292,27.1999999999999));
#12864=CARTESIAN_POINT('Origin',(-16.5000000000002,-44.9854273828291,26.6999999999999));
#12865=CARTESIAN_POINT('Origin',(16.4999999999998,-44.9854273828293,14.1999999999999));
#12866=CARTESIAN_POINT('',(16.4999999999998,-45.4854273828293,14.1999999999999));
#12867=CARTESIAN_POINT('',(16.4999999999998,-45.4854273828293,26.6999999999999));
#12868=CARTESIAN_POINT('Origin',(16.4999999999998,-44.9854273828293,26.6999999999999));
#12869=CARTESIAN_POINT('Origin',(16.4999999999998,-44.9854273828293,26.6999999999999));
#12870=CARTESIAN_POINT('Origin',(-16.5000000000002,-44.9854273828291,14.1999999999999));
#12871=CARTESIAN_POINT('',(-16.5000000000002,-45.4854273828291,14.1999999999999));
#12872=CARTESIAN_POINT('Origin',(-8.50000000000019,-44.9854273828292,26.6999999999999));
#12873=CARTESIAN_POINT('',(-8.50000000000019,-44.9854273828292,27.1999999999999));
#12874=CARTESIAN_POINT('Origin',(-8.50000000000019,-44.9854273828292,15.6999999999999));
#12875=CARTESIAN_POINT('',(-8.50000000000019,-44.9854273828292,16.1999999999999));
#12876=CARTESIAN_POINT('',(-8.50000000000019,-45.4854273828292,15.6999999999999));
#12877=CARTESIAN_POINT('Origin',(-6.88338275267597E-14,-16.4854273828292,
27.1999999999999));
#12878=CARTESIAN_POINT('Origin',(-6.84387021339213E-14,-16.4854273828292,
14.1999999999999));
#12879=CARTESIAN_POINT('',(-4.73714147356552,-31.4571165716077,14.1999999999999));
#12880=CARTESIAN_POINT('',(-4.7371414735655,-38.9571165716077,14.1999999999999));
#12881=CARTESIAN_POINT('',(-4.73714147356553,-24.2212719772184,14.1999999999999));
#12882=CARTESIAN_POINT('',(-10.7048017594214,-31.4571165716077,14.1999999999999));
#12883=CARTESIAN_POINT('',(-5.00305570387936,-31.4571165716077,14.1999999999999));
#12884=CARTESIAN_POINT('',(-11.8358226413007,-32.4571165716077,14.1999999999999));
#12885=CARTESIAN_POINT('Origin',(-10.7048017594214,-32.4571165716077,14.1999999999999));
#12886=CARTESIAN_POINT('',(-11.8358226413007,-32.9695554681885,14.1999999999999));
#12887=CARTESIAN_POINT('',(-11.8358226413007,-24.8255780534796,14.1999999999999));
#12888=CARTESIAN_POINT('',(-11.8304978342095,-33.0665016764933,14.1999999999999));
#12889=CARTESIAN_POINT('Ctrl Pts',(-11.8304978342095,-33.0665016764933,
14.1999999999999));
#12890=CARTESIAN_POINT('Ctrl Pts',(-11.8340410618079,-33.0343157883857,
14.1999999999999));
#12891=CARTESIAN_POINT('Ctrl Pts',(-11.8358226413007,-33.0019357994885,
14.1999999999999));
#12892=CARTESIAN_POINT('Ctrl Pts',(-11.8358226413007,-32.9695554681886,
14.1999999999999));
#12893=CARTESIAN_POINT('',(-11.830497587159,-37.7764865837231,14.1999999999999));
#12894=CARTESIAN_POINT('Ctrl Pts',(-11.830497587159,-37.7764865837231,14.1999999999999));
#12895=CARTESIAN_POINT('Ctrl Pts',(-11.7321576661669,-36.8826777673814,
14.1999999999999));
#12896=CARTESIAN_POINT('Ctrl Pts',(-11.651547607618,-35.3082063328467,14.1999999999999));
#12897=CARTESIAN_POINT('Ctrl Pts',(-11.7567233062503,-33.7366530105882,
14.1999999999999));
#12898=CARTESIAN_POINT('Ctrl Pts',(-11.8304978342095,-33.0665016764933,
14.1999999999999));
#12899=CARTESIAN_POINT('',(-11.8358226413007,-37.8734697290384,14.1999999999999));
#12900=CARTESIAN_POINT('Ctrl Pts',(-11.8358226413007,-37.8734697290384,
14.1999999999999));
#12901=CARTESIAN_POINT('Ctrl Pts',(-11.8358226413007,-37.8410771116819,
14.1999999999999));
#12902=CARTESIAN_POINT('Ctrl Pts',(-11.8340401571777,-37.8086849044381,
14.1999999999999));
#12903=CARTESIAN_POINT('Ctrl Pts',(-11.830497587159,-37.7764865837231,14.1999999999999));
#12904=CARTESIAN_POINT('',(-11.8358226413007,-37.9571165716077,14.1999999999999));
#12905=CARTESIAN_POINT('',(-11.8358226413007,-27.4712719772184,14.1999999999999));
#12906=CARTESIAN_POINT('',(-10.7048017594214,-38.9571165716077,14.1999999999999));
#12907=CARTESIAN_POINT('Origin',(-10.7048017594214,-37.9571165716077,14.1999999999999));
#12908=CARTESIAN_POINT('',(-11.0030557038794,-38.9571165716077,14.1999999999999));
#12909=CARTESIAN_POINT('',(4.73714147356533,-15.4990320187218,14.1999999999999));
#12910=CARTESIAN_POINT('',(4.73714147356533,-7.99903014024326,14.1999999999999));
#12911=CARTESIAN_POINT('',(4.73714147356533,-15.7353773828292,14.1999999999999));
#12912=CARTESIAN_POINT('',(10.7037775668565,-15.4990320187218,14.1999999999999));
#12913=CARTESIAN_POINT('',(7.50305570387922,-15.4990320187218,14.1999999999999));
#12914=CARTESIAN_POINT('',(11.8358226413005,-14.4981245915438,14.1999999999999));
#12915=CARTESIAN_POINT('Origin',(10.7048017594213,-14.4990301402433,14.1999999999999));
#12916=CARTESIAN_POINT('',(11.8358226413005,-13.9861366190119,14.1999999999999));
#12917=CARTESIAN_POINT('',(11.8358226413005,-15.1310713065681,14.1999999999999));
#12918=CARTESIAN_POINT('',(11.8304977830502,-13.8891955043067,14.1999999999999));
#12919=CARTESIAN_POINT('Ctrl Pts',(11.8304977830502,-13.8891955043067,14.1999999999999));
#12920=CARTESIAN_POINT('Ctrl Pts',(11.8340411982578,-13.9213796697464,14.1999999999999));
#12921=CARTESIAN_POINT('Ctrl Pts',(11.8358226413005,-13.9537579795039,14.1999999999999));
#12922=CARTESIAN_POINT('Ctrl Pts',(11.8358226413005,-13.9861366190119,14.1999999999999));
#12923=CARTESIAN_POINT('',(11.8304974437684,-9.17921327364691,14.1999999999999));
#12924=CARTESIAN_POINT('Ctrl Pts',(11.8304974437684,-9.1792132736469,14.1999999999999));
#12925=CARTESIAN_POINT('Ctrl Pts',(11.732175086988,-10.0729579747487,14.1999999999999));
#12926=CARTESIAN_POINT('Ctrl Pts',(11.6515254794779,-11.647755523796,14.1999999999999));
#12927=CARTESIAN_POINT('Ctrl Pts',(11.7567169296341,-13.2190580652715,14.1999999999999));
#12928=CARTESIAN_POINT('Ctrl Pts',(11.8304977830502,-13.8891955043067,14.1999999999999));
#12929=CARTESIAN_POINT('',(11.8358226413005,-9.08222143781572,14.1999999999999));
#12930=CARTESIAN_POINT('Ctrl Pts',(11.8358226413005,-9.08222143781572,14.1999999999999));
#12931=CARTESIAN_POINT('Ctrl Pts',(11.8358226413005,-9.11461694827934,14.1999999999999));
#12932=CARTESIAN_POINT('Ctrl Pts',(11.8340399560443,-9.14701203601582,14.1999999999999));
#12933=CARTESIAN_POINT('Ctrl Pts',(11.8304974437684,-9.17921327364691,14.1999999999999));
#12934=CARTESIAN_POINT('',(11.8358226413005,-8.99812647002235,14.1999999999999));
#12935=CARTESIAN_POINT('',(11.8358226413005,-12.4853773828292,14.1999999999999));
#12936=CARTESIAN_POINT('',(10.705825951986,-7.99903014024326,14.1999999999999));
#12937=CARTESIAN_POINT('Origin',(10.7048017594213,-8.99903201872181,14.1999999999999));
#12938=CARTESIAN_POINT('',(5.00305570387922,-7.99903014024326,14.1999999999999));
#12939=CARTESIAN_POINT('',(-6.00611140775868,-28.7705860225405,14.1999999999999));
#12940=CARTESIAN_POINT('',(-9.56182414039611,-30.9571165716077,14.1999999999999));
#12941=CARTESIAN_POINT('',(-2.86406282335015,-26.838431843323,14.1999999999999));
#12942=CARTESIAN_POINT('',(-6.00611140775868,-30.9571165716077,14.1999999999999));
#12943=CARTESIAN_POINT('',(-3.00305570387937,-30.9571165716077,14.1999999999999));
#12944=CARTESIAN_POINT('',(-6.00611140775868,-22.6280067026849,14.1999999999999));
#12945=CARTESIAN_POINT('',(0.999999999999924,-5.90810237813193,14.1999999999999));
#12946=CARTESIAN_POINT('',(0.999999999999923,-13.8104228157898,14.1999999999999));
#12947=CARTESIAN_POINT('',(0.999999999999923,-15.1479250993095,14.1999999999999));
#12948=CARTESIAN_POINT('',(3.66273840834117,-8.57084078647317,14.1999999999999));
#12949=CARTESIAN_POINT('',(1.68854203242005,-12.4555497842534,14.1999999999999));
#12950=CARTESIAN_POINT('',(3.39433125117424,-8.30243362930625,14.1999999999999));
#12951=CARTESIAN_POINT('',(-13.3618829249471,10.5145726171709,14.1999999999999));
#12952=CARTESIAN_POINT('',(-1.00000000101073,-13.810422813801,14.1999999999999));
#12953=CARTESIAN_POINT('',(-0.357172828754905,-15.0753407979173,14.1999999999999));
#12954=CARTESIAN_POINT('',(-1.00000000101073,10.5145726171708,14.1999999999999));
#12955=CARTESIAN_POINT('',(-1.00000000101073,-2.98542738282919,14.1999999999999));
#12956=CARTESIAN_POINT('',(-6.68094146247353,10.5145726171708,14.1999999999999));
#12957=CARTESIAN_POINT('',(-13.5000000000001,-18.9854273828292,14.1999999999999));
#12958=CARTESIAN_POINT('',(-13.5000000000001,-28.9279959395941,14.1999999999999));
#12959=CARTESIAN_POINT('',(-13.5000000000001,-22.7067116612116,14.1999999999999));
#12960=CARTESIAN_POINT('',(-11.4708793679865,-30.9571165716077,14.1999999999999));
#12961=CARTESIAN_POINT('',(-12.2210818231845,-30.2069141164097,14.1999999999999));
#12962=CARTESIAN_POINT('',(-6.00611140775868,-27.5966420375081,14.1999999999999));
#12963=CARTESIAN_POINT('',(-1.34811611410882,-24.7322798764452,14.1999999999999));
#12964=CARTESIAN_POINT('',(-1.62992035374146,-18.9854273828292,14.1999999999999));
#12965=CARTESIAN_POINT('',(-0.957787348621258,-17.6628430824314,14.1999999999999));
#12966=CARTESIAN_POINT('',(-6.75000000000007,-18.9854273828292,14.1999999999999));
#12967=CARTESIAN_POINT('',(-13.5000000000001,-16.9854273828292,14.1999999999999));
#12968=CARTESIAN_POINT('',(-1.44741776030446,-16.9854273828292,14.1999999999999));
#12969=CARTESIAN_POINT('',(-0.723708880152263,-16.9854273828292,14.1999999999999));
#12970=CARTESIAN_POINT('',(-13.5,6.73094412108803,14.1999999999999));
#12971=CARTESIAN_POINT('',(-7.42613642525554,-5.22085194534469,14.1999999999999));
#12972=CARTESIAN_POINT('',(-13.5000000000001,-16.7354273828292,14.1999999999999));
#12973=CARTESIAN_POINT('',(1.62992035374131,-16.9854273828292,14.1999999999999));
#12974=CARTESIAN_POINT('',(4.00611140775851,-16.9854273828292,14.1999999999999));
#12975=CARTESIAN_POINT('',(2.00305570387922,-16.9854273828292,14.1999999999999));
#12976=CARTESIAN_POINT('',(4.00611140775851,-12.309696599118,14.1999999999999));
#12977=CARTESIAN_POINT('',(4.00611140775851,-14.3975619909736,14.1999999999999));
#12978=CARTESIAN_POINT('',(1.56361819014184,-17.1158929305572,14.1999999999999));
#12979=CARTESIAN_POINT('',(-4.00611140775868,-37.4571165716077,14.1999999999999));
#12980=CARTESIAN_POINT('',(-1.00000001490116,-37.4571165716077,14.1999999999999));
#12981=CARTESIAN_POINT('',(-0.500000007450615,-37.4571165716077,14.1999999999999));
#12982=CARTESIAN_POINT('',(-1.00000000101073,-22.1604319518574,14.1999999999999));
#12983=CARTESIAN_POINT('',(-1.00000000101073,-19.3229296673433,14.1999999999999));
#12984=CARTESIAN_POINT('',(-4.00611140775868,-28.0756834296517,14.1999999999999));
#12985=CARTESIAN_POINT('',(-1.25439769060816,-22.6610209539684,14.1999999999999));
#12986=CARTESIAN_POINT('',(-4.00611140775868,-26.9712719772184,14.1999999999999));
#12987=CARTESIAN_POINT('',(-12.3454894823244,-44.4854273828291,14.1999999999999));
#12988=CARTESIAN_POINT('',(-6.0061114077587,-44.4854273828291,14.1999999999999));
#12989=CARTESIAN_POINT('',(-3.00305570387945,-44.4854273828291,14.1999999999999));
#12990=CARTESIAN_POINT('',(-6.00611140775868,-39.4571165716077,14.1999999999999));
#12991=CARTESIAN_POINT('',(-6.00611140775862,-27.9712719772184,14.1999999999999));
#12992=CARTESIAN_POINT('',(-9.79011841432656,-39.4571165716077,14.1999999999999));
#12993=CARTESIAN_POINT('',(-4.89505920716329,-39.4571165716077,14.1999999999999));
#12994=CARTESIAN_POINT('',(-5.42408672789098,-30.8658929305571,14.1999999999999));
#12995=CARTESIAN_POINT('',(13.5,6.37182611464739,14.1999999999999));
#12996=CARTESIAN_POINT('',(6.45038333634243,-7.50000022351742,14.1999999999999));
#12997=CARTESIAN_POINT('',(3.9738496814424,-12.3731793509013,14.1999999999999));
#12998=CARTESIAN_POINT('',(10.5918978453854,-7.50000022351742,14.1999999999999));
#12999=CARTESIAN_POINT('',(5.29594892269267,-7.50000022351742,14.1999999999999));
#13000=CARTESIAN_POINT('',(13.5,-4.59189806890285,14.1999999999999));
#13001=CARTESIAN_POINT('',(7.15161767151839,-10.9402803973844,14.1999999999999));
#13002=CARTESIAN_POINT('',(13.5,-5.05680063409092,14.1999999999999));
#13003=CARTESIAN_POINT('',(0.999999999999925,10.5145726171708,14.1999999999999));
#13004=CARTESIAN_POINT('',(0.999999999999923,-3.07967525338574,14.1999999999999));
#13005=CARTESIAN_POINT('',(0.999999999999923,-9.78255131810746,14.1999999999999));
#13006=CARTESIAN_POINT('',(4.61579537428826,-6.69547062767407,14.1999999999999));
#13007=CARTESIAN_POINT('',(5.90933571950495,-7.98901097289077,14.1999999999999));
#13008=CARTESIAN_POINT('',(13.3618829249472,10.5145726171707,14.1999999999999));
#13009=CARTESIAN_POINT('',(6.53811429072306,-2.91284308243142,14.1999999999999));
#13010=CARTESIAN_POINT('',(0.499999999999987,10.5145726171708,14.1999999999999));
#13011=CARTESIAN_POINT('',(13.4999999999998,-42.3426808803059,14.1999999999999));
#13012=CARTESIAN_POINT('',(13.4999999999999,-18.9854273828292,14.1999999999999));
#13013=CARTESIAN_POINT('',(13.4999999999999,-17.7354273828292,14.1999999999999));
#13014=CARTESIAN_POINT('',(1.62992035374129,-18.9854273828292,14.1999999999999));
#13015=CARTESIAN_POINT('',(0.814960176870612,-18.9854273828292,14.1999999999999));
#13016=CARTESIAN_POINT('',(6.89282717175037,-29.3414698311698,14.1999999999999));
#13017=CARTESIAN_POINT('',(-13.5000000000001,-30.3422095019672,14.1999999999999));
#13018=CARTESIAN_POINT('',(-13.5000000000002,-42.3426808803058,14.1999999999999));
#13019=CARTESIAN_POINT('',(-13.5000000000001,-29.4140541315675,14.1999999999999));
#13020=CARTESIAN_POINT('',(-12.0061114077587,-39.4030936504113,14.1999999999999));
#13021=CARTESIAN_POINT('',(-6.14588287562986,-27.8716762162224,14.1999999999999));
#13022=CARTESIAN_POINT('',(-12.0061114077587,-31.8360980942086,14.1999999999999));
#13023=CARTESIAN_POINT('',(-12.0061114077587,-24.1607627385189,14.1999999999999));
#13024=CARTESIAN_POINT('',(-13.5891955297846,-30.2530139721827,14.1999999999999));
#13025=CARTESIAN_POINT('',(0.999999999999926,-44.4854273828292,14.1999999999999));
#13026=CARTESIAN_POINT('',(12.527992075761,-44.4854273828292,14.1999999999999));
#13027=CARTESIAN_POINT('',(6.26399603788039,-44.4854273828292,14.1999999999999));
#13028=CARTESIAN_POINT('',(0.999999999999925,-21.8013139434282,14.1999999999999));
#13029=CARTESIAN_POINT('',(-0.17613642525559,-19.4869809776028,14.1999999999999));
#13030=CARTESIAN_POINT('',(0.999999999999925,-30.4854273828292,14.1999999999999));
#13031=CARTESIAN_POINT('',(6.00611140775851,-16.9854273828292,14.1999999999999));
#13032=CARTESIAN_POINT('',(10.0061114077585,-16.9854273828292,14.1999999999999));
#13033=CARTESIAN_POINT('',(5.00305570387922,-16.9854273828292,14.1999999999999));
#13034=CARTESIAN_POINT('',(10.0061114077585,-16.0000002235174,14.1999999999999));
#13035=CARTESIAN_POINT('',(10.0061114077585,-16.2427138031733,14.1999999999999));
#13036=CARTESIAN_POINT('',(6.00611140775851,-16.0000002235174,14.1999999999999));
#13037=CARTESIAN_POINT('',(3.00305570387922,-16.0000002235174,14.1999999999999));
#13038=CARTESIAN_POINT('',(6.00611140775851,-16.7354273828292,14.1999999999999));
#13039=CARTESIAN_POINT('',(-4.0061114077587,-44.4854273828291,14.1999999999999));
#13040=CARTESIAN_POINT('',(-1.00000000101073,-44.4854273828291,14.1999999999999));
#13041=CARTESIAN_POINT('',(-0.50000000050547,-44.4854273828291,14.1999999999999));
#13042=CARTESIAN_POINT('',(-1.00000000101073,-39.4571165716077,14.1999999999999));
#13043=CARTESIAN_POINT('',(-1.00000000101073,-27.9712719772184,14.1999999999999));
#13044=CARTESIAN_POINT('',(-4.00611140775868,-39.4571165716077,14.1999999999999));
#13045=CARTESIAN_POINT('',(-2.00305570387937,-39.4571165716077,14.1999999999999));
#13046=CARTESIAN_POINT('',(-4.00611140775863,-30.4854273828291,14.1999999999999));
#13047=CARTESIAN_POINT('',(12.0061114077585,-16.9854273828292,14.1999999999999));
#13048=CARTESIAN_POINT('',(13.4999999999999,-16.9854273828292,14.1999999999999));
#13049=CARTESIAN_POINT('',(6.74999999999993,-16.9854273828292,14.1999999999999));
#13050=CARTESIAN_POINT('',(13.5,-7.42032519364905,14.1999999999999));
#13051=CARTESIAN_POINT('',(13.5,-11.9528762882391,14.1999999999999));
#13052=CARTESIAN_POINT('',(12.0061114077585,-8.91421378589051,14.1999999999999));
#13053=CARTESIAN_POINT('',(7.1117801565842,-13.8085450370648,14.1999999999999));
#13054=CARTESIAN_POINT('',(12.0061114077585,-16.7354273828292,14.1999999999999));
#13055=CARTESIAN_POINT('Origin',(-17.0000000000002,-45.4854273828291,14.1999999999999));
#13056=CARTESIAN_POINT('Origin',(10.,7.51457261717087,27.1999999999999));
#13057=CARTESIAN_POINT('',(12.5,7.51457261717087,27.1999999999999));
#13058=CARTESIAN_POINT('Origin',(-10.,7.51457261717087,27.1999999999999));
#13059=CARTESIAN_POINT('',(-7.5,7.51457261717087,27.1999999999999));
#13060=CARTESIAN_POINT('Origin',(0.,7.51457261717087,27.1999999999999));
#13061=CARTESIAN_POINT('',(2.5,7.51457261717087,27.1999999999999));
#13062=CARTESIAN_POINT('Origin',(10.,-37.4854273828291,27.1999999999999));
#13063=CARTESIAN_POINT('',(12.5,-37.4854273828291,27.1999999999999));
#13064=CARTESIAN_POINT('Origin',(-10.,-37.4854273828291,27.1999999999999));
#13065=CARTESIAN_POINT('',(-7.5,-37.4854273828291,27.1999999999999));
#13066=CARTESIAN_POINT('Origin',(0.,-37.4854273828291,27.1999999999999));
#13067=CARTESIAN_POINT('',(2.5,-37.4854273828291,27.1999999999999));
#13068=CARTESIAN_POINT('Origin',(-6.88338275267597E-14,-16.4854273828292,
27.1999999999999));
#13069=CARTESIAN_POINT('Origin',(0.,-14.9854273828291,27.1999999999999));
#13070=CARTESIAN_POINT('',(2.5,-14.9854273828291,27.1999999999999));
#13071=CARTESIAN_POINT('Origin',(-10.,-14.9854273828291,27.1999999999999));
#13072=CARTESIAN_POINT('',(-7.5,-14.9854273828291,27.1999999999999));
#13073=CARTESIAN_POINT('Origin',(10.,-14.9854273828291,27.1999999999999));
#13074=CARTESIAN_POINT('',(12.5,-14.9854273828291,27.1999999999999));
#13075=CARTESIAN_POINT('Origin',(13.4999999999999,-16.9854273828292,16.1999999999999));
#13076=CARTESIAN_POINT('',(13.4999999999999,-16.9854273828292,16.1999999999999));
#13077=CARTESIAN_POINT('',(12.0061114077585,-16.9854273828292,16.1999999999999));
#13078=CARTESIAN_POINT('',(6.74999999999993,-16.9854273828292,16.1999999999999));
#13079=CARTESIAN_POINT('',(13.4999999999999,-16.9854273828292,16.1999999999999));
#13080=CARTESIAN_POINT('',(12.0061114077585,-16.9854273828292,16.1999999999999));
#13081=CARTESIAN_POINT('Origin',(13.5,-7.42032519364905,16.1999999999999));
#13082=CARTESIAN_POINT('',(13.5,-7.42032519364905,16.1999999999999));
#13083=CARTESIAN_POINT('',(13.5,-11.9528762882391,16.1999999999999));
#13084=CARTESIAN_POINT('',(13.5,-7.42032519364905,16.1999999999999));
#13085=CARTESIAN_POINT('Origin',(12.0061114077585,-8.91421378589051,16.1999999999999));
#13086=CARTESIAN_POINT('',(12.0061114077585,-8.91421378589051,16.1999999999999));
#13087=CARTESIAN_POINT('',(7.1117801565842,-13.8085450370648,16.1999999999999));
#13088=CARTESIAN_POINT('',(12.0061114077585,-8.91421378589051,16.1999999999999));
#13089=CARTESIAN_POINT('Origin',(12.0061114077585,-16.9854273828292,16.1999999999999));
#13090=CARTESIAN_POINT('',(12.0061114077585,-16.7354273828292,16.1999999999999));
#13091=CARTESIAN_POINT('Origin',(-1.00000000101073,-44.4854273828291,16.1999999999999));
#13092=CARTESIAN_POINT('',(-1.00000000101073,-44.4854273828291,16.1999999999999));
#13093=CARTESIAN_POINT('',(-4.0061114077587,-44.4854273828291,16.1999999999999));
#13094=CARTESIAN_POINT('',(-0.50000000050547,-44.4854273828291,16.1999999999999));
#13095=CARTESIAN_POINT('',(-1.00000000101073,-44.4854273828291,16.1999999999999));
#13096=CARTESIAN_POINT('',(-4.0061114077587,-44.4854273828291,16.1999999999999));
#13097=CARTESIAN_POINT('Origin',(-1.00000000101073,-39.4571165716077,16.1999999999999));
#13098=CARTESIAN_POINT('',(-1.00000000101073,-39.4571165716077,16.1999999999999));
#13099=CARTESIAN_POINT('',(-1.00000000101073,-27.9712719772184,16.1999999999999));
#13100=CARTESIAN_POINT('',(-1.00000000101073,-39.4571165716077,16.1999999999999));
#13101=CARTESIAN_POINT('Origin',(-4.00611140775868,-39.4571165716077,16.1999999999999));
#13102=CARTESIAN_POINT('',(-4.00611140775868,-39.4571165716077,16.1999999999999));
#13103=CARTESIAN_POINT('',(-2.00305570387937,-39.4571165716077,16.1999999999999));
#13104=CARTESIAN_POINT('',(-4.00611140775868,-39.4571165716077,16.1999999999999));
#13105=CARTESIAN_POINT('Origin',(-4.0061114077587,-44.4854273828291,16.1999999999999));
#13106=CARTESIAN_POINT('',(-4.00611140775863,-30.4854273828291,16.1999999999999));
#13107=CARTESIAN_POINT('Origin',(10.0061114077585,-16.9854273828292,16.1999999999999));
#13108=CARTESIAN_POINT('',(10.0061114077585,-16.9854273828292,16.1999999999999));
#13109=CARTESIAN_POINT('',(6.00611140775851,-16.9854273828292,16.1999999999999));
#13110=CARTESIAN_POINT('',(5.00305570387922,-16.9854273828292,16.1999999999999));
#13111=CARTESIAN_POINT('',(10.0061114077585,-16.9854273828292,16.1999999999999));
#13112=CARTESIAN_POINT('',(6.00611140775851,-16.9854273828292,16.1999999999999));
#13113=CARTESIAN_POINT('Origin',(10.0061114077585,-16.0000002235174,16.1999999999999));
#13114=CARTESIAN_POINT('',(10.0061114077585,-16.0000002235174,16.1999999999999));
#13115=CARTESIAN_POINT('',(10.0061114077585,-16.2427138031733,16.1999999999999));
#13116=CARTESIAN_POINT('',(10.0061114077585,-16.0000002235174,16.1999999999999));
#13117=CARTESIAN_POINT('Origin',(6.00611140775851,-16.0000002235174,16.1999999999999));
#13118=CARTESIAN_POINT('',(6.00611140775851,-16.0000002235174,16.1999999999999));
#13119=CARTESIAN_POINT('',(3.00305570387922,-16.0000002235174,16.1999999999999));
#13120=CARTESIAN_POINT('',(6.00611140775851,-16.0000002235174,16.1999999999999));
#13121=CARTESIAN_POINT('Origin',(6.00611140775851,-16.9854273828292,16.1999999999999));
#13122=CARTESIAN_POINT('',(6.00611140775851,-16.7354273828292,16.1999999999999));
#13123=CARTESIAN_POINT('Origin',(12.527992075761,-44.4854273828292,16.1999999999999));
#13124=CARTESIAN_POINT('',(12.527992075761,-44.4854273828292,16.1999999999999));
#13125=CARTESIAN_POINT('',(0.999999999999926,-44.4854273828292,16.1999999999999));
#13126=CARTESIAN_POINT('',(6.26399603788039,-44.4854273828292,16.1999999999999));
#13127=CARTESIAN_POINT('',(12.527992075761,-44.4854273828292,16.1999999999999));
#13128=CARTESIAN_POINT('',(0.999999999999926,-44.4854273828292,16.1999999999999));
#13129=CARTESIAN_POINT('Origin',(0.999999999999925,-21.8013139434282,16.1999999999999));
#13130=CARTESIAN_POINT('',(0.999999999999925,-21.8013139434282,16.1999999999999));
#13131=CARTESIAN_POINT('',(-0.17613642525559,-19.4869809776028,16.1999999999999));
#13132=CARTESIAN_POINT('',(0.999999999999925,-21.8013139434282,16.1999999999999));
#13133=CARTESIAN_POINT('Origin',(0.999999999999926,-44.4854273828292,16.1999999999999));
#13134=CARTESIAN_POINT('',(0.999999999999925,-30.4854273828292,16.1999999999999));
#13135=CARTESIAN_POINT('Origin',(-13.5000000000002,-42.3426808803058,16.1999999999999));
#13136=CARTESIAN_POINT('',(-13.5000000000002,-42.3426808803058,16.1999999999999));
#13137=CARTESIAN_POINT('',(-13.5000000000001,-30.3422095019672,16.1999999999999));
#13138=CARTESIAN_POINT('',(-13.5000000000001,-29.4140541315675,16.1999999999999));
#13139=CARTESIAN_POINT('',(-13.5000000000002,-42.3426808803058,16.1999999999999));
#13140=CARTESIAN_POINT('',(-13.5000000000001,-30.3422095019672,16.1999999999999));
#13141=CARTESIAN_POINT('Origin',(-12.0061114077587,-39.4030936504113,16.1999999999999));
#13142=CARTESIAN_POINT('',(-12.0061114077587,-39.4030936504113,16.1999999999999));
#13143=CARTESIAN_POINT('',(-6.14588287562986,-27.8716762162224,16.1999999999999));
#13144=CARTESIAN_POINT('',(-12.0061114077587,-39.4030936504113,16.1999999999999));
#13145=CARTESIAN_POINT('Origin',(-12.0061114077587,-31.8360980942086,16.1999999999999));
#13146=CARTESIAN_POINT('',(-12.0061114077587,-31.8360980942086,16.1999999999999));
#13147=CARTESIAN_POINT('',(-12.0061114077587,-24.1607627385189,16.1999999999999));
#13148=CARTESIAN_POINT('',(-12.0061114077587,-31.8360980942086,16.1999999999999));
#13149=CARTESIAN_POINT('Origin',(-13.5000000000001,-30.3422095019672,16.1999999999999));
#13150=CARTESIAN_POINT('',(-13.5891955297846,-30.2530139721827,16.1999999999999));
#13151=CARTESIAN_POINT('Origin',(13.4999999999999,-18.9854273828292,16.1999999999999));
#13152=CARTESIAN_POINT('',(13.4999999999999,-18.9854273828292,16.1999999999999));
#13153=CARTESIAN_POINT('',(13.4999999999998,-42.3426808803059,16.1999999999999));
#13154=CARTESIAN_POINT('',(13.4999999999999,-17.7354273828292,16.1999999999999));
#13155=CARTESIAN_POINT('',(13.4999999999999,-18.9854273828292,16.1999999999999));
#13156=CARTESIAN_POINT('',(13.4999999999998,-42.3426808803059,16.1999999999999));
#13157=CARTESIAN_POINT('Origin',(1.62992035374129,-18.9854273828292,16.1999999999999));
#13158=CARTESIAN_POINT('',(1.62992035374129,-18.9854273828292,16.1999999999999));
#13159=CARTESIAN_POINT('',(0.814960176870612,-18.9854273828292,16.1999999999999));
#13160=CARTESIAN_POINT('',(1.62992035374129,-18.9854273828292,16.1999999999999));
#13161=CARTESIAN_POINT('Origin',(13.4999999999998,-42.3426808803059,16.1999999999999));
#13162=CARTESIAN_POINT('',(6.89282717175037,-29.3414698311698,16.1999999999999));
#13163=CARTESIAN_POINT('Origin',(0.999999999999924,-3.07967525338574,16.1999999999999));
#13164=CARTESIAN_POINT('',(0.999999999999924,-3.07967525338574,16.1999999999999));
#13165=CARTESIAN_POINT('',(0.999999999999924,10.5145726171708,16.1999999999999));
#13166=CARTESIAN_POINT('',(0.999999999999923,-9.78255131810746,16.1999999999999));
#13167=CARTESIAN_POINT('',(0.999999999999924,-3.07967525338574,16.1999999999999));
#13168=CARTESIAN_POINT('',(0.999999999999924,10.5145726171708,16.1999999999999));
#13169=CARTESIAN_POINT('Origin',(4.61579537428826,-6.69547062767407,16.1999999999999));
#13170=CARTESIAN_POINT('',(4.61579537428826,-6.69547062767407,16.1999999999999));
#13171=CARTESIAN_POINT('',(5.90933571950495,-7.98901097289077,16.1999999999999));
#13172=CARTESIAN_POINT('',(4.61579537428826,-6.69547062767407,16.1999999999999));
#13173=CARTESIAN_POINT('Origin',(13.3618829249472,10.5145726171707,16.1999999999999));
#13174=CARTESIAN_POINT('',(13.3618829249472,10.5145726171707,16.1999999999999));
#13175=CARTESIAN_POINT('',(6.53811429072306,-2.91284308243142,16.1999999999999));
#13176=CARTESIAN_POINT('',(13.3618829249472,10.5145726171707,16.1999999999999));
#13177=CARTESIAN_POINT('Origin',(0.999999999999925,10.5145726171708,16.1999999999999));
#13178=CARTESIAN_POINT('',(0.499999999999987,10.5145726171708,16.1999999999999));
#13179=CARTESIAN_POINT('Origin',(6.45038333634243,-7.50000022351742,16.1999999999999));
#13180=CARTESIAN_POINT('',(6.45038333634243,-7.50000022351742,16.1999999999999));
#13181=CARTESIAN_POINT('',(13.5,6.37182611464739,16.1999999999999));
#13182=CARTESIAN_POINT('',(3.9738496814424,-12.3731793509013,16.1999999999999));
#13183=CARTESIAN_POINT('',(6.45038333634243,-7.50000022351742,16.1999999999999));
#13184=CARTESIAN_POINT('',(13.5,6.37182611464739,16.1999999999999));
#13185=CARTESIAN_POINT('Origin',(10.5918978453854,-7.50000022351742,16.1999999999999));
#13186=CARTESIAN_POINT('',(10.5918978453854,-7.50000022351742,16.1999999999999));
#13187=CARTESIAN_POINT('',(5.29594892269267,-7.50000022351742,16.1999999999999));
#13188=CARTESIAN_POINT('',(10.5918978453854,-7.50000022351742,16.1999999999999));
#13189=CARTESIAN_POINT('Origin',(13.5,-4.59189806890285,16.1999999999999));
#13190=CARTESIAN_POINT('',(13.5,-4.59189806890285,16.1999999999999));
#13191=CARTESIAN_POINT('',(7.15161767151839,-10.9402803973844,16.1999999999999));
#13192=CARTESIAN_POINT('',(13.5,-4.59189806890285,16.1999999999999));
#13193=CARTESIAN_POINT('Origin',(13.5,6.37182611464739,16.1999999999999));
#13194=CARTESIAN_POINT('',(13.5,-5.05680063409092,16.1999999999999));
#13195=CARTESIAN_POINT('Origin',(-6.0061114077587,-44.4854273828291,16.1999999999999));
#13196=CARTESIAN_POINT('',(-6.0061114077587,-44.4854273828291,16.1999999999999));
#13197=CARTESIAN_POINT('',(-12.3454894823244,-44.4854273828291,16.1999999999999));
#13198=CARTESIAN_POINT('',(-3.00305570387945,-44.4854273828291,16.1999999999999));
#13199=CARTESIAN_POINT('',(-6.0061114077587,-44.4854273828291,16.1999999999999));
#13200=CARTESIAN_POINT('',(-12.3454894823244,-44.4854273828291,16.1999999999999));
#13201=CARTESIAN_POINT('Origin',(-6.00611140775868,-39.4571165716077,16.1999999999999));
#13202=CARTESIAN_POINT('',(-6.00611140775868,-39.4571165716077,16.1999999999999));
#13203=CARTESIAN_POINT('',(-6.00611140775862,-27.9712719772184,16.1999999999999));
#13204=CARTESIAN_POINT('',(-6.00611140775868,-39.4571165716077,16.1999999999999));
#13205=CARTESIAN_POINT('Origin',(-9.79011841432656,-39.4571165716077,16.1999999999999));
#13206=CARTESIAN_POINT('',(-9.79011841432656,-39.4571165716077,16.1999999999999));
#13207=CARTESIAN_POINT('',(-4.89505920716329,-39.4571165716077,16.1999999999999));
#13208=CARTESIAN_POINT('',(-9.79011841432656,-39.4571165716077,16.1999999999999));
#13209=CARTESIAN_POINT('Origin',(-12.3454894823244,-44.4854273828291,16.1999999999999));
#13210=CARTESIAN_POINT('',(-5.42408672789098,-30.8658929305571,16.1999999999999));
#13211=CARTESIAN_POINT('Origin',(-1.00000001490116,-37.4571165716077,16.1999999999999));
#13212=CARTESIAN_POINT('',(-1.00000001490116,-37.4571165716077,16.1999999999999));
#13213=CARTESIAN_POINT('',(-4.00611140775868,-37.4571165716077,16.1999999999999));
#13214=CARTESIAN_POINT('',(-0.500000007450615,-37.4571165716077,16.1999999999999));
#13215=CARTESIAN_POINT('',(-1.00000001490116,-37.4571165716077,16.1999999999999));
#13216=CARTESIAN_POINT('',(-4.00611140775868,-37.4571165716077,16.1999999999999));
#13217=CARTESIAN_POINT('Origin',(-1.00000000101073,-22.1604319518574,16.1999999999999));
#13218=CARTESIAN_POINT('',(-1.00000000101073,-22.1604319518574,16.1999999999999));
#13219=CARTESIAN_POINT('',(-1.00000000101073,-19.3229296673433,16.1999999999999));
#13220=CARTESIAN_POINT('',(-1.00000000101073,-22.1604319518574,16.1999999999999));
#13221=CARTESIAN_POINT('Origin',(-4.00611140775868,-28.0756834296517,16.1999999999999));
#13222=CARTESIAN_POINT('',(-4.00611140775868,-28.0756834296517,16.1999999999999));
#13223=CARTESIAN_POINT('',(-1.25439769060816,-22.6610209539684,16.1999999999999));
#13224=CARTESIAN_POINT('',(-4.00611140775868,-28.0756834296517,16.1999999999999));
#13225=CARTESIAN_POINT('Origin',(-4.00611140775868,-37.4571165716077,16.1999999999999));
#13226=CARTESIAN_POINT('',(-4.00611140775868,-26.9712719772184,16.1999999999999));
#13227=CARTESIAN_POINT('Origin',(4.00611140775851,-16.9854273828292,16.1999999999999));
#13228=CARTESIAN_POINT('',(4.00611140775851,-16.9854273828292,16.1999999999999));
#13229=CARTESIAN_POINT('',(1.62992035374131,-16.9854273828292,16.1999999999999));
#13230=CARTESIAN_POINT('',(2.00305570387922,-16.9854273828292,16.1999999999999));
#13231=CARTESIAN_POINT('',(4.00611140775851,-16.9854273828292,16.1999999999999));
#13232=CARTESIAN_POINT('',(1.62992035374131,-16.9854273828292,16.1999999999999));
#13233=CARTESIAN_POINT('Origin',(4.00611140775851,-12.309696599118,16.1999999999999));
#13234=CARTESIAN_POINT('',(4.00611140775851,-12.309696599118,16.1999999999999));
#13235=CARTESIAN_POINT('',(4.00611140775851,-14.3975619909736,16.1999999999999));
#13236=CARTESIAN_POINT('',(4.00611140775851,-12.309696599118,16.1999999999999));
#13237=CARTESIAN_POINT('Origin',(1.62992035374131,-16.9854273828292,16.1999999999999));
#13238=CARTESIAN_POINT('',(1.56361819014184,-17.1158929305572,16.1999999999999));
#13239=CARTESIAN_POINT('Origin',(-1.44741776030446,-16.9854273828292,16.1999999999999));
#13240=CARTESIAN_POINT('',(-1.44741776030446,-16.9854273828292,16.1999999999999));
#13241=CARTESIAN_POINT('',(-13.5000000000001,-16.9854273828292,16.1999999999999));
#13242=CARTESIAN_POINT('',(-0.723708880152263,-16.9854273828292,16.1999999999999));
#13243=CARTESIAN_POINT('',(-1.44741776030446,-16.9854273828292,16.1999999999999));
#13244=CARTESIAN_POINT('',(-13.5000000000001,-16.9854273828292,16.1999999999999));
#13245=CARTESIAN_POINT('Origin',(-13.5,6.73094412108803,16.1999999999999));
#13246=CARTESIAN_POINT('',(-13.5,6.73094412108803,16.1999999999999));
#13247=CARTESIAN_POINT('',(-7.42613642525554,-5.22085194534469,16.1999999999999));
#13248=CARTESIAN_POINT('',(-13.5,6.73094412108803,16.1999999999999));
#13249=CARTESIAN_POINT('Origin',(-13.5000000000001,-16.9854273828292,16.1999999999999));
#13250=CARTESIAN_POINT('',(-13.5000000000001,-16.7354273828292,16.1999999999999));
#13251=CARTESIAN_POINT('Origin',(-13.5000000000001,-28.9279959395941,16.1999999999999));
#13252=CARTESIAN_POINT('',(-13.5000000000001,-28.9279959395941,16.1999999999999));
#13253=CARTESIAN_POINT('',(-13.5000000000001,-18.9854273828292,16.1999999999999));
#13254=CARTESIAN_POINT('',(-13.5000000000001,-22.7067116612116,16.1999999999999));
#13255=CARTESIAN_POINT('',(-13.5000000000001,-28.9279959395941,16.1999999999999));
#13256=CARTESIAN_POINT('',(-13.5000000000001,-18.9854273828292,16.1999999999999));
#13257=CARTESIAN_POINT('Origin',(-11.4708793679865,-30.9571165716077,16.1999999999999));
#13258=CARTESIAN_POINT('',(-11.4708793679865,-30.9571165716077,16.1999999999999));
#13259=CARTESIAN_POINT('',(-12.2210818231845,-30.2069141164097,16.1999999999999));
#13260=CARTESIAN_POINT('',(-11.4708793679865,-30.9571165716077,16.1999999999999));
#13261=CARTESIAN_POINT('Origin',(-6.00611140775868,-27.5966420375081,16.1999999999999));
#13262=CARTESIAN_POINT('',(-6.00611140775868,-27.5966420375081,16.1999999999999));
#13263=CARTESIAN_POINT('',(-1.34811611410882,-24.7322798764452,16.1999999999999));
#13264=CARTESIAN_POINT('',(-6.00611140775868,-27.5966420375081,16.1999999999999));
#13265=CARTESIAN_POINT('Origin',(-1.62992035374146,-18.9854273828292,16.1999999999999));
#13266=CARTESIAN_POINT('',(-1.62992035374146,-18.9854273828292,16.1999999999999));
#13267=CARTESIAN_POINT('',(-0.957787348621258,-17.6628430824314,16.1999999999999));
#13268=CARTESIAN_POINT('',(-1.62992035374146,-18.9854273828292,16.1999999999999));
#13269=CARTESIAN_POINT('Origin',(-13.5000000000001,-18.9854273828292,16.1999999999999));
#13270=CARTESIAN_POINT('',(-6.75000000000007,-18.9854273828292,16.1999999999999));
#13271=CARTESIAN_POINT('Origin',(-1.00000000101073,-13.810422813801,16.1999999999999));
#13272=CARTESIAN_POINT('',(-1.00000000101073,-13.810422813801,16.1999999999999));
#13273=CARTESIAN_POINT('',(-13.3618829249471,10.5145726171709,16.1999999999999));
#13274=CARTESIAN_POINT('',(-0.357172828754905,-15.0753407979173,16.1999999999999));
#13275=CARTESIAN_POINT('',(-1.00000000101073,-13.810422813801,16.1999999999999));
#13276=CARTESIAN_POINT('',(-13.3618829249471,10.5145726171709,16.1999999999999));
#13277=CARTESIAN_POINT('Origin',(-1.00000000101073,10.5145726171708,16.1999999999999));
#13278=CARTESIAN_POINT('',(-1.00000000101073,10.5145726171708,16.1999999999999));
#13279=CARTESIAN_POINT('',(-1.00000000101073,-2.98542738282919,16.1999999999999));
#13280=CARTESIAN_POINT('',(-1.00000000101073,10.5145726171708,16.1999999999999));
#13281=CARTESIAN_POINT('Origin',(-13.3618829249471,10.5145726171709,16.1999999999999));
#13282=CARTESIAN_POINT('',(-6.68094146247353,10.5145726171708,16.1999999999999));
#13283=CARTESIAN_POINT('Origin',(0.999999999999923,-13.8104228157898,16.1999999999999));
#13284=CARTESIAN_POINT('',(0.999999999999923,-13.8104228157898,16.1999999999999));
#13285=CARTESIAN_POINT('',(0.999999999999924,-5.90810237813193,16.1999999999999));
#13286=CARTESIAN_POINT('',(0.999999999999923,-15.1479250993095,16.1999999999999));
#13287=CARTESIAN_POINT('',(0.999999999999923,-13.8104228157898,16.1999999999999));
#13288=CARTESIAN_POINT('',(0.999999999999924,-5.90810237813193,16.1999999999999));
#13289=CARTESIAN_POINT('Origin',(3.66273840834117,-8.57084078647317,16.1999999999999));
#13290=CARTESIAN_POINT('',(3.66273840834117,-8.57084078647317,16.1999999999999));
#13291=CARTESIAN_POINT('',(1.68854203242005,-12.4555497842534,16.1999999999999));
#13292=CARTESIAN_POINT('',(3.66273840834117,-8.57084078647317,16.1999999999999));
#13293=CARTESIAN_POINT('Origin',(0.999999999999924,-5.90810237813193,16.1999999999999));
#13294=CARTESIAN_POINT('',(3.39433125117424,-8.30243362930625,16.1999999999999));
#13295=CARTESIAN_POINT('Origin',(-9.56182414039611,-30.9571165716077,16.1999999999999));
#13296=CARTESIAN_POINT('',(-9.56182414039611,-30.9571165716077,16.1999999999999));
#13297=CARTESIAN_POINT('',(-6.00611140775868,-28.7705860225405,16.1999999999999));
#13298=CARTESIAN_POINT('',(-2.86406282335015,-26.838431843323,16.1999999999999));
#13299=CARTESIAN_POINT('',(-9.56182414039611,-30.9571165716077,16.1999999999999));
#13300=CARTESIAN_POINT('',(-6.00611140775868,-28.7705860225405,16.1999999999999));
#13301=CARTESIAN_POINT('Origin',(-6.00611140775868,-30.9571165716077,16.1999999999999));
#13302=CARTESIAN_POINT('',(-6.00611140775868,-30.9571165716077,16.1999999999999));
#13303=CARTESIAN_POINT('',(-3.00305570387937,-30.9571165716077,16.1999999999999));
#13304=CARTESIAN_POINT('',(-6.00611140775868,-30.9571165716077,16.1999999999999));
#13305=CARTESIAN_POINT('Origin',(-6.00611140775868,-28.7705860225405,16.1999999999999));
#13306=CARTESIAN_POINT('',(-6.00611140775868,-22.6280067026849,16.1999999999999));
#13307=CARTESIAN_POINT('Ctrl Pts',(11.8358226413005,-8.99812647002235,14.1999999999999));
#13308=CARTESIAN_POINT('Ctrl Pts',(11.8358226413005,-8.7738560293066,14.1999999999999));
#13309=CARTESIAN_POINT('Ctrl Pts',(11.687834075481,-8.40150187869365,14.1999999999999));
#13310=CARTESIAN_POINT('Ctrl Pts',(11.2125214036093,-8.0673413472886,14.1999999999999));
#13311=CARTESIAN_POINT('Ctrl Pts',(10.8749286687554,-7.99903014024325,14.1999999999999));
#13312=CARTESIAN_POINT('Ctrl Pts',(10.705825951986,-7.99903014024325,14.1999999999999));
#13313=CARTESIAN_POINT('Ctrl Pts',(11.7378747271606,-8.99812647002235,14.1999999999999));
#13314=CARTESIAN_POINT('Ctrl Pts',(11.7378563908337,-8.79871933233987,14.2000001195634));
#13315=CARTESIAN_POINT('Ctrl Pts',(11.6109786408674,-8.46546714064839,14.2000317335575));
#13316=CARTESIAN_POINT('Ctrl Pts',(11.1802509718724,-8.14816261256644,14.1999913909954));
#13317=CARTESIAN_POINT('Ctrl Pts',(10.8650245072118,-8.07725364962401,14.2000126995562));
#13318=CARTESIAN_POINT('Ctrl Pts',(10.705825951986,-8.07392226464503,14.1999999999999));
#13319=CARTESIAN_POINT('Ctrl Pts',(11.5427617665908,-8.99812647002235,14.1407326311258));
#13320=CARTESIAN_POINT('Ctrl Pts',(11.5427071510601,-8.84829925468656,14.1407099161289));
#13321=CARTESIAN_POINT('Ctrl Pts',(11.4577486034705,-8.5929590127287,14.1449105538026));
#13322=CARTESIAN_POINT('Ctrl Pts',(11.1158848851828,-8.30943265606622,14.1559888280552));
#13323=CARTESIAN_POINT('Ctrl Pts',(10.8452422286382,-8.233417956508,14.162597132368));
#13324=CARTESIAN_POINT('Ctrl Pts',(10.705825951986,-8.22346139916743,14.1656889432034));
#13325=CARTESIAN_POINT('Ctrl Pts',(11.3138844976881,-8.99812647002235,13.8644736984957));
#13326=CARTESIAN_POINT('Ctrl Pts',(11.3138287487708,-8.90619572445176,13.8643572716615));
#13327=CARTESIAN_POINT('Ctrl Pts',(11.2694514596177,-8.74477430647892,13.8859051674789));
#13328=CARTESIAN_POINT('Ctrl Pts',(11.028522662524,-8.52124032850315,13.9445467522767));
#13329=CARTESIAN_POINT('Ctrl Pts',(10.8174499879266,-8.44867226313694,13.9808515564408));
#13330=CARTESIAN_POINT('Ctrl Pts',(10.705825951986,-8.43389979976709,13.9980527854307));
#13331=CARTESIAN_POINT('Ctrl Pts',(11.3251037333624,-8.99812647002235,13.5963070237945));
#13332=CARTESIAN_POINT('Ctrl Pts',(11.3251295644331,-8.9038314246158,13.5961342477727));
#13333=CARTESIAN_POINT('Ctrl Pts',(11.2604212665517,-8.74246250645132,13.6272990180981));
#13334=CARTESIAN_POINT('Ctrl Pts',(11.0083973440442,-8.55905208762062,13.7200632983074));
#13335=CARTESIAN_POINT('Ctrl Pts',(10.8087289041471,-8.50714477155374,13.7814090734348));
#13336=CARTESIAN_POINT('Ctrl Pts',(10.705825951986,-8.49924694436359,13.8113688333637));
#13337=CARTESIAN_POINT('Ctrl Pts',(11.3937441545008,-8.99812647002235,13.46640502679));
#13338=CARTESIAN_POINT('Ctrl Pts',(11.3938339349871,-8.88599092033078,13.4662351172198));
#13339=CARTESIAN_POINT('Ctrl Pts',(11.3038382920683,-8.69987254137586,13.4965176910368));
#13340=CARTESIAN_POINT('Ctrl Pts',(11.0144434766093,-8.53298206329021,13.5944327635344));
#13341=CARTESIAN_POINT('Ctrl Pts',(10.8088319806725,-8.49896150539642,13.6641053942393));
#13342=CARTESIAN_POINT('Ctrl Pts',(10.705825951986,-8.49902920100574,13.6990308577855));
#13343=CARTESIAN_POINT('Origin',(10.705825951986,-7.99903014024326,13.6999999999999));
#13344=CARTESIAN_POINT('Origin',(11.8358226413005,-8.99812647002235,13.6999999999999));
#13345=CARTESIAN_POINT('Origin',(5.00305570387922,-7.99903014024326,13.6999999999999));
#13346=CARTESIAN_POINT('',(5.15434986798591,-8.41623853466384,13.9755669712156));
#13347=CARTESIAN_POINT('Origin',(4.73714147356533,-7.99903014024326,13.6999999999999));
#13348=CARTESIAN_POINT('',(5.33700251886444,-8.49902920100574,13.6990308577855));
#13349=CARTESIAN_POINT('',(5.00305570387922,-8.49902920100574,13.6990308577855));
#13350=CARTESIAN_POINT('Origin',(5.33636239851148,-7.99903014024326,13.6999999999999));
#13351=CARTESIAN_POINT('Ctrl Pts',(11.8304974437684,-9.17921327364691,14.1999999999999));
#13352=CARTESIAN_POINT('Ctrl Pts',(11.8340399560443,-9.14701203601582,14.1999999999999));
#13353=CARTESIAN_POINT('Ctrl Pts',(11.8358226413005,-9.11461694827934,14.1999999999999));
#13354=CARTESIAN_POINT('Ctrl Pts',(11.8358226413005,-9.08222143781572,14.1999999999999));
#13355=CARTESIAN_POINT('Ctrl Pts',(11.7333437553467,-9.16852523308706,14.1999999999999));
#13356=CARTESIAN_POINT('Ctrl Pts',(11.7363893066408,-9.13984867216613,14.2000007048802));
#13357=CARTESIAN_POINT('Ctrl Pts',(11.7379048325881,-9.11102683616368,14.199999803695));
#13358=CARTESIAN_POINT('Ctrl Pts',(11.7378747271606,-9.08222143781572,14.1999999999999));
#13359=CARTESIAN_POINT('Ctrl Pts',(11.5398081447759,-9.14723405527219,14.1409892768586));
#13360=CARTESIAN_POINT('Ctrl Pts',(11.5418643636023,-9.12558635432508,14.1408551191467));
#13361=CARTESIAN_POINT('Ctrl Pts',(11.5428518085367,-9.10386779218338,14.1407697701132));
#13362=CARTESIAN_POINT('Ctrl Pts',(11.5427621382386,-9.08222143781572,14.1407324755832));
#13363=CARTESIAN_POINT('Ctrl Pts',(11.3123232917367,-9.12220806423129,13.8657980353113));
#13364=CARTESIAN_POINT('Ctrl Pts',(11.3134635058509,-9.10881167167894,13.8651098219679));
#13365=CARTESIAN_POINT('Ctrl Pts',(11.3139767099233,-9.09550788854225,13.8646648493158));
#13366=CARTESIAN_POINT('Ctrl Pts',(11.3138851787788,-9.08222143781572,13.8644736943679));
#13367=CARTESIAN_POINT('Ctrl Pts',(11.3225394609883,-9.12333196218205,13.5982631734568));
#13368=CARTESIAN_POINT('Ctrl Pts',(11.3241908576228,-9.10968457564317,13.5972400544513));
#13369=CARTESIAN_POINT('Ctrl Pts',(11.3250613227187,-9.09584927928486,13.5965906954386));
#13370=CARTESIAN_POINT('Ctrl Pts',(11.3251037333624,-9.08222143781572,13.5963070237945));
#13371=CARTESIAN_POINT('Ctrl Pts',(11.3900596001993,-9.13075996618497,13.4683390776408));
#13372=CARTESIAN_POINT('Ctrl Pts',(11.3923635716548,-9.11463714363942,13.4673309139024));
#13373=CARTESIAN_POINT('Ctrl Pts',(11.3935967487563,-9.09842534130275,13.4666839921616));
#13374=CARTESIAN_POINT('Ctrl Pts',(11.3937441545008,-9.08222143781572,13.46640502679));
#13375=CARTESIAN_POINT('',(11.3937441545008,-9.08222143781572,13.46640502679));
#13376=CARTESIAN_POINT('',(11.3900596001993,-9.13075996618497,13.4683390776408));
#13377=CARTESIAN_POINT('Ctrl Pts',(11.3900596001993,-9.13075996618497,13.4683390776408));
#13378=CARTESIAN_POINT('Ctrl Pts',(11.3923635716548,-9.11463714363942,13.4673309139024));
#13379=CARTESIAN_POINT('Ctrl Pts',(11.3935967487563,-9.09842534130275,13.4666839921616));
#13380=CARTESIAN_POINT('Ctrl Pts',(11.3937441545008,-9.08222143781572,13.46640502679));
#13381=CARTESIAN_POINT('Origin',(11.8358226413005,-9.08222143781572,13.6999999999999));
#13382=CARTESIAN_POINT('Origin',(11.8304974437684,-9.1792132736469,13.6999999999999));
#13383=CARTESIAN_POINT('Origin',(11.8358226413005,-12.4853773828292,13.6999999999999));
#13384=CARTESIAN_POINT('',(11.3937441545008,-12.4853773828292,13.46640502679));
#13385=CARTESIAN_POINT('Ctrl Pts',(11.8358226413005,-13.9861366190119,14.1999999999999));
#13386=CARTESIAN_POINT('Ctrl Pts',(11.8358226413005,-13.9537579795039,14.1999999999999));
#13387=CARTESIAN_POINT('Ctrl Pts',(11.8340411982578,-13.9213796697464,14.1999999999999));
#13388=CARTESIAN_POINT('Ctrl Pts',(11.8304977830502,-13.8891955043067,14.1999999999999));
#13389=CARTESIAN_POINT('Ctrl Pts',(11.7378747271606,-13.9861366190119,14.1999999999999));
#13390=CARTESIAN_POINT('Ctrl Pts',(11.7378852638515,-13.9573474174604,14.1999999312945));
#13391=CARTESIAN_POINT('Ctrl Pts',(11.7363514640915,-13.928547384427,14.2000005802866));
#13392=CARTESIAN_POINT('Ctrl Pts',(11.7332870445499,-13.8998982211375,14.1999999999999));
#13393=CARTESIAN_POINT('Ctrl Pts',(11.5427714325167,-13.9861366190119,14.1407286533227));
#13394=CARTESIAN_POINT('Ctrl Pts',(11.5428028164994,-13.9645051170998,14.1407417061497));
#13395=CARTESIAN_POINT('Ctrl Pts',(11.5417590274112,-13.9428172439232,14.1408031607815));
#13396=CARTESIAN_POINT('Ctrl Pts',(11.5396484071104,-13.9212174656573,14.1409135489398));
#13397=CARTESIAN_POINT('Ctrl Pts',(11.3139019724957,-13.9861366190119,13.86447354457));
#13398=CARTESIAN_POINT('Ctrl Pts',(11.3139340077617,-13.9728634508998,13.8645404474766));
#13399=CARTESIAN_POINT('Ctrl Pts',(11.3133614498379,-13.9595965629723,13.8648607751845));
#13400=CARTESIAN_POINT('Ctrl Pts',(11.312167337776,-13.9462626973573,13.8654269195197));
#13401=CARTESIAN_POINT('Ctrl Pts',(11.3251037333624,-13.9861366190119,13.5963070237945));
#13402=CARTESIAN_POINT('Ctrl Pts',(11.3250888899311,-13.9725221242643,13.5964063069034));
#13403=CARTESIAN_POINT('Ctrl Pts',(11.324250431822,-13.9587149630051,13.5968737000655));
#13404=CARTESIAN_POINT('Ctrl Pts',(11.3226284126547,-13.9451109529729,13.5977149286257));
#13405=CARTESIAN_POINT('Ctrl Pts',(11.3937441545008,-13.9861366190119,13.46640502679));
#13406=CARTESIAN_POINT('Ctrl Pts',(11.3936925635121,-13.969946545985,13.4665026627362));
#13407=CARTESIAN_POINT('Ctrl Pts',(11.3925558619246,-13.9537537981273,13.4669681800113));
#13408=CARTESIAN_POINT('Ctrl Pts',(11.3903463907964,-13.9376553327853,13.4677966474812));
#13409=CARTESIAN_POINT('',(11.3903463907964,-13.9376553327853,13.4677966474812));
#13410=CARTESIAN_POINT('',(11.3937441545008,-13.9861366190119,13.46640502679));
#13411=CARTESIAN_POINT('Ctrl Pts',(11.3937441545008,-13.9861366190119,13.46640502679));
#13412=CARTESIAN_POINT('Ctrl Pts',(11.3936925635121,-13.969946545985,13.4665026627362));
#13413=CARTESIAN_POINT('Ctrl Pts',(11.3925558619246,-13.9537537981273,13.4669681800113));
#13414=CARTESIAN_POINT('Ctrl Pts',(11.3903463907964,-13.9376553327853,13.4677966474812));
#13415=CARTESIAN_POINT('Origin',(11.8304977830502,-13.8891955043067,13.6999999999999));
#13416=CARTESIAN_POINT('Origin',(11.8358226413005,-13.9861366190119,13.6999999999999));
#13417=CARTESIAN_POINT('Ctrl Pts',(11.8304977830502,-13.8891955043067,14.1999999999999));
#13418=CARTESIAN_POINT('Ctrl Pts',(11.7567169296341,-13.2190580652715,14.1999999999999));
#13419=CARTESIAN_POINT('Ctrl Pts',(11.6515254794779,-11.647755523796,14.1999999999999));
#13420=CARTESIAN_POINT('Ctrl Pts',(11.732175086988,-10.0729579747487,14.1999999999999));
#13421=CARTESIAN_POINT('Ctrl Pts',(11.8304974437684,-9.1792132736469,14.1999999999999));
#13422=CARTESIAN_POINT('Ctrl Pts',(11.7332870445499,-13.8998982211376,14.1999999999999));
#13423=CARTESIAN_POINT('Ctrl Pts',(11.6631714066734,-13.2267473640996,14.1999741711286));
#13424=CARTESIAN_POINT('Ctrl Pts',(11.5644560648339,-11.6482400440634,14.1999437494995));
#13425=CARTESIAN_POINT('Ctrl Pts',(11.6398946349239,-10.066278103424,14.1999656989216));
#13426=CARTESIAN_POINT('Ctrl Pts',(11.7333437553467,-9.16852523308705,14.1999999999999));
#13427=CARTESIAN_POINT('Ctrl Pts',(11.5396482279396,-13.9212174853837,14.1409136223117));
#13428=CARTESIAN_POINT('Ctrl Pts',(11.4767801669045,-13.2420642495825,14.1458270584084));
#13429=CARTESIAN_POINT('Ctrl Pts',(11.3908821867993,-11.6492019431977,14.1536183505185));
#13430=CARTESIAN_POINT('Ctrl Pts',(11.4560044307393,-10.052971776689,14.1475139470603));
#13431=CARTESIAN_POINT('Ctrl Pts',(11.5398171310188,-9.14723504386389,14.1409855276898));
#13432=CARTESIAN_POINT('Ctrl Pts',(11.3121670182041,-13.9462627325416,13.8654269241023));
#13433=CARTESIAN_POINT('Ctrl Pts',(11.2489204048424,-13.261064769207,13.8906263119269));
#13434=CARTESIAN_POINT('Ctrl Pts',(11.1662033269568,-11.650686570498,13.9320473056249));
#13435=CARTESIAN_POINT('Ctrl Pts',(11.2280435632812,-10.0359951423171,13.8992878562967));
#13436=CARTESIAN_POINT('Ctrl Pts',(11.3123395341628,-9.12220985108786,13.8657978298241));
#13437=CARTESIAN_POINT('Ctrl Pts',(11.3226284126547,-13.9451109529729,13.5977149286257));
#13438=CARTESIAN_POINT('Ctrl Pts',(11.2418966313617,-13.2620688598787,13.63515846275));
#13439=CARTESIAN_POINT('Ctrl Pts',(11.1341612259186,-11.6512270533042,13.7011867821545));
#13440=CARTESIAN_POINT('Ctrl Pts',(11.2150256433447,-10.0342649983311,13.6480504711103));
#13441=CARTESIAN_POINT('Ctrl Pts',(11.3225394609883,-9.12333196218204,13.5982631734568));
#13442=CARTESIAN_POINT('Ctrl Pts',(11.3903463907964,-13.9376553327853,13.4677966474812));
#13443=CARTESIAN_POINT('Ctrl Pts',(11.2960602114174,-13.2579671828898,13.5046721786405));
#13444=CARTESIAN_POINT('Ctrl Pts',(11.1662865291108,-11.6513497806956,13.5749069784901));
#13445=CARTESIAN_POINT('Ctrl Pts',(11.2645318920311,-10.0372403908994,13.517398617986));
#13446=CARTESIAN_POINT('Ctrl Pts',(11.3900596001993,-9.13075996618496,13.4683390776408));
#13447=CARTESIAN_POINT('Ctrl Pts',(11.3903463907964,-13.9376553327853,13.4677966474812));
#13448=CARTESIAN_POINT('Ctrl Pts',(11.2960602114174,-13.2579671828898,13.5046721786405));
#13449=CARTESIAN_POINT('Ctrl Pts',(11.1662865291108,-11.6513497806956,13.5749069784901));
#13450=CARTESIAN_POINT('Ctrl Pts',(11.2645318920311,-10.0372403908994,13.517398617986));
#13451=CARTESIAN_POINT('Ctrl Pts',(11.3900596001993,-9.13075996618496,13.4683390776408));
#13452=CARTESIAN_POINT('Ctrl Pts',(10.7037775668565,-15.4990320187218,14.1999999999999));
#13453=CARTESIAN_POINT('Ctrl Pts',(10.9577242683777,-15.4990320187218,14.1999999999999));
#13454=CARTESIAN_POINT('Ctrl Pts',(11.379601690192,-15.3678505088846,14.1999999999999));
#13455=CARTESIAN_POINT('Ctrl Pts',(11.7583731005937,-14.9467544431251,14.1999999999999));
#13456=CARTESIAN_POINT('Ctrl Pts',(11.8358226413005,-14.647810704107,14.1999999999999));
#13457=CARTESIAN_POINT('Ctrl Pts',(11.8358226413005,-14.4981245915438,14.1999999999999));
#13458=CARTESIAN_POINT('Ctrl Pts',(10.7037775668565,-15.4243244929526,14.1999999999999));
#13459=CARTESIAN_POINT('Ctrl Pts',(10.9428875901483,-15.4193216924313,14.2000189709774));
#13460=CARTESIAN_POINT('Ctrl Pts',(11.3343304903277,-15.2869538911341,14.1999838575475));
#13461=CARTESIAN_POINT('Ctrl Pts',(11.6713202576685,-14.8973500027086,14.2000253000515));
#13462=CARTESIAN_POINT('Ctrl Pts',(11.7378869654809,-14.6312160464934,14.1999999201989));
#13463=CARTESIAN_POINT('Ctrl Pts',(11.7378747271606,-14.4981245915438,14.1999999999999));
#13464=CARTESIAN_POINT('Ctrl Pts',(10.7037775668565,-15.2751555466509,14.1658574507242));
#13465=CARTESIAN_POINT('Ctrl Pts',(10.9132529327914,-15.2602032008844,14.161226522546));
#13466=CARTESIAN_POINT('Ctrl Pts',(11.2440683689801,-15.125589763706,14.1525628401572));
#13467=CARTESIAN_POINT('Ctrl Pts',(11.4978327444104,-14.7988858641801,14.142949085921));
#13468=CARTESIAN_POINT('Ctrl Pts',(11.5428094339203,-14.5981246332266,14.1407431891655));
#13469=CARTESIAN_POINT('Ctrl Pts',(11.5427729815619,-14.4981245915438,14.1407280283642));
#13470=CARTESIAN_POINT('Ctrl Pts',(10.7037775668565,-15.0649905222909,13.9990038582267));
#13471=CARTESIAN_POINT('Ctrl Pts',(10.8715697163561,-15.042757040964,13.9732251982043));
#13472=CARTESIAN_POINT('Ctrl Pts',(11.124344995259,-14.9204968473942,13.9260594422803));
#13473=CARTESIAN_POINT('Ctrl Pts',(11.289935713719,-14.683252160589,13.8759155063734));
#13474=CARTESIAN_POINT('Ctrl Pts',(11.3139419375042,-14.5594824587936,13.8645512187111));
#13475=CARTESIAN_POINT('Ctrl Pts',(11.3139047286831,-14.4981245915438,13.8644735112783));
#13476=CARTESIAN_POINT('Ctrl Pts',(10.7037775668565,-14.9992501646102,13.8130302203637));
#13477=CARTESIAN_POINT('Ctrl Pts',(10.8583976065946,-14.9872457474645,13.7680851006535));
#13478=CARTESIAN_POINT('Ctrl Pts',(11.1022973812536,-14.8967979069989,13.6898475012567));
#13479=CARTESIAN_POINT('Ctrl Pts',(11.2905334966296,-14.6878454846856,13.6129302199602));
#13480=CARTESIAN_POINT('Ctrl Pts',(11.325086492782,-14.561060477057,13.5964223406904));
#13481=CARTESIAN_POINT('Ctrl Pts',(11.3251037333624,-14.4981245915438,13.5963070237945));
#13482=CARTESIAN_POINT('Ctrl Pts',(10.7037775668565,-14.9990329579593,13.7009691422142));
#13483=CARTESIAN_POINT('Ctrl Pts',(10.8584648582346,-14.9989312974004,13.6485205095956));
#13484=CARTESIAN_POINT('Ctrl Pts',(11.1154967915838,-14.9331714628544,13.5612890861241));
#13485=CARTESIAN_POINT('Ctrl Pts',(11.3463874943835,-14.7224711809203,13.4827408781683));
#13486=CARTESIAN_POINT('Ctrl Pts',(11.3936842317936,-14.5729678676345,13.4665184305135));
#13487=CARTESIAN_POINT('Ctrl Pts',(11.3937441545008,-14.4981245915438,13.46640502679));
#13488=CARTESIAN_POINT('',(11.3937441545008,-14.4981245915438,13.46640502679));
#13489=CARTESIAN_POINT('Origin',(10.7048017594213,-14.4990301402433,13.6999999999999));
#13490=CARTESIAN_POINT('Origin',(11.8358226413005,-14.4981245915438,13.6999999999999));
#13491=CARTESIAN_POINT('Origin',(10.7037775668565,-15.4990320187218,13.6999999999999));
#13492=CARTESIAN_POINT('Origin',(11.8358226413005,-15.1310713065681,13.6999999999999));
#13493=CARTESIAN_POINT('',(11.3937441545008,-15.1310713065681,13.46640502679));
#13494=CARTESIAN_POINT('Origin',(7.50305570387922,-15.4990320187218,13.6999999999999));
#13495=CARTESIAN_POINT('',(5.15434986798591,-15.0818236243012,13.9755669712156));
#13496=CARTESIAN_POINT('Origin',(5.33636239851148,-15.4990320187218,13.6999999999999));
#13497=CARTESIAN_POINT('Origin',(4.73714147356533,-15.4990320187218,13.6999999999999));
#13498=CARTESIAN_POINT('Origin',(14.5641160698178,-14.4848733642328,6.39624766757458));
#13499=CARTESIAN_POINT('',(15.0766866088865,-14.4846147845696,6.49643643186523));
#13500=CARTESIAN_POINT('Ctrl Pts',(15.0766866088869,-14.4846147845707,6.49643643186458));
#13501=CARTESIAN_POINT('Ctrl Pts',(15.0767325371952,-14.4847656196774,6.49634951254107));
#13502=CARTESIAN_POINT('Ctrl Pts',(15.0767783919012,-14.4849163761052,6.49626258608953));
#13503=CARTESIAN_POINT('Ctrl Pts',(15.1010773985714,-14.5648905336921,6.45012153024351));
#13504=CARTESIAN_POINT('Ctrl Pts',(15.1111926755904,-14.646032908844,6.38747710723371));
#13505=CARTESIAN_POINT('Ctrl Pts',(15.1078169297116,-14.7764176178561,6.24818210305451));
#13506=CARTESIAN_POINT('Ctrl Pts',(15.0973664107007,-14.8284838311901,6.17420025642931));
#13507=CARTESIAN_POINT('Ctrl Pts',(15.0828564709091,-14.8679937977331,6.10000000000094));
#13508=CARTESIAN_POINT('',(15.0061945566174,-14.4848733642328,6.62984264078444));
#13509=CARTESIAN_POINT('Ctrl Pts',(14.4861724381726,-13.6579918747119,7.17689600742302));
#13510=CARTESIAN_POINT('Ctrl Pts',(13.9792728495095,-13.6806224435643,8.22886755585719));
#13511=CARTESIAN_POINT('Ctrl Pts',(13.1887231039186,-13.7310406440313,9.88605574719079));
#13512=CARTESIAN_POINT('Ctrl Pts',(12.155485809854,-13.8460050659566,11.9840322947323));
#13513=CARTESIAN_POINT('Ctrl Pts',(11.6216478079834,-13.910629225666,13.0237146813852));
#13514=CARTESIAN_POINT('Ctrl Pts',(11.3903463907964,-13.9376553327854,13.4677966474812));
#13515=CARTESIAN_POINT('Ctrl Pts',(14.5972466343525,-13.7504513954536,7.23640656459821));
#13516=CARTESIAN_POINT('Ctrl Pts',(14.0683347785777,-13.7763520497064,8.27702341748028));
#13517=CARTESIAN_POINT('Ctrl Pts',(13.2376994249733,-13.8215829046564,9.91334525242345));
#13518=CARTESIAN_POINT('Ctrl Pts',(12.1661885258835,-13.8968236298562,11.9903066256946));
#13519=CARTESIAN_POINT('Ctrl Pts',(11.6246839808203,-13.9367807320967,13.0255486054276));
#13520=CARTESIAN_POINT('Ctrl Pts',(11.3916815974928,-13.9537578373445,13.4686262286246));
#13521=CARTESIAN_POINT('Ctrl Pts',(14.6658174127662,-13.9048087992927,7.27400638552284));
#13522=CARTESIAN_POINT('Ctrl Pts',(14.1200114551814,-13.9138142555261,8.30596326699048));
#13523=CARTESIAN_POINT('Ctrl Pts',(13.263082445587,-13.9258758627288,9.92838474973093));
#13524=CARTESIAN_POINT('Ctrl Pts',(12.1715721897808,-13.9485227229163,11.9937672798379));
#13525=CARTESIAN_POINT('Ctrl Pts',(11.6261594969813,-13.9631522296529,13.0265597038906));
#13526=CARTESIAN_POINT('Ctrl Pts',(11.3923249713788,-13.9699364873373,13.4690908308486));
#13527=CARTESIAN_POINT('Ctrl Pts',(14.6652457174477,-14.061097791332,7.27508831891319));
#13528=CARTESIAN_POINT('Ctrl Pts',(14.1197367997534,-14.0519555828004,8.30746394564957));
#13529=CARTESIAN_POINT('Ctrl Pts',(13.2625333170736,-14.0301659413033,9.92972153662121));
#13530=CARTESIAN_POINT('Ctrl Pts',(12.1715649713291,-14.0001610809054,11.9943791309426));
#13531=CARTESIAN_POINT('Ctrl Pts',(11.6260636041842,-13.9895238371801,13.0267404682642));
#13532=CARTESIAN_POINT('Ctrl Pts',(11.3922734853423,-13.986115161264,13.4691882681725));
#13533=CARTESIAN_POINT('',(14.6652457174477,-14.061097791332,7.27508831891319));
#13534=CARTESIAN_POINT('Ctrl Pts',(11.3937441545024,-13.9861366188892,13.466405026787));
#13535=CARTESIAN_POINT('Ctrl Pts',(11.6270440342964,-13.9895429590336,13.0248850042769));
#13536=CARTESIAN_POINT('Ctrl Pts',(12.1720551709405,-14.0001745628464,11.993451428178));
#13537=CARTESIAN_POINT('Ctrl Pts',(13.2625333170736,-14.0301659413033,9.92972153662121));
#13538=CARTESIAN_POINT('Ctrl Pts',(14.1197367997534,-14.0519555828004,8.30746394564957));
#13539=CARTESIAN_POINT('Ctrl Pts',(14.6652457174477,-14.061097791332,7.27508831891319));
#13540=CARTESIAN_POINT('',(14.4861724381729,-13.6579918747116,7.17689600742174));
#13541=CARTESIAN_POINT('Origin',(14.223167230648,-14.061097791332,7.04149334570332));
#13542=CARTESIAN_POINT('Ctrl Pts',(14.4861724381726,-13.6579918747119,7.17689600742302));
#13543=CARTESIAN_POINT('Ctrl Pts',(13.9792728495095,-13.6806224435643,8.22886755585719));
#13544=CARTESIAN_POINT('Ctrl Pts',(13.1887231039186,-13.7310406440313,9.88605574719079));
#13545=CARTESIAN_POINT('Ctrl Pts',(12.155485809854,-13.8460050659566,11.9840322947323));
#13546=CARTESIAN_POINT('Ctrl Pts',(11.6216478079834,-13.910629225666,13.0237146813852));
#13547=CARTESIAN_POINT('Ctrl Pts',(11.3903463907964,-13.9376553327854,13.4677966474812));
#13548=CARTESIAN_POINT('Ctrl Pts',(14.665245717449,-14.0610977913321,7.27508831891073));
#13549=CARTESIAN_POINT('Ctrl Pts',(14.7805174738861,-14.0630296358922,7.05693651985344));
#13550=CARTESIAN_POINT('Ctrl Pts',(14.9748923050897,-13.9168658614825,6.68908215180061));
#13551=CARTESIAN_POINT('Ctrl Pts',(15.1268189640194,-13.4174417772644,6.40156094977629));
#13552=CARTESIAN_POINT('Ctrl Pts',(15.1468802462209,-13.086787179537,6.36359497320984));
#13553=CARTESIAN_POINT('Ctrl Pts',(15.1468802462209,-12.922292644285,6.36359497320984));
#13554=CARTESIAN_POINT('Ctrl Pts',(14.6655724004882,-13.971789795881,7.2744700712591));
#13555=CARTESIAN_POINT('Ctrl Pts',(14.7715220716495,-13.9776230160964,7.07387904587507));
#13556=CARTESIAN_POINT('Ctrl Pts',(14.9503733157469,-13.8477744515674,6.73515578256886));
#13557=CARTESIAN_POINT('Ctrl Pts',(15.0872708825423,-13.387001209451,6.4761390005811));
#13558=CARTESIAN_POINT('Ctrl Pts',(15.1014407892831,-13.0778157724225,6.4493993099666));
#13559=CARTESIAN_POINT('Ctrl Pts',(15.0986179026433,-12.922292644285,6.45493145843048));
#13560=CARTESIAN_POINT('Ctrl Pts',(14.6281783342873,-13.8157134434682,7.2533288523299));
#13561=CARTESIAN_POINT('Ctrl Pts',(14.7214789022123,-13.8282910470223,7.08531190668701));
#13562=CARTESIAN_POINT('Ctrl Pts',(14.8771362643573,-13.7269809909667,6.7997914754898));
#13563=CARTESIAN_POINT('Ctrl Pts',(14.9828416621434,-13.333798334137,6.58793296643623));
#13564=CARTESIAN_POINT('Ctrl Pts',(14.9773740120356,-13.0621821710477,6.57577834121759));
#13565=CARTESIAN_POINT('Ctrl Pts',(14.9631573187131,-12.922292644285,6.5873231382365));
#13566=CARTESIAN_POINT('Ctrl Pts',(14.5337756651081,-13.6976173836012,7.20240053192417));
#13567=CARTESIAN_POINT('Ctrl Pts',(14.6227634237218,-13.7119899376234,7.06180934124296));
#13568=CARTESIAN_POINT('Ctrl Pts',(14.7647176003314,-13.6302511200776,6.82328628719298));
#13569=CARTESIAN_POINT('Ctrl Pts',(14.8397131097099,-13.2939300359921,6.64186521306389));
#13570=CARTESIAN_POINT('Ctrl Pts',(14.8101044936315,-13.051566044319,6.62495656724646));
#13571=CARTESIAN_POINT('Ctrl Pts',(14.7822793634678,-12.922292644285,6.62999999999997));
#13572=CARTESIAN_POINT('Ctrl Pts',(14.4861724381739,-13.6579918747119,7.17689600742051));
#13573=CARTESIAN_POINT('Ctrl Pts',(14.5747040275645,-13.6717879225,7.04600492798606));
#13574=CARTESIAN_POINT('Ctrl Pts',(14.7125550569357,-13.5959030105416,6.82529230715442));
#13575=CARTESIAN_POINT('Ctrl Pts',(14.7758824963618,-13.2806980084147,6.65277958593981));
#13576=CARTESIAN_POINT('Ctrl Pts',(14.7372451396911,-13.0484325267283,6.62999999999997));
#13577=CARTESIAN_POINT('Ctrl Pts',(14.7048017594213,-12.922292644285,6.62999999999997));
#13578=CARTESIAN_POINT('Ctrl Pts',(14.7048017594213,-12.922292644285,6.62999999999997));
#13579=CARTESIAN_POINT('Ctrl Pts',(14.7372451396911,-13.0484325267283,6.62999999999997));
#13580=CARTESIAN_POINT('Ctrl Pts',(14.7758824963618,-13.2806980084147,6.65277958593981));
#13581=CARTESIAN_POINT('Ctrl Pts',(14.7125550569357,-13.5959030105416,6.82529230715442));
#13582=CARTESIAN_POINT('Ctrl Pts',(14.5747040275645,-13.6717879225,7.04600492798606));
#13583=CARTESIAN_POINT('Ctrl Pts',(14.4861724381739,-13.6579918747119,7.17689600742051));
#13584=CARTESIAN_POINT('Ctrl Pts',(14.665245717449,-14.0610977913321,7.27508831891073));
#13585=CARTESIAN_POINT('Ctrl Pts',(14.7805174738861,-14.0630296358922,7.05693651985344));
#13586=CARTESIAN_POINT('Ctrl Pts',(14.9080368558686,-13.9671390616571,6.81560608945162));
#13587=CARTESIAN_POINT('Ctrl Pts',(14.9986038996303,-13.7806201270237,6.64420795913267));
#13588=CARTESIAN_POINT('Ctrl Pts',(15.0060635651721,-13.7640851404954,6.63009054209479));
#13589=CARTESIAN_POINT('Ctrl Pts',(15.1468802462209,-10.0562648123439,6.36359497320983));
#13590=CARTESIAN_POINT('Ctrl Pts',(15.1468802462209,-9.80747262001805,6.36359497320983));
#13591=CARTESIAN_POINT('Ctrl Pts',(15.103567974495,-9.38039581242545,6.44556344745109));
#13592=CARTESIAN_POINT('Ctrl Pts',(14.8919202251661,-8.98155456407716,6.84610681305601));
#13593=CARTESIAN_POINT('Ctrl Pts',(14.7359153365519,-8.91438672031795,7.14134606475848));
#13594=CARTESIAN_POINT('Ctrl Pts',(14.6584431501036,-8.91782186316452,7.28796217761183));
#13595=CARTESIAN_POINT('Ctrl Pts',(15.0986179026433,-10.0562648123439,6.45493145843048));
#13596=CARTESIAN_POINT('Ctrl Pts',(15.1028867465135,-9.82105228184616,6.44656559714293));
#13597=CARTESIAN_POINT('Ctrl Pts',(15.0673590927712,-9.42374667330257,6.5138126141526));
#13598=CARTESIAN_POINT('Ctrl Pts',(14.8739335476435,-9.05881087893682,6.87987442611523));
#13599=CARTESIAN_POINT('Ctrl Pts',(14.7305138341124,-9.00147030451043,7.15151265127132));
#13600=CARTESIAN_POINT('Ctrl Pts',(14.6593099676052,-9.00738755933946,7.28632172549007));
#13601=CARTESIAN_POINT('Ctrl Pts',(14.9631593134116,-10.0562648123439,6.5873269537979));
#13602=CARTESIAN_POINT('Ctrl Pts',(14.9846581732272,-9.84471624192709,6.56986860627092));
#13603=CARTESIAN_POINT('Ctrl Pts',(14.9719605001941,-9.49955529568071,6.61623413194509));
#13604=CARTESIAN_POINT('Ctrl Pts',(14.8105413955367,-9.19387302336163,6.92212597324488));
#13605=CARTESIAN_POINT('Ctrl Pts',(14.6853574112086,-9.15370834382039,7.15037886411418));
#13606=CARTESIAN_POINT('Ctrl Pts',(14.6226225633557,-9.16391287320508,7.26326873241329));
#13607=CARTESIAN_POINT('Ctrl Pts',(14.7822793634678,-10.0562648123439,6.62999999999997));
#13608=CARTESIAN_POINT('Ctrl Pts',(14.8243572615534,-9.86078545036458,6.62237318754104));
#13609=CARTESIAN_POINT('Ctrl Pts',(14.8396414122057,-9.5588364283459,6.66778211630259));
#13610=CARTESIAN_POINT('Ctrl Pts',(14.7041851601835,-9.30126588069206,6.92534378492909));
#13611=CARTESIAN_POINT('Ctrl Pts',(14.5883260169574,-9.27093925680953,7.1162377345316));
#13612=CARTESIAN_POINT('Ctrl Pts',(14.5283895746748,-9.28211960747553,7.21070634662684));
#13613=CARTESIAN_POINT('Ctrl Pts',(14.7048017594213,-10.0562648123439,6.62999999999997));
#13614=CARTESIAN_POINT('Ctrl Pts',(14.7538634975161,-9.86552853120704,6.62999999999997));
#13615=CARTESIAN_POINT('Ctrl Pts',(14.7800967357301,-9.57941585199861,6.67918108454473));
#13616=CARTESIAN_POINT('Ctrl Pts',(14.6539200482156,-9.33914971956205,6.91950710390769));
#13617=CARTESIAN_POINT('Ctrl Pts',(14.5404568970321,-9.31100273534931,7.09665065492919));
#13618=CARTESIAN_POINT('Ctrl Pts',(14.4807769319663,-9.32170337718788,7.18462032264116));
#13619=CARTESIAN_POINT('',(14.4807769319663,-9.32170337718788,7.18462032264116));
#13620=CARTESIAN_POINT('Origin',(14.216364663304,-8.91782186316452,7.05436720440196));
#13621=CARTESIAN_POINT('Ctrl Pts',(14.4807769319663,-9.32170337718788,7.18462032264116));
#13622=CARTESIAN_POINT('Ctrl Pts',(14.5404568970321,-9.31100273534931,7.09665065492919));
#13623=CARTESIAN_POINT('Ctrl Pts',(14.6539200482156,-9.33914971956205,6.91950710390769));
#13624=CARTESIAN_POINT('Ctrl Pts',(14.7800967357301,-9.57941585199861,6.67918108454473));
#13625=CARTESIAN_POINT('Ctrl Pts',(14.7538634975161,-9.86552853120704,6.62999999999997));
#13626=CARTESIAN_POINT('Ctrl Pts',(14.7048017594213,-10.0562648123439,6.62999999999997));
#13627=CARTESIAN_POINT('Ctrl Pts',(15.0210260969269,-9.24930454177986,6.60177395074883));
#13628=CARTESIAN_POINT('Ctrl Pts',(14.9824569190473,-9.15562605199854,6.67476611988599));
#13629=CARTESIAN_POINT('Ctrl Pts',(14.9236919113426,-9.05802521826243,6.785978896967));
#13630=CARTESIAN_POINT('Ctrl Pts',(14.8572110186252,-8.99579646456934,6.91179398643469));
#13631=CARTESIAN_POINT('Ctrl Pts',(14.8438474609072,-8.98487170881828,6.93708451941603));
#13632=CARTESIAN_POINT('Ctrl Pts',(14.6584431501211,-8.91782186316374,7.28796217757878));
#13633=CARTESIAN_POINT('Ctrl Pts',(14.113953234496,-8.94196472945459,8.31840934289925));
#13634=CARTESIAN_POINT('Ctrl Pts',(13.2583954231575,-8.98734670643189,9.9375525008574));
#13635=CARTESIAN_POINT('Ctrl Pts',(12.1695332037707,-9.04716132598607,11.9982242510468));
#13636=CARTESIAN_POINT('Ctrl Pts',(11.62505767213,-9.07258025294863,13.0286441946768));
#13637=CARTESIAN_POINT('Ctrl Pts',(11.39170024343,-9.08230665872303,13.4702731284917));
#13638=CARTESIAN_POINT('Ctrl Pts',(14.6599600807489,-9.07456183147047,7.28509138636571));
#13639=CARTESIAN_POINT('Ctrl Pts',(14.1150590290333,-9.08047220530298,8.31532318783569));
#13640=CARTESIAN_POINT('Ctrl Pts',(13.2595828981502,-9.09185642838914,9.93502833829072));
#13641=CARTESIAN_POINT('Ctrl Pts',(12.1698495449775,-9.09883086361843,11.997031721343));
#13642=CARTESIAN_POINT('Ctrl Pts',(11.6253097467192,-9.09895103384723,13.0281678565654));
#13643=CARTESIAN_POINT('Ctrl Pts',(11.391847407656,-9.09848315718095,13.4699946201939));
#13644=CARTESIAN_POINT('Ctrl Pts',(14.5918730983032,-9.22934124785942,7.24548771190775));
#13645=CARTESIAN_POINT('Ctrl Pts',(14.0639016403768,-9.21829210503821,8.28464328727745));
#13646=CARTESIAN_POINT('Ctrl Pts',(13.2347201051613,-9.19636630876807,9.91873903100443));
#13647=CARTESIAN_POINT('Ctrl Pts',(12.1647700154834,-9.15056053909123,11.9929868926316));
#13648=CARTESIAN_POINT('Ctrl Pts',(11.6239900495383,-9.12532170475048,13.0268609942302));
#13649=CARTESIAN_POINT('Ctrl Pts',(11.3912996674745,-9.11465963170513,13.4693489238327));
#13650=CARTESIAN_POINT('Ctrl Pts',(14.4807769319825,-9.32170337718813,7.18462032260747));
#13651=CARTESIAN_POINT('Ctrl Pts',(13.9749579355017,-9.31405147586636,8.23515340567551));
#13652=CARTESIAN_POINT('Ctrl Pts',(13.1860751021981,-9.28704692095494,9.89030177056681));
#13653=CARTESIAN_POINT('Ctrl Pts',(12.1543620147006,-9.20141045991413,11.9861357923394));
#13654=CARTESIAN_POINT('Ctrl Pts',(11.6211080350085,-9.15147235867138,13.0247335818917));
#13655=CARTESIAN_POINT('Ctrl Pts',(11.3900596001993,-9.13075996618497,13.4683390776408));
#13656=CARTESIAN_POINT('Ctrl Pts',(13.1878109388087,-8.99157323598485,10.0711336374874));
#13657=CARTESIAN_POINT('Ctrl Pts',(13.1335641343381,-8.99449887414962,10.173795714948));
#13658=CARTESIAN_POINT('Ctrl Pts',(12.7682103618906,-9.01427411049531,10.865227729305));
#13659=CARTESIAN_POINT('Ctrl Pts',(12.1702144205214,-9.04712390461168,11.9969350483462));
#13660=CARTESIAN_POINT('Ctrl Pts',(11.6264202167272,-9.07251663530665,13.0260655790266));
#13661=CARTESIAN_POINT('Ctrl Pts',(11.393744154506,-9.08222143805665,13.4664050267803));
#13662=CARTESIAN_POINT('Ctrl Pts',(11.3900596001993,-9.13075996618497,13.4683390776408));
#13663=CARTESIAN_POINT('Ctrl Pts',(11.6211080350085,-9.15147235867138,13.0247335818917));
#13664=CARTESIAN_POINT('Ctrl Pts',(12.1543620147006,-9.20141045991413,11.9861357923394));
#13665=CARTESIAN_POINT('Ctrl Pts',(13.1860751021981,-9.28704692095494,9.89030177056681));
#13666=CARTESIAN_POINT('Ctrl Pts',(13.9749579355017,-9.31405147586636,8.23515340567551));
#13667=CARTESIAN_POINT('Ctrl Pts',(14.4807769319825,-9.32170337718813,7.18462032260747));
#13668=CARTESIAN_POINT('Origin',(10.0061114077585,-8.48532738282929,6.62999999999997));
#13669=CARTESIAN_POINT('',(10.0061114077585,-8.48532738282929,6.62999999999997));
#13670=CARTESIAN_POINT('Origin',(15.0061114077585,-8.48532738282929,6.62999999999997));
#13671=CARTESIAN_POINT('Origin',(15.0061114077585,-8.48532738282929,6.62999999999997));
#13672=CARTESIAN_POINT('Ctrl Pts',(-10.7048017594214,-31.4571165716077,
14.1999999999999));
#13673=CARTESIAN_POINT('Ctrl Pts',(-10.9586022518192,-31.4571165716077,
14.1999999999999));
#13674=CARTESIAN_POINT('Ctrl Pts',(-11.3800842386975,-31.588190353633,14.1999999999999));
#13675=CARTESIAN_POINT('Ctrl Pts',(-11.7584475323946,-32.0088262227728,
14.1999999999999));
#13676=CARTESIAN_POINT('Ctrl Pts',(-11.8358226413007,-32.3075169214367,
14.1999999999999));
#13677=CARTESIAN_POINT('Ctrl Pts',(-11.8358226413007,-32.4571165716077,
14.1999999999999));
#13678=CARTESIAN_POINT('Ctrl Pts',(-10.7048017594214,-31.5319163966932,
14.1999999999999));
#13679=CARTESIAN_POINT('Ctrl Pts',(-10.9437558149877,-31.5369163430617,
14.2000190101959));
#13680=CARTESIAN_POINT('Ctrl Pts',(-11.3347704179523,-31.6691653127354,
14.1999847934206));
#13681=CARTESIAN_POINT('Ctrl Pts',(-11.6713514136112,-32.0582351020469,
14.2000268375333));
#13682=CARTESIAN_POINT('Ctrl Pts',(-11.7378747271607,-32.324102042276,14.1999999999999));
#13683=CARTESIAN_POINT('Ctrl Pts',(-11.7378747271607,-32.4571165716077,
14.1999999999999));
#13684=CARTESIAN_POINT('Ctrl Pts',(-10.7048017594214,-31.6812608910748,
14.1657655342384));
#13685=CARTESIAN_POINT('Ctrl Pts',(-10.9141018239189,-31.6962045040071,
14.1611312023101));
#13686=CARTESIAN_POINT('Ctrl Pts',(-11.2444406060443,-31.830686020019,14.1524703371807));
#13687=CARTESIAN_POINT('Ctrl Pts',(-11.4977927885515,-32.1567093174497,
14.1428939048909));
#13688=CARTESIAN_POINT('Ctrl Pts',(-11.5427961176867,-32.3571744382574,
14.1407190559422));
#13689=CARTESIAN_POINT('Ctrl Pts',(-11.5427961176867,-32.4571165716077,
14.1407190559422));
#13690=CARTESIAN_POINT('Ctrl Pts',(-10.7048017594214,-31.8915556801836,
13.9985212531513));
#13691=CARTESIAN_POINT('Ctrl Pts',(-10.8724160703708,-31.9137518003153,
13.9727309385569));
#13692=CARTESIAN_POINT('Ctrl Pts',(-11.1246926034905,-32.0357950598276,
13.9255993357912));
#13693=CARTESIAN_POINT('Ctrl Pts',(-11.2898903901715,-32.2722860188089,
13.8756701005623));
#13694=CARTESIAN_POINT('Ctrl Pts',(-11.313944614085,-32.3957944054411,13.8644727647915));
#13695=CARTESIAN_POINT('Ctrl Pts',(-11.313944614085,-32.4571165716077,13.8644727647915));
#13696=CARTESIAN_POINT('Ctrl Pts',(-10.7048017594214,-31.9571165716077,
13.8121997376281));
#13697=CARTESIAN_POINT('Ctrl Pts',(-10.8592891675408,-31.9690421482315,
13.7672572234849));
#13698=CARTESIAN_POINT('Ctrl Pts',(-11.1028088335342,-32.0593273453198,
13.6891349315362));
#13699=CARTESIAN_POINT('Ctrl Pts',(-11.2906162195798,-32.2676971384113,
13.6125683193187));
#13700=CARTESIAN_POINT('Ctrl Pts',(-11.3251037333626,-32.3942172940482,
13.5963070237945));
#13701=CARTESIAN_POINT('Ctrl Pts',(-11.3251037333626,-32.4571165716077,
13.5963070237945));
#13702=CARTESIAN_POINT('Ctrl Pts',(-10.7048017594214,-31.9571165716077,
13.6999999999999));
#13703=CARTESIAN_POINT('Ctrl Pts',(-10.8594000713592,-31.9571165716077,
13.6475814105891));
#13704=CARTESIAN_POINT('Ctrl Pts',(-11.1161387524703,-32.0226534626203,
13.5605307866698));
#13705=CARTESIAN_POINT('Ctrl Pts',(-11.3466124050317,-32.2329713971902,
13.4823856658583));
#13706=CARTESIAN_POINT('Ctrl Pts',(-11.393744154501,-32.3823167465222,13.46640502679));
#13707=CARTESIAN_POINT('Ctrl Pts',(-11.393744154501,-32.4571165716077,13.46640502679));
#13708=CARTESIAN_POINT('Origin',(-11.8358226413007,-32.4571165716077,13.6999999999999));
#13709=CARTESIAN_POINT('Origin',(-10.7048017594214,-31.4571165716077,13.6999999999999));
#13710=CARTESIAN_POINT('Ctrl Pts',(-11.8358226413007,-32.9695554681886,
14.1999999999999));
#13711=CARTESIAN_POINT('Ctrl Pts',(-11.8358226413007,-33.0019357994885,
14.1999999999999));
#13712=CARTESIAN_POINT('Ctrl Pts',(-11.8340410618079,-33.0343157883857,
14.1999999999999));
#13713=CARTESIAN_POINT('Ctrl Pts',(-11.8304978342095,-33.0665016764933,
14.1999999999999));
#13714=CARTESIAN_POINT('Ctrl Pts',(-11.7378747271607,-32.9695554681886,
14.1999999999999));
#13715=CARTESIAN_POINT('Ctrl Pts',(-11.7378879213078,-32.9983462688401,
14.1999999139664));
#13716=CARTESIAN_POINT('Ctrl Pts',(-11.7363566364581,-33.0271486622318,
14.2000005972332));
#13717=CARTESIAN_POINT('Ctrl Pts',(-11.7332948454752,-33.0558009522759,
14.1999999999999));
#13718=CARTESIAN_POINT('Ctrl Pts',(-11.5427967217302,-32.9695554681886,
14.1407188299814));
#13719=CARTESIAN_POINT('Ctrl Pts',(-11.5428360210592,-32.9911883843639,
14.1407351748585));
#13720=CARTESIAN_POINT('Ctrl Pts',(-11.5417995977986,-33.0128827097667,
14.1407998716055));
#13721=CARTESIAN_POINT('Ctrl Pts',(-11.5396964339111,-33.0344884058402,
14.1409134913523));
#13722=CARTESIAN_POINT('Ctrl Pts',(-11.3139456260751,-32.9695554681886,
13.8644727395885));
#13723=CARTESIAN_POINT('Ctrl Pts',(-11.3139857409474,-32.9828298347224,
13.8645565160601));
#13724=CARTESIAN_POINT('Ctrl Pts',(-11.3134207214538,-32.9961061231499,
13.8648936539369));
#13725=CARTESIAN_POINT('Ctrl Pts',(-11.312233988565,-33.00944789084,13.8654763907569));
#13726=CARTESIAN_POINT('Ctrl Pts',(-11.3251037333626,-32.9695554681886,
13.5963070237945));
#13727=CARTESIAN_POINT('Ctrl Pts',(-11.3250851462733,-32.9831711701722,
13.5964313470709));
#13728=CARTESIAN_POINT('Ctrl Pts',(-11.3242423619449,-32.9969815468025,
13.5969234574165));
#13729=CARTESIAN_POINT('Ctrl Pts',(-11.3226163938445,-33.0105908521528,
13.5977893991843));
#13730=CARTESIAN_POINT('Ctrl Pts',(-11.393744154501,-32.9695554681886,13.46640502679));
#13731=CARTESIAN_POINT('Ctrl Pts',(-11.3936795517623,-32.9857468149619,
13.4665272874731));
#13732=CARTESIAN_POINT('Ctrl Pts',(-11.3925297645772,-33.0019415460218,
13.4670174401259));
#13733=CARTESIAN_POINT('Ctrl Pts',(-11.3903074925067,-33.0180427195098,
13.4678703109042));
#13734=CARTESIAN_POINT('',(-11.3903074925067,-33.0180427195099,13.4678703109042));
#13735=CARTESIAN_POINT('',(-11.393744154501,-32.9695554681886,13.46640502679));
#13736=CARTESIAN_POINT('Ctrl Pts',(-11.393744154501,-32.9695554681886,13.46640502679));
#13737=CARTESIAN_POINT('Ctrl Pts',(-11.3936795517623,-32.9857468149619,
13.4665272874731));
#13738=CARTESIAN_POINT('Ctrl Pts',(-11.3925297645772,-33.0019415460218,
13.4670174401259));
#13739=CARTESIAN_POINT('Ctrl Pts',(-11.3903074925067,-33.0180427195098,
13.4678703109042));
#13740=CARTESIAN_POINT('Origin',(-11.8304978342095,-33.0665016764933,13.6999999999999));
#13741=CARTESIAN_POINT('Origin',(-11.8358226413007,-32.9695554681885,13.6999999999999));
#13742=CARTESIAN_POINT('Ctrl Pts',(-11.830497587159,-37.7764865837231,14.1999999999999));
#13743=CARTESIAN_POINT('Ctrl Pts',(-11.8340401571777,-37.8086849044381,
14.1999999999999));
#13744=CARTESIAN_POINT('Ctrl Pts',(-11.8358226413007,-37.8410771116819,
14.1999999999999));
#13745=CARTESIAN_POINT('Ctrl Pts',(-11.8358226413007,-37.8734697290384,
14.1999999999999));
#13746=CARTESIAN_POINT('Ctrl Pts',(-11.7333361458387,-37.7871766197668,
14.1999999999999));
#13747=CARTESIAN_POINT('Ctrl Pts',(-11.736384195783,-37.8158488620455,14.20000068797));
#13748=CARTESIAN_POINT('Ctrl Pts',(-11.7379021724786,-37.8446671332959,
14.1999998210405));
#13749=CARTESIAN_POINT('Ctrl Pts',(-11.7378747271607,-37.8734697290384,
14.1999999999999));
#13750=CARTESIAN_POINT('Ctrl Pts',(-11.539823825205,-37.8084675110337,14.1409641878213));
#13751=CARTESIAN_POINT('Ctrl Pts',(-11.5418873705508,-37.8301081069587,
14.1408332576088));
#13752=CARTESIAN_POINT('Ctrl Pts',(-11.5428829562225,-37.8518259968069,
14.140751162478));
#13753=CARTESIAN_POINT('Ctrl Pts',(-11.5428012091742,-37.8734697290384,
14.1407171632853));
#13754=CARTESIAN_POINT('Ctrl Pts',(-11.3123669298952,-37.8334931011878,
13.8657462556032));
#13755=CARTESIAN_POINT('Ctrl Pts',(-11.3135144109413,-37.8468804044573,
13.8650746205457));
#13756=CARTESIAN_POINT('Ctrl Pts',(-11.3140365452733,-37.8601856897068,
13.8646468086439));
#13757=CARTESIAN_POINT('Ctrl Pts',(-11.3139531018027,-37.8734697290384,
13.8644725441094));
#13758=CARTESIAN_POINT('Ctrl Pts',(-11.3225516137335,-37.832372547233,13.5981886651641));
#13759=CARTESIAN_POINT('Ctrl Pts',(-11.3241989763251,-37.8460134416296,
13.5971902594664));
#13760=CARTESIAN_POINT('Ctrl Pts',(-11.325065070115,-37.8598443075702,13.5965656302681));
#13761=CARTESIAN_POINT('Ctrl Pts',(-11.3251037333626,-37.8734697290384,
13.5963070237945));
#13762=CARTESIAN_POINT('Ctrl Pts',(-11.3900986337786,-37.824940791702,13.4682653422757));
#13763=CARTESIAN_POINT('Ctrl Pts',(-11.3923897268589,-37.8410597031971,
13.4672816055013));
#13764=CARTESIAN_POINT('Ctrl Pts',(-11.393609773499,-37.8572683104911,13.4666593428364));
#13765=CARTESIAN_POINT('Ctrl Pts',(-11.393744154501,-37.8734697290384,13.46640502679));
#13766=CARTESIAN_POINT('',(-11.3900986337786,-37.824940791702,13.4682653422757));
#13767=CARTESIAN_POINT('Origin',(-11.830497587159,-37.7764865837231,13.6999999999999));
#13768=CARTESIAN_POINT('',(-11.393744154501,-37.8734697290384,13.46640502679));
#13769=CARTESIAN_POINT('Ctrl Pts',(-11.3900986337786,-37.824940791702,13.4682653422757));
#13770=CARTESIAN_POINT('Ctrl Pts',(-11.3923897268589,-37.8410597031971,
13.4672816055013));
#13771=CARTESIAN_POINT('Ctrl Pts',(-11.393609773499,-37.8572683104911,13.4666593428364));
#13772=CARTESIAN_POINT('Ctrl Pts',(-11.393744154501,-37.8734697290384,13.46640502679));
#13773=CARTESIAN_POINT('Origin',(-11.8358226413007,-37.8734697290384,13.6999999999999));
#13774=CARTESIAN_POINT('Ctrl Pts',(-15.1468802462211,-36.887231699911,6.36359497320983));
#13775=CARTESIAN_POINT('Ctrl Pts',(-15.1468802462211,-37.1357445783543,
6.36359497320983));
#13776=CARTESIAN_POINT('Ctrl Pts',(-15.1036826336695,-37.5623269113037,
6.44534645496372));
#13777=CARTESIAN_POINT('Ctrl Pts',(-14.8925269534065,-37.9612332664891,
6.84495857986153));
#13778=CARTESIAN_POINT('Ctrl Pts',(-14.7367578292213,-38.0288767749041,
7.13975164738187));
#13779=CARTESIAN_POINT('Ctrl Pts',(-14.6593699316427,-38.0257354422973,
7.28620824354937));
#13780=CARTESIAN_POINT('Ctrl Pts',(-15.0986179026435,-36.887231699911,6.45493145843048));
#13781=CARTESIAN_POINT('Ctrl Pts',(-15.1028820489829,-37.1221816730041,
6.44657480312282));
#13782=CARTESIAN_POINT('Ctrl Pts',(-15.0674577332345,-37.519037842436,6.51362139586291));
#13783=CARTESIAN_POINT('Ctrl Pts',(-14.8744907661834,-37.8840519918261,
6.87881637062394));
#13784=CARTESIAN_POINT('Ctrl Pts',(-14.7312900062454,-37.941843978108,7.15004396142441));
#13785=CARTESIAN_POINT('Ctrl Pts',(-14.6601631673577,-37.936204241616,7.28470704495872));
#13786=CARTESIAN_POINT('Ctrl Pts',(-14.9631507959289,-36.887231699911,6.58731066112111));
#13787=CARTESIAN_POINT('Ctrl Pts',(-14.9846259979208,-37.0985469128125,
6.56987152514818));
#13788=CARTESIAN_POINT('Ctrl Pts',(-14.972017134139,-37.4433402339596,6.6160769438295));
#13789=CARTESIAN_POINT('Ctrl Pts',(-14.8110186964026,-37.7491238787425,
6.92122534595335));
#13790=CARTESIAN_POINT('Ctrl Pts',(-14.6860346157233,-37.7896997592003,
7.14913918140022));
#13791=CARTESIAN_POINT('Ctrl Pts',(-14.6233719336319,-37.7797440909693,
7.26191060090895));
#13792=CARTESIAN_POINT('Ctrl Pts',(-14.7822793634679,-36.887231699911,6.62999999999997));
#13793=CARTESIAN_POINT('Ctrl Pts',(-14.8243109580983,-37.0824975328023,
6.62238158025516));
#13794=CARTESIAN_POINT('Ctrl Pts',(-14.8396636621747,-37.3841470296176,
6.66765044891402));
#13795=CARTESIAN_POINT('Ctrl Pts',(-14.7046254911858,-37.6418237427225,
6.92459893546645));
#13796=CARTESIAN_POINT('Ctrl Pts',(-14.5889781165277,-37.6725079075299,
7.11520620434841));
#13797=CARTESIAN_POINT('Ctrl Pts',(-14.5291244174866,-37.6615462208891,
7.20957484990555));
#13798=CARTESIAN_POINT('Ctrl Pts',(-14.7048017594214,-36.887231699911,6.62999999999997));
#13799=CARTESIAN_POINT('Ctrl Pts',(-14.7538095088881,-37.0777603046335,
6.62999999999997));
#13800=CARTESIAN_POINT('Ctrl Pts',(-14.7801016092402,-37.3636011625235,
6.67905088905237));
#13801=CARTESIAN_POINT('Ctrl Pts',(-14.6543462745472,-37.6039706474694,
6.91881816399096));
#13802=CARTESIAN_POINT('Ctrl Pts',(-14.5411041021283,-37.63245126997,7.09569400450319));
#13803=CARTESIAN_POINT('Ctrl Pts',(-14.481513419214,-37.621956273768,7.18356796220369));
#13804=CARTESIAN_POINT('',(-14.481513419214,-37.621956273768,7.18356796220369));
#13805=CARTESIAN_POINT('Origin',(-14.2172914448431,-38.0257354422973,7.0526132703395));
#13806=CARTESIAN_POINT('Ctrl Pts',(-14.481513419214,-37.621956273768,7.18356796220369));
#13807=CARTESIAN_POINT('Ctrl Pts',(-14.5411041021283,-37.63245126997,7.09569400450319));
#13808=CARTESIAN_POINT('Ctrl Pts',(-14.6543462745472,-37.6039706474694,
6.91881816399096));
#13809=CARTESIAN_POINT('Ctrl Pts',(-14.7801016092402,-37.3636011625235,
6.67905088905237));
#13810=CARTESIAN_POINT('Ctrl Pts',(-14.7538095088881,-37.0777603046335,
6.62999999999997));
#13811=CARTESIAN_POINT('Ctrl Pts',(-14.7048017594214,-36.887231699911,6.62999999999997));
#13812=CARTESIAN_POINT('Ctrl Pts',(-15.0211320310725,-37.6939644033527,
6.60157347037853));
#13813=CARTESIAN_POINT('Ctrl Pts',(-14.9826888493384,-37.7874107446703,
6.67432719181032));
#13814=CARTESIAN_POINT('Ctrl Pts',(-14.9242607219649,-37.8846423084791,
6.78490242286461));
#13815=CARTESIAN_POINT('Ctrl Pts',(-14.8581641254074,-37.9468604077462,
6.90999023184966));
#13816=CARTESIAN_POINT('Ctrl Pts',(-14.8449872731813,-37.9577180265133,
6.93492742468769));
#13817=CARTESIAN_POINT('Ctrl Pts',(-14.6593699316603,-38.025735442298,7.28620824351609));
#13818=CARTESIAN_POINT('Ctrl Pts',(-14.1147410953161,-38.0036278469798,
8.31691831629743));
#13819=CARTESIAN_POINT('Ctrl Pts',(-13.3367568986953,-37.9653111623491,
9.78925340840231));
#13820=CARTESIAN_POINT('Ctrl Pts',(-12.247605997575,-37.9096613229257,11.8504714887725));
#13821=CARTESIAN_POINT('Ctrl Pts',(-11.7029999561135,-37.8852204881933,
12.8811384222385));
#13822=CARTESIAN_POINT('Ctrl Pts',(-11.3917781671978,-37.8733949996809,
13.4701256577614));
#13823=CARTESIAN_POINT('Ctrl Pts',(-14.6607580941616,-37.8690558411051,
7.28358114598247));
#13824=CARTESIAN_POINT('Ctrl Pts',(-14.1157336864194,-37.8651694394007,
8.31404811734278));
#13825=CARTESIAN_POINT('Ctrl Pts',(-13.3378483576052,-37.8577522871687,
9.78684343875788));
#13826=CARTESIAN_POINT('Ctrl Pts',(-12.2478719692413,-37.8540885985541,
11.8492151946811));
#13827=CARTESIAN_POINT('Ctrl Pts',(-11.7032630325107,-37.8554515445148,
12.880641500799));
#13828=CARTESIAN_POINT('Ctrl Pts',(-11.3919123289268,-37.8572182012638,
13.4698717566893));
#13829=CARTESIAN_POINT('Ctrl Pts',(-14.5926057485337,-37.7143328170502,
7.24425070014113));
#13830=CARTESIAN_POINT('Ctrl Pts',(-14.064506089081,-37.7273974384993,8.28360548886743));
#13831=CARTESIAN_POINT('Ctrl Pts',(-13.3104686246687,-37.7502479954223,
9.76939084309082));
#13832=CARTESIAN_POINT('Ctrl Pts',(-12.2416450633735,-37.7984231689048,
11.8445262772998));
#13833=CARTESIAN_POINT('Ctrl Pts',(-11.7016621451392,-37.8256827395096,
12.8791596607981));
#13834=CARTESIAN_POINT('Ctrl Pts',(-11.3913516050084,-37.8410414267796,
13.4692506774201));
#13835=CARTESIAN_POINT('Ctrl Pts',(-14.4815134192304,-37.6219562737677,
7.18356796216977));
#13836=CARTESIAN_POINT('Ctrl Pts',(-13.9755471317852,-37.6316411064009,
8.23429736440216));
#13837=CARTESIAN_POINT('Ctrl Pts',(-13.2579793067915,-37.6591863158955,
9.73912685743057));
#13838=CARTESIAN_POINT('Ctrl Pts',(-12.2289116204012,-37.7440135963475,
11.8364197262278));
#13839=CARTESIAN_POINT('Ctrl Pts',(-11.6982092551608,-37.7961819008416,
12.8767047798316));
#13840=CARTESIAN_POINT('Ctrl Pts',(-11.3900986337786,-37.824940791702,13.4682653422757));
#13841=CARTESIAN_POINT('Ctrl Pts',(-13.1806385122689,-37.9570970802062,
10.0847074547144));
#13842=CARTESIAN_POINT('Ctrl Pts',(-13.1289497927653,-37.954500740342,10.1825283563748));
#13843=CARTESIAN_POINT('Ctrl Pts',(-12.8438695874567,-37.9401272326512,
10.7220426449215));
#13844=CARTESIAN_POINT('Ctrl Pts',(-12.2482612513359,-37.9096948029205,
11.8492314210299));
#13845=CARTESIAN_POINT('Ctrl Pts',(-11.7043105372073,-37.8852793093646,
12.8786581475185));
#13846=CARTESIAN_POINT('Ctrl Pts',(-11.3937441544937,-37.8734697297377,
13.4664050268039));
#13847=CARTESIAN_POINT('Ctrl Pts',(-11.3900986337786,-37.824940791702,13.4682653422757));
#13848=CARTESIAN_POINT('Ctrl Pts',(-11.6982092551608,-37.7961819008416,
12.8767047798316));
#13849=CARTESIAN_POINT('Ctrl Pts',(-12.2289116204012,-37.7440135963475,
11.8364197262278));
#13850=CARTESIAN_POINT('Ctrl Pts',(-13.2579793067915,-37.6591863158955,
9.73912685743057));
#13851=CARTESIAN_POINT('Ctrl Pts',(-13.9755471317852,-37.6316411064009,
8.23429736440216));
#13852=CARTESIAN_POINT('Ctrl Pts',(-14.4815134192304,-37.6219562737677,
7.18356796216977));
#13853=CARTESIAN_POINT('Ctrl Pts',(-11.8358226413007,-37.9571165716077,
14.1999999999999));
#13854=CARTESIAN_POINT('Ctrl Pts',(-11.8358226413007,-38.1067162217786,
14.1999999999999));
#13855=CARTESIAN_POINT('Ctrl Pts',(-11.7584435340152,-38.4054018546726,
14.1999999999999));
#13856=CARTESIAN_POINT('Ctrl Pts',(-11.3800787978727,-38.8260306891824,
14.1999999999999));
#13857=CARTESIAN_POINT('Ctrl Pts',(-10.9586022518192,-38.9571165716077,
14.1999999999999));
#13858=CARTESIAN_POINT('Ctrl Pts',(-10.7048017594214,-38.9571165716077,
14.1999999999999));
#13859=CARTESIAN_POINT('Ctrl Pts',(-11.7378747271607,-37.9571165716077,
14.1999999999999));
#13860=CARTESIAN_POINT('Ctrl Pts',(-11.7378747271607,-38.0901311009393,
14.1999999999999));
#13861=CARTESIAN_POINT('Ctrl Pts',(-11.6713482622887,-38.3559927442918,
14.2000271927847));
#13862=CARTESIAN_POINT('Ctrl Pts',(-11.3347644156965,-38.7450545638044,
14.1999850021354));
#13863=CARTESIAN_POINT('Ctrl Pts',(-10.9437558149877,-38.8773168001537,
14.2000190101959));
#13864=CARTESIAN_POINT('Ctrl Pts',(-10.7048017594214,-38.8823167465222,
14.1999999999999));
#13865=CARTESIAN_POINT('Ctrl Pts',(-11.5428016104226,-37.9571165716077,
14.1407170152654));
#13866=CARTESIAN_POINT('Ctrl Pts',(-11.5428016104226,-38.0570587049579,
14.1407170152654));
#13867=CARTESIAN_POINT('Ctrl Pts',(-11.4977947651542,-38.2575173662884,
14.1428922408734));
#13868=CARTESIAN_POINT('Ctrl Pts',(-11.244437503977,-38.5835307241399,14.1524687678761));
#13869=CARTESIAN_POINT('Ctrl Pts',(-10.9141018239189,-38.7180304625292,
14.1611297652536));
#13870=CARTESIAN_POINT('Ctrl Pts',(-10.7048017594214,-38.7329740754615,
14.1657640971819));
#13871=CARTESIAN_POINT('Ctrl Pts',(-11.3139537666801,-37.9571165716077,
13.8644725259353));
#13872=CARTESIAN_POINT('Ctrl Pts',(-11.3139537666801,-38.0184387377742,
13.8644725259353));
#13873=CARTESIAN_POINT('Ctrl Pts',(-11.2898965410244,-38.1419478673024,
13.875669999755));
#13874=CARTESIAN_POINT('Ctrl Pts',(-11.124688826951,-38.3784308938434,13.9255978039138));
#13875=CARTESIAN_POINT('Ctrl Pts',(-10.8724160703708,-38.5004843954041,
13.9727295723938));
#13876=CARTESIAN_POINT('Ctrl Pts',(-10.7048017594214,-38.5226805155358,
13.9985198869882));
#13877=CARTESIAN_POINT('Ctrl Pts',(-11.3251037333626,-37.9571165716077,
13.5963070237945));
#13878=CARTESIAN_POINT('Ctrl Pts',(-11.3251037333626,-38.0200158491672,
13.5963070237945));
#13879=CARTESIAN_POINT('Ctrl Pts',(-11.2906130090098,-38.146519206534,13.6125687685555));
#13880=CARTESIAN_POINT('Ctrl Pts',(-11.1028071947644,-38.3548790939863,
13.6891366131402));
#13881=CARTESIAN_POINT('Ctrl Pts',(-10.8592891675408,-38.4451909949838,
13.7672572234849));
#13882=CARTESIAN_POINT('Ctrl Pts',(-10.7048017594214,-38.4571165716077,
13.8121997376281));
#13883=CARTESIAN_POINT('Ctrl Pts',(-11.393744154501,-37.9571165716077,13.46640502679));
#13884=CARTESIAN_POINT('Ctrl Pts',(-11.393744154501,-38.0319163966932,13.46640502679));
#13885=CARTESIAN_POINT('Ctrl Pts',(-11.3466099694859,-38.1812592131402,
13.4823864916621));
#13886=CARTESIAN_POINT('Ctrl Pts',(-11.1161354382832,-38.391573630395,13.5605319103885));
#13887=CARTESIAN_POINT('Ctrl Pts',(-10.8594000713592,-38.4571165716077,
13.6475814105891));
#13888=CARTESIAN_POINT('Ctrl Pts',(-10.7048017594214,-38.4571165716077,
13.6999999999999));
#13889=CARTESIAN_POINT('Origin',(-10.7048017594214,-38.9571165716077,13.6999999999999));
#13890=CARTESIAN_POINT('Origin',(-11.8358226413007,-37.9571165716077,13.6999999999999));
#13891=CARTESIAN_POINT('Origin',(-11.0030557038794,-38.9571165716077,13.6999999999999));
#13892=CARTESIAN_POINT('',(-5.15434986798608,-38.5399081771871,13.9755669712156));
#13893=CARTESIAN_POINT('Origin',(-4.7371414735655,-38.9571165716077,13.6999999999999));
#13894=CARTESIAN_POINT('Origin',(-5.33636239851165,-38.9571165716077,13.6999999999999));
#13895=CARTESIAN_POINT('Origin',(-11.8358226413007,-27.4712719772184,13.6999999999999));
#13896=CARTESIAN_POINT('',(-11.393744154501,-27.4712719772184,13.46640502679));
#13897=CARTESIAN_POINT('Ctrl Pts',(-11.8304978342095,-33.0665016764933,
14.1999999999999));
#13898=CARTESIAN_POINT('Ctrl Pts',(-11.7567233062503,-33.7366530105882,
14.1999999999999));
#13899=CARTESIAN_POINT('Ctrl Pts',(-11.651547607618,-35.3082063328467,14.1999999999999));
#13900=CARTESIAN_POINT('Ctrl Pts',(-11.7321576661669,-36.8826777673814,
14.1999999999999));
#13901=CARTESIAN_POINT('Ctrl Pts',(-11.830497587159,-37.7764865837231,14.1999999999999));
#13902=CARTESIAN_POINT('Ctrl Pts',(-11.7332948454752,-33.0558009522759,
14.1999999999999));
#13903=CARTESIAN_POINT('Ctrl Pts',(-11.6631840841965,-33.7289646706152,
14.1999741855024));
#13904=CARTESIAN_POINT('Ctrl Pts',(-11.5644779928703,-35.3077203766745,
14.1999411887241));
#13905=CARTESIAN_POINT('Ctrl Pts',(-11.6398718439784,-36.8893578881214,
14.1999656766128));
#13906=CARTESIAN_POINT('Ctrl Pts',(-11.7333361458387,-37.7871766197668,
14.1999999999999));
#13907=CARTESIAN_POINT('Ctrl Pts',(-11.5397007787985,-33.0344888841532,
14.1409118565069));
#13908=CARTESIAN_POINT('Ctrl Pts',(-11.4768347405835,-33.713652927717,14.1458228967583));
#13909=CARTESIAN_POINT('Ctrl Pts',(-11.3909365700511,-35.3067567064475,
14.1536068748222));
#13910=CARTESIAN_POINT('Ctrl Pts',(-11.4560005517322,-36.9026614561078,
14.1474964358007));
#13911=CARTESIAN_POINT('Ctrl Pts',(-11.5398237366328,-37.8084675207788,
14.1409642210034));
#13912=CARTESIAN_POINT('Ctrl Pts',(-11.3122412278403,-33.0094486877856,
13.8654761801046));
#13913=CARTESIAN_POINT('Ctrl Pts',(-11.2489988351947,-33.6946562448204,
13.8906640902955));
#13914=CARTESIAN_POINT('Ctrl Pts',(-11.1662685503943,-35.3052694781445,
13.9320339503068));
#13915=CARTESIAN_POINT('Ctrl Pts',(-11.2280573662488,-36.9196361335068,
13.8992546794595));
#13916=CARTESIAN_POINT('Ctrl Pts',(-11.3123667830428,-37.833493117345,13.8657462601485));
#13917=CARTESIAN_POINT('Ctrl Pts',(-11.3226163938445,-33.0105908521528,
13.5977893991843));
#13918=CARTESIAN_POINT('Ctrl Pts',(-11.2418988365663,-33.6936448379899,
13.6352184112688));
#13919=CARTESIAN_POINT('Ctrl Pts',(-11.1342105405524,-35.3047301258783,
13.7011844128185));
#13920=CARTESIAN_POINT('Ctrl Pts',(-11.2150088824181,-36.9213711400712,
13.6479999375004));
#13921=CARTESIAN_POINT('Ctrl Pts',(-11.3225516137335,-37.832372547233,13.5981886651641));
#13922=CARTESIAN_POINT('Ctrl Pts',(-11.3903074925067,-33.0180427195099,
13.4678703109042));
#13923=CARTESIAN_POINT('Ctrl Pts',(-11.2960417017464,-33.6977447787383,
13.5047343494047));
#13924=CARTESIAN_POINT('Ctrl Pts',(-11.1663164527644,-35.3046084694266,
13.5748890125498));
#13925=CARTESIAN_POINT('Ctrl Pts',(-11.2645321266997,-36.9183950916991,
13.5173447700941));
#13926=CARTESIAN_POINT('Ctrl Pts',(-11.3900986337786,-37.824940791702,13.4682653422757));
#13927=CARTESIAN_POINT('Ctrl Pts',(-11.3903074925067,-33.0180427195099,
13.4678703109042));
#13928=CARTESIAN_POINT('Ctrl Pts',(-11.2960417017464,-33.6977447787383,
13.5047343494047));
#13929=CARTESIAN_POINT('Ctrl Pts',(-11.1663164527644,-35.3046084694266,
13.5748890125498));
#13930=CARTESIAN_POINT('Ctrl Pts',(-11.2645321266997,-36.9183950916991,
13.5173447700941));
#13931=CARTESIAN_POINT('Ctrl Pts',(-11.3900986337786,-37.824940791702,13.4682653422757));
#13932=CARTESIAN_POINT('Origin',(-11.8358226413007,-24.8255780534796,13.6999999999999));
#13933=CARTESIAN_POINT('',(-11.393744154501,-24.8255780534796,13.46640502679));
#13934=CARTESIAN_POINT('Ctrl Pts',(-14.4854427826679,-33.285638711631,7.17794259870241));
#13935=CARTESIAN_POINT('Ctrl Pts',(-13.9786895355017,-33.2650454763647,
8.22971958586306));
#13936=CARTESIAN_POINT('Ctrl Pts',(-13.2600164194361,-33.2220004589051,
9.73589763750819));
#13937=CARTESIAN_POINT('Ctrl Pts',(-12.2297967071665,-33.1157826614015,
11.8347805724976));
#13938=CARTESIAN_POINT('Ctrl Pts',(-11.6986637664863,-33.0529323321039,
12.8758470829385));
#13939=CARTESIAN_POINT('Ctrl Pts',(-11.3903074925067,-33.0180427195098,
13.4678703109042));
#13940=CARTESIAN_POINT('Ctrl Pts',(-14.5965191159157,-33.1931912439674,
7.23763719690437));
#13941=CARTESIAN_POINT('Ctrl Pts',(-14.0677345955828,-33.1693108238414,
8.27805618603946));
#13942=CARTESIAN_POINT('Ctrl Pts',(-13.3127454444989,-33.1310405172102,
9.76532051065631));
#13943=CARTESIAN_POINT('Ctrl Pts',(-12.2427622369591,-33.0614102612029,
11.842437788513));
#13944=CARTESIAN_POINT('Ctrl Pts',(-11.702243251311,-33.0234311923298,12.8780607419987));
#13945=CARTESIAN_POINT('Ctrl Pts',(-11.3916297501935,-33.0019405040476,
13.4687243658259));
#13946=CARTESIAN_POINT('Ctrl Pts',(-14.6650237962447,-33.0387755604741,
7.27550830479013));
#13947=CARTESIAN_POINT('Ctrl Pts',(-14.1193403746715,-33.0317993214138,
8.3072315963469));
#13948=CARTESIAN_POINT('Ctrl Pts',(-13.3405052912184,-33.0237004027669,
9.78183121743622));
#13949=CARTESIAN_POINT('Ctrl Pts',(-12.2492263008287,-33.0057744754444,
11.8466672748235));
#13950=CARTESIAN_POINT('Ctrl Pts',(-11.7039722260336,-32.9936621126305,
12.8792993517619));
#13951=CARTESIAN_POINT('Ctrl Pts',(-11.3922601205262,-32.9857621452535,
13.4692135610874));
#13952=CARTESIAN_POINT('Ctrl Pts',(-14.6643240166294,-32.8824243929361,
7.27683263771221));
#13953=CARTESIAN_POINT('Ctrl Pts',(-14.1189530735008,-32.8936075693787,
8.30894714758298));
#13954=CARTESIAN_POINT('Ctrl Pts',(-13.3398794715048,-32.9163037545625,
9.78334393936036));
#13955=CARTESIAN_POINT('Ctrl Pts',(-12.2491951985182,-32.950229263031,11.8474639259876));
#13956=CARTESIAN_POINT('Ctrl Pts',(-11.7038375784585,-32.9638928942817,
12.8795532219504));
#13957=CARTESIAN_POINT('Ctrl Pts',(-11.3921956376036,-32.9695837625264,
13.4693355950184));
#13958=CARTESIAN_POINT('',(-14.6643240166294,-32.8824243929361,7.27683263771221));
#13959=CARTESIAN_POINT('Ctrl Pts',(-11.3937441544982,-32.9695554677659,
13.4664050267953));
#13960=CARTESIAN_POINT('Ctrl Pts',(-11.7048698932271,-32.9638670272549,
12.8775995662509));
#13961=CARTESIAN_POINT('Ctrl Pts',(-12.2497113412549,-32.950213208518,11.8464871258584));
#13962=CARTESIAN_POINT('Ctrl Pts',(-13.3398794715048,-32.9163037545625,
9.78334393936036));
#13963=CARTESIAN_POINT('Ctrl Pts',(-14.1189530735008,-32.8936075693787,
8.30894714758298));
#13964=CARTESIAN_POINT('Ctrl Pts',(-14.6643240166294,-32.8824243929361,
7.27683263771221));
#13965=CARTESIAN_POINT('',(-14.4854427826681,-33.2856387116313,7.17794259870116));
#13966=CARTESIAN_POINT('Origin',(-14.2222455298297,-32.8824243929361,7.04323766450234));
#13967=CARTESIAN_POINT('Ctrl Pts',(-14.4854427826679,-33.285638711631,7.17794259870241));
#13968=CARTESIAN_POINT('Ctrl Pts',(-13.9786895355017,-33.2650454763647,
8.22971958586306));
#13969=CARTESIAN_POINT('Ctrl Pts',(-13.2600164194361,-33.2220004589051,
9.73589763750819));
#13970=CARTESIAN_POINT('Ctrl Pts',(-12.2297967071665,-33.1157826614015,
11.8347805724976));
#13971=CARTESIAN_POINT('Ctrl Pts',(-11.6986637664863,-33.0529323321039,
12.8758470829385));
#13972=CARTESIAN_POINT('Ctrl Pts',(-11.3903074925067,-33.0180427195098,
13.4678703109042));
#13973=CARTESIAN_POINT('Ctrl Pts',(-14.6643240166306,-32.8824243929361,
7.27683263770982));
#13974=CARTESIAN_POINT('Ctrl Pts',(-14.7797238877912,-32.8800580455226,
7.05843838153841));
#13975=CARTESIAN_POINT('Ctrl Pts',(-14.9744537465949,-33.0257410706185,
6.68991212375248));
#13976=CARTESIAN_POINT('Ctrl Pts',(-15.1267735786217,-33.5254771276893,
6.40164684164174));
#13977=CARTESIAN_POINT('Ctrl Pts',(-15.1468802462211,-33.8565120141903,
6.36359497320984));
#13978=CARTESIAN_POINT('Ctrl Pts',(-15.1468802462211,-34.0211918800481,
6.36359497320984));
#13979=CARTESIAN_POINT('Ctrl Pts',(-14.6647238906965,-32.9717679172435,
7.27607587604006));
#13980=CARTESIAN_POINT('Ctrl Pts',(-14.7707907172624,-32.9655241790943,
7.07526281586649));
#13981=CARTESIAN_POINT('Ctrl Pts',(-14.9499697585821,-33.0949126389313,
6.73591603620648));
#13982=CARTESIAN_POINT('Ctrl Pts',(-15.0872338118958,-33.5559592560524,
6.4762060389463));
#13983=CARTESIAN_POINT('Ctrl Pts',(-15.1014439116688,-33.8654944570461,
6.4493931908756));
#13984=CARTESIAN_POINT('Ctrl Pts',(-15.0986179026435,-34.0211918800481,
6.45493145843048));
#13985=CARTESIAN_POINT('Ctrl Pts',(-14.6274202653728,-33.1279025551864,
7.25467282984838));
#13986=CARTESIAN_POINT('Ctrl Pts',(-14.7208304856114,-33.1149566247861,
7.086475360201));
#13987=CARTESIAN_POINT('Ctrl Pts',(-14.8767895993102,-33.2158447641592,
6.80042427641919));
#13988=CARTESIAN_POINT('Ctrl Pts',(-14.9828293056972,-33.6092335214999,
6.58796875700032));
#13989=CARTESIAN_POINT('Ctrl Pts',(-14.9773840618115,-33.8811472893375,
6.57575471562589));
#13990=CARTESIAN_POINT('Ctrl Pts',(-14.9631516434518,-34.0211918800481,
6.58731228230636));
#13991=CARTESIAN_POINT('Ctrl Pts',(-14.5330469254896,-33.2460183683466,
7.20352599792938));
#13992=CARTESIAN_POINT('Ctrl Pts',(-14.6221597724703,-33.2313221929092,
7.06278258674164));
#13993=CARTESIAN_POINT('Ctrl Pts',(-14.7644221820722,-33.312689336136,6.82382238059188));
#13994=CARTESIAN_POINT('Ctrl Pts',(-14.8397410881903,-33.6491622735232,
6.64191014719111));
#13995=CARTESIAN_POINT('Ctrl Pts',(-14.8101352709155,-33.8917764749796,
6.62495098872228));
#13996=CARTESIAN_POINT('Ctrl Pts',(-14.7822793634679,-34.0211918800481,
6.62999999999997));
#13997=CARTESIAN_POINT('Ctrl Pts',(-14.4854427826691,-33.285638711631,7.17794259869996));
#13998=CARTESIAN_POINT('Ctrl Pts',(-14.5741090683529,-33.2715383877998,
7.04690604499702));
#13999=CARTESIAN_POINT('Ctrl Pts',(-14.7122757170346,-33.3470779559502,
6.82579029032557));
#14000=CARTESIAN_POINT('Ctrl Pts',(-14.7759237699093,-33.6624155933972,
6.65283112105907));
#14001=CARTESIAN_POINT('Ctrl Pts',(-14.7372810252062,-33.894913847115,6.62999999999997));
#14002=CARTESIAN_POINT('Ctrl Pts',(-14.7048017594214,-34.0211918800481,
6.62999999999997));
#14003=CARTESIAN_POINT('Ctrl Pts',(-14.7048017594214,-34.0211918800481,
6.62999999999997));
#14004=CARTESIAN_POINT('Ctrl Pts',(-14.7372810252062,-33.894913847115,6.62999999999997));
#14005=CARTESIAN_POINT('Ctrl Pts',(-14.7759237699093,-33.6624155933972,
6.65283112105907));
#14006=CARTESIAN_POINT('Ctrl Pts',(-14.7122757170346,-33.3470779559502,
6.82579029032557));
#14007=CARTESIAN_POINT('Ctrl Pts',(-14.5741090683529,-33.2715383877998,
7.04690604499702));
#14008=CARTESIAN_POINT('Ctrl Pts',(-14.4854427826691,-33.285638711631,7.17794259869996));
#14009=CARTESIAN_POINT('Ctrl Pts',(-14.6643240166306,-32.8824243929361,
7.27683263770982));
#14010=CARTESIAN_POINT('Ctrl Pts',(-14.7797238877912,-32.8800580455226,
7.05843838153841));
#14011=CARTESIAN_POINT('Ctrl Pts',(-14.9076425418062,-32.9757576808923,
6.8163523288151));
#14012=CARTESIAN_POINT('Ctrl Pts',(-14.998480543235,-33.162625472461,6.64444141111105));
#14013=CARTESIAN_POINT('Ctrl Pts',(-15.0060624021338,-33.1794320806734,
6.63009274314499));
#14014=CARTESIAN_POINT('Origin',(-5.00305570387936,-31.4571165716077,13.6999999999999));
#14015=CARTESIAN_POINT('',(-5.1543498679861,-31.8743249660282,13.9755669712156));
#14016=CARTESIAN_POINT('Origin',(-5.33636239851167,-31.4571165716077,13.6999999999999));
#14017=CARTESIAN_POINT('Origin',(-4.73714147356552,-31.4571165716077,13.6999999999999));
#14018=CARTESIAN_POINT('Ctrl Pts',(-14.7085742175928,-37.742770258328,7.14450394881044));
#14019=CARTESIAN_POINT('Ctrl Pts',(-13.5892928340813,-37.7704853781039,
9.27743162078056));
#14020=CARTESIAN_POINT('Ctrl Pts',(-12.4700114505697,-37.7982004978798,
11.4103592927507));
#14021=CARTESIAN_POINT('Ctrl Pts',(-11.3507300670582,-37.8259156176557,
13.5432869647208));
#14022=CARTESIAN_POINT('Ctrl Pts',(-14.2444010415244,-37.5022050836495,
7.14450394881044));
#14023=CARTESIAN_POINT('Ctrl Pts',(-13.2653626660034,-37.462886169153,9.27743162078057));
#14024=CARTESIAN_POINT('Ctrl Pts',(-12.2865640281569,-37.4253545421104,
11.4103592927507));
#14025=CARTESIAN_POINT('Ctrl Pts',(-11.3075256526358,-37.3860356276138,
13.5432869647208));
#14026=CARTESIAN_POINT('Ctrl Pts',(-13.4594605851759,-36.7057006954676,
7.14450394881044));
#14027=CARTESIAN_POINT('Ctrl Pts',(-12.7180742342276,-36.6294216811679,
9.27743162078056));
#14028=CARTESIAN_POINT('Ctrl Pts',(-11.9758511406962,-36.5532002066955,
11.4103592927507));
#14029=CARTESIAN_POINT('Ctrl Pts',(-11.234464789748,-36.4769211923958,13.5432869647208));
#14030=CARTESIAN_POINT('Ctrl Pts',(-13.2192856649271,-35.1631896846624,
7.14450394881044));
#14031=CARTESIAN_POINT('Ctrl Pts',(-12.5503403792248,-35.1704694969331,
9.27743162078057));
#14032=CARTESIAN_POINT('Ctrl Pts',(-11.8810550206489,-35.1779735157907,
11.4103592927507));
#14033=CARTESIAN_POINT('Ctrl Pts',(-11.2121097349467,-35.1852533280614,
13.5432869647208));
#14034=CARTESIAN_POINT('Ctrl Pts',(-13.7439370787926,-33.8815538546773,
7.14450394881044));
#14035=CARTESIAN_POINT('Ctrl Pts',(-12.9162136355024,-33.9284770114292,
9.27743162078056));
#14036=CARTESIAN_POINT('Ctrl Pts',(-12.0886667995675,-33.9753162580101,
11.4103592927507));
#14037=CARTESIAN_POINT('Ctrl Pts',(-11.2609433562772,-34.022239414762,13.5432869647208));
#14038=CARTESIAN_POINT('Ctrl Pts',(-14.3604582664213,-33.3463311763623,
7.14450394881044));
#14039=CARTESIAN_POINT('Ctrl Pts',(-13.3466142799895,-33.3463710403714,
9.27743162078057));
#14040=CARTESIAN_POINT('Ctrl Pts',(-12.3321720393348,-33.3461490583343,
11.4103592927507));
#14041=CARTESIAN_POINT('Ctrl Pts',(-11.318328052903,-33.3461889223434,13.5432869647208));
#14042=CARTESIAN_POINT('Ctrl Pts',(-14.7085892599688,-33.1659097606475,
7.14450394881044));
#14043=CARTESIAN_POINT('Ctrl Pts',(-13.5893033290378,-33.1160328935241,
9.27743162078056));
#14044=CARTESIAN_POINT('Ctrl Pts',(-12.4700173981068,-33.0661560264007,
11.4103592927507));
#14045=CARTESIAN_POINT('Ctrl Pts',(-11.3507314671758,-33.0162791592772,
13.5432869647208));
#14046=CARTESIAN_POINT('Ctrl Pts',(-14.4815566847039,-37.6218967292928,
7.183504063574));
#14047=CARTESIAN_POINT('Ctrl Pts',(-13.8691872271093,-37.2103342384403,
7.15239159996071));
#14048=CARTESIAN_POINT('Ctrl Pts',(-13.1829984847289,-36.0677944806191,
7.14389669863473));
#14049=CARTESIAN_POINT('Ctrl Pts',(-13.4375744732622,-34.3310015321621,
7.14314080339405));
#14050=CARTESIAN_POINT('Ctrl Pts',(-14.0886761863396,-33.5511989994749,
7.15870546067156));
#14051=CARTESIAN_POINT('Ctrl Pts',(-14.485458330949,-33.2856589578207,7.17790128298097));
#14052=CARTESIAN_POINT('Ctrl Pts',(-14.9578041413813,-37.0655783703362,
6.62999999999997));
#14053=CARTESIAN_POINT('Ctrl Pts',(-14.4788438422762,-36.7879491839826,
6.62999999999997));
#14054=CARTESIAN_POINT('Ctrl Pts',(-13.9309923933399,-35.9353680892867,
6.62999999999997));
#14055=CARTESIAN_POINT('Ctrl Pts',(-14.1283586546826,-34.6021821489495,
6.62999999999997));
#14056=CARTESIAN_POINT('Ctrl Pts',(-14.6399585467418,-34.0267175281045,
6.62999999999997));
#14057=CARTESIAN_POINT('Ctrl Pts',(-14.959357176524,-33.8417740872761,6.62999999999997));
#14058=CARTESIAN_POINT('Ctrl Pts',(-14.8754446513735,-37.2076633091944,
6.62999999999997));
#14059=CARTESIAN_POINT('Ctrl Pts',(-14.3540154809186,-36.8981356142043,
6.63011829545028));
#14060=CARTESIAN_POINT('Ctrl Pts',(-13.7653352379371,-35.974207069005,6.63011696937204));
#14061=CARTESIAN_POINT('Ctrl Pts',(-13.9778235708647,-34.5329917339645,
6.63012331964002));
#14062=CARTESIAN_POINT('Ctrl Pts',(-14.5300218197416,-33.9064654890146,
6.63007472543946));
#14063=CARTESIAN_POINT('Ctrl Pts',(-14.877573898555,-33.7005337880505,6.62999999999997));
#14064=CARTESIAN_POINT('Ctrl Pts',(-14.7110582737225,-37.491259387988,6.74198197065237));
#14065=CARTESIAN_POINT('Ctrl Pts',(-14.1049379552262,-37.1183889370214,
6.7330619647079));
#14066=CARTESIAN_POINT('Ctrl Pts',(-13.4347827978216,-36.0515228896537,
6.73105467212961));
#14067=CARTESIAN_POINT('Ctrl Pts',(-13.6774305752335,-34.3949379783982,
6.7308235912978));
#14068=CARTESIAN_POINT('Ctrl Pts',(-14.310631479267,-33.6662282553925,6.73484237635794));
#14069=CARTESIAN_POINT('Ctrl Pts',(-14.7143290368933,-33.4186087578888,
6.74054459644934));
#14070=CARTESIAN_POINT('Ctrl Pts',(-14.6149662703868,-37.6570353831697,
7.03055470867867));
#14071=CARTESIAN_POINT('Ctrl Pts',(-13.9540922652362,-37.255394626156,7.00234341707888));
#14072=CARTESIAN_POINT('Ctrl Pts',(-13.2285439399781,-36.1000550092071,
6.99556870596386));
#14073=CARTESIAN_POINT('Ctrl Pts',(-13.4907326498756,-34.3088980461359,
6.9949078454998));
#14074=CARTESIAN_POINT('Ctrl Pts',(-14.1779594704262,-33.5193531393059,
7.00788570380479));
#14075=CARTESIAN_POINT('Ctrl Pts',(-14.6180968403586,-33.2524150741526,
7.02597364040087));
#14076=CARTESIAN_POINT('Ctrl Pts',(-14.5940350568183,-37.6931454926401,
7.18939160532824));
#14077=CARTESIAN_POINT('Ctrl Pts',(-13.9185109735356,-37.2905247080587,
7.15299871824984));
#14078=CARTESIAN_POINT('Ctrl Pts',(-13.1765097688267,-36.1120624262664,
7.14391596513938));
#14079=CARTESIAN_POINT('Ctrl Pts',(-13.4439896839087,-34.2872350611846,
7.14312175514357));
#14080=CARTESIAN_POINT('Ctrl Pts',(-14.1466951917978,-33.4832924233786,
7.16009996446082));
#14081=CARTESIAN_POINT('Ctrl Pts',(-14.596667517343,-33.2154064818084,7.18348070338061));
#14082=CARTESIAN_POINT('Origin',(-15.0061114077587,-33.1657287241299,6.62999999999997));
#14083=CARTESIAN_POINT('Origin',(-15.0061114077587,-38.4571165716077,6.62999999999997));
#14084=CARTESIAN_POINT('Origin',(-15.0061114077587,-38.4571165716077,6.62999999999997));
#14085=CARTESIAN_POINT('Origin',(4.73714147356533,-15.7353773828292,13.6999999999999));
#14086=CARTESIAN_POINT('',(5.15434986798591,-15.7353773828292,13.9755669712156));
#14087=CARTESIAN_POINT('Origin',(10.0061114077585,-14.9853273828293,6.62999999999997));
#14088=CARTESIAN_POINT('Ctrl Pts',(14.9577640164887,-9.8779741932504,6.62999999999997));
#14089=CARTESIAN_POINT('Ctrl Pts',(14.4787775892506,-10.1555649321269,6.62999999999997));
#14090=CARTESIAN_POINT('Ctrl Pts',(13.9308445007279,-11.0081859081677,6.62999999999997));
#14091=CARTESIAN_POINT('Ctrl Pts',(14.1283547879494,-12.3413711045424,6.62999999999997));
#14092=CARTESIAN_POINT('Ctrl Pts',(14.6400389696147,-12.9168199816971,6.62999999999997));
#14093=CARTESIAN_POINT('Ctrl Pts',(14.9594287756089,-13.1017830530624,6.62999999999997));
#14094=CARTESIAN_POINT('Ctrl Pts',(14.8753191590414,-9.73571452034972,6.62999999999997));
#14095=CARTESIAN_POINT('Ctrl Pts',(14.3538118176472,-10.0452783972856,6.63011952969913));
#14096=CARTESIAN_POINT('Ctrl Pts',(13.765134607519,-10.9693837840421,6.63010901774372));
#14097=CARTESIAN_POINT('Ctrl Pts',(13.9779382904061,-12.4105490406379,6.63011942283115));
#14098=CARTESIAN_POINT('Ctrl Pts',(14.5302239135948,-13.036950093905,6.63007394218834));
#14099=CARTESIAN_POINT('Ctrl Pts',(14.8777337864696,-13.2428520055798,6.62999999999997));
#14100=CARTESIAN_POINT('Ctrl Pts',(14.7107454845726,-9.45174050640992,6.74220862085039));
#14101=CARTESIAN_POINT('Ctrl Pts',(14.1044438196736,-9.82479225413118,6.73321588348922));
#14102=CARTESIAN_POINT('Ctrl Pts',(13.4344490539938,-10.8921402929289,6.73109731404241));
#14103=CARTESIAN_POINT('Ctrl Pts',(13.6777532366467,-12.5485810888309,6.73065662601639));
#14104=CARTESIAN_POINT('Ctrl Pts',(14.3110565519752,-13.2769750702008,6.73457255051758));
#14105=CARTESIAN_POINT('Ctrl Pts',(14.714645729564,-13.5244685600117,6.74022777162531));
#14106=CARTESIAN_POINT('Ctrl Pts',(14.6147287517411,-9.28606238616644,7.03142835911759));
#14107=CARTESIAN_POINT('Ctrl Pts',(13.9536481396098,-9.68783453764484,7.00300313659247));
#14108=CARTESIAN_POINT('Ctrl Pts',(13.2282444670698,-10.8436276712765,6.99584141785923));
#14109=CARTESIAN_POINT('Ctrl Pts',(13.4910695194736,-12.6346342570072,6.9945074309484));
#14110=CARTESIAN_POINT('Ctrl Pts',(14.178369327891,-13.4238515845144,7.00716201412646));
#14111=CARTESIAN_POINT('Ctrl Pts',(14.6183824897881,-13.6906936191516,7.02511086704281));
#14112=CARTESIAN_POINT('Ctrl Pts',(14.5938996112999,-9.25012143365941,7.19051752875111));
#14113=CARTESIAN_POINT('Ctrl Pts',(13.9181870703708,-9.65278458397301,7.1538628013748));
#14114=CARTESIAN_POINT('Ctrl Pts',(13.1762402920096,-10.831602652526,7.14427158717107));
#14115=CARTESIAN_POINT('Ctrl Pts',(13.4442231203896,-12.6563148230531,7.14259681197887));
#14116=CARTESIAN_POINT('Ctrl Pts',(14.1469948135163,-13.4600201860365,7.15915641164118));
#14117=CARTESIAN_POINT('Ctrl Pts',(14.5968548970982,-13.7278669511146,7.18236615871389));
#14118=CARTESIAN_POINT('Ctrl Pts',(14.4808202394548,-9.32176287637066,7.18455586934494));
#14119=CARTESIAN_POINT('Ctrl Pts',(13.8686174809645,-9.7334150069138,7.15321773283203));
#14120=CARTESIAN_POINT('Ctrl Pts',(13.1827748854973,-10.8760971163637,7.14423074882657));
#14121=CARTESIAN_POINT('Ctrl Pts',(13.4378263072942,-12.6127585146945,7.14263678925631));
#14122=CARTESIAN_POINT('Ctrl Pts',(14.0892402806439,-13.3924569332343,7.15780349233902));
#14123=CARTESIAN_POINT('Ctrl Pts',(14.4861878320919,-13.6579717742732,7.17685540268781));
#14124=CARTESIAN_POINT('Origin',(21.0061649924427,-8.4749753394919,4.09999999999997));
#14125=CARTESIAN_POINT('',(21.7120347372229,-9.18331699674775,4.09999999999997));
#14126=CARTESIAN_POINT('Origin',(24.0061114077584,-11.4854273828293,4.09999999999997));
#14127=CARTESIAN_POINT('',(21.3778138425961,-13.3971156181234,4.09999999999997));
#14128=CARTESIAN_POINT('Origin',(13.0061114077585,-13.9853273828293,5.62999999999997));
#14129=CARTESIAN_POINT('Origin',(20.5691068994693,-13.9853273828293,5.62999999999997));
#14130=CARTESIAN_POINT('Origin',(15.5345129929633,-13.9853273828293,5.62999999999997));
#14131=CARTESIAN_POINT('Origin',(20.5691068994693,-13.9853273828293,4.09999999999997));
#14132=CARTESIAN_POINT('',(20.5691068994693,-14.9853273828293,4.09999999999997));
#14133=CARTESIAN_POINT('Origin',(10.0061114077585,-14.9853273828293,4.09999999999997));
#14134=CARTESIAN_POINT('Origin',(-4.73714147356553,-24.2212719772184,13.6999999999999));
#14135=CARTESIAN_POINT('',(-5.15434986798611,-24.2212719772184,13.9755669712156));
#14136=CARTESIAN_POINT('Origin',(-10.0061114077587,-31.9571165716077,6.62999999999997));
#14137=CARTESIAN_POINT('Origin',(-20.5691068994695,-32.9571165716077,4.09999999999997));
#14138=CARTESIAN_POINT('Origin',(-15.9938885922415,-35.4854273828291,4.09999999999997));
#14139=CARTESIAN_POINT('',(-14.4438885922415,-35.4854273828291,4.09999999999997));
#14140=CARTESIAN_POINT('Ctrl Pts',(14.7085580283991,-9.20067238016527,7.144528551569));
#14141=CARTESIAN_POINT('Ctrl Pts',(13.5892764383186,-9.177091932689,9.27745850592475));
#14142=CARTESIAN_POINT('Ctrl Pts',(12.469994848238,-9.15351148521273,11.4103884602805));
#14143=CARTESIAN_POINT('Ctrl Pts',(11.3507132581575,-9.12993103773647,13.5433184146362));
#14144=CARTESIAN_POINT('Ctrl Pts',(14.3604296699637,-9.38109733832185,7.144528551569));
#14145=CARTESIAN_POINT('Ctrl Pts',(13.3465897081919,-9.40743275628059,9.27745850592475));
#14146=CARTESIAN_POINT('Ctrl Pts',(12.3321514897263,-9.43350633315507,11.4103884602805));
#14147=CARTESIAN_POINT('Ctrl Pts',(11.3183115279544,-9.4598417511138,13.5433184146362));
#14148=CARTESIAN_POINT('Ctrl Pts',(13.7438839855795,-9.91633840229971,7.144528551569));
#14149=CARTESIAN_POINT('Ctrl Pts',(12.9161634614915,-9.98955555930789,9.27745850592475));
#14150=CARTESIAN_POINT('Ctrl Pts',(12.0886476234568,-10.0626773182525,11.4103884602805));
#14151=CARTESIAN_POINT('Ctrl Pts',(11.2609270993688,-10.1358944752607,13.5433184146362));
#14152=CARTESIAN_POINT('Ctrl Pts',(13.2192422094449,-11.1979786337408,7.144528551569));
#14153=CARTESIAN_POINT('Ctrl Pts',(12.5502968931057,-11.2315510691615,9.27745850592474));
#14154=CARTESIAN_POINT('Ctrl Pts',(11.8810418597603,-11.2653356201094,11.4103884602805));
#14155=CARTESIAN_POINT('Ctrl Pts',(11.2120965434211,-11.2989080555301,13.5433184146362));
#14156=CARTESIAN_POINT('Ctrl Pts',(13.4593946354852,-12.7405451188371,7.144528551569));
#14157=CARTESIAN_POINT('Ctrl Pts',(12.7180045063031,-12.6905592697007,9.27745850592475));
#14158=CARTESIAN_POINT('Ctrl Pts',(11.9758386411447,-12.6405655667687,11.4103884602805));
#14159=CARTESIAN_POINT('Ctrl Pts',(11.2344485119626,-12.5905797176323,13.5433184146362));
#14160=CARTESIAN_POINT('Ctrl Pts',(14.2444055044727,-13.5369711864828,7.144528551569));
#14161=CARTESIAN_POINT('Ctrl Pts',(13.2653613136282,-13.523947433984,9.27745850592475));
#14162=CARTESIAN_POINT('Ctrl Pts',(12.2865568751651,-13.5127109672207,11.4103884602805));
#14163=CARTESIAN_POINT('Ctrl Pts',(11.3075126843205,-13.4996872147219,13.5433184146362));
#14164=CARTESIAN_POINT('Ctrl Pts',(14.7085786840791,-13.7775332836816,7.144528551569));
#14165=CARTESIAN_POINT('Ctrl Pts',(13.5892908496081,-13.8315447710495,9.27745850592475));
#14166=CARTESIAN_POINT('Ctrl Pts',(12.4700030151371,-13.8855562584174,11.4103884602805));
#14167=CARTESIAN_POINT('Ctrl Pts',(11.3507151806661,-13.9395677457853,13.5433184146362));
#14168=CARTESIAN_POINT('Origin',(15.0061114077585,-13.7767152303071,6.62999999999997));
#14169=CARTESIAN_POINT('Origin',(16.0061114077583,-11.4854273828291,4.09999999999997));
#14170=CARTESIAN_POINT('',(17.5561114077583,-11.4854273828291,4.09999999999997));
#14171=CARTESIAN_POINT('Origin',(-6.88338275267597E-14,-16.4854273828292,
16.1999999999999));
#14172=UNCERTAINTY_MEASURE_WITH_UNIT(LENGTH_MEASURE(0.01),#14176,
'DISTANCE_ACCURACY_VALUE',
'Maximum model space distance between geometric entities at asserted c
onnectivities');
#14173=UNCERTAINTY_MEASURE_WITH_UNIT(LENGTH_MEASURE(0.01),#14176,
'DISTANCE_ACCURACY_VALUE',
'Maximum model space distance between geometric entities at asserted c
onnectivities');
#14174=(
GEOMETRIC_REPRESENTATION_CONTEXT(3)
GLOBAL_UNCERTAINTY_ASSIGNED_CONTEXT((#14172))
GLOBAL_UNIT_ASSIGNED_CONTEXT((#14176,#14178,#14179))
REPRESENTATION_CONTEXT('','3D')
);
#14175=(
GEOMETRIC_REPRESENTATION_CONTEXT(3)
GLOBAL_UNCERTAINTY_ASSIGNED_CONTEXT((#14173))
GLOBAL_UNIT_ASSIGNED_CONTEXT((#14176,#14178,#14179))
REPRESENTATION_CONTEXT('','3D')
);
#14176=(
LENGTH_UNIT()
NAMED_UNIT(*)
SI_UNIT(.MILLI.,.METRE.)
);
#14177=(
LENGTH_UNIT()
NAMED_UNIT(*)
SI_UNIT($,.METRE.)
);
#14178=(
NAMED_UNIT(*)
PLANE_ANGLE_UNIT()
SI_UNIT($,.RADIAN.)
);
#14179=(
NAMED_UNIT(*)
SI_UNIT($,.STERADIAN.)
SOLID_ANGLE_UNIT()
);
#14180=SHAPE_DEFINITION_REPRESENTATION(#14181,#14182);
#14181=PRODUCT_DEFINITION_SHAPE('',$,#14184);
#14182=SHAPE_REPRESENTATION('',(#5961),#14174);
#14183=PRODUCT_DEFINITION_CONTEXT('part definition',#14188,'design');
#14184=PRODUCT_DEFINITION('FusionComponent','FusionComponent',#14185,#14183);
#14185=PRODUCT_DEFINITION_FORMATION('',$,#14190);
#14186=PRODUCT_RELATED_PRODUCT_CATEGORY('FusionComponent',
'FusionComponent',(#14190));
#14187=APPLICATION_PROTOCOL_DEFINITION('international standard',
'automotive_design',2009,#14188);
#14188=APPLICATION_CONTEXT(
'Core Data for Automotive Mechanical Design Process');
#14189=PRODUCT_CONTEXT('part definition',#14188,'mechanical');
#14190=PRODUCT('FusionComponent','FusionComponent',$,(#14189));
#14191=PRESENTATION_STYLE_ASSIGNMENT((#14193));
#14192=PRESENTATION_STYLE_ASSIGNMENT((#14194));
#14193=SURFACE_STYLE_USAGE(.BOTH.,#14195);
#14194=SURFACE_STYLE_USAGE(.BOTH.,#14196);
#14195=SURFACE_SIDE_STYLE('',(#14197));
#14196=SURFACE_SIDE_STYLE('',(#14198));
#14197=SURFACE_STYLE_FILL_AREA(#14199);
#14198=SURFACE_STYLE_FILL_AREA(#14200);
#14199=FILL_AREA_STYLE('Steel - Satin',(#14201));
#14200=FILL_AREA_STYLE('Plastic - Glossy (Black)',(#14202));
#14201=FILL_AREA_STYLE_COLOUR('Steel - Satin',#14203);
#14202=FILL_AREA_STYLE_COLOUR('Plastic - Glossy (Black)',#14204);
#14203=COLOUR_RGB('Steel - Satin',0.627450980392157,0.627450980392157,0.627450980392157);
#14204=COLOUR_RGB('Plastic - Glossy (Black)',0.0980392156862745,0.0980392156862745,
0.0980392156862745);
ENDSEC;
END-ISO-10303-21;
