ISO-10303-21;
HEADER;
FILE_DESCRIPTION(('KiCad electronic assembly'),'2;1');
FILE_NAME('v2 mouse.step','2025-07-16T10:01:58',('Pcbnew'),('Kicad'),
  'Open CASCADE STEP processor 7.8','KiCad to STEP converter','Unknown'
  );
FILE_SCHEMA(('AUTOMOTIVE_DESIGN { 1 0 10303 214 1 1 1 1 }'));
ENDSEC;
DATA;
#1 = APPLICATION_PROTOCOL_DEFINITION('international standard',
  'automotive_design',2000,#2);
#2 = APPLICATION_CONTEXT(
  'core data for automotive mechanical design processes');
#3 = SHAPE_DEFINITION_REPRESENTATION(#4,#10);
#4 = PRODUCT_DEFINITION_SHAPE('','',#5);
#5 = PRODUCT_DEFINITION('design','',#6,#9);
#6 = PRODUCT_DEFINITION_FORMATION('','',#7);
#7 = PRODUCT('v2 mouse 1','v2 mouse 1','',(#8));
#8 = PRODUCT_CONTEXT('',#2,'mechanical');
#9 = PRODUCT_DEFINITION_CONTEXT('part definition',#2,'design');
#10 = SHAPE_REPRESENTATION('',(#11,#15,#19,#23,#27,#31,#35,#39),#43);
#11 = AXIS2_PLACEMENT_3D('',#12,#13,#14);
#12 = CARTESIAN_POINT('',(0.,0.,0.));
#13 = DIRECTION('',(0.,0.,1.));
#14 = DIRECTION('',(1.,0.,-0.));
#15 = AXIS2_PLACEMENT_3D('',#16,#17,#18);
#16 = CARTESIAN_POINT('',(80.335,-147.73,1.685));
#17 = DIRECTION('',(-0.,0.,1.));
#18 = DIRECTION('',(1.110223024625E-16,-1.,0.));
#19 = AXIS2_PLACEMENT_3D('',#20,#21,#22);
#20 = CARTESIAN_POINT('',(123.54,-49.5,1.685));
#21 = DIRECTION('',(-0.,0.,1.));
#22 = DIRECTION('',(1.110223024625E-16,-1.,0.));
#23 = AXIS2_PLACEMENT_3D('',#24,#25,#26);
#24 = CARTESIAN_POINT('',(103.5,-151.,1.685));
#25 = DIRECTION('',(0.,0.,1.));
#26 = DIRECTION('',(1.,0.,0.));
#27 = AXIS2_PLACEMENT_3D('',#28,#29,#30);
#28 = CARTESIAN_POINT('',(162.165,-150.77,1.685));
#29 = DIRECTION('',(0.,-0.,1.));
#30 = DIRECTION('',(1.110223024625E-16,1.,0.));
#31 = AXIS2_PLACEMENT_3D('',#32,#33,#34);
#32 = CARTESIAN_POINT('',(147.,-104.5,1.685));
#33 = DIRECTION('',(0.,-0.,1.));
#34 = DIRECTION('',(1.110223024625E-16,1.,0.));
#35 = AXIS2_PLACEMENT_3D('',#36,#37,#38);
#36 = CARTESIAN_POINT('',(93.5,-102.5,1.685));
#37 = DIRECTION('',(-0.,0.,1.));
#38 = DIRECTION('',(1.110223024625E-16,-1.,0.));
#39 = AXIS2_PLACEMENT_3D('',#40,#41,#42);
#40 = CARTESIAN_POINT('',(0.,0.,0.));
#41 = DIRECTION('',(0.,0.,1.));
#42 = DIRECTION('',(1.,0.,-0.));
#43 = ( GEOMETRIC_REPRESENTATION_CONTEXT(3) 
GLOBAL_UNCERTAINTY_ASSIGNED_CONTEXT((#47)) GLOBAL_UNIT_ASSIGNED_CONTEXT(
(#44,#45,#46)) REPRESENTATION_CONTEXT('Context #1',
  '3D Context with UNIT and UNCERTAINTY') );
#44 = ( LENGTH_UNIT() NAMED_UNIT(*) SI_UNIT(.MILLI.,.METRE.) );
#45 = ( NAMED_UNIT(*) PLANE_ANGLE_UNIT() SI_UNIT($,.RADIAN.) );
#46 = ( NAMED_UNIT(*) SI_UNIT($,.STERADIAN.) SOLID_ANGLE_UNIT() );
#47 = UNCERTAINTY_MEASURE_WITH_UNIT(LENGTH_MEASURE(1.E-07),#44,
  'distance_accuracy_value','confusion accuracy');
#48 = PRODUCT_RELATED_PRODUCT_CATEGORY('part',$,(#7));
#49 = SHAPE_DEFINITION_REPRESENTATION(#50,#56);
#50 = PRODUCT_DEFINITION_SHAPE('','',#51);
#51 = PRODUCT_DEFINITION('design','',#52,#55);
#52 = PRODUCT_DEFINITION_FORMATION('','',#53);
#53 = PRODUCT('LED_D3.0mm_Horizontal_O1.27mm_Z6.0mm',
  'LED_D3.0mm_Horizontal_O1.27mm_Z6.0mm','',(#54));
#54 = PRODUCT_CONTEXT('',#2,'mechanical');
#55 = PRODUCT_DEFINITION_CONTEXT('part definition',#2,'design');
#56 = ADVANCED_BREP_SHAPE_REPRESENTATION('',(#11,#57),#975);
#57 = MANIFOLD_SOLID_BREP('',#58);
#58 = CLOSED_SHELL('',(#59,#101,#173,#198,#250,#267,#279,#359,#386,#417,
    #441,#481,#498,#545,#569,#593,#610,#629,#653,#684,#708,#725,#756,
    #773,#790,#821,#845,#869,#886,#898,#929,#946,#963));
#59 = ADVANCED_FACE('',(#60),#96,.T.);
#60 = FACE_BOUND('',#61,.T.);
#61 = EDGE_LOOP('',(#62,#72,#81,#89));
#62 = ORIENTED_EDGE('',*,*,#63,.F.);
#63 = EDGE_CURVE('',#64,#66,#68,.T.);
#64 = VERTEX_POINT('',#65);
#65 = CARTESIAN_POINT('',(-0.23,-2.27,7.166190378969));
#66 = VERTEX_POINT('',#67);
#67 = CARTESIAN_POINT('',(-0.23,-1.27,7.166190378969));
#68 = LINE('',#69,#70);
#69 = CARTESIAN_POINT('',(-0.23,-1.27,7.166190378969));
#70 = VECTOR('',#71,1.);
#71 = DIRECTION('',(0.,1.,-1.110223024625E-15));
#72 = ORIENTED_EDGE('',*,*,#73,.F.);
#73 = EDGE_CURVE('',#74,#64,#76,.T.);
#74 = VERTEX_POINT('',#75);
#75 = CARTESIAN_POINT('',(3.17,-2.27,6.));
#76 = CIRCLE('',#77,1.9);
#77 = AXIS2_PLACEMENT_3D('',#78,#79,#80);
#78 = CARTESIAN_POINT('',(1.27,-2.27,6.));
#79 = DIRECTION('',(0.,-1.,1.110223024625E-15));
#80 = DIRECTION('',(1.,0.,0.));
#81 = ORIENTED_EDGE('',*,*,#82,.F.);
#82 = EDGE_CURVE('',#83,#74,#85,.T.);
#83 = VERTEX_POINT('',#84);
#84 = CARTESIAN_POINT('',(3.17,-1.27,6.));
#85 = LINE('',#86,#87);
#86 = CARTESIAN_POINT('',(3.17,-1.27,6.));
#87 = VECTOR('',#88,1.);
#88 = DIRECTION('',(0.,-1.,8.881784197001E-16));
#89 = ORIENTED_EDGE('',*,*,#90,.T.);
#90 = EDGE_CURVE('',#83,#66,#91,.T.);
#91 = CIRCLE('',#92,1.9);
#92 = AXIS2_PLACEMENT_3D('',#93,#94,#95);
#93 = CARTESIAN_POINT('',(1.27,-1.27,6.));
#94 = DIRECTION('',(0.,-1.,1.110223024625E-15));
#95 = DIRECTION('',(1.,0.,0.));
#96 = CYLINDRICAL_SURFACE('',#97,1.9);
#97 = AXIS2_PLACEMENT_3D('',#98,#99,#100);
#98 = CARTESIAN_POINT('',(1.27,-1.27,6.));
#99 = DIRECTION('',(0.,1.,-1.110223024625E-15));
#100 = DIRECTION('',(1.,0.,0.));
#101 = ADVANCED_FACE('',(#102,#134),#168,.T.);
#102 = FACE_BOUND('',#103,.T.);
#103 = EDGE_LOOP('',(#104,#105,#114,#122,#128));
#104 = ORIENTED_EDGE('',*,*,#90,.F.);
#105 = ORIENTED_EDGE('',*,*,#106,.F.);
#106 = EDGE_CURVE('',#107,#83,#109,.T.);
#107 = VERTEX_POINT('',#108);
#108 = CARTESIAN_POINT('',(-0.23,-1.27,4.833809621031));
#109 = CIRCLE('',#110,1.9);
#110 = AXIS2_PLACEMENT_3D('',#111,#112,#113);
#111 = CARTESIAN_POINT('',(1.27,-1.27,6.));
#112 = DIRECTION('',(0.,-1.,1.110223024625E-15));
#113 = DIRECTION('',(1.,0.,0.));
#114 = ORIENTED_EDGE('',*,*,#115,.T.);
#115 = EDGE_CURVE('',#107,#116,#118,.T.);
#116 = VERTEX_POINT('',#117);
#117 = CARTESIAN_POINT('',(-0.23,-1.27,5.999999978232));
#118 = LINE('',#119,#120);
#119 = CARTESIAN_POINT('',(-0.23,-1.27,6.95));
#120 = VECTOR('',#121,1.);
#121 = DIRECTION('',(0.,1.158067919543E-15,1.));
#122 = ORIENTED_EDGE('',*,*,#123,.T.);
#123 = EDGE_CURVE('',#116,#116,#124,.T.);
#124 = LINE('',#125,#126);
#125 = CARTESIAN_POINT('',(-0.23,-1.27,6.95));
#126 = VECTOR('',#127,1.);
#127 = DIRECTION('',(0.,1.158067919543E-15,1.));
#128 = ORIENTED_EDGE('',*,*,#129,.T.);
#129 = EDGE_CURVE('',#116,#66,#130,.T.);
#130 = LINE('',#131,#132);
#131 = CARTESIAN_POINT('',(-0.23,-1.27,6.95));
#132 = VECTOR('',#133,1.);
#133 = DIRECTION('',(0.,1.158067919543E-15,1.));
#134 = FACE_BOUND('',#135,.T.);
#135 = EDGE_LOOP('',(#136,#145,#152,#161));
#136 = ORIENTED_EDGE('',*,*,#137,.T.);
#137 = EDGE_CURVE('',#138,#116,#140,.T.);
#138 = VERTEX_POINT('',#139);
#139 = CARTESIAN_POINT('',(1.27,-1.27,7.5));
#140 = CIRCLE('',#141,1.5);
#141 = AXIS2_PLACEMENT_3D('',#142,#143,#144);
#142 = CARTESIAN_POINT('',(1.27,-1.27,6.));
#143 = DIRECTION('',(0.,-1.,1.110223024625E-15));
#144 = DIRECTION('',(1.,0.,0.));
#145 = ORIENTED_EDGE('',*,*,#146,.T.);
#146 = EDGE_CURVE('',#116,#116,#147,.T.);
#147 = CIRCLE('',#148,1.5);
#148 = AXIS2_PLACEMENT_3D('',#149,#150,#151);
#149 = CARTESIAN_POINT('',(1.27,-1.27,6.));
#150 = DIRECTION('',(0.,-1.,1.110223024625E-15));
#151 = DIRECTION('',(1.,0.,0.));
#152 = ORIENTED_EDGE('',*,*,#153,.T.);
#153 = EDGE_CURVE('',#116,#154,#156,.T.);
#154 = VERTEX_POINT('',#155);
#155 = CARTESIAN_POINT('',(2.77,-1.27,6.));
#156 = CIRCLE('',#157,1.5);
#157 = AXIS2_PLACEMENT_3D('',#158,#159,#160);
#158 = CARTESIAN_POINT('',(1.27,-1.27,6.));
#159 = DIRECTION('',(0.,-1.,1.110223024625E-15));
#160 = DIRECTION('',(1.,0.,0.));
#161 = ORIENTED_EDGE('',*,*,#162,.T.);
#162 = EDGE_CURVE('',#154,#138,#163,.T.);
#163 = CIRCLE('',#164,1.5);
#164 = AXIS2_PLACEMENT_3D('',#165,#166,#167);
#165 = CARTESIAN_POINT('',(1.27,-1.27,6.));
#166 = DIRECTION('',(0.,-1.,1.110223024625E-15));
#167 = DIRECTION('',(1.,0.,0.));
#168 = PLANE('',#169);
#169 = AXIS2_PLACEMENT_3D('',#170,#171,#172);
#170 = CARTESIAN_POINT('',(3.17,-1.27,6.));
#171 = DIRECTION('',(0.,1.,-1.158067919543E-15));
#172 = DIRECTION('',(0.,1.158067919543E-15,1.));
#173 = ADVANCED_FACE('',(#174),#193,.T.);
#174 = FACE_BOUND('',#175,.T.);
#175 = EDGE_LOOP('',(#176,#184,#185,#186,#187));
#176 = ORIENTED_EDGE('',*,*,#177,.F.);
#177 = EDGE_CURVE('',#64,#178,#180,.T.);
#178 = VERTEX_POINT('',#179);
#179 = CARTESIAN_POINT('',(-0.23,-2.27,6.));
#180 = LINE('',#181,#182);
#181 = CARTESIAN_POINT('',(-0.23,-2.27,7.9));
#182 = VECTOR('',#183,1.);
#183 = DIRECTION('',(0.,-1.221245327088E-15,-1.));
#184 = ORIENTED_EDGE('',*,*,#63,.T.);
#185 = ORIENTED_EDGE('',*,*,#129,.F.);
#186 = ORIENTED_EDGE('',*,*,#123,.F.);
#187 = ORIENTED_EDGE('',*,*,#188,.F.);
#188 = EDGE_CURVE('',#178,#116,#189,.T.);
#189 = LINE('',#190,#191);
#190 = CARTESIAN_POINT('',(-0.23,-1.27,6.));
#191 = VECTOR('',#192,1.);
#192 = DIRECTION('',(0.,1.,-1.110223024625E-15));
#193 = PLANE('',#194);
#194 = AXIS2_PLACEMENT_3D('',#195,#196,#197);
#195 = CARTESIAN_POINT('',(-0.23,-2.27,7.9));
#196 = DIRECTION('',(-1.,-0.,0.));
#197 = DIRECTION('',(0.,-1.221245327088E-15,-1.));
#198 = ADVANCED_FACE('',(#199,#218),#245,.F.);
#199 = FACE_BOUND('',#200,.F.);
#200 = EDGE_LOOP('',(#201,#202,#211,#217));
#201 = ORIENTED_EDGE('',*,*,#73,.F.);
#202 = ORIENTED_EDGE('',*,*,#203,.F.);
#203 = EDGE_CURVE('',#204,#74,#206,.T.);
#204 = VERTEX_POINT('',#205);
#205 = CARTESIAN_POINT('',(-0.23,-2.27,4.833809621031));
#206 = CIRCLE('',#207,1.9);
#207 = AXIS2_PLACEMENT_3D('',#208,#209,#210);
#208 = CARTESIAN_POINT('',(1.27,-2.27,6.));
#209 = DIRECTION('',(0.,-1.,1.110223024625E-15));
#210 = DIRECTION('',(1.,0.,0.));
#211 = ORIENTED_EDGE('',*,*,#212,.F.);
#212 = EDGE_CURVE('',#178,#204,#213,.T.);
#213 = LINE('',#214,#215);
#214 = CARTESIAN_POINT('',(-0.23,-2.27,7.9));
#215 = VECTOR('',#216,1.);
#216 = DIRECTION('',(0.,-1.221245327088E-15,-1.));
#217 = ORIENTED_EDGE('',*,*,#177,.F.);
#218 = FACE_BOUND('',#219,.F.);
#219 = EDGE_LOOP('',(#220,#229,#238));
#220 = ORIENTED_EDGE('',*,*,#221,.T.);
#221 = EDGE_CURVE('',#222,#178,#224,.T.);
#222 = VERTEX_POINT('',#223);
#223 = CARTESIAN_POINT('',(1.27,-2.27,7.5));
#224 = CIRCLE('',#225,1.5);
#225 = AXIS2_PLACEMENT_3D('',#226,#227,#228);
#226 = CARTESIAN_POINT('',(1.27,-2.27,6.));
#227 = DIRECTION('',(0.,-1.,1.110223024625E-15));
#228 = DIRECTION('',(1.,0.,0.));
#229 = ORIENTED_EDGE('',*,*,#230,.T.);
#230 = EDGE_CURVE('',#178,#231,#233,.T.);
#231 = VERTEX_POINT('',#232);
#232 = CARTESIAN_POINT('',(2.77,-2.27,6.));
#233 = CIRCLE('',#234,1.5);
#234 = AXIS2_PLACEMENT_3D('',#235,#236,#237);
#235 = CARTESIAN_POINT('',(1.27,-2.27,6.));
#236 = DIRECTION('',(0.,-1.,1.110223024625E-15));
#237 = DIRECTION('',(1.,0.,0.));
#238 = ORIENTED_EDGE('',*,*,#239,.T.);
#239 = EDGE_CURVE('',#231,#222,#240,.T.);
#240 = CIRCLE('',#241,1.5);
#241 = AXIS2_PLACEMENT_3D('',#242,#243,#244);
#242 = CARTESIAN_POINT('',(1.27,-2.27,6.));
#243 = DIRECTION('',(0.,-1.,1.110223024625E-15));
#244 = DIRECTION('',(1.,0.,0.));
#245 = PLANE('',#246);
#246 = AXIS2_PLACEMENT_3D('',#247,#248,#249);
#247 = CARTESIAN_POINT('',(3.17,-2.27,6.));
#248 = DIRECTION('',(0.,1.,-1.158067919543E-15));
#249 = DIRECTION('',(0.,1.158067919543E-15,1.));
#250 = ADVANCED_FACE('',(#251),#262,.T.);
#251 = FACE_BOUND('',#252,.T.);
#252 = EDGE_LOOP('',(#253,#254,#260,#261));
#253 = ORIENTED_EDGE('',*,*,#203,.F.);
#254 = ORIENTED_EDGE('',*,*,#255,.T.);
#255 = EDGE_CURVE('',#204,#107,#256,.T.);
#256 = LINE('',#257,#258);
#257 = CARTESIAN_POINT('',(-0.23,-1.27,4.833809621031));
#258 = VECTOR('',#259,1.);
#259 = DIRECTION('',(0.,1.,-1.110223024625E-15));
#260 = ORIENTED_EDGE('',*,*,#106,.T.);
#261 = ORIENTED_EDGE('',*,*,#82,.T.);
#262 = CYLINDRICAL_SURFACE('',#263,1.9);
#263 = AXIS2_PLACEMENT_3D('',#264,#265,#266);
#264 = CARTESIAN_POINT('',(1.27,-1.27,6.));
#265 = DIRECTION('',(0.,1.,-1.110223024625E-15));
#266 = DIRECTION('',(1.,0.,0.));
#267 = ADVANCED_FACE('',(#268),#274,.T.);
#268 = FACE_BOUND('',#269,.T.);
#269 = EDGE_LOOP('',(#270,#271,#272,#273));
#270 = ORIENTED_EDGE('',*,*,#212,.F.);
#271 = ORIENTED_EDGE('',*,*,#188,.T.);
#272 = ORIENTED_EDGE('',*,*,#115,.F.);
#273 = ORIENTED_EDGE('',*,*,#255,.F.);
#274 = PLANE('',#275);
#275 = AXIS2_PLACEMENT_3D('',#276,#277,#278);
#276 = CARTESIAN_POINT('',(-0.23,-2.27,7.9));
#277 = DIRECTION('',(-1.,-0.,0.));
#278 = DIRECTION('',(0.,-1.221245327088E-15,-1.));
#279 = ADVANCED_FACE('',(#280,#286,#320),#354,.T.);
#280 = FACE_BOUND('',#281,.T.);
#281 = EDGE_LOOP('',(#282,#283,#284,#285));
#282 = ORIENTED_EDGE('',*,*,#137,.F.);
#283 = ORIENTED_EDGE('',*,*,#162,.F.);
#284 = ORIENTED_EDGE('',*,*,#153,.F.);
#285 = ORIENTED_EDGE('',*,*,#146,.F.);
#286 = FACE_BOUND('',#287,.T.);
#287 = EDGE_LOOP('',(#288,#298,#306,#314));
#288 = ORIENTED_EDGE('',*,*,#289,.T.);
#289 = EDGE_CURVE('',#290,#292,#294,.T.);
#290 = VERTEX_POINT('',#291);
#291 = CARTESIAN_POINT('',(0.497959183673,-1.27,5.7));
#292 = VERTEX_POINT('',#293);
#293 = CARTESIAN_POINT('',(0.497959183673,-1.27,6.3));
#294 = LINE('',#295,#296);
#295 = CARTESIAN_POINT('',(0.497959183673,-1.27,5.85));
#296 = VECTOR('',#297,1.);
#297 = DIRECTION('',(0.,0.,1.));
#298 = ORIENTED_EDGE('',*,*,#299,.T.);
#299 = EDGE_CURVE('',#292,#300,#302,.T.);
#300 = VERTEX_POINT('',#301);
#301 = CARTESIAN_POINT('',(-0.102040816327,-1.27,6.3));
#302 = LINE('',#303,#304);
#303 = CARTESIAN_POINT('',(0.785,-1.27,6.3));
#304 = VECTOR('',#305,1.);
#305 = DIRECTION('',(-1.,5.551115123126E-17,0.));
#306 = ORIENTED_EDGE('',*,*,#307,.F.);
#307 = EDGE_CURVE('',#308,#300,#310,.T.);
#308 = VERTEX_POINT('',#309);
#309 = CARTESIAN_POINT('',(-0.102040816327,-1.27,5.7));
#310 = LINE('',#311,#312);
#311 = CARTESIAN_POINT('',(-0.102040816327,-1.27,5.85));
#312 = VECTOR('',#313,1.);
#313 = DIRECTION('',(0.,0.,1.));
#314 = ORIENTED_EDGE('',*,*,#315,.F.);
#315 = EDGE_CURVE('',#290,#308,#316,.T.);
#316 = LINE('',#317,#318);
#317 = CARTESIAN_POINT('',(0.785,-1.27,5.7));
#318 = VECTOR('',#319,1.);
#319 = DIRECTION('',(-1.,5.551115123126E-17,0.));
#320 = FACE_BOUND('',#321,.T.);
#321 = EDGE_LOOP('',(#322,#332,#340,#348));
#322 = ORIENTED_EDGE('',*,*,#323,.F.);
#323 = EDGE_CURVE('',#324,#326,#328,.T.);
#324 = VERTEX_POINT('',#325);
#325 = CARTESIAN_POINT('',(2.042040816327,-1.27,6.3));
#326 = VERTEX_POINT('',#327);
#327 = CARTESIAN_POINT('',(2.642040816327,-1.27,6.3));
#328 = LINE('',#329,#330);
#329 = CARTESIAN_POINT('',(2.055,-1.27,6.3));
#330 = VECTOR('',#331,1.);
#331 = DIRECTION('',(1.,-5.551115123126E-17,0.));
#332 = ORIENTED_EDGE('',*,*,#333,.F.);
#333 = EDGE_CURVE('',#334,#324,#336,.T.);
#334 = VERTEX_POINT('',#335);
#335 = CARTESIAN_POINT('',(2.042040816327,-1.27,5.7));
#336 = LINE('',#337,#338);
#337 = CARTESIAN_POINT('',(2.042040816327,-1.27,5.85));
#338 = VECTOR('',#339,1.);
#339 = DIRECTION('',(0.,0.,1.));
#340 = ORIENTED_EDGE('',*,*,#341,.T.);
#341 = EDGE_CURVE('',#334,#342,#344,.T.);
#342 = VERTEX_POINT('',#343);
#343 = CARTESIAN_POINT('',(2.642040816327,-1.27,5.7));
#344 = LINE('',#345,#346);
#345 = CARTESIAN_POINT('',(2.055,-1.27,5.7));
#346 = VECTOR('',#347,1.);
#347 = DIRECTION('',(1.,-5.551115123126E-17,0.));
#348 = ORIENTED_EDGE('',*,*,#349,.T.);
#349 = EDGE_CURVE('',#342,#326,#350,.T.);
#350 = LINE('',#351,#352);
#351 = CARTESIAN_POINT('',(2.642040816327,-1.27,5.85));
#352 = VECTOR('',#353,1.);
#353 = DIRECTION('',(0.,0.,1.));
#354 = PLANE('',#355);
#355 = AXIS2_PLACEMENT_3D('',#356,#357,#358);
#356 = CARTESIAN_POINT('',(1.27,-1.27,6.));
#357 = DIRECTION('',(5.551115123126E-17,1.,0.));
#358 = DIRECTION('',(6.699814777041E-17,-3.719144313098E-33,-1.));
#359 = ADVANCED_FACE('',(#360),#381,.T.);
#360 = FACE_BOUND('',#361,.T.);
#361 = EDGE_LOOP('',(#362,#363,#371,#378,#379,#380));
#362 = ORIENTED_EDGE('',*,*,#239,.T.);
#363 = ORIENTED_EDGE('',*,*,#364,.T.);
#364 = EDGE_CURVE('',#222,#365,#367,.T.);
#365 = VERTEX_POINT('',#366);
#366 = CARTESIAN_POINT('',(1.27,-5.07,7.5));
#367 = LINE('',#368,#369);
#368 = CARTESIAN_POINT('',(1.27,-1.27,7.5));
#369 = VECTOR('',#370,1.);
#370 = DIRECTION('',(-3.08148791102E-33,-1.,5.551115123126E-17));
#371 = ORIENTED_EDGE('',*,*,#372,.F.);
#372 = EDGE_CURVE('',#365,#365,#373,.T.);
#373 = CIRCLE('',#374,1.5);
#374 = AXIS2_PLACEMENT_3D('',#375,#376,#377);
#375 = CARTESIAN_POINT('',(1.27,-5.07,6.));
#376 = DIRECTION('',(-5.551115123126E-17,-1.,-8.43297036851E-50));
#377 = DIRECTION('',(-2.740019322545E-17,1.521016269904E-33,1.));
#378 = ORIENTED_EDGE('',*,*,#364,.F.);
#379 = ORIENTED_EDGE('',*,*,#221,.T.);
#380 = ORIENTED_EDGE('',*,*,#230,.T.);
#381 = CYLINDRICAL_SURFACE('',#382,1.5);
#382 = AXIS2_PLACEMENT_3D('',#383,#384,#385);
#383 = CARTESIAN_POINT('',(1.27,-1.27,6.));
#384 = DIRECTION('',(-5.551115123126E-17,-1.,-0.));
#385 = DIRECTION('',(-6.699814777041E-17,3.719144313098E-33,1.));
#386 = ADVANCED_FACE('',(#387),#412,.T.);
#387 = FACE_BOUND('',#388,.T.);
#388 = EDGE_LOOP('',(#389,#397,#405,#411));
#389 = ORIENTED_EDGE('',*,*,#390,.F.);
#390 = EDGE_CURVE('',#391,#290,#393,.T.);
#391 = VERTEX_POINT('',#392);
#392 = CARTESIAN_POINT('',(0.3,-0.3,5.7));
#393 = LINE('',#394,#395);
#394 = CARTESIAN_POINT('',(0.3,-0.3,5.7));
#395 = VECTOR('',#396,1.);
#396 = DIRECTION('',(0.199960011996,-0.97980405878,0.));
#397 = ORIENTED_EDGE('',*,*,#398,.T.);
#398 = EDGE_CURVE('',#391,#399,#401,.T.);
#399 = VERTEX_POINT('',#400);
#400 = CARTESIAN_POINT('',(0.3,-0.3,6.3));
#401 = LINE('',#402,#403);
#402 = CARTESIAN_POINT('',(0.3,-0.3,5.7));
#403 = VECTOR('',#404,1.);
#404 = DIRECTION('',(0.,0.,1.));
#405 = ORIENTED_EDGE('',*,*,#406,.T.);
#406 = EDGE_CURVE('',#399,#292,#407,.T.);
#407 = LINE('',#408,#409);
#408 = CARTESIAN_POINT('',(0.3,-0.3,6.3));
#409 = VECTOR('',#410,1.);
#410 = DIRECTION('',(0.199960011996,-0.97980405878,0.));
#411 = ORIENTED_EDGE('',*,*,#289,.F.);
#412 = PLANE('',#413);
#413 = AXIS2_PLACEMENT_3D('',#414,#415,#416);
#414 = CARTESIAN_POINT('',(0.3,-0.3,5.7));
#415 = DIRECTION('',(0.97980405878,0.199960011996,0.));
#416 = DIRECTION('',(0.199960011996,-0.97980405878,0.));
#417 = ADVANCED_FACE('',(#418),#436,.F.);
#418 = FACE_BOUND('',#419,.F.);
#419 = EDGE_LOOP('',(#420,#421,#429,#435));
#420 = ORIENTED_EDGE('',*,*,#390,.F.);
#421 = ORIENTED_EDGE('',*,*,#422,.F.);
#422 = EDGE_CURVE('',#423,#391,#425,.T.);
#423 = VERTEX_POINT('',#424);
#424 = CARTESIAN_POINT('',(-0.3,-0.3,5.7));
#425 = LINE('',#426,#427);
#426 = CARTESIAN_POINT('',(-0.3,-0.3,5.7));
#427 = VECTOR('',#428,1.);
#428 = DIRECTION('',(1.,0.,0.));
#429 = ORIENTED_EDGE('',*,*,#430,.T.);
#430 = EDGE_CURVE('',#423,#308,#431,.T.);
#431 = LINE('',#432,#433);
#432 = CARTESIAN_POINT('',(-0.3,-0.3,5.7));
#433 = VECTOR('',#434,1.);
#434 = DIRECTION('',(0.199960011996,-0.97980405878,0.));
#435 = ORIENTED_EDGE('',*,*,#315,.F.);
#436 = PLANE('',#437);
#437 = AXIS2_PLACEMENT_3D('',#438,#439,#440);
#438 = CARTESIAN_POINT('',(0.3,0.3,5.7));
#439 = DIRECTION('',(0.,0.,1.));
#440 = DIRECTION('',(1.,0.,-0.));
#441 = ADVANCED_FACE('',(#442),#476,.T.);
#442 = FACE_BOUND('',#443,.T.);
#443 = EDGE_LOOP('',(#444,#452,#460,#468,#474,#475));
#444 = ORIENTED_EDGE('',*,*,#445,.F.);
#445 = EDGE_CURVE('',#446,#399,#448,.T.);
#446 = VERTEX_POINT('',#447);
#447 = CARTESIAN_POINT('',(0.3,0.3,6.3));
#448 = LINE('',#449,#450);
#449 = CARTESIAN_POINT('',(0.3,0.3,6.3));
#450 = VECTOR('',#451,1.);
#451 = DIRECTION('',(0.,-1.,0.));
#452 = ORIENTED_EDGE('',*,*,#453,.T.);
#453 = EDGE_CURVE('',#446,#454,#456,.T.);
#454 = VERTEX_POINT('',#455);
#455 = CARTESIAN_POINT('',(-0.3,0.3,6.3));
#456 = LINE('',#457,#458);
#457 = CARTESIAN_POINT('',(0.3,0.3,6.3));
#458 = VECTOR('',#459,1.);
#459 = DIRECTION('',(-1.,0.,0.));
#460 = ORIENTED_EDGE('',*,*,#461,.T.);
#461 = EDGE_CURVE('',#454,#462,#464,.T.);
#462 = VERTEX_POINT('',#463);
#463 = CARTESIAN_POINT('',(-0.3,-0.3,6.3));
#464 = LINE('',#465,#466);
#465 = CARTESIAN_POINT('',(-0.3,0.3,6.3));
#466 = VECTOR('',#467,1.);
#467 = DIRECTION('',(0.,-1.,0.));
#468 = ORIENTED_EDGE('',*,*,#469,.T.);
#469 = EDGE_CURVE('',#462,#300,#470,.T.);
#470 = LINE('',#471,#472);
#471 = CARTESIAN_POINT('',(-0.3,-0.3,6.3));
#472 = VECTOR('',#473,1.);
#473 = DIRECTION('',(0.199960011996,-0.97980405878,0.));
#474 = ORIENTED_EDGE('',*,*,#299,.F.);
#475 = ORIENTED_EDGE('',*,*,#406,.F.);
#476 = PLANE('',#477);
#477 = AXIS2_PLACEMENT_3D('',#478,#479,#480);
#478 = CARTESIAN_POINT('',(0.3,0.3,6.3));
#479 = DIRECTION('',(0.,0.,1.));
#480 = DIRECTION('',(1.,0.,-0.));
#481 = ADVANCED_FACE('',(#482),#493,.F.);
#482 = FACE_BOUND('',#483,.F.);
#483 = EDGE_LOOP('',(#484,#485,#491,#492));
#484 = ORIENTED_EDGE('',*,*,#430,.F.);
#485 = ORIENTED_EDGE('',*,*,#486,.T.);
#486 = EDGE_CURVE('',#423,#462,#487,.T.);
#487 = LINE('',#488,#489);
#488 = CARTESIAN_POINT('',(-0.3,-0.3,5.7));
#489 = VECTOR('',#490,1.);
#490 = DIRECTION('',(0.,0.,1.));
#491 = ORIENTED_EDGE('',*,*,#469,.T.);
#492 = ORIENTED_EDGE('',*,*,#307,.F.);
#493 = PLANE('',#494);
#494 = AXIS2_PLACEMENT_3D('',#495,#496,#497);
#495 = CARTESIAN_POINT('',(-0.3,-0.3,5.7));
#496 = DIRECTION('',(0.97980405878,0.199960011996,0.));
#497 = DIRECTION('',(0.199960011996,-0.97980405878,0.));
#498 = ADVANCED_FACE('',(#499),#540,.F.);
#499 = FACE_BOUND('',#500,.F.);
#500 = EDGE_LOOP('',(#501,#511,#519,#525,#526,#534));
#501 = ORIENTED_EDGE('',*,*,#502,.F.);
#502 = EDGE_CURVE('',#503,#505,#507,.T.);
#503 = VERTEX_POINT('',#504);
#504 = CARTESIAN_POINT('',(2.84,0.3,6.3));
#505 = VERTEX_POINT('',#506);
#506 = CARTESIAN_POINT('',(2.24,0.3,6.3));
#507 = LINE('',#508,#509);
#508 = CARTESIAN_POINT('',(2.84,0.3,6.3));
#509 = VECTOR('',#510,1.);
#510 = DIRECTION('',(-1.,0.,0.));
#511 = ORIENTED_EDGE('',*,*,#512,.T.);
#512 = EDGE_CURVE('',#503,#513,#515,.T.);
#513 = VERTEX_POINT('',#514);
#514 = CARTESIAN_POINT('',(2.84,-0.3,6.3));
#515 = LINE('',#516,#517);
#516 = CARTESIAN_POINT('',(2.84,0.3,6.3));
#517 = VECTOR('',#518,1.);
#518 = DIRECTION('',(0.,-1.,0.));
#519 = ORIENTED_EDGE('',*,*,#520,.T.);
#520 = EDGE_CURVE('',#513,#326,#521,.T.);
#521 = LINE('',#522,#523);
#522 = CARTESIAN_POINT('',(2.84,-0.3,6.3));
#523 = VECTOR('',#524,1.);
#524 = DIRECTION('',(-0.199960011996,-0.97980405878,0.));
#525 = ORIENTED_EDGE('',*,*,#323,.F.);
#526 = ORIENTED_EDGE('',*,*,#527,.F.);
#527 = EDGE_CURVE('',#528,#324,#530,.T.);
#528 = VERTEX_POINT('',#529);
#529 = CARTESIAN_POINT('',(2.24,-0.3,6.3));
#530 = LINE('',#531,#532);
#531 = CARTESIAN_POINT('',(2.24,-0.3,6.3));
#532 = VECTOR('',#533,1.);
#533 = DIRECTION('',(-0.199960011996,-0.97980405878,0.));
#534 = ORIENTED_EDGE('',*,*,#535,.F.);
#535 = EDGE_CURVE('',#505,#528,#536,.T.);
#536 = LINE('',#537,#538);
#537 = CARTESIAN_POINT('',(2.24,0.3,6.3));
#538 = VECTOR('',#539,1.);
#539 = DIRECTION('',(0.,-1.,0.));
#540 = PLANE('',#541);
#541 = AXIS2_PLACEMENT_3D('',#542,#543,#544);
#542 = CARTESIAN_POINT('',(2.84,0.3,6.3));
#543 = DIRECTION('',(0.,0.,-1.));
#544 = DIRECTION('',(-1.,0.,0.));
#545 = ADVANCED_FACE('',(#546),#564,.F.);
#546 = FACE_BOUND('',#547,.F.);
#547 = EDGE_LOOP('',(#548,#556,#562,#563));
#548 = ORIENTED_EDGE('',*,*,#549,.F.);
#549 = EDGE_CURVE('',#550,#334,#552,.T.);
#550 = VERTEX_POINT('',#551);
#551 = CARTESIAN_POINT('',(2.24,-0.3,5.7));
#552 = LINE('',#553,#554);
#553 = CARTESIAN_POINT('',(2.24,-0.3,5.7));
#554 = VECTOR('',#555,1.);
#555 = DIRECTION('',(-0.199960011996,-0.97980405878,0.));
#556 = ORIENTED_EDGE('',*,*,#557,.T.);
#557 = EDGE_CURVE('',#550,#528,#558,.T.);
#558 = LINE('',#559,#560);
#559 = CARTESIAN_POINT('',(2.24,-0.3,5.7));
#560 = VECTOR('',#561,1.);
#561 = DIRECTION('',(0.,0.,1.));
#562 = ORIENTED_EDGE('',*,*,#527,.T.);
#563 = ORIENTED_EDGE('',*,*,#333,.F.);
#564 = PLANE('',#565);
#565 = AXIS2_PLACEMENT_3D('',#566,#567,#568);
#566 = CARTESIAN_POINT('',(2.24,-0.3,5.7));
#567 = DIRECTION('',(0.97980405878,-0.199960011996,0.));
#568 = DIRECTION('',(-0.199960011996,-0.97980405878,0.));
#569 = ADVANCED_FACE('',(#570),#588,.T.);
#570 = FACE_BOUND('',#571,.T.);
#571 = EDGE_LOOP('',(#572,#580,#586,#587));
#572 = ORIENTED_EDGE('',*,*,#573,.F.);
#573 = EDGE_CURVE('',#574,#342,#576,.T.);
#574 = VERTEX_POINT('',#575);
#575 = CARTESIAN_POINT('',(2.84,-0.3,5.7));
#576 = LINE('',#577,#578);
#577 = CARTESIAN_POINT('',(2.84,-0.3,5.7));
#578 = VECTOR('',#579,1.);
#579 = DIRECTION('',(-0.199960011996,-0.97980405878,0.));
#580 = ORIENTED_EDGE('',*,*,#581,.T.);
#581 = EDGE_CURVE('',#574,#513,#582,.T.);
#582 = LINE('',#583,#584);
#583 = CARTESIAN_POINT('',(2.84,-0.3,5.7));
#584 = VECTOR('',#585,1.);
#585 = DIRECTION('',(0.,0.,1.));
#586 = ORIENTED_EDGE('',*,*,#520,.T.);
#587 = ORIENTED_EDGE('',*,*,#349,.F.);
#588 = PLANE('',#589);
#589 = AXIS2_PLACEMENT_3D('',#590,#591,#592);
#590 = CARTESIAN_POINT('',(2.84,-0.3,5.7));
#591 = DIRECTION('',(0.97980405878,-0.199960011996,0.));
#592 = DIRECTION('',(-0.199960011996,-0.97980405878,0.));
#593 = ADVANCED_FACE('',(#594),#605,.T.);
#594 = FACE_BOUND('',#595,.T.);
#595 = EDGE_LOOP('',(#596,#597,#603,#604));
#596 = ORIENTED_EDGE('',*,*,#549,.F.);
#597 = ORIENTED_EDGE('',*,*,#598,.T.);
#598 = EDGE_CURVE('',#550,#574,#599,.T.);
#599 = LINE('',#600,#601);
#600 = CARTESIAN_POINT('',(2.24,-0.3,5.7));
#601 = VECTOR('',#602,1.);
#602 = DIRECTION('',(1.,0.,0.));
#603 = ORIENTED_EDGE('',*,*,#573,.T.);
#604 = ORIENTED_EDGE('',*,*,#341,.F.);
#605 = PLANE('',#606);
#606 = AXIS2_PLACEMENT_3D('',#607,#608,#609);
#607 = CARTESIAN_POINT('',(2.84,0.3,5.7));
#608 = DIRECTION('',(0.,0.,-1.));
#609 = DIRECTION('',(-1.,0.,0.));
#610 = ADVANCED_FACE('',(#611),#624,.T.);
#611 = FACE_BOUND('',#612,.T.);
#612 = EDGE_LOOP('',(#613,#614,#623));
#613 = ORIENTED_EDGE('',*,*,#372,.T.);
#614 = ORIENTED_EDGE('',*,*,#615,.T.);
#615 = EDGE_CURVE('',#365,#616,#618,.T.);
#616 = VERTEX_POINT('',#617);
#617 = CARTESIAN_POINT('',(1.27,-6.57,6.));
#618 = CIRCLE('',#619,1.5);
#619 = AXIS2_PLACEMENT_3D('',#620,#621,#622);
#620 = CARTESIAN_POINT('',(1.27,-5.07,6.));
#621 = DIRECTION('',(1.,4.706155303882E-60,5.551115123126E-17));
#622 = DIRECTION('',(3.08148791102E-33,1.,-5.551115123126E-17));
#623 = ORIENTED_EDGE('',*,*,#615,.F.);
#624 = SPHERICAL_SURFACE('',#625,1.5);
#625 = AXIS2_PLACEMENT_3D('',#626,#627,#628);
#626 = CARTESIAN_POINT('',(1.27,-5.07,6.));
#627 = DIRECTION('',(-5.551115123126E-17,-1.,-0.));
#628 = DIRECTION('',(-9.47496892308E-17,5.259664328006E-33,1.));
#629 = ADVANCED_FACE('',(#630),#648,.T.);
#630 = FACE_BOUND('',#631,.T.);
#631 = EDGE_LOOP('',(#632,#640,#641,#642));
#632 = ORIENTED_EDGE('',*,*,#633,.T.);
#633 = EDGE_CURVE('',#634,#446,#636,.T.);
#634 = VERTEX_POINT('',#635);
#635 = CARTESIAN_POINT('',(0.3,0.3,5.7));
#636 = LINE('',#637,#638);
#637 = CARTESIAN_POINT('',(0.3,0.3,5.7));
#638 = VECTOR('',#639,1.);
#639 = DIRECTION('',(0.,0.,1.));
#640 = ORIENTED_EDGE('',*,*,#445,.T.);
#641 = ORIENTED_EDGE('',*,*,#398,.F.);
#642 = ORIENTED_EDGE('',*,*,#643,.F.);
#643 = EDGE_CURVE('',#634,#391,#644,.T.);
#644 = LINE('',#645,#646);
#645 = CARTESIAN_POINT('',(0.3,0.3,5.7));
#646 = VECTOR('',#647,1.);
#647 = DIRECTION('',(0.,-1.,0.));
#648 = PLANE('',#649);
#649 = AXIS2_PLACEMENT_3D('',#650,#651,#652);
#650 = CARTESIAN_POINT('',(0.3,0.3,5.7));
#651 = DIRECTION('',(1.,0.,0.));
#652 = DIRECTION('',(0.,-1.,0.));
#653 = ADVANCED_FACE('',(#654),#679,.F.);
#654 = FACE_BOUND('',#655,.F.);
#655 = EDGE_LOOP('',(#656,#664,#665,#673));
#656 = ORIENTED_EDGE('',*,*,#657,.T.);
#657 = EDGE_CURVE('',#658,#423,#660,.T.);
#658 = VERTEX_POINT('',#659);
#659 = CARTESIAN_POINT('',(-0.3,-0.3,-2.));
#660 = LINE('',#661,#662);
#661 = CARTESIAN_POINT('',(-0.3,-0.3,-2.));
#662 = VECTOR('',#663,1.);
#663 = DIRECTION('',(0.,0.,1.));
#664 = ORIENTED_EDGE('',*,*,#422,.T.);
#665 = ORIENTED_EDGE('',*,*,#666,.F.);
#666 = EDGE_CURVE('',#667,#391,#669,.T.);
#667 = VERTEX_POINT('',#668);
#668 = CARTESIAN_POINT('',(0.3,-0.3,-2.));
#669 = LINE('',#670,#671);
#670 = CARTESIAN_POINT('',(0.3,-0.3,-2.));
#671 = VECTOR('',#672,1.);
#672 = DIRECTION('',(0.,0.,1.));
#673 = ORIENTED_EDGE('',*,*,#674,.F.);
#674 = EDGE_CURVE('',#658,#667,#675,.T.);
#675 = LINE('',#676,#677);
#676 = CARTESIAN_POINT('',(-0.3,-0.3,-2.));
#677 = VECTOR('',#678,1.);
#678 = DIRECTION('',(1.,0.,0.));
#679 = PLANE('',#680);
#680 = AXIS2_PLACEMENT_3D('',#681,#682,#683);
#681 = CARTESIAN_POINT('',(-0.3,-0.3,-2.));
#682 = DIRECTION('',(0.,1.,0.));
#683 = DIRECTION('',(1.,0.,0.));
#684 = ADVANCED_FACE('',(#685),#703,.F.);
#685 = FACE_BOUND('',#686,.F.);
#686 = EDGE_LOOP('',(#687,#695,#696,#697));
#687 = ORIENTED_EDGE('',*,*,#688,.T.);
#688 = EDGE_CURVE('',#689,#454,#691,.T.);
#689 = VERTEX_POINT('',#690);
#690 = CARTESIAN_POINT('',(-0.3,0.3,5.7));
#691 = LINE('',#692,#693);
#692 = CARTESIAN_POINT('',(-0.3,0.3,5.7));
#693 = VECTOR('',#694,1.);
#694 = DIRECTION('',(0.,0.,1.));
#695 = ORIENTED_EDGE('',*,*,#461,.T.);
#696 = ORIENTED_EDGE('',*,*,#486,.F.);
#697 = ORIENTED_EDGE('',*,*,#698,.F.);
#698 = EDGE_CURVE('',#689,#423,#699,.T.);
#699 = LINE('',#700,#701);
#700 = CARTESIAN_POINT('',(-0.3,0.3,5.7));
#701 = VECTOR('',#702,1.);
#702 = DIRECTION('',(0.,-1.,0.));
#703 = PLANE('',#704);
#704 = AXIS2_PLACEMENT_3D('',#705,#706,#707);
#705 = CARTESIAN_POINT('',(-0.3,0.3,5.7));
#706 = DIRECTION('',(1.,0.,0.));
#707 = DIRECTION('',(0.,-1.,0.));
#708 = ADVANCED_FACE('',(#709),#720,.F.);
#709 = FACE_BOUND('',#710,.F.);
#710 = EDGE_LOOP('',(#711,#712,#713,#714));
#711 = ORIENTED_EDGE('',*,*,#633,.T.);
#712 = ORIENTED_EDGE('',*,*,#453,.T.);
#713 = ORIENTED_EDGE('',*,*,#688,.F.);
#714 = ORIENTED_EDGE('',*,*,#715,.F.);
#715 = EDGE_CURVE('',#634,#689,#716,.T.);
#716 = LINE('',#717,#718);
#717 = CARTESIAN_POINT('',(0.3,0.3,5.7));
#718 = VECTOR('',#719,1.);
#719 = DIRECTION('',(-1.,0.,0.));
#720 = PLANE('',#721);
#721 = AXIS2_PLACEMENT_3D('',#722,#723,#724);
#722 = CARTESIAN_POINT('',(0.3,0.3,5.7));
#723 = DIRECTION('',(0.,-1.,0.));
#724 = DIRECTION('',(-1.,0.,0.));
#725 = ADVANCED_FACE('',(#726),#751,.F.);
#726 = FACE_BOUND('',#727,.F.);
#727 = EDGE_LOOP('',(#728,#736,#737,#745));
#728 = ORIENTED_EDGE('',*,*,#729,.T.);
#729 = EDGE_CURVE('',#730,#503,#732,.T.);
#730 = VERTEX_POINT('',#731);
#731 = CARTESIAN_POINT('',(2.84,0.3,5.7));
#732 = LINE('',#733,#734);
#733 = CARTESIAN_POINT('',(2.84,0.3,5.7));
#734 = VECTOR('',#735,1.);
#735 = DIRECTION('',(0.,0.,1.));
#736 = ORIENTED_EDGE('',*,*,#502,.T.);
#737 = ORIENTED_EDGE('',*,*,#738,.F.);
#738 = EDGE_CURVE('',#739,#505,#741,.T.);
#739 = VERTEX_POINT('',#740);
#740 = CARTESIAN_POINT('',(2.24,0.3,5.7));
#741 = LINE('',#742,#743);
#742 = CARTESIAN_POINT('',(2.24,0.3,5.7));
#743 = VECTOR('',#744,1.);
#744 = DIRECTION('',(0.,0.,1.));
#745 = ORIENTED_EDGE('',*,*,#746,.F.);
#746 = EDGE_CURVE('',#730,#739,#747,.T.);
#747 = LINE('',#748,#749);
#748 = CARTESIAN_POINT('',(2.84,0.3,5.7));
#749 = VECTOR('',#750,1.);
#750 = DIRECTION('',(-1.,0.,0.));
#751 = PLANE('',#752);
#752 = AXIS2_PLACEMENT_3D('',#753,#754,#755);
#753 = CARTESIAN_POINT('',(2.84,0.3,5.7));
#754 = DIRECTION('',(0.,-1.,0.));
#755 = DIRECTION('',(-1.,0.,0.));
#756 = ADVANCED_FACE('',(#757),#768,.F.);
#757 = FACE_BOUND('',#758,.F.);
#758 = EDGE_LOOP('',(#759,#760,#761,#762));
#759 = ORIENTED_EDGE('',*,*,#738,.T.);
#760 = ORIENTED_EDGE('',*,*,#535,.T.);
#761 = ORIENTED_EDGE('',*,*,#557,.F.);
#762 = ORIENTED_EDGE('',*,*,#763,.F.);
#763 = EDGE_CURVE('',#739,#550,#764,.T.);
#764 = LINE('',#765,#766);
#765 = CARTESIAN_POINT('',(2.24,0.3,5.7));
#766 = VECTOR('',#767,1.);
#767 = DIRECTION('',(0.,-1.,0.));
#768 = PLANE('',#769);
#769 = AXIS2_PLACEMENT_3D('',#770,#771,#772);
#770 = CARTESIAN_POINT('',(2.24,0.3,5.7));
#771 = DIRECTION('',(1.,0.,0.));
#772 = DIRECTION('',(0.,-1.,0.));
#773 = ADVANCED_FACE('',(#774),#785,.T.);
#774 = FACE_BOUND('',#775,.T.);
#775 = EDGE_LOOP('',(#776,#777,#778,#779));
#776 = ORIENTED_EDGE('',*,*,#729,.T.);
#777 = ORIENTED_EDGE('',*,*,#512,.T.);
#778 = ORIENTED_EDGE('',*,*,#581,.F.);
#779 = ORIENTED_EDGE('',*,*,#780,.F.);
#780 = EDGE_CURVE('',#730,#574,#781,.T.);
#781 = LINE('',#782,#783);
#782 = CARTESIAN_POINT('',(2.84,0.3,5.7));
#783 = VECTOR('',#784,1.);
#784 = DIRECTION('',(0.,-1.,0.));
#785 = PLANE('',#786);
#786 = AXIS2_PLACEMENT_3D('',#787,#788,#789);
#787 = CARTESIAN_POINT('',(2.84,0.3,5.7));
#788 = DIRECTION('',(1.,0.,0.));
#789 = DIRECTION('',(0.,-1.,0.));
#790 = ADVANCED_FACE('',(#791),#816,.F.);
#791 = FACE_BOUND('',#792,.F.);
#792 = EDGE_LOOP('',(#793,#801,#802,#810));
#793 = ORIENTED_EDGE('',*,*,#794,.T.);
#794 = EDGE_CURVE('',#795,#550,#797,.T.);
#795 = VERTEX_POINT('',#796);
#796 = CARTESIAN_POINT('',(2.24,-0.3,-2.));
#797 = LINE('',#798,#799);
#798 = CARTESIAN_POINT('',(2.24,-0.3,-2.));
#799 = VECTOR('',#800,1.);
#800 = DIRECTION('',(0.,0.,1.));
#801 = ORIENTED_EDGE('',*,*,#598,.T.);
#802 = ORIENTED_EDGE('',*,*,#803,.F.);
#803 = EDGE_CURVE('',#804,#574,#806,.T.);
#804 = VERTEX_POINT('',#805);
#805 = CARTESIAN_POINT('',(2.84,-0.3,-2.));
#806 = LINE('',#807,#808);
#807 = CARTESIAN_POINT('',(2.84,-0.3,-2.));
#808 = VECTOR('',#809,1.);
#809 = DIRECTION('',(0.,0.,1.));
#810 = ORIENTED_EDGE('',*,*,#811,.F.);
#811 = EDGE_CURVE('',#795,#804,#812,.T.);
#812 = LINE('',#813,#814);
#813 = CARTESIAN_POINT('',(2.24,-0.3,-2.));
#814 = VECTOR('',#815,1.);
#815 = DIRECTION('',(1.,0.,0.));
#816 = PLANE('',#817);
#817 = AXIS2_PLACEMENT_3D('',#818,#819,#820);
#818 = CARTESIAN_POINT('',(2.24,-0.3,-2.));
#819 = DIRECTION('',(0.,1.,0.));
#820 = DIRECTION('',(1.,0.,0.));
#821 = ADVANCED_FACE('',(#822),#840,.F.);
#822 = FACE_BOUND('',#823,.F.);
#823 = EDGE_LOOP('',(#824,#825,#826,#834));
#824 = ORIENTED_EDGE('',*,*,#666,.T.);
#825 = ORIENTED_EDGE('',*,*,#643,.F.);
#826 = ORIENTED_EDGE('',*,*,#827,.F.);
#827 = EDGE_CURVE('',#828,#634,#830,.T.);
#828 = VERTEX_POINT('',#829);
#829 = CARTESIAN_POINT('',(0.3,0.3,-2.));
#830 = LINE('',#831,#832);
#831 = CARTESIAN_POINT('',(0.3,0.3,-2.));
#832 = VECTOR('',#833,1.);
#833 = DIRECTION('',(0.,0.,1.));
#834 = ORIENTED_EDGE('',*,*,#835,.F.);
#835 = EDGE_CURVE('',#667,#828,#836,.T.);
#836 = LINE('',#837,#838);
#837 = CARTESIAN_POINT('',(0.3,-0.3,-2.));
#838 = VECTOR('',#839,1.);
#839 = DIRECTION('',(0.,1.,0.));
#840 = PLANE('',#841);
#841 = AXIS2_PLACEMENT_3D('',#842,#843,#844);
#842 = CARTESIAN_POINT('',(0.3,-0.3,-2.));
#843 = DIRECTION('',(-1.,0.,0.));
#844 = DIRECTION('',(0.,1.,0.));
#845 = ADVANCED_FACE('',(#846),#864,.F.);
#846 = FACE_BOUND('',#847,.F.);
#847 = EDGE_LOOP('',(#848,#856,#857,#858));
#848 = ORIENTED_EDGE('',*,*,#849,.T.);
#849 = EDGE_CURVE('',#850,#689,#852,.T.);
#850 = VERTEX_POINT('',#851);
#851 = CARTESIAN_POINT('',(-0.3,0.3,-2.));
#852 = LINE('',#853,#854);
#853 = CARTESIAN_POINT('',(-0.3,0.3,-2.));
#854 = VECTOR('',#855,1.);
#855 = DIRECTION('',(0.,0.,1.));
#856 = ORIENTED_EDGE('',*,*,#698,.T.);
#857 = ORIENTED_EDGE('',*,*,#657,.F.);
#858 = ORIENTED_EDGE('',*,*,#859,.F.);
#859 = EDGE_CURVE('',#850,#658,#860,.T.);
#860 = LINE('',#861,#862);
#861 = CARTESIAN_POINT('',(-0.3,0.3,-2.));
#862 = VECTOR('',#863,1.);
#863 = DIRECTION('',(0.,-1.,0.));
#864 = PLANE('',#865);
#865 = AXIS2_PLACEMENT_3D('',#866,#867,#868);
#866 = CARTESIAN_POINT('',(-0.3,0.3,-2.));
#867 = DIRECTION('',(1.,0.,0.));
#868 = DIRECTION('',(0.,-1.,0.));
#869 = ADVANCED_FACE('',(#870),#881,.T.);
#870 = FACE_BOUND('',#871,.F.);
#871 = EDGE_LOOP('',(#872,#878,#879,#880));
#872 = ORIENTED_EDGE('',*,*,#873,.T.);
#873 = EDGE_CURVE('',#828,#850,#874,.T.);
#874 = LINE('',#875,#876);
#875 = CARTESIAN_POINT('',(0.3,0.3,-2.));
#876 = VECTOR('',#877,1.);
#877 = DIRECTION('',(-1.,0.,0.));
#878 = ORIENTED_EDGE('',*,*,#859,.T.);
#879 = ORIENTED_EDGE('',*,*,#674,.T.);
#880 = ORIENTED_EDGE('',*,*,#835,.T.);
#881 = PLANE('',#882);
#882 = AXIS2_PLACEMENT_3D('',#883,#884,#885);
#883 = CARTESIAN_POINT('',(0.3,0.3,-2.));
#884 = DIRECTION('',(0.,0.,-1.));
#885 = DIRECTION('',(-1.,0.,0.));
#886 = ADVANCED_FACE('',(#887),#893,.F.);
#887 = FACE_BOUND('',#888,.F.);
#888 = EDGE_LOOP('',(#889,#890,#891,#892));
#889 = ORIENTED_EDGE('',*,*,#827,.T.);
#890 = ORIENTED_EDGE('',*,*,#715,.T.);
#891 = ORIENTED_EDGE('',*,*,#849,.F.);
#892 = ORIENTED_EDGE('',*,*,#873,.F.);
#893 = PLANE('',#894);
#894 = AXIS2_PLACEMENT_3D('',#895,#896,#897);
#895 = CARTESIAN_POINT('',(0.3,0.3,-2.));
#896 = DIRECTION('',(0.,-1.,0.));
#897 = DIRECTION('',(-1.,0.,0.));
#898 = ADVANCED_FACE('',(#899),#924,.F.);
#899 = FACE_BOUND('',#900,.F.);
#900 = EDGE_LOOP('',(#901,#909,#910,#918));
#901 = ORIENTED_EDGE('',*,*,#902,.T.);
#902 = EDGE_CURVE('',#903,#730,#905,.T.);
#903 = VERTEX_POINT('',#904);
#904 = CARTESIAN_POINT('',(2.84,0.3,-2.));
#905 = LINE('',#906,#907);
#906 = CARTESIAN_POINT('',(2.84,0.3,-2.));
#907 = VECTOR('',#908,1.);
#908 = DIRECTION('',(0.,0.,1.));
#909 = ORIENTED_EDGE('',*,*,#746,.T.);
#910 = ORIENTED_EDGE('',*,*,#911,.F.);
#911 = EDGE_CURVE('',#912,#739,#914,.T.);
#912 = VERTEX_POINT('',#913);
#913 = CARTESIAN_POINT('',(2.24,0.3,-2.));
#914 = LINE('',#915,#916);
#915 = CARTESIAN_POINT('',(2.24,0.3,-2.));
#916 = VECTOR('',#917,1.);
#917 = DIRECTION('',(0.,0.,1.));
#918 = ORIENTED_EDGE('',*,*,#919,.F.);
#919 = EDGE_CURVE('',#903,#912,#920,.T.);
#920 = LINE('',#921,#922);
#921 = CARTESIAN_POINT('',(2.84,0.3,-2.));
#922 = VECTOR('',#923,1.);
#923 = DIRECTION('',(-1.,0.,0.));
#924 = PLANE('',#925);
#925 = AXIS2_PLACEMENT_3D('',#926,#927,#928);
#926 = CARTESIAN_POINT('',(2.84,0.3,-2.));
#927 = DIRECTION('',(0.,-1.,0.));
#928 = DIRECTION('',(-1.,0.,0.));
#929 = ADVANCED_FACE('',(#930),#941,.F.);
#930 = FACE_BOUND('',#931,.F.);
#931 = EDGE_LOOP('',(#932,#933,#934,#935));
#932 = ORIENTED_EDGE('',*,*,#911,.T.);
#933 = ORIENTED_EDGE('',*,*,#763,.T.);
#934 = ORIENTED_EDGE('',*,*,#794,.F.);
#935 = ORIENTED_EDGE('',*,*,#936,.F.);
#936 = EDGE_CURVE('',#912,#795,#937,.T.);
#937 = LINE('',#938,#939);
#938 = CARTESIAN_POINT('',(2.24,0.3,-2.));
#939 = VECTOR('',#940,1.);
#940 = DIRECTION('',(0.,-1.,0.));
#941 = PLANE('',#942);
#942 = AXIS2_PLACEMENT_3D('',#943,#944,#945);
#943 = CARTESIAN_POINT('',(2.24,0.3,-2.));
#944 = DIRECTION('',(1.,0.,0.));
#945 = DIRECTION('',(0.,-1.,0.));
#946 = ADVANCED_FACE('',(#947),#958,.F.);
#947 = FACE_BOUND('',#948,.F.);
#948 = EDGE_LOOP('',(#949,#950,#951,#952));
#949 = ORIENTED_EDGE('',*,*,#803,.T.);
#950 = ORIENTED_EDGE('',*,*,#780,.F.);
#951 = ORIENTED_EDGE('',*,*,#902,.F.);
#952 = ORIENTED_EDGE('',*,*,#953,.F.);
#953 = EDGE_CURVE('',#804,#903,#954,.T.);
#954 = LINE('',#955,#956);
#955 = CARTESIAN_POINT('',(2.84,-0.3,-2.));
#956 = VECTOR('',#957,1.);
#957 = DIRECTION('',(0.,1.,0.));
#958 = PLANE('',#959);
#959 = AXIS2_PLACEMENT_3D('',#960,#961,#962);
#960 = CARTESIAN_POINT('',(2.84,-0.3,-2.));
#961 = DIRECTION('',(-1.,0.,0.));
#962 = DIRECTION('',(0.,1.,0.));
#963 = ADVANCED_FACE('',(#964),#970,.T.);
#964 = FACE_BOUND('',#965,.F.);
#965 = EDGE_LOOP('',(#966,#967,#968,#969));
#966 = ORIENTED_EDGE('',*,*,#919,.T.);
#967 = ORIENTED_EDGE('',*,*,#936,.T.);
#968 = ORIENTED_EDGE('',*,*,#811,.T.);
#969 = ORIENTED_EDGE('',*,*,#953,.T.);
#970 = PLANE('',#971);
#971 = AXIS2_PLACEMENT_3D('',#972,#973,#974);
#972 = CARTESIAN_POINT('',(2.84,0.3,-2.));
#973 = DIRECTION('',(0.,0.,-1.));
#974 = DIRECTION('',(-1.,0.,0.));
#975 = ( GEOMETRIC_REPRESENTATION_CONTEXT(3) 
GLOBAL_UNCERTAINTY_ASSIGNED_CONTEXT((#979)) GLOBAL_UNIT_ASSIGNED_CONTEXT
((#976,#977,#978)) REPRESENTATION_CONTEXT('Context #1',
  '3D Context with UNIT and UNCERTAINTY') );
#976 = ( LENGTH_UNIT() NAMED_UNIT(*) SI_UNIT(.MILLI.,.METRE.) );
#977 = ( NAMED_UNIT(*) PLANE_ANGLE_UNIT() SI_UNIT($,.RADIAN.) );
#978 = ( NAMED_UNIT(*) SI_UNIT($,.STERADIAN.) SOLID_ANGLE_UNIT() );
#979 = UNCERTAINTY_MEASURE_WITH_UNIT(LENGTH_MEASURE(1.E-07),#976,
  'distance_accuracy_value','confusion accuracy');
#980 = CONTEXT_DEPENDENT_SHAPE_REPRESENTATION(#981,#983);
#981 = ( REPRESENTATION_RELATIONSHIP('','',#56,#10) 
REPRESENTATION_RELATIONSHIP_WITH_TRANSFORMATION(#982) 
SHAPE_REPRESENTATION_RELATIONSHIP() );
#982 = ITEM_DEFINED_TRANSFORMATION('','',#11,#15);
#983 = PRODUCT_DEFINITION_SHAPE('Placement','Placement of an item',#984
  );
#984 = NEXT_ASSEMBLY_USAGE_OCCURRENCE('1','D3','',#5,#51,$);
#985 = PRODUCT_RELATED_PRODUCT_CATEGORY('part',$,(#53));
#986 = SHAPE_DEFINITION_REPRESENTATION(#987,#993);
#987 = PRODUCT_DEFINITION_SHAPE('','',#988);
#988 = PRODUCT_DEFINITION('design','',#989,#992);
#989 = PRODUCT_DEFINITION_FORMATION('','',#990);
#990 = PRODUCT('PinSocket_1x06_P1.27mm_Vertical',
  'PinSocket_1x06_P1.27mm_Vertical','',(#991));
#991 = PRODUCT_CONTEXT('',#2,'mechanical');
#992 = PRODUCT_DEFINITION_CONTEXT('part definition',#2,'design');
#993 = ADVANCED_BREP_SHAPE_REPRESENTATION('',(#11,#994),#5932);
#994 = MANIFOLD_SOLID_BREP('',#995);
#995 = CLOSED_SHELL('',(#996,#1036,#1099,#1162,#1179,#1400,#1422,#1439,
    #1852,#1864,#1876,#1907,#1931,#1955,#1972,#2003,#2027,#2051,#2068,
    #2099,#2123,#2147,#2164,#2195,#2219,#2243,#2260,#2291,#2315,#2339,
    #2356,#2387,#2411,#2435,#2452,#2469,#2516,#2533,#2580,#2597,#2644,
    #2661,#2708,#2725,#2772,#2789,#2836,#2853,#2900,#2917,#2964,#2981,
    #3028,#3045,#3092,#3109,#3156,#3173,#3220,#3251,#3307,#3331,#3380,
    #3411,#3467,#3491,#3540,#3571,#3627,#3651,#3700,#3731,#3787,#3811,
    #3860,#3891,#3947,#3971,#4020,#4051,#4107,#4131,#4180,#4197,#4214,
    #4231,#4248,#4260,#4277,#4294,#4311,#4328,#4340,#4357,#4374,#4391,
    #4408,#4420,#4437,#4454,#4471,#4488,#4500,#4517,#4534,#4551,#4568,
    #4580,#4597,#4614,#4631,#4648,#4660,#4677,#4694,#4743,#4767,#4809,
    #4826,#4843,#4860,#4909,#4933,#4975,#4992,#5009,#5026,#5075,#5099,
    #5141,#5158,#5175,#5192,#5241,#5265,#5307,#5324,#5341,#5358,#5407,
    #5431,#5473,#5490,#5507,#5524,#5573,#5597,#5639,#5656,#5673,#5690,
    #5702,#5719,#5736,#5748,#5765,#5782,#5794,#5811,#5828,#5840,#5857,
    #5874,#5886,#5903,#5920));
#996 = ADVANCED_FACE('',(#997),#1031,.F.);
#997 = FACE_BOUND('',#998,.F.);
#998 = EDGE_LOOP('',(#999,#1009,#1017,#1025));
#999 = ORIENTED_EDGE('',*,*,#1000,.T.);
#1000 = EDGE_CURVE('',#1001,#1003,#1005,.T.);
#1001 = VERTEX_POINT('',#1002);
#1002 = CARTESIAN_POINT('',(1.27,-6.985,0.));
#1003 = VERTEX_POINT('',#1004);
#1004 = CARTESIAN_POINT('',(1.27,-6.985,4.4));
#1005 = LINE('',#1006,#1007);
#1006 = CARTESIAN_POINT('',(1.27,-6.985,0.));
#1007 = VECTOR('',#1008,1.);
#1008 = DIRECTION('',(0.,0.,1.));
#1009 = ORIENTED_EDGE('',*,*,#1010,.T.);
#1010 = EDGE_CURVE('',#1003,#1011,#1013,.T.);
#1011 = VERTEX_POINT('',#1012);
#1012 = CARTESIAN_POINT('',(1.27,0.635,4.4));
#1013 = LINE('',#1014,#1015);
#1014 = CARTESIAN_POINT('',(1.27,-6.985,4.4));
#1015 = VECTOR('',#1016,1.);
#1016 = DIRECTION('',(1.110223024625E-16,1.,0.));
#1017 = ORIENTED_EDGE('',*,*,#1018,.F.);
#1018 = EDGE_CURVE('',#1019,#1011,#1021,.T.);
#1019 = VERTEX_POINT('',#1020);
#1020 = CARTESIAN_POINT('',(1.27,0.635,0.));
#1021 = LINE('',#1022,#1023);
#1022 = CARTESIAN_POINT('',(1.27,0.635,0.));
#1023 = VECTOR('',#1024,1.);
#1024 = DIRECTION('',(0.,0.,1.));
#1025 = ORIENTED_EDGE('',*,*,#1026,.F.);
#1026 = EDGE_CURVE('',#1001,#1019,#1027,.T.);
#1027 = LINE('',#1028,#1029);
#1028 = CARTESIAN_POINT('',(1.27,-6.985,0.));
#1029 = VECTOR('',#1030,1.);
#1030 = DIRECTION('',(1.110223024625E-16,1.,0.));
#1031 = PLANE('',#1032);
#1032 = AXIS2_PLACEMENT_3D('',#1033,#1034,#1035);
#1033 = CARTESIAN_POINT('',(1.27,-6.985,0.));
#1034 = DIRECTION('',(-1.,1.110223024625E-16,0.));
#1035 = DIRECTION('',(1.110223024625E-16,1.,0.));
#1036 = ADVANCED_FACE('',(#1037),#1094,.F.);
#1037 = FACE_BOUND('',#1038,.F.);
#1038 = EDGE_LOOP('',(#1039,#1049,#1057,#1063,#1064,#1072,#1080,#1088));
#1039 = ORIENTED_EDGE('',*,*,#1040,.F.);
#1040 = EDGE_CURVE('',#1041,#1043,#1045,.T.);
#1041 = VERTEX_POINT('',#1042);
#1042 = CARTESIAN_POINT('',(-1.27,-6.985,0.));
#1043 = VERTEX_POINT('',#1044);
#1044 = CARTESIAN_POINT('',(-0.846666666667,-6.985,0.));
#1045 = LINE('',#1046,#1047);
#1046 = CARTESIAN_POINT('',(-1.27,-6.985,0.));
#1047 = VECTOR('',#1048,1.);
#1048 = DIRECTION('',(1.,-1.110223024625E-16,0.));
#1049 = ORIENTED_EDGE('',*,*,#1050,.T.);
#1050 = EDGE_CURVE('',#1041,#1051,#1053,.T.);
#1051 = VERTEX_POINT('',#1052);
#1052 = CARTESIAN_POINT('',(-1.27,-6.985,4.4));
#1053 = LINE('',#1054,#1055);
#1054 = CARTESIAN_POINT('',(-1.27,-6.985,0.));
#1055 = VECTOR('',#1056,1.);
#1056 = DIRECTION('',(0.,0.,1.));
#1057 = ORIENTED_EDGE('',*,*,#1058,.T.);
#1058 = EDGE_CURVE('',#1051,#1003,#1059,.T.);
#1059 = LINE('',#1060,#1061);
#1060 = CARTESIAN_POINT('',(-1.27,-6.985,4.4));
#1061 = VECTOR('',#1062,1.);
#1062 = DIRECTION('',(1.,-1.110223024625E-16,0.));
#1063 = ORIENTED_EDGE('',*,*,#1000,.F.);
#1064 = ORIENTED_EDGE('',*,*,#1065,.F.);
#1065 = EDGE_CURVE('',#1066,#1001,#1068,.T.);
#1066 = VERTEX_POINT('',#1067);
#1067 = CARTESIAN_POINT('',(0.846666666667,-6.985,0.));
#1068 = LINE('',#1069,#1070);
#1069 = CARTESIAN_POINT('',(-1.27,-6.985,0.));
#1070 = VECTOR('',#1071,1.);
#1071 = DIRECTION('',(1.,-1.110223024625E-16,0.));
#1072 = ORIENTED_EDGE('',*,*,#1073,.T.);
#1073 = EDGE_CURVE('',#1066,#1074,#1076,.T.);
#1074 = VERTEX_POINT('',#1075);
#1075 = CARTESIAN_POINT('',(0.846666666667,-6.985,0.2));
#1076 = LINE('',#1077,#1078);
#1077 = CARTESIAN_POINT('',(0.846666666667,-6.985,0.));
#1078 = VECTOR('',#1079,1.);
#1079 = DIRECTION('',(0.,0.,1.));
#1080 = ORIENTED_EDGE('',*,*,#1081,.F.);
#1081 = EDGE_CURVE('',#1082,#1074,#1084,.T.);
#1082 = VERTEX_POINT('',#1083);
#1083 = CARTESIAN_POINT('',(-0.846666666667,-6.985,0.2));
#1084 = LINE('',#1085,#1086);
#1085 = CARTESIAN_POINT('',(-0.846666666667,-6.985,0.2));
#1086 = VECTOR('',#1087,1.);
#1087 = DIRECTION('',(1.,-1.110223024625E-16,0.));
#1088 = ORIENTED_EDGE('',*,*,#1089,.F.);
#1089 = EDGE_CURVE('',#1043,#1082,#1090,.T.);
#1090 = LINE('',#1091,#1092);
#1091 = CARTESIAN_POINT('',(-0.846666666667,-6.985,0.));
#1092 = VECTOR('',#1093,1.);
#1093 = DIRECTION('',(0.,0.,1.));
#1094 = PLANE('',#1095);
#1095 = AXIS2_PLACEMENT_3D('',#1096,#1097,#1098);
#1096 = CARTESIAN_POINT('',(-1.27,-6.985,0.));
#1097 = DIRECTION('',(1.110223024625E-16,1.,0.));
#1098 = DIRECTION('',(1.,-1.110223024625E-16,0.));
#1099 = ADVANCED_FACE('',(#1100),#1157,.F.);
#1100 = FACE_BOUND('',#1101,.F.);
#1101 = EDGE_LOOP('',(#1102,#1110,#1111,#1119,#1127,#1135,#1143,#1151));
#1102 = ORIENTED_EDGE('',*,*,#1103,.F.);
#1103 = EDGE_CURVE('',#1019,#1104,#1106,.T.);
#1104 = VERTEX_POINT('',#1105);
#1105 = CARTESIAN_POINT('',(0.846666666667,0.635,0.));
#1106 = LINE('',#1107,#1108);
#1107 = CARTESIAN_POINT('',(1.27,0.635,0.));
#1108 = VECTOR('',#1109,1.);
#1109 = DIRECTION('',(-1.,1.110223024625E-16,0.));
#1110 = ORIENTED_EDGE('',*,*,#1018,.T.);
#1111 = ORIENTED_EDGE('',*,*,#1112,.T.);
#1112 = EDGE_CURVE('',#1011,#1113,#1115,.T.);
#1113 = VERTEX_POINT('',#1114);
#1114 = CARTESIAN_POINT('',(-1.27,0.635,4.4));
#1115 = LINE('',#1116,#1117);
#1116 = CARTESIAN_POINT('',(1.27,0.635,4.4));
#1117 = VECTOR('',#1118,1.);
#1118 = DIRECTION('',(-1.,1.110223024625E-16,0.));
#1119 = ORIENTED_EDGE('',*,*,#1120,.F.);
#1120 = EDGE_CURVE('',#1121,#1113,#1123,.T.);
#1121 = VERTEX_POINT('',#1122);
#1122 = CARTESIAN_POINT('',(-1.27,0.635,0.));
#1123 = LINE('',#1124,#1125);
#1124 = CARTESIAN_POINT('',(-1.27,0.635,0.));
#1125 = VECTOR('',#1126,1.);
#1126 = DIRECTION('',(0.,0.,1.));
#1127 = ORIENTED_EDGE('',*,*,#1128,.F.);
#1128 = EDGE_CURVE('',#1129,#1121,#1131,.T.);
#1129 = VERTEX_POINT('',#1130);
#1130 = CARTESIAN_POINT('',(-0.846666666667,0.635,0.));
#1131 = LINE('',#1132,#1133);
#1132 = CARTESIAN_POINT('',(1.27,0.635,0.));
#1133 = VECTOR('',#1134,1.);
#1134 = DIRECTION('',(-1.,1.110223024625E-16,0.));
#1135 = ORIENTED_EDGE('',*,*,#1136,.T.);
#1136 = EDGE_CURVE('',#1129,#1137,#1139,.T.);
#1137 = VERTEX_POINT('',#1138);
#1138 = CARTESIAN_POINT('',(-0.846666666667,0.635,0.2));
#1139 = LINE('',#1140,#1141);
#1140 = CARTESIAN_POINT('',(-0.846666666667,0.635,0.));
#1141 = VECTOR('',#1142,1.);
#1142 = DIRECTION('',(0.,0.,1.));
#1143 = ORIENTED_EDGE('',*,*,#1144,.F.);
#1144 = EDGE_CURVE('',#1145,#1137,#1147,.T.);
#1145 = VERTEX_POINT('',#1146);
#1146 = CARTESIAN_POINT('',(0.846666666667,0.635,0.2));
#1147 = LINE('',#1148,#1149);
#1148 = CARTESIAN_POINT('',(0.846666666667,0.635,0.2));
#1149 = VECTOR('',#1150,1.);
#1150 = DIRECTION('',(-1.,1.110223024625E-16,0.));
#1151 = ORIENTED_EDGE('',*,*,#1152,.F.);
#1152 = EDGE_CURVE('',#1104,#1145,#1153,.T.);
#1153 = LINE('',#1154,#1155);
#1154 = CARTESIAN_POINT('',(0.846666666667,0.635,0.));
#1155 = VECTOR('',#1156,1.);
#1156 = DIRECTION('',(0.,0.,1.));
#1157 = PLANE('',#1158);
#1158 = AXIS2_PLACEMENT_3D('',#1159,#1160,#1161);
#1159 = CARTESIAN_POINT('',(1.27,0.635,0.));
#1160 = DIRECTION('',(-1.110223024625E-16,-1.,0.));
#1161 = DIRECTION('',(-1.,1.110223024625E-16,0.));
#1162 = ADVANCED_FACE('',(#1163),#1174,.F.);
#1163 = FACE_BOUND('',#1164,.F.);
#1164 = EDGE_LOOP('',(#1165,#1166,#1167,#1168));
#1165 = ORIENTED_EDGE('',*,*,#1065,.T.);
#1166 = ORIENTED_EDGE('',*,*,#1026,.T.);
#1167 = ORIENTED_EDGE('',*,*,#1103,.T.);
#1168 = ORIENTED_EDGE('',*,*,#1169,.F.);
#1169 = EDGE_CURVE('',#1066,#1104,#1170,.T.);
#1170 = LINE('',#1171,#1172);
#1171 = CARTESIAN_POINT('',(0.846666666667,-6.985,0.));
#1172 = VECTOR('',#1173,1.);
#1173 = DIRECTION('',(1.110223024625E-16,1.,0.));
#1174 = PLANE('',#1175);
#1175 = AXIS2_PLACEMENT_3D('',#1176,#1177,#1178);
#1176 = CARTESIAN_POINT('',(-3.386180225107E-16,-3.175,0.));
#1177 = DIRECTION('',(0.,0.,1.));
#1178 = DIRECTION('',(1.110223024625E-16,1.,-0.));
#1179 = ADVANCED_FACE('',(#1180,#1191,#1225,#1259,#1293,#1327,#1361),
  #1395,.T.);
#1180 = FACE_BOUND('',#1181,.T.);
#1181 = EDGE_LOOP('',(#1182,#1183,#1184,#1190));
#1182 = ORIENTED_EDGE('',*,*,#1010,.T.);
#1183 = ORIENTED_EDGE('',*,*,#1112,.T.);
#1184 = ORIENTED_EDGE('',*,*,#1185,.T.);
#1185 = EDGE_CURVE('',#1113,#1051,#1186,.T.);
#1186 = LINE('',#1187,#1188);
#1187 = CARTESIAN_POINT('',(-1.27,0.635,4.4));
#1188 = VECTOR('',#1189,1.);
#1189 = DIRECTION('',(-1.110223024625E-16,-1.,0.));
#1190 = ORIENTED_EDGE('',*,*,#1058,.T.);
#1191 = FACE_BOUND('',#1192,.T.);
#1192 = EDGE_LOOP('',(#1193,#1203,#1211,#1219));
#1193 = ORIENTED_EDGE('',*,*,#1194,.F.);
#1194 = EDGE_CURVE('',#1195,#1197,#1199,.T.);
#1195 = VERTEX_POINT('',#1196);
#1196 = CARTESIAN_POINT('',(0.5,-6.85,4.4));
#1197 = VERTEX_POINT('',#1198);
#1198 = CARTESIAN_POINT('',(0.5,-5.85,4.4));
#1199 = LINE('',#1200,#1201);
#1200 = CARTESIAN_POINT('',(0.5,-6.85,4.4));
#1201 = VECTOR('',#1202,1.);
#1202 = DIRECTION('',(1.110223024625E-16,1.,0.));
#1203 = ORIENTED_EDGE('',*,*,#1204,.F.);
#1204 = EDGE_CURVE('',#1205,#1195,#1207,.T.);
#1205 = VERTEX_POINT('',#1206);
#1206 = CARTESIAN_POINT('',(-0.5,-6.85,4.4));
#1207 = LINE('',#1208,#1209);
#1208 = CARTESIAN_POINT('',(-0.5,-6.85,4.4));
#1209 = VECTOR('',#1210,1.);
#1210 = DIRECTION('',(1.,-1.110223024625E-16,0.));
#1211 = ORIENTED_EDGE('',*,*,#1212,.F.);
#1212 = EDGE_CURVE('',#1213,#1205,#1215,.T.);
#1213 = VERTEX_POINT('',#1214);
#1214 = CARTESIAN_POINT('',(-0.5,-5.85,4.4));
#1215 = LINE('',#1216,#1217);
#1216 = CARTESIAN_POINT('',(-0.5,-5.85,4.4));
#1217 = VECTOR('',#1218,1.);
#1218 = DIRECTION('',(-1.110223024625E-16,-1.,0.));
#1219 = ORIENTED_EDGE('',*,*,#1220,.F.);
#1220 = EDGE_CURVE('',#1197,#1213,#1221,.T.);
#1221 = LINE('',#1222,#1223);
#1222 = CARTESIAN_POINT('',(0.5,-5.85,4.4));
#1223 = VECTOR('',#1224,1.);
#1224 = DIRECTION('',(-1.,1.110223024625E-16,0.));
#1225 = FACE_BOUND('',#1226,.T.);
#1226 = EDGE_LOOP('',(#1227,#1237,#1245,#1253));
#1227 = ORIENTED_EDGE('',*,*,#1228,.F.);
#1228 = EDGE_CURVE('',#1229,#1231,#1233,.T.);
#1229 = VERTEX_POINT('',#1230);
#1230 = CARTESIAN_POINT('',(0.5,-5.58,4.4));
#1231 = VERTEX_POINT('',#1232);
#1232 = CARTESIAN_POINT('',(0.5,-4.58,4.4));
#1233 = LINE('',#1234,#1235);
#1234 = CARTESIAN_POINT('',(0.5,-5.58,4.4));
#1235 = VECTOR('',#1236,1.);
#1236 = DIRECTION('',(1.110223024625E-16,1.,0.));
#1237 = ORIENTED_EDGE('',*,*,#1238,.F.);
#1238 = EDGE_CURVE('',#1239,#1229,#1241,.T.);
#1239 = VERTEX_POINT('',#1240);
#1240 = CARTESIAN_POINT('',(-0.5,-5.58,4.4));
#1241 = LINE('',#1242,#1243);
#1242 = CARTESIAN_POINT('',(-0.5,-5.58,4.4));
#1243 = VECTOR('',#1244,1.);
#1244 = DIRECTION('',(1.,-1.110223024625E-16,0.));
#1245 = ORIENTED_EDGE('',*,*,#1246,.F.);
#1246 = EDGE_CURVE('',#1247,#1239,#1249,.T.);
#1247 = VERTEX_POINT('',#1248);
#1248 = CARTESIAN_POINT('',(-0.5,-4.58,4.4));
#1249 = LINE('',#1250,#1251);
#1250 = CARTESIAN_POINT('',(-0.5,-4.58,4.4));
#1251 = VECTOR('',#1252,1.);
#1252 = DIRECTION('',(-1.110223024625E-16,-1.,0.));
#1253 = ORIENTED_EDGE('',*,*,#1254,.F.);
#1254 = EDGE_CURVE('',#1231,#1247,#1255,.T.);
#1255 = LINE('',#1256,#1257);
#1256 = CARTESIAN_POINT('',(0.5,-4.58,4.4));
#1257 = VECTOR('',#1258,1.);
#1258 = DIRECTION('',(-1.,1.110223024625E-16,0.));
#1259 = FACE_BOUND('',#1260,.T.);
#1260 = EDGE_LOOP('',(#1261,#1271,#1279,#1287));
#1261 = ORIENTED_EDGE('',*,*,#1262,.F.);
#1262 = EDGE_CURVE('',#1263,#1265,#1267,.T.);
#1263 = VERTEX_POINT('',#1264);
#1264 = CARTESIAN_POINT('',(0.5,-4.31,4.4));
#1265 = VERTEX_POINT('',#1266);
#1266 = CARTESIAN_POINT('',(0.5,-3.31,4.4));
#1267 = LINE('',#1268,#1269);
#1268 = CARTESIAN_POINT('',(0.5,-4.31,4.4));
#1269 = VECTOR('',#1270,1.);
#1270 = DIRECTION('',(1.110223024625E-16,1.,0.));
#1271 = ORIENTED_EDGE('',*,*,#1272,.F.);
#1272 = EDGE_CURVE('',#1273,#1263,#1275,.T.);
#1273 = VERTEX_POINT('',#1274);
#1274 = CARTESIAN_POINT('',(-0.5,-4.31,4.4));
#1275 = LINE('',#1276,#1277);
#1276 = CARTESIAN_POINT('',(-0.5,-4.31,4.4));
#1277 = VECTOR('',#1278,1.);
#1278 = DIRECTION('',(1.,-1.110223024625E-16,0.));
#1279 = ORIENTED_EDGE('',*,*,#1280,.F.);
#1280 = EDGE_CURVE('',#1281,#1273,#1283,.T.);
#1281 = VERTEX_POINT('',#1282);
#1282 = CARTESIAN_POINT('',(-0.5,-3.31,4.4));
#1283 = LINE('',#1284,#1285);
#1284 = CARTESIAN_POINT('',(-0.5,-3.31,4.4));
#1285 = VECTOR('',#1286,1.);
#1286 = DIRECTION('',(-1.110223024625E-16,-1.,0.));
#1287 = ORIENTED_EDGE('',*,*,#1288,.F.);
#1288 = EDGE_CURVE('',#1265,#1281,#1289,.T.);
#1289 = LINE('',#1290,#1291);
#1290 = CARTESIAN_POINT('',(0.5,-3.31,4.4));
#1291 = VECTOR('',#1292,1.);
#1292 = DIRECTION('',(-1.,1.110223024625E-16,0.));
#1293 = FACE_BOUND('',#1294,.T.);
#1294 = EDGE_LOOP('',(#1295,#1305,#1313,#1321));
#1295 = ORIENTED_EDGE('',*,*,#1296,.F.);
#1296 = EDGE_CURVE('',#1297,#1299,#1301,.T.);
#1297 = VERTEX_POINT('',#1298);
#1298 = CARTESIAN_POINT('',(0.5,-3.04,4.4));
#1299 = VERTEX_POINT('',#1300);
#1300 = CARTESIAN_POINT('',(0.5,-2.04,4.4));
#1301 = LINE('',#1302,#1303);
#1302 = CARTESIAN_POINT('',(0.5,-3.04,4.4));
#1303 = VECTOR('',#1304,1.);
#1304 = DIRECTION('',(1.110223024625E-16,1.,0.));
#1305 = ORIENTED_EDGE('',*,*,#1306,.F.);
#1306 = EDGE_CURVE('',#1307,#1297,#1309,.T.);
#1307 = VERTEX_POINT('',#1308);
#1308 = CARTESIAN_POINT('',(-0.5,-3.04,4.4));
#1309 = LINE('',#1310,#1311);
#1310 = CARTESIAN_POINT('',(-0.5,-3.04,4.4));
#1311 = VECTOR('',#1312,1.);
#1312 = DIRECTION('',(1.,-1.110223024625E-16,0.));
#1313 = ORIENTED_EDGE('',*,*,#1314,.F.);
#1314 = EDGE_CURVE('',#1315,#1307,#1317,.T.);
#1315 = VERTEX_POINT('',#1316);
#1316 = CARTESIAN_POINT('',(-0.5,-2.04,4.4));
#1317 = LINE('',#1318,#1319);
#1318 = CARTESIAN_POINT('',(-0.5,-2.04,4.4));
#1319 = VECTOR('',#1320,1.);
#1320 = DIRECTION('',(-1.110223024625E-16,-1.,0.));
#1321 = ORIENTED_EDGE('',*,*,#1322,.F.);
#1322 = EDGE_CURVE('',#1299,#1315,#1323,.T.);
#1323 = LINE('',#1324,#1325);
#1324 = CARTESIAN_POINT('',(0.5,-2.04,4.4));
#1325 = VECTOR('',#1326,1.);
#1326 = DIRECTION('',(-1.,1.110223024625E-16,0.));
#1327 = FACE_BOUND('',#1328,.T.);
#1328 = EDGE_LOOP('',(#1329,#1339,#1347,#1355));
#1329 = ORIENTED_EDGE('',*,*,#1330,.F.);
#1330 = EDGE_CURVE('',#1331,#1333,#1335,.T.);
#1331 = VERTEX_POINT('',#1332);
#1332 = CARTESIAN_POINT('',(0.5,-1.77,4.4));
#1333 = VERTEX_POINT('',#1334);
#1334 = CARTESIAN_POINT('',(0.5,-0.77,4.4));
#1335 = LINE('',#1336,#1337);
#1336 = CARTESIAN_POINT('',(0.5,-1.77,4.4));
#1337 = VECTOR('',#1338,1.);
#1338 = DIRECTION('',(1.110223024625E-16,1.,0.));
#1339 = ORIENTED_EDGE('',*,*,#1340,.F.);
#1340 = EDGE_CURVE('',#1341,#1331,#1343,.T.);
#1341 = VERTEX_POINT('',#1342);
#1342 = CARTESIAN_POINT('',(-0.5,-1.77,4.4));
#1343 = LINE('',#1344,#1345);
#1344 = CARTESIAN_POINT('',(-0.5,-1.77,4.4));
#1345 = VECTOR('',#1346,1.);
#1346 = DIRECTION('',(1.,-1.110223024625E-16,0.));
#1347 = ORIENTED_EDGE('',*,*,#1348,.F.);
#1348 = EDGE_CURVE('',#1349,#1341,#1351,.T.);
#1349 = VERTEX_POINT('',#1350);
#1350 = CARTESIAN_POINT('',(-0.5,-0.77,4.4));
#1351 = LINE('',#1352,#1353);
#1352 = CARTESIAN_POINT('',(-0.5,-0.77,4.4));
#1353 = VECTOR('',#1354,1.);
#1354 = DIRECTION('',(-1.110223024625E-16,-1.,0.));
#1355 = ORIENTED_EDGE('',*,*,#1356,.F.);
#1356 = EDGE_CURVE('',#1333,#1349,#1357,.T.);
#1357 = LINE('',#1358,#1359);
#1358 = CARTESIAN_POINT('',(0.5,-0.77,4.4));
#1359 = VECTOR('',#1360,1.);
#1360 = DIRECTION('',(-1.,1.110223024625E-16,0.));
#1361 = FACE_BOUND('',#1362,.T.);
#1362 = EDGE_LOOP('',(#1363,#1373,#1381,#1389));
#1363 = ORIENTED_EDGE('',*,*,#1364,.F.);
#1364 = EDGE_CURVE('',#1365,#1367,#1369,.T.);
#1365 = VERTEX_POINT('',#1366);
#1366 = CARTESIAN_POINT('',(0.5,-0.5,4.4));
#1367 = VERTEX_POINT('',#1368);
#1368 = CARTESIAN_POINT('',(0.5,0.5,4.4));
#1369 = LINE('',#1370,#1371);
#1370 = CARTESIAN_POINT('',(0.5,-0.5,4.4));
#1371 = VECTOR('',#1372,1.);
#1372 = DIRECTION('',(1.110223024625E-16,1.,0.));
#1373 = ORIENTED_EDGE('',*,*,#1374,.F.);
#1374 = EDGE_CURVE('',#1375,#1365,#1377,.T.);
#1375 = VERTEX_POINT('',#1376);
#1376 = CARTESIAN_POINT('',(-0.5,-0.5,4.4));
#1377 = LINE('',#1378,#1379);
#1378 = CARTESIAN_POINT('',(-0.5,-0.5,4.4));
#1379 = VECTOR('',#1380,1.);
#1380 = DIRECTION('',(1.,-1.110223024625E-16,0.));
#1381 = ORIENTED_EDGE('',*,*,#1382,.F.);
#1382 = EDGE_CURVE('',#1383,#1375,#1385,.T.);
#1383 = VERTEX_POINT('',#1384);
#1384 = CARTESIAN_POINT('',(-0.5,0.5,4.4));
#1385 = LINE('',#1386,#1387);
#1386 = CARTESIAN_POINT('',(-0.5,0.5,4.4));
#1387 = VECTOR('',#1388,1.);
#1388 = DIRECTION('',(-1.110223024625E-16,-1.,0.));
#1389 = ORIENTED_EDGE('',*,*,#1390,.F.);
#1390 = EDGE_CURVE('',#1367,#1383,#1391,.T.);
#1391 = LINE('',#1392,#1393);
#1392 = CARTESIAN_POINT('',(0.5,0.5,4.4));
#1393 = VECTOR('',#1394,1.);
#1394 = DIRECTION('',(-1.,1.110223024625E-16,0.));
#1395 = PLANE('',#1396);
#1396 = AXIS2_PLACEMENT_3D('',#1397,#1398,#1399);
#1397 = CARTESIAN_POINT('',(-3.386180225107E-16,-3.175,4.4));
#1398 = DIRECTION('',(0.,0.,1.));
#1399 = DIRECTION('',(1.110223024625E-16,1.,-0.));
#1400 = ADVANCED_FACE('',(#1401),#1417,.F.);
#1401 = FACE_BOUND('',#1402,.F.);
#1402 = EDGE_LOOP('',(#1403,#1404,#1410,#1411));
#1403 = ORIENTED_EDGE('',*,*,#1040,.T.);
#1404 = ORIENTED_EDGE('',*,*,#1405,.F.);
#1405 = EDGE_CURVE('',#1129,#1043,#1406,.T.);
#1406 = LINE('',#1407,#1408);
#1407 = CARTESIAN_POINT('',(-0.846666666667,0.635,0.));
#1408 = VECTOR('',#1409,1.);
#1409 = DIRECTION('',(-1.110223024625E-16,-1.,0.));
#1410 = ORIENTED_EDGE('',*,*,#1128,.T.);
#1411 = ORIENTED_EDGE('',*,*,#1412,.T.);
#1412 = EDGE_CURVE('',#1121,#1041,#1413,.T.);
#1413 = LINE('',#1414,#1415);
#1414 = CARTESIAN_POINT('',(-1.27,0.635,0.));
#1415 = VECTOR('',#1416,1.);
#1416 = DIRECTION('',(-1.110223024625E-16,-1.,0.));
#1417 = PLANE('',#1418);
#1418 = AXIS2_PLACEMENT_3D('',#1419,#1420,#1421);
#1419 = CARTESIAN_POINT('',(-3.386180225107E-16,-3.175,0.));
#1420 = DIRECTION('',(0.,0.,1.));
#1421 = DIRECTION('',(1.110223024625E-16,1.,-0.));
#1422 = ADVANCED_FACE('',(#1423),#1434,.T.);
#1423 = FACE_BOUND('',#1424,.T.);
#1424 = EDGE_LOOP('',(#1425,#1426,#1432,#1433));
#1425 = ORIENTED_EDGE('',*,*,#1136,.T.);
#1426 = ORIENTED_EDGE('',*,*,#1427,.T.);
#1427 = EDGE_CURVE('',#1137,#1082,#1428,.T.);
#1428 = LINE('',#1429,#1430);
#1429 = CARTESIAN_POINT('',(-0.846666666667,0.635,0.2));
#1430 = VECTOR('',#1431,1.);
#1431 = DIRECTION('',(-1.110223024625E-16,-1.,0.));
#1432 = ORIENTED_EDGE('',*,*,#1089,.F.);
#1433 = ORIENTED_EDGE('',*,*,#1405,.F.);
#1434 = PLANE('',#1435);
#1435 = AXIS2_PLACEMENT_3D('',#1436,#1437,#1438);
#1436 = CARTESIAN_POINT('',(-0.846666666667,0.635,0.));
#1437 = DIRECTION('',(1.,-1.110223024625E-16,0.));
#1438 = DIRECTION('',(-1.110223024625E-16,-1.,0.));
#1439 = ADVANCED_FACE('',(#1440,#1451,#1517,#1583,#1649,#1715,#1781),
  #1847,.F.);
#1440 = FACE_BOUND('',#1441,.F.);
#1441 = EDGE_LOOP('',(#1442,#1448,#1449,#1450));
#1442 = ORIENTED_EDGE('',*,*,#1443,.T.);
#1443 = EDGE_CURVE('',#1074,#1145,#1444,.T.);
#1444 = LINE('',#1445,#1446);
#1445 = CARTESIAN_POINT('',(0.846666666667,-6.985,0.2));
#1446 = VECTOR('',#1447,1.);
#1447 = DIRECTION('',(1.110223024625E-16,1.,0.));
#1448 = ORIENTED_EDGE('',*,*,#1144,.T.);
#1449 = ORIENTED_EDGE('',*,*,#1427,.T.);
#1450 = ORIENTED_EDGE('',*,*,#1081,.T.);
#1451 = FACE_BOUND('',#1452,.F.);
#1452 = EDGE_LOOP('',(#1453,#1463,#1471,#1479,#1487,#1495,#1503,#1511));
#1453 = ORIENTED_EDGE('',*,*,#1454,.F.);
#1454 = EDGE_CURVE('',#1455,#1457,#1459,.T.);
#1455 = VERTEX_POINT('',#1456);
#1456 = CARTESIAN_POINT('',(-0.1,-4.185,0.2));
#1457 = VERTEX_POINT('',#1458);
#1458 = CARTESIAN_POINT('',(0.1,-4.185,0.2));
#1459 = LINE('',#1460,#1461);
#1460 = CARTESIAN_POINT('',(-0.1,-4.185,0.2));
#1461 = VECTOR('',#1462,1.);
#1462 = DIRECTION('',(1.,-1.110223024625E-16,0.));
#1463 = ORIENTED_EDGE('',*,*,#1464,.T.);
#1464 = EDGE_CURVE('',#1455,#1465,#1467,.T.);
#1465 = VERTEX_POINT('',#1466);
#1466 = CARTESIAN_POINT('',(-0.1,-4.06,0.2));
#1467 = LINE('',#1468,#1469);
#1468 = CARTESIAN_POINT('',(-0.1,-4.185,0.2));
#1469 = VECTOR('',#1470,1.);
#1470 = DIRECTION('',(1.110223024625E-16,1.,0.));
#1471 = ORIENTED_EDGE('',*,*,#1472,.F.);
#1472 = EDGE_CURVE('',#1473,#1465,#1475,.T.);
#1473 = VERTEX_POINT('',#1474);
#1474 = CARTESIAN_POINT('',(-0.1,-3.56,0.2));
#1475 = LINE('',#1476,#1477);
#1476 = CARTESIAN_POINT('',(-0.1,-3.4925,0.2));
#1477 = VECTOR('',#1478,1.);
#1478 = DIRECTION('',(-1.110223024625E-16,-1.,0.));
#1479 = ORIENTED_EDGE('',*,*,#1480,.T.);
#1480 = EDGE_CURVE('',#1473,#1481,#1483,.T.);
#1481 = VERTEX_POINT('',#1482);
#1482 = CARTESIAN_POINT('',(-0.1,-3.435,0.2));
#1483 = LINE('',#1484,#1485);
#1484 = CARTESIAN_POINT('',(-0.1,-4.185,0.2));
#1485 = VECTOR('',#1486,1.);
#1486 = DIRECTION('',(1.110223024625E-16,1.,0.));
#1487 = ORIENTED_EDGE('',*,*,#1488,.T.);
#1488 = EDGE_CURVE('',#1481,#1489,#1491,.T.);
#1489 = VERTEX_POINT('',#1490);
#1490 = CARTESIAN_POINT('',(0.1,-3.435,0.2));
#1491 = LINE('',#1492,#1493);
#1492 = CARTESIAN_POINT('',(-0.1,-3.435,0.2));
#1493 = VECTOR('',#1494,1.);
#1494 = DIRECTION('',(1.,-1.110223024625E-16,0.));
#1495 = ORIENTED_EDGE('',*,*,#1496,.T.);
#1496 = EDGE_CURVE('',#1489,#1497,#1499,.T.);
#1497 = VERTEX_POINT('',#1498);
#1498 = CARTESIAN_POINT('',(0.1,-3.56,0.2));
#1499 = LINE('',#1500,#1501);
#1500 = CARTESIAN_POINT('',(0.1,-3.435,0.2));
#1501 = VECTOR('',#1502,1.);
#1502 = DIRECTION('',(-1.110223024625E-16,-1.,0.));
#1503 = ORIENTED_EDGE('',*,*,#1504,.T.);
#1504 = EDGE_CURVE('',#1497,#1505,#1507,.T.);
#1505 = VERTEX_POINT('',#1506);
#1506 = CARTESIAN_POINT('',(0.1,-4.06,0.2));
#1507 = LINE('',#1508,#1509);
#1508 = CARTESIAN_POINT('',(0.1,-3.4925,0.2));
#1509 = VECTOR('',#1510,1.);
#1510 = DIRECTION('',(-1.110223024625E-16,-1.,0.));
#1511 = ORIENTED_EDGE('',*,*,#1512,.T.);
#1512 = EDGE_CURVE('',#1505,#1457,#1513,.T.);
#1513 = LINE('',#1514,#1515);
#1514 = CARTESIAN_POINT('',(0.1,-3.435,0.2));
#1515 = VECTOR('',#1516,1.);
#1516 = DIRECTION('',(-1.110223024625E-16,-1.,0.));
#1517 = FACE_BOUND('',#1518,.F.);
#1518 = EDGE_LOOP('',(#1519,#1529,#1537,#1545,#1553,#1561,#1569,#1577));
#1519 = ORIENTED_EDGE('',*,*,#1520,.F.);
#1520 = EDGE_CURVE('',#1521,#1523,#1525,.T.);
#1521 = VERTEX_POINT('',#1522);
#1522 = CARTESIAN_POINT('',(-0.1,-6.725,0.2));
#1523 = VERTEX_POINT('',#1524);
#1524 = CARTESIAN_POINT('',(0.1,-6.725,0.2));
#1525 = LINE('',#1526,#1527);
#1526 = CARTESIAN_POINT('',(-0.1,-6.725,0.2));
#1527 = VECTOR('',#1528,1.);
#1528 = DIRECTION('',(1.,-1.110223024625E-16,0.));
#1529 = ORIENTED_EDGE('',*,*,#1530,.T.);
#1530 = EDGE_CURVE('',#1521,#1531,#1533,.T.);
#1531 = VERTEX_POINT('',#1532);
#1532 = CARTESIAN_POINT('',(-0.1,-6.6,0.2));
#1533 = LINE('',#1534,#1535);
#1534 = CARTESIAN_POINT('',(-0.1,-6.725,0.2));
#1535 = VECTOR('',#1536,1.);
#1536 = DIRECTION('',(1.110223024625E-16,1.,0.));
#1537 = ORIENTED_EDGE('',*,*,#1538,.F.);
#1538 = EDGE_CURVE('',#1539,#1531,#1541,.T.);
#1539 = VERTEX_POINT('',#1540);
#1540 = CARTESIAN_POINT('',(-0.1,-6.1,0.2));
#1541 = LINE('',#1542,#1543);
#1542 = CARTESIAN_POINT('',(-0.1,-4.7625,0.2));
#1543 = VECTOR('',#1544,1.);
#1544 = DIRECTION('',(-1.110223024625E-16,-1.,0.));
#1545 = ORIENTED_EDGE('',*,*,#1546,.T.);
#1546 = EDGE_CURVE('',#1539,#1547,#1549,.T.);
#1547 = VERTEX_POINT('',#1548);
#1548 = CARTESIAN_POINT('',(-0.1,-5.975,0.2));
#1549 = LINE('',#1550,#1551);
#1550 = CARTESIAN_POINT('',(-0.1,-6.725,0.2));
#1551 = VECTOR('',#1552,1.);
#1552 = DIRECTION('',(1.110223024625E-16,1.,0.));
#1553 = ORIENTED_EDGE('',*,*,#1554,.T.);
#1554 = EDGE_CURVE('',#1547,#1555,#1557,.T.);
#1555 = VERTEX_POINT('',#1556);
#1556 = CARTESIAN_POINT('',(0.1,-5.975,0.2));
#1557 = LINE('',#1558,#1559);
#1558 = CARTESIAN_POINT('',(-0.1,-5.975,0.2));
#1559 = VECTOR('',#1560,1.);
#1560 = DIRECTION('',(1.,-1.110223024625E-16,0.));
#1561 = ORIENTED_EDGE('',*,*,#1562,.T.);
#1562 = EDGE_CURVE('',#1555,#1563,#1565,.T.);
#1563 = VERTEX_POINT('',#1564);
#1564 = CARTESIAN_POINT('',(0.1,-6.1,0.2));
#1565 = LINE('',#1566,#1567);
#1566 = CARTESIAN_POINT('',(0.1,-5.975,0.2));
#1567 = VECTOR('',#1568,1.);
#1568 = DIRECTION('',(-1.110223024625E-16,-1.,0.));
#1569 = ORIENTED_EDGE('',*,*,#1570,.T.);
#1570 = EDGE_CURVE('',#1563,#1571,#1573,.T.);
#1571 = VERTEX_POINT('',#1572);
#1572 = CARTESIAN_POINT('',(0.1,-6.6,0.2));
#1573 = LINE('',#1574,#1575);
#1574 = CARTESIAN_POINT('',(0.1,-4.7625,0.2));
#1575 = VECTOR('',#1576,1.);
#1576 = DIRECTION('',(-1.110223024625E-16,-1.,0.));
#1577 = ORIENTED_EDGE('',*,*,#1578,.T.);
#1578 = EDGE_CURVE('',#1571,#1523,#1579,.T.);
#1579 = LINE('',#1580,#1581);
#1580 = CARTESIAN_POINT('',(0.1,-5.975,0.2));
#1581 = VECTOR('',#1582,1.);
#1582 = DIRECTION('',(-1.110223024625E-16,-1.,0.));
#1583 = FACE_BOUND('',#1584,.F.);
#1584 = EDGE_LOOP('',(#1585,#1595,#1603,#1611,#1619,#1627,#1635,#1643));
#1585 = ORIENTED_EDGE('',*,*,#1586,.F.);
#1586 = EDGE_CURVE('',#1587,#1589,#1591,.T.);
#1587 = VERTEX_POINT('',#1588);
#1588 = CARTESIAN_POINT('',(-0.1,-5.455,0.2));
#1589 = VERTEX_POINT('',#1590);
#1590 = CARTESIAN_POINT('',(0.1,-5.455,0.2));
#1591 = LINE('',#1592,#1593);
#1592 = CARTESIAN_POINT('',(-0.1,-5.455,0.2));
#1593 = VECTOR('',#1594,1.);
#1594 = DIRECTION('',(1.,-1.110223024625E-16,0.));
#1595 = ORIENTED_EDGE('',*,*,#1596,.T.);
#1596 = EDGE_CURVE('',#1587,#1597,#1599,.T.);
#1597 = VERTEX_POINT('',#1598);
#1598 = CARTESIAN_POINT('',(-0.1,-5.33,0.2));
#1599 = LINE('',#1600,#1601);
#1600 = CARTESIAN_POINT('',(-0.1,-5.455,0.2));
#1601 = VECTOR('',#1602,1.);
#1602 = DIRECTION('',(1.110223024625E-16,1.,0.));
#1603 = ORIENTED_EDGE('',*,*,#1604,.F.);
#1604 = EDGE_CURVE('',#1605,#1597,#1607,.T.);
#1605 = VERTEX_POINT('',#1606);
#1606 = CARTESIAN_POINT('',(-0.1,-4.83,0.2));
#1607 = LINE('',#1608,#1609);
#1608 = CARTESIAN_POINT('',(-0.1,-4.1275,0.2));
#1609 = VECTOR('',#1610,1.);
#1610 = DIRECTION('',(-1.110223024625E-16,-1.,0.));
#1611 = ORIENTED_EDGE('',*,*,#1612,.T.);
#1612 = EDGE_CURVE('',#1605,#1613,#1615,.T.);
#1613 = VERTEX_POINT('',#1614);
#1614 = CARTESIAN_POINT('',(-0.1,-4.705,0.2));
#1615 = LINE('',#1616,#1617);
#1616 = CARTESIAN_POINT('',(-0.1,-5.455,0.2));
#1617 = VECTOR('',#1618,1.);
#1618 = DIRECTION('',(1.110223024625E-16,1.,0.));
#1619 = ORIENTED_EDGE('',*,*,#1620,.T.);
#1620 = EDGE_CURVE('',#1613,#1621,#1623,.T.);
#1621 = VERTEX_POINT('',#1622);
#1622 = CARTESIAN_POINT('',(0.1,-4.705,0.2));
#1623 = LINE('',#1624,#1625);
#1624 = CARTESIAN_POINT('',(-0.1,-4.705,0.2));
#1625 = VECTOR('',#1626,1.);
#1626 = DIRECTION('',(1.,-1.110223024625E-16,0.));
#1627 = ORIENTED_EDGE('',*,*,#1628,.T.);
#1628 = EDGE_CURVE('',#1621,#1629,#1631,.T.);
#1629 = VERTEX_POINT('',#1630);
#1630 = CARTESIAN_POINT('',(0.1,-4.83,0.2));
#1631 = LINE('',#1632,#1633);
#1632 = CARTESIAN_POINT('',(0.1,-4.705,0.2));
#1633 = VECTOR('',#1634,1.);
#1634 = DIRECTION('',(-1.110223024625E-16,-1.,0.));
#1635 = ORIENTED_EDGE('',*,*,#1636,.T.);
#1636 = EDGE_CURVE('',#1629,#1637,#1639,.T.);
#1637 = VERTEX_POINT('',#1638);
#1638 = CARTESIAN_POINT('',(0.1,-5.33,0.2));
#1639 = LINE('',#1640,#1641);
#1640 = CARTESIAN_POINT('',(0.1,-4.1275,0.2));
#1641 = VECTOR('',#1642,1.);
#1642 = DIRECTION('',(-1.110223024625E-16,-1.,0.));
#1643 = ORIENTED_EDGE('',*,*,#1644,.T.);
#1644 = EDGE_CURVE('',#1637,#1589,#1645,.T.);
#1645 = LINE('',#1646,#1647);
#1646 = CARTESIAN_POINT('',(0.1,-4.705,0.2));
#1647 = VECTOR('',#1648,1.);
#1648 = DIRECTION('',(-1.110223024625E-16,-1.,0.));
#1649 = FACE_BOUND('',#1650,.F.);
#1650 = EDGE_LOOP('',(#1651,#1661,#1669,#1677,#1685,#1693,#1701,#1709));
#1651 = ORIENTED_EDGE('',*,*,#1652,.F.);
#1652 = EDGE_CURVE('',#1653,#1655,#1657,.T.);
#1653 = VERTEX_POINT('',#1654);
#1654 = CARTESIAN_POINT('',(-0.1,-2.915,0.2));
#1655 = VERTEX_POINT('',#1656);
#1656 = CARTESIAN_POINT('',(0.1,-2.915,0.2));
#1657 = LINE('',#1658,#1659);
#1658 = CARTESIAN_POINT('',(-0.1,-2.915,0.2));
#1659 = VECTOR('',#1660,1.);
#1660 = DIRECTION('',(1.,-1.110223024625E-16,0.));
#1661 = ORIENTED_EDGE('',*,*,#1662,.T.);
#1662 = EDGE_CURVE('',#1653,#1663,#1665,.T.);
#1663 = VERTEX_POINT('',#1664);
#1664 = CARTESIAN_POINT('',(-0.1,-2.79,0.2));
#1665 = LINE('',#1666,#1667);
#1666 = CARTESIAN_POINT('',(-0.1,-2.915,0.2));
#1667 = VECTOR('',#1668,1.);
#1668 = DIRECTION('',(1.110223024625E-16,1.,0.));
#1669 = ORIENTED_EDGE('',*,*,#1670,.F.);
#1670 = EDGE_CURVE('',#1671,#1663,#1673,.T.);
#1671 = VERTEX_POINT('',#1672);
#1672 = CARTESIAN_POINT('',(-0.1,-2.29,0.2));
#1673 = LINE('',#1674,#1675);
#1674 = CARTESIAN_POINT('',(-0.1,-2.8575,0.2));
#1675 = VECTOR('',#1676,1.);
#1676 = DIRECTION('',(-1.110223024625E-16,-1.,0.));
#1677 = ORIENTED_EDGE('',*,*,#1678,.T.);
#1678 = EDGE_CURVE('',#1671,#1679,#1681,.T.);
#1679 = VERTEX_POINT('',#1680);
#1680 = CARTESIAN_POINT('',(-0.1,-2.165,0.2));
#1681 = LINE('',#1682,#1683);
#1682 = CARTESIAN_POINT('',(-0.1,-2.915,0.2));
#1683 = VECTOR('',#1684,1.);
#1684 = DIRECTION('',(1.110223024625E-16,1.,0.));
#1685 = ORIENTED_EDGE('',*,*,#1686,.T.);
#1686 = EDGE_CURVE('',#1679,#1687,#1689,.T.);
#1687 = VERTEX_POINT('',#1688);
#1688 = CARTESIAN_POINT('',(0.1,-2.165,0.2));
#1689 = LINE('',#1690,#1691);
#1690 = CARTESIAN_POINT('',(-0.1,-2.165,0.2));
#1691 = VECTOR('',#1692,1.);
#1692 = DIRECTION('',(1.,-1.110223024625E-16,0.));
#1693 = ORIENTED_EDGE('',*,*,#1694,.T.);
#1694 = EDGE_CURVE('',#1687,#1695,#1697,.T.);
#1695 = VERTEX_POINT('',#1696);
#1696 = CARTESIAN_POINT('',(0.1,-2.29,0.2));
#1697 = LINE('',#1698,#1699);
#1698 = CARTESIAN_POINT('',(0.1,-2.165,0.2));
#1699 = VECTOR('',#1700,1.);
#1700 = DIRECTION('',(-1.110223024625E-16,-1.,0.));
#1701 = ORIENTED_EDGE('',*,*,#1702,.T.);
#1702 = EDGE_CURVE('',#1695,#1703,#1705,.T.);
#1703 = VERTEX_POINT('',#1704);
#1704 = CARTESIAN_POINT('',(0.1,-2.79,0.2));
#1705 = LINE('',#1706,#1707);
#1706 = CARTESIAN_POINT('',(0.1,-2.8575,0.2));
#1707 = VECTOR('',#1708,1.);
#1708 = DIRECTION('',(-1.110223024625E-16,-1.,0.));
#1709 = ORIENTED_EDGE('',*,*,#1710,.T.);
#1710 = EDGE_CURVE('',#1703,#1655,#1711,.T.);
#1711 = LINE('',#1712,#1713);
#1712 = CARTESIAN_POINT('',(0.1,-2.165,0.2));
#1713 = VECTOR('',#1714,1.);
#1714 = DIRECTION('',(-1.110223024625E-16,-1.,0.));
#1715 = FACE_BOUND('',#1716,.F.);
#1716 = EDGE_LOOP('',(#1717,#1727,#1735,#1743,#1751,#1759,#1767,#1775));
#1717 = ORIENTED_EDGE('',*,*,#1718,.F.);
#1718 = EDGE_CURVE('',#1719,#1721,#1723,.T.);
#1719 = VERTEX_POINT('',#1720);
#1720 = CARTESIAN_POINT('',(-0.1,-1.645,0.2));
#1721 = VERTEX_POINT('',#1722);
#1722 = CARTESIAN_POINT('',(0.1,-1.645,0.2));
#1723 = LINE('',#1724,#1725);
#1724 = CARTESIAN_POINT('',(-0.1,-1.645,0.2));
#1725 = VECTOR('',#1726,1.);
#1726 = DIRECTION('',(1.,-1.110223024625E-16,0.));
#1727 = ORIENTED_EDGE('',*,*,#1728,.T.);
#1728 = EDGE_CURVE('',#1719,#1729,#1731,.T.);
#1729 = VERTEX_POINT('',#1730);
#1730 = CARTESIAN_POINT('',(-0.1,-1.52,0.2));
#1731 = LINE('',#1732,#1733);
#1732 = CARTESIAN_POINT('',(-0.1,-1.645,0.2));
#1733 = VECTOR('',#1734,1.);
#1734 = DIRECTION('',(1.110223024625E-16,1.,0.));
#1735 = ORIENTED_EDGE('',*,*,#1736,.F.);
#1736 = EDGE_CURVE('',#1737,#1729,#1739,.T.);
#1737 = VERTEX_POINT('',#1738);
#1738 = CARTESIAN_POINT('',(-0.1,-1.02,0.2));
#1739 = LINE('',#1740,#1741);
#1740 = CARTESIAN_POINT('',(-0.1,-2.2225,0.2));
#1741 = VECTOR('',#1742,1.);
#1742 = DIRECTION('',(-1.110223024625E-16,-1.,0.));
#1743 = ORIENTED_EDGE('',*,*,#1744,.T.);
#1744 = EDGE_CURVE('',#1737,#1745,#1747,.T.);
#1745 = VERTEX_POINT('',#1746);
#1746 = CARTESIAN_POINT('',(-0.1,-0.895,0.2));
#1747 = LINE('',#1748,#1749);
#1748 = CARTESIAN_POINT('',(-0.1,-1.645,0.2));
#1749 = VECTOR('',#1750,1.);
#1750 = DIRECTION('',(1.110223024625E-16,1.,0.));
#1751 = ORIENTED_EDGE('',*,*,#1752,.T.);
#1752 = EDGE_CURVE('',#1745,#1753,#1755,.T.);
#1753 = VERTEX_POINT('',#1754);
#1754 = CARTESIAN_POINT('',(0.1,-0.895,0.2));
#1755 = LINE('',#1756,#1757);
#1756 = CARTESIAN_POINT('',(-0.1,-0.895,0.2));
#1757 = VECTOR('',#1758,1.);
#1758 = DIRECTION('',(1.,-1.110223024625E-16,0.));
#1759 = ORIENTED_EDGE('',*,*,#1760,.T.);
#1760 = EDGE_CURVE('',#1753,#1761,#1763,.T.);
#1761 = VERTEX_POINT('',#1762);
#1762 = CARTESIAN_POINT('',(0.1,-1.02,0.2));
#1763 = LINE('',#1764,#1765);
#1764 = CARTESIAN_POINT('',(0.1,-0.895,0.2));
#1765 = VECTOR('',#1766,1.);
#1766 = DIRECTION('',(-1.110223024625E-16,-1.,0.));
#1767 = ORIENTED_EDGE('',*,*,#1768,.T.);
#1768 = EDGE_CURVE('',#1761,#1769,#1771,.T.);
#1769 = VERTEX_POINT('',#1770);
#1770 = CARTESIAN_POINT('',(0.1,-1.52,0.2));
#1771 = LINE('',#1772,#1773);
#1772 = CARTESIAN_POINT('',(0.1,-2.2225,0.2));
#1773 = VECTOR('',#1774,1.);
#1774 = DIRECTION('',(-1.110223024625E-16,-1.,0.));
#1775 = ORIENTED_EDGE('',*,*,#1776,.T.);
#1776 = EDGE_CURVE('',#1769,#1721,#1777,.T.);
#1777 = LINE('',#1778,#1779);
#1778 = CARTESIAN_POINT('',(0.1,-0.895,0.2));
#1779 = VECTOR('',#1780,1.);
#1780 = DIRECTION('',(-1.110223024625E-16,-1.,0.));
#1781 = FACE_BOUND('',#1782,.F.);
#1782 = EDGE_LOOP('',(#1783,#1793,#1801,#1809,#1817,#1825,#1833,#1841));
#1783 = ORIENTED_EDGE('',*,*,#1784,.F.);
#1784 = EDGE_CURVE('',#1785,#1787,#1789,.T.);
#1785 = VERTEX_POINT('',#1786);
#1786 = CARTESIAN_POINT('',(-0.1,-0.375,0.2));
#1787 = VERTEX_POINT('',#1788);
#1788 = CARTESIAN_POINT('',(0.1,-0.375,0.2));
#1789 = LINE('',#1790,#1791);
#1790 = CARTESIAN_POINT('',(-0.1,-0.375,0.2));
#1791 = VECTOR('',#1792,1.);
#1792 = DIRECTION('',(1.,-1.110223024625E-16,0.));
#1793 = ORIENTED_EDGE('',*,*,#1794,.T.);
#1794 = EDGE_CURVE('',#1785,#1795,#1797,.T.);
#1795 = VERTEX_POINT('',#1796);
#1796 = CARTESIAN_POINT('',(-0.1,-0.25,0.2));
#1797 = LINE('',#1798,#1799);
#1798 = CARTESIAN_POINT('',(-0.1,-0.375,0.2));
#1799 = VECTOR('',#1800,1.);
#1800 = DIRECTION('',(1.110223024625E-16,1.,0.));
#1801 = ORIENTED_EDGE('',*,*,#1802,.F.);
#1802 = EDGE_CURVE('',#1803,#1795,#1805,.T.);
#1803 = VERTEX_POINT('',#1804);
#1804 = CARTESIAN_POINT('',(-0.1,0.25,0.2));
#1805 = LINE('',#1806,#1807);
#1806 = CARTESIAN_POINT('',(-0.1,-1.5875,0.2));
#1807 = VECTOR('',#1808,1.);
#1808 = DIRECTION('',(-1.110223024625E-16,-1.,0.));
#1809 = ORIENTED_EDGE('',*,*,#1810,.T.);
#1810 = EDGE_CURVE('',#1803,#1811,#1813,.T.);
#1811 = VERTEX_POINT('',#1812);
#1812 = CARTESIAN_POINT('',(-0.1,0.375,0.2));
#1813 = LINE('',#1814,#1815);
#1814 = CARTESIAN_POINT('',(-0.1,-0.375,0.2));
#1815 = VECTOR('',#1816,1.);
#1816 = DIRECTION('',(1.110223024625E-16,1.,0.));
#1817 = ORIENTED_EDGE('',*,*,#1818,.T.);
#1818 = EDGE_CURVE('',#1811,#1819,#1821,.T.);
#1819 = VERTEX_POINT('',#1820);
#1820 = CARTESIAN_POINT('',(0.1,0.375,0.2));
#1821 = LINE('',#1822,#1823);
#1822 = CARTESIAN_POINT('',(-0.1,0.375,0.2));
#1823 = VECTOR('',#1824,1.);
#1824 = DIRECTION('',(1.,-1.110223024625E-16,0.));
#1825 = ORIENTED_EDGE('',*,*,#1826,.T.);
#1826 = EDGE_CURVE('',#1819,#1827,#1829,.T.);
#1827 = VERTEX_POINT('',#1828);
#1828 = CARTESIAN_POINT('',(0.1,0.25,0.2));
#1829 = LINE('',#1830,#1831);
#1830 = CARTESIAN_POINT('',(0.1,0.375,0.2));
#1831 = VECTOR('',#1832,1.);
#1832 = DIRECTION('',(-1.110223024625E-16,-1.,0.));
#1833 = ORIENTED_EDGE('',*,*,#1834,.T.);
#1834 = EDGE_CURVE('',#1827,#1835,#1837,.T.);
#1835 = VERTEX_POINT('',#1836);
#1836 = CARTESIAN_POINT('',(0.1,-0.25,0.2));
#1837 = LINE('',#1838,#1839);
#1838 = CARTESIAN_POINT('',(0.1,-1.5875,0.2));
#1839 = VECTOR('',#1840,1.);
#1840 = DIRECTION('',(-1.110223024625E-16,-1.,0.));
#1841 = ORIENTED_EDGE('',*,*,#1842,.T.);
#1842 = EDGE_CURVE('',#1835,#1787,#1843,.T.);
#1843 = LINE('',#1844,#1845);
#1844 = CARTESIAN_POINT('',(0.1,0.375,0.2));
#1845 = VECTOR('',#1846,1.);
#1846 = DIRECTION('',(-1.110223024625E-16,-1.,0.));
#1847 = PLANE('',#1848);
#1848 = AXIS2_PLACEMENT_3D('',#1849,#1850,#1851);
#1849 = CARTESIAN_POINT('',(-3.386180225107E-16,-3.175,0.2));
#1850 = DIRECTION('',(0.,0.,1.));
#1851 = DIRECTION('',(1.110223024625E-16,1.,-0.));
#1852 = ADVANCED_FACE('',(#1853),#1859,.T.);
#1853 = FACE_BOUND('',#1854,.T.);
#1854 = EDGE_LOOP('',(#1855,#1856,#1857,#1858));
#1855 = ORIENTED_EDGE('',*,*,#1073,.T.);
#1856 = ORIENTED_EDGE('',*,*,#1443,.T.);
#1857 = ORIENTED_EDGE('',*,*,#1152,.F.);
#1858 = ORIENTED_EDGE('',*,*,#1169,.F.);
#1859 = PLANE('',#1860);
#1860 = AXIS2_PLACEMENT_3D('',#1861,#1862,#1863);
#1861 = CARTESIAN_POINT('',(0.846666666667,-6.985,0.));
#1862 = DIRECTION('',(-1.,1.110223024625E-16,0.));
#1863 = DIRECTION('',(1.110223024625E-16,1.,0.));
#1864 = ADVANCED_FACE('',(#1865),#1871,.F.);
#1865 = FACE_BOUND('',#1866,.F.);
#1866 = EDGE_LOOP('',(#1867,#1868,#1869,#1870));
#1867 = ORIENTED_EDGE('',*,*,#1120,.T.);
#1868 = ORIENTED_EDGE('',*,*,#1185,.T.);
#1869 = ORIENTED_EDGE('',*,*,#1050,.F.);
#1870 = ORIENTED_EDGE('',*,*,#1412,.F.);
#1871 = PLANE('',#1872);
#1872 = AXIS2_PLACEMENT_3D('',#1873,#1874,#1875);
#1873 = CARTESIAN_POINT('',(-1.27,0.635,0.));
#1874 = DIRECTION('',(1.,-1.110223024625E-16,0.));
#1875 = DIRECTION('',(-1.110223024625E-16,-1.,0.));
#1876 = ADVANCED_FACE('',(#1877),#1902,.T.);
#1877 = FACE_BOUND('',#1878,.T.);
#1878 = EDGE_LOOP('',(#1879,#1887,#1888,#1896));
#1879 = ORIENTED_EDGE('',*,*,#1880,.F.);
#1880 = EDGE_CURVE('',#1195,#1881,#1883,.T.);
#1881 = VERTEX_POINT('',#1882);
#1882 = CARTESIAN_POINT('',(0.25,-6.6,4.15));
#1883 = LINE('',#1884,#1885);
#1884 = CARTESIAN_POINT('',(0.25,-6.6,4.15));
#1885 = VECTOR('',#1886,1.);
#1886 = DIRECTION('',(-0.57735026919,0.57735026919,-0.57735026919));
#1887 = ORIENTED_EDGE('',*,*,#1194,.T.);
#1888 = ORIENTED_EDGE('',*,*,#1889,.T.);
#1889 = EDGE_CURVE('',#1197,#1890,#1892,.T.);
#1890 = VERTEX_POINT('',#1891);
#1891 = CARTESIAN_POINT('',(0.25,-6.1,4.15));
#1892 = LINE('',#1893,#1894);
#1893 = CARTESIAN_POINT('',(0.25,-6.1,4.15));
#1894 = VECTOR('',#1895,1.);
#1895 = DIRECTION('',(-0.57735026919,-0.57735026919,-0.57735026919));
#1896 = ORIENTED_EDGE('',*,*,#1897,.F.);
#1897 = EDGE_CURVE('',#1881,#1890,#1898,.T.);
#1898 = LINE('',#1899,#1900);
#1899 = CARTESIAN_POINT('',(0.25,-6.85,4.15));
#1900 = VECTOR('',#1901,1.);
#1901 = DIRECTION('',(1.110223024625E-16,1.,0.));
#1902 = PLANE('',#1903);
#1903 = AXIS2_PLACEMENT_3D('',#1904,#1905,#1906);
#1904 = CARTESIAN_POINT('',(0.375,-6.85,4.275));
#1905 = DIRECTION('',(-0.707106781187,7.850462293414E-17,0.707106781187)
  );
#1906 = DIRECTION('',(1.110223024625E-16,1.,2.68018785873E-29));
#1907 = ADVANCED_FACE('',(#1908),#1926,.T.);
#1908 = FACE_BOUND('',#1909,.T.);
#1909 = EDGE_LOOP('',(#1910,#1911,#1912,#1920));
#1910 = ORIENTED_EDGE('',*,*,#1889,.F.);
#1911 = ORIENTED_EDGE('',*,*,#1220,.T.);
#1912 = ORIENTED_EDGE('',*,*,#1913,.T.);
#1913 = EDGE_CURVE('',#1213,#1914,#1916,.T.);
#1914 = VERTEX_POINT('',#1915);
#1915 = CARTESIAN_POINT('',(-0.25,-6.1,4.15));
#1916 = LINE('',#1917,#1918);
#1917 = CARTESIAN_POINT('',(-0.25,-6.1,4.15));
#1918 = VECTOR('',#1919,1.);
#1919 = DIRECTION('',(0.57735026919,-0.57735026919,-0.57735026919));
#1920 = ORIENTED_EDGE('',*,*,#1921,.F.);
#1921 = EDGE_CURVE('',#1890,#1914,#1922,.T.);
#1922 = LINE('',#1923,#1924);
#1923 = CARTESIAN_POINT('',(0.5,-6.1,4.15));
#1924 = VECTOR('',#1925,1.);
#1925 = DIRECTION('',(-1.,1.110223024625E-16,0.));
#1926 = PLANE('',#1927);
#1927 = AXIS2_PLACEMENT_3D('',#1928,#1929,#1930);
#1928 = CARTESIAN_POINT('',(0.5,-5.975,4.275));
#1929 = DIRECTION('',(-7.850462293414E-17,-0.707106781187,0.707106781187
    ));
#1930 = DIRECTION('',(-1.,1.110223024625E-16,2.680187753847E-29));
#1931 = ADVANCED_FACE('',(#1932),#1950,.T.);
#1932 = FACE_BOUND('',#1933,.T.);
#1933 = EDGE_LOOP('',(#1934,#1935,#1936,#1944));
#1934 = ORIENTED_EDGE('',*,*,#1913,.F.);
#1935 = ORIENTED_EDGE('',*,*,#1212,.T.);
#1936 = ORIENTED_EDGE('',*,*,#1937,.T.);
#1937 = EDGE_CURVE('',#1205,#1938,#1940,.T.);
#1938 = VERTEX_POINT('',#1939);
#1939 = CARTESIAN_POINT('',(-0.25,-6.6,4.15));
#1940 = LINE('',#1941,#1942);
#1941 = CARTESIAN_POINT('',(-0.25,-6.6,4.15));
#1942 = VECTOR('',#1943,1.);
#1943 = DIRECTION('',(0.57735026919,0.57735026919,-0.57735026919));
#1944 = ORIENTED_EDGE('',*,*,#1945,.F.);
#1945 = EDGE_CURVE('',#1914,#1938,#1946,.T.);
#1946 = LINE('',#1947,#1948);
#1947 = CARTESIAN_POINT('',(-0.25,-5.85,4.15));
#1948 = VECTOR('',#1949,1.);
#1949 = DIRECTION('',(-1.110223024625E-16,-1.,0.));
#1950 = PLANE('',#1951);
#1951 = AXIS2_PLACEMENT_3D('',#1952,#1953,#1954);
#1952 = CARTESIAN_POINT('',(-0.375,-5.85,4.275));
#1953 = DIRECTION('',(0.707106781187,-7.850462293414E-17,0.707106781187)
  );
#1954 = DIRECTION('',(-1.110223024625E-16,-1.,2.68018785873E-29));
#1955 = ADVANCED_FACE('',(#1956),#1967,.T.);
#1956 = FACE_BOUND('',#1957,.T.);
#1957 = EDGE_LOOP('',(#1958,#1959,#1960,#1961));
#1958 = ORIENTED_EDGE('',*,*,#1937,.F.);
#1959 = ORIENTED_EDGE('',*,*,#1204,.T.);
#1960 = ORIENTED_EDGE('',*,*,#1880,.T.);
#1961 = ORIENTED_EDGE('',*,*,#1962,.F.);
#1962 = EDGE_CURVE('',#1938,#1881,#1963,.T.);
#1963 = LINE('',#1964,#1965);
#1964 = CARTESIAN_POINT('',(-0.5,-6.6,4.15));
#1965 = VECTOR('',#1966,1.);
#1966 = DIRECTION('',(1.,-1.110223024625E-16,0.));
#1967 = PLANE('',#1968);
#1968 = AXIS2_PLACEMENT_3D('',#1969,#1970,#1971);
#1969 = CARTESIAN_POINT('',(-0.5,-6.725,4.275));
#1970 = DIRECTION('',(7.850462293414E-17,0.707106781187,0.707106781187)
  );
#1971 = DIRECTION('',(1.,-1.110223024625E-16,2.680187753847E-29));
#1972 = ADVANCED_FACE('',(#1973),#1998,.T.);
#1973 = FACE_BOUND('',#1974,.T.);
#1974 = EDGE_LOOP('',(#1975,#1983,#1984,#1992));
#1975 = ORIENTED_EDGE('',*,*,#1976,.F.);
#1976 = EDGE_CURVE('',#1229,#1977,#1979,.T.);
#1977 = VERTEX_POINT('',#1978);
#1978 = CARTESIAN_POINT('',(0.25,-5.33,4.15));
#1979 = LINE('',#1980,#1981);
#1980 = CARTESIAN_POINT('',(0.25,-5.33,4.15));
#1981 = VECTOR('',#1982,1.);
#1982 = DIRECTION('',(-0.57735026919,0.57735026919,-0.57735026919));
#1983 = ORIENTED_EDGE('',*,*,#1228,.T.);
#1984 = ORIENTED_EDGE('',*,*,#1985,.T.);
#1985 = EDGE_CURVE('',#1231,#1986,#1988,.T.);
#1986 = VERTEX_POINT('',#1987);
#1987 = CARTESIAN_POINT('',(0.25,-4.83,4.15));
#1988 = LINE('',#1989,#1990);
#1989 = CARTESIAN_POINT('',(0.25,-4.83,4.15));
#1990 = VECTOR('',#1991,1.);
#1991 = DIRECTION('',(-0.57735026919,-0.57735026919,-0.57735026919));
#1992 = ORIENTED_EDGE('',*,*,#1993,.F.);
#1993 = EDGE_CURVE('',#1977,#1986,#1994,.T.);
#1994 = LINE('',#1995,#1996);
#1995 = CARTESIAN_POINT('',(0.25,-5.58,4.15));
#1996 = VECTOR('',#1997,1.);
#1997 = DIRECTION('',(1.110223024625E-16,1.,0.));
#1998 = PLANE('',#1999);
#1999 = AXIS2_PLACEMENT_3D('',#2000,#2001,#2002);
#2000 = CARTESIAN_POINT('',(0.375,-5.58,4.275));
#2001 = DIRECTION('',(-0.707106781187,7.850462293414E-17,0.707106781187)
  );
#2002 = DIRECTION('',(1.110223024625E-16,1.,2.68018785873E-29));
#2003 = ADVANCED_FACE('',(#2004),#2022,.T.);
#2004 = FACE_BOUND('',#2005,.T.);
#2005 = EDGE_LOOP('',(#2006,#2007,#2008,#2016));
#2006 = ORIENTED_EDGE('',*,*,#1985,.F.);
#2007 = ORIENTED_EDGE('',*,*,#1254,.T.);
#2008 = ORIENTED_EDGE('',*,*,#2009,.T.);
#2009 = EDGE_CURVE('',#1247,#2010,#2012,.T.);
#2010 = VERTEX_POINT('',#2011);
#2011 = CARTESIAN_POINT('',(-0.25,-4.83,4.15));
#2012 = LINE('',#2013,#2014);
#2013 = CARTESIAN_POINT('',(-0.25,-4.83,4.15));
#2014 = VECTOR('',#2015,1.);
#2015 = DIRECTION('',(0.57735026919,-0.57735026919,-0.57735026919));
#2016 = ORIENTED_EDGE('',*,*,#2017,.F.);
#2017 = EDGE_CURVE('',#1986,#2010,#2018,.T.);
#2018 = LINE('',#2019,#2020);
#2019 = CARTESIAN_POINT('',(0.5,-4.83,4.15));
#2020 = VECTOR('',#2021,1.);
#2021 = DIRECTION('',(-1.,1.110223024625E-16,0.));
#2022 = PLANE('',#2023);
#2023 = AXIS2_PLACEMENT_3D('',#2024,#2025,#2026);
#2024 = CARTESIAN_POINT('',(0.5,-4.705,4.275));
#2025 = DIRECTION('',(-7.850462293414E-17,-0.707106781187,0.707106781187
    ));
#2026 = DIRECTION('',(-1.,1.110223024625E-16,2.680187753847E-29));
#2027 = ADVANCED_FACE('',(#2028),#2046,.T.);
#2028 = FACE_BOUND('',#2029,.T.);
#2029 = EDGE_LOOP('',(#2030,#2031,#2032,#2040));
#2030 = ORIENTED_EDGE('',*,*,#2009,.F.);
#2031 = ORIENTED_EDGE('',*,*,#1246,.T.);
#2032 = ORIENTED_EDGE('',*,*,#2033,.T.);
#2033 = EDGE_CURVE('',#1239,#2034,#2036,.T.);
#2034 = VERTEX_POINT('',#2035);
#2035 = CARTESIAN_POINT('',(-0.25,-5.33,4.15));
#2036 = LINE('',#2037,#2038);
#2037 = CARTESIAN_POINT('',(-0.25,-5.33,4.15));
#2038 = VECTOR('',#2039,1.);
#2039 = DIRECTION('',(0.57735026919,0.57735026919,-0.57735026919));
#2040 = ORIENTED_EDGE('',*,*,#2041,.F.);
#2041 = EDGE_CURVE('',#2010,#2034,#2042,.T.);
#2042 = LINE('',#2043,#2044);
#2043 = CARTESIAN_POINT('',(-0.25,-4.58,4.15));
#2044 = VECTOR('',#2045,1.);
#2045 = DIRECTION('',(-1.110223024625E-16,-1.,0.));
#2046 = PLANE('',#2047);
#2047 = AXIS2_PLACEMENT_3D('',#2048,#2049,#2050);
#2048 = CARTESIAN_POINT('',(-0.375,-4.58,4.275));
#2049 = DIRECTION('',(0.707106781187,-7.850462293414E-17,0.707106781187)
  );
#2050 = DIRECTION('',(-1.110223024625E-16,-1.,2.68018785873E-29));
#2051 = ADVANCED_FACE('',(#2052),#2063,.T.);
#2052 = FACE_BOUND('',#2053,.T.);
#2053 = EDGE_LOOP('',(#2054,#2055,#2056,#2057));
#2054 = ORIENTED_EDGE('',*,*,#2033,.F.);
#2055 = ORIENTED_EDGE('',*,*,#1238,.T.);
#2056 = ORIENTED_EDGE('',*,*,#1976,.T.);
#2057 = ORIENTED_EDGE('',*,*,#2058,.F.);
#2058 = EDGE_CURVE('',#2034,#1977,#2059,.T.);
#2059 = LINE('',#2060,#2061);
#2060 = CARTESIAN_POINT('',(-0.5,-5.33,4.15));
#2061 = VECTOR('',#2062,1.);
#2062 = DIRECTION('',(1.,-1.110223024625E-16,0.));
#2063 = PLANE('',#2064);
#2064 = AXIS2_PLACEMENT_3D('',#2065,#2066,#2067);
#2065 = CARTESIAN_POINT('',(-0.5,-5.455,4.275));
#2066 = DIRECTION('',(7.850462293414E-17,0.707106781187,0.707106781187)
  );
#2067 = DIRECTION('',(1.,-1.110223024625E-16,2.680187753847E-29));
#2068 = ADVANCED_FACE('',(#2069),#2094,.T.);
#2069 = FACE_BOUND('',#2070,.T.);
#2070 = EDGE_LOOP('',(#2071,#2079,#2080,#2088));
#2071 = ORIENTED_EDGE('',*,*,#2072,.F.);
#2072 = EDGE_CURVE('',#1263,#2073,#2075,.T.);
#2073 = VERTEX_POINT('',#2074);
#2074 = CARTESIAN_POINT('',(0.25,-4.06,4.15));
#2075 = LINE('',#2076,#2077);
#2076 = CARTESIAN_POINT('',(0.25,-4.06,4.15));
#2077 = VECTOR('',#2078,1.);
#2078 = DIRECTION('',(-0.57735026919,0.57735026919,-0.57735026919));
#2079 = ORIENTED_EDGE('',*,*,#1262,.T.);
#2080 = ORIENTED_EDGE('',*,*,#2081,.T.);
#2081 = EDGE_CURVE('',#1265,#2082,#2084,.T.);
#2082 = VERTEX_POINT('',#2083);
#2083 = CARTESIAN_POINT('',(0.25,-3.56,4.15));
#2084 = LINE('',#2085,#2086);
#2085 = CARTESIAN_POINT('',(0.25,-3.56,4.15));
#2086 = VECTOR('',#2087,1.);
#2087 = DIRECTION('',(-0.57735026919,-0.57735026919,-0.57735026919));
#2088 = ORIENTED_EDGE('',*,*,#2089,.F.);
#2089 = EDGE_CURVE('',#2073,#2082,#2090,.T.);
#2090 = LINE('',#2091,#2092);
#2091 = CARTESIAN_POINT('',(0.25,-4.31,4.15));
#2092 = VECTOR('',#2093,1.);
#2093 = DIRECTION('',(1.110223024625E-16,1.,0.));
#2094 = PLANE('',#2095);
#2095 = AXIS2_PLACEMENT_3D('',#2096,#2097,#2098);
#2096 = CARTESIAN_POINT('',(0.375,-4.31,4.275));
#2097 = DIRECTION('',(-0.707106781187,7.850462293414E-17,0.707106781187)
  );
#2098 = DIRECTION('',(1.110223024625E-16,1.,2.68018785873E-29));
#2099 = ADVANCED_FACE('',(#2100),#2118,.T.);
#2100 = FACE_BOUND('',#2101,.T.);
#2101 = EDGE_LOOP('',(#2102,#2103,#2104,#2112));
#2102 = ORIENTED_EDGE('',*,*,#2081,.F.);
#2103 = ORIENTED_EDGE('',*,*,#1288,.T.);
#2104 = ORIENTED_EDGE('',*,*,#2105,.T.);
#2105 = EDGE_CURVE('',#1281,#2106,#2108,.T.);
#2106 = VERTEX_POINT('',#2107);
#2107 = CARTESIAN_POINT('',(-0.25,-3.56,4.15));
#2108 = LINE('',#2109,#2110);
#2109 = CARTESIAN_POINT('',(-0.25,-3.56,4.15));
#2110 = VECTOR('',#2111,1.);
#2111 = DIRECTION('',(0.57735026919,-0.57735026919,-0.57735026919));
#2112 = ORIENTED_EDGE('',*,*,#2113,.F.);
#2113 = EDGE_CURVE('',#2082,#2106,#2114,.T.);
#2114 = LINE('',#2115,#2116);
#2115 = CARTESIAN_POINT('',(0.5,-3.56,4.15));
#2116 = VECTOR('',#2117,1.);
#2117 = DIRECTION('',(-1.,1.110223024625E-16,0.));
#2118 = PLANE('',#2119);
#2119 = AXIS2_PLACEMENT_3D('',#2120,#2121,#2122);
#2120 = CARTESIAN_POINT('',(0.5,-3.435,4.275));
#2121 = DIRECTION('',(-7.850462293414E-17,-0.707106781187,0.707106781187
    ));
#2122 = DIRECTION('',(-1.,1.110223024625E-16,2.680187753847E-29));
#2123 = ADVANCED_FACE('',(#2124),#2142,.T.);
#2124 = FACE_BOUND('',#2125,.T.);
#2125 = EDGE_LOOP('',(#2126,#2127,#2128,#2136));
#2126 = ORIENTED_EDGE('',*,*,#2105,.F.);
#2127 = ORIENTED_EDGE('',*,*,#1280,.T.);
#2128 = ORIENTED_EDGE('',*,*,#2129,.T.);
#2129 = EDGE_CURVE('',#1273,#2130,#2132,.T.);
#2130 = VERTEX_POINT('',#2131);
#2131 = CARTESIAN_POINT('',(-0.25,-4.06,4.15));
#2132 = LINE('',#2133,#2134);
#2133 = CARTESIAN_POINT('',(-0.25,-4.06,4.15));
#2134 = VECTOR('',#2135,1.);
#2135 = DIRECTION('',(0.57735026919,0.57735026919,-0.57735026919));
#2136 = ORIENTED_EDGE('',*,*,#2137,.F.);
#2137 = EDGE_CURVE('',#2106,#2130,#2138,.T.);
#2138 = LINE('',#2139,#2140);
#2139 = CARTESIAN_POINT('',(-0.25,-3.31,4.15));
#2140 = VECTOR('',#2141,1.);
#2141 = DIRECTION('',(-1.110223024625E-16,-1.,0.));
#2142 = PLANE('',#2143);
#2143 = AXIS2_PLACEMENT_3D('',#2144,#2145,#2146);
#2144 = CARTESIAN_POINT('',(-0.375,-3.31,4.275));
#2145 = DIRECTION('',(0.707106781187,-7.850462293414E-17,0.707106781187)
  );
#2146 = DIRECTION('',(-1.110223024625E-16,-1.,2.68018785873E-29));
#2147 = ADVANCED_FACE('',(#2148),#2159,.T.);
#2148 = FACE_BOUND('',#2149,.T.);
#2149 = EDGE_LOOP('',(#2150,#2151,#2152,#2153));
#2150 = ORIENTED_EDGE('',*,*,#2129,.F.);
#2151 = ORIENTED_EDGE('',*,*,#1272,.T.);
#2152 = ORIENTED_EDGE('',*,*,#2072,.T.);
#2153 = ORIENTED_EDGE('',*,*,#2154,.F.);
#2154 = EDGE_CURVE('',#2130,#2073,#2155,.T.);
#2155 = LINE('',#2156,#2157);
#2156 = CARTESIAN_POINT('',(-0.5,-4.06,4.15));
#2157 = VECTOR('',#2158,1.);
#2158 = DIRECTION('',(1.,-1.110223024625E-16,0.));
#2159 = PLANE('',#2160);
#2160 = AXIS2_PLACEMENT_3D('',#2161,#2162,#2163);
#2161 = CARTESIAN_POINT('',(-0.5,-4.185,4.275));
#2162 = DIRECTION('',(7.850462293414E-17,0.707106781187,0.707106781187)
  );
#2163 = DIRECTION('',(1.,-1.110223024625E-16,2.680187753847E-29));
#2164 = ADVANCED_FACE('',(#2165),#2190,.T.);
#2165 = FACE_BOUND('',#2166,.T.);
#2166 = EDGE_LOOP('',(#2167,#2175,#2176,#2184));
#2167 = ORIENTED_EDGE('',*,*,#2168,.F.);
#2168 = EDGE_CURVE('',#1297,#2169,#2171,.T.);
#2169 = VERTEX_POINT('',#2170);
#2170 = CARTESIAN_POINT('',(0.25,-2.79,4.15));
#2171 = LINE('',#2172,#2173);
#2172 = CARTESIAN_POINT('',(0.25,-2.79,4.15));
#2173 = VECTOR('',#2174,1.);
#2174 = DIRECTION('',(-0.57735026919,0.57735026919,-0.57735026919));
#2175 = ORIENTED_EDGE('',*,*,#1296,.T.);
#2176 = ORIENTED_EDGE('',*,*,#2177,.T.);
#2177 = EDGE_CURVE('',#1299,#2178,#2180,.T.);
#2178 = VERTEX_POINT('',#2179);
#2179 = CARTESIAN_POINT('',(0.25,-2.29,4.15));
#2180 = LINE('',#2181,#2182);
#2181 = CARTESIAN_POINT('',(0.25,-2.29,4.15));
#2182 = VECTOR('',#2183,1.);
#2183 = DIRECTION('',(-0.57735026919,-0.57735026919,-0.57735026919));
#2184 = ORIENTED_EDGE('',*,*,#2185,.F.);
#2185 = EDGE_CURVE('',#2169,#2178,#2186,.T.);
#2186 = LINE('',#2187,#2188);
#2187 = CARTESIAN_POINT('',(0.25,-3.04,4.15));
#2188 = VECTOR('',#2189,1.);
#2189 = DIRECTION('',(1.110223024625E-16,1.,0.));
#2190 = PLANE('',#2191);
#2191 = AXIS2_PLACEMENT_3D('',#2192,#2193,#2194);
#2192 = CARTESIAN_POINT('',(0.375,-3.04,4.275));
#2193 = DIRECTION('',(-0.707106781187,7.850462293414E-17,0.707106781187)
  );
#2194 = DIRECTION('',(1.110223024625E-16,1.,2.68018785873E-29));
#2195 = ADVANCED_FACE('',(#2196),#2214,.T.);
#2196 = FACE_BOUND('',#2197,.T.);
#2197 = EDGE_LOOP('',(#2198,#2199,#2200,#2208));
#2198 = ORIENTED_EDGE('',*,*,#2177,.F.);
#2199 = ORIENTED_EDGE('',*,*,#1322,.T.);
#2200 = ORIENTED_EDGE('',*,*,#2201,.T.);
#2201 = EDGE_CURVE('',#1315,#2202,#2204,.T.);
#2202 = VERTEX_POINT('',#2203);
#2203 = CARTESIAN_POINT('',(-0.25,-2.29,4.15));
#2204 = LINE('',#2205,#2206);
#2205 = CARTESIAN_POINT('',(-0.25,-2.29,4.15));
#2206 = VECTOR('',#2207,1.);
#2207 = DIRECTION('',(0.57735026919,-0.57735026919,-0.57735026919));
#2208 = ORIENTED_EDGE('',*,*,#2209,.F.);
#2209 = EDGE_CURVE('',#2178,#2202,#2210,.T.);
#2210 = LINE('',#2211,#2212);
#2211 = CARTESIAN_POINT('',(0.5,-2.29,4.15));
#2212 = VECTOR('',#2213,1.);
#2213 = DIRECTION('',(-1.,1.110223024625E-16,0.));
#2214 = PLANE('',#2215);
#2215 = AXIS2_PLACEMENT_3D('',#2216,#2217,#2218);
#2216 = CARTESIAN_POINT('',(0.5,-2.165,4.275));
#2217 = DIRECTION('',(-7.850462293414E-17,-0.707106781187,0.707106781187
    ));
#2218 = DIRECTION('',(-1.,1.110223024625E-16,2.680187753847E-29));
#2219 = ADVANCED_FACE('',(#2220),#2238,.T.);
#2220 = FACE_BOUND('',#2221,.T.);
#2221 = EDGE_LOOP('',(#2222,#2223,#2224,#2232));
#2222 = ORIENTED_EDGE('',*,*,#2201,.F.);
#2223 = ORIENTED_EDGE('',*,*,#1314,.T.);
#2224 = ORIENTED_EDGE('',*,*,#2225,.T.);
#2225 = EDGE_CURVE('',#1307,#2226,#2228,.T.);
#2226 = VERTEX_POINT('',#2227);
#2227 = CARTESIAN_POINT('',(-0.25,-2.79,4.15));
#2228 = LINE('',#2229,#2230);
#2229 = CARTESIAN_POINT('',(-0.25,-2.79,4.15));
#2230 = VECTOR('',#2231,1.);
#2231 = DIRECTION('',(0.57735026919,0.57735026919,-0.57735026919));
#2232 = ORIENTED_EDGE('',*,*,#2233,.F.);
#2233 = EDGE_CURVE('',#2202,#2226,#2234,.T.);
#2234 = LINE('',#2235,#2236);
#2235 = CARTESIAN_POINT('',(-0.25,-2.04,4.15));
#2236 = VECTOR('',#2237,1.);
#2237 = DIRECTION('',(-1.110223024625E-16,-1.,0.));
#2238 = PLANE('',#2239);
#2239 = AXIS2_PLACEMENT_3D('',#2240,#2241,#2242);
#2240 = CARTESIAN_POINT('',(-0.375,-2.04,4.275));
#2241 = DIRECTION('',(0.707106781187,-7.850462293414E-17,0.707106781187)
  );
#2242 = DIRECTION('',(-1.110223024625E-16,-1.,2.68018785873E-29));
#2243 = ADVANCED_FACE('',(#2244),#2255,.T.);
#2244 = FACE_BOUND('',#2245,.T.);
#2245 = EDGE_LOOP('',(#2246,#2247,#2248,#2249));
#2246 = ORIENTED_EDGE('',*,*,#2225,.F.);
#2247 = ORIENTED_EDGE('',*,*,#1306,.T.);
#2248 = ORIENTED_EDGE('',*,*,#2168,.T.);
#2249 = ORIENTED_EDGE('',*,*,#2250,.F.);
#2250 = EDGE_CURVE('',#2226,#2169,#2251,.T.);
#2251 = LINE('',#2252,#2253);
#2252 = CARTESIAN_POINT('',(-0.5,-2.79,4.15));
#2253 = VECTOR('',#2254,1.);
#2254 = DIRECTION('',(1.,-1.110223024625E-16,0.));
#2255 = PLANE('',#2256);
#2256 = AXIS2_PLACEMENT_3D('',#2257,#2258,#2259);
#2257 = CARTESIAN_POINT('',(-0.5,-2.915,4.275));
#2258 = DIRECTION('',(7.850462293414E-17,0.707106781187,0.707106781187)
  );
#2259 = DIRECTION('',(1.,-1.110223024625E-16,2.680187753847E-29));
#2260 = ADVANCED_FACE('',(#2261),#2286,.T.);
#2261 = FACE_BOUND('',#2262,.T.);
#2262 = EDGE_LOOP('',(#2263,#2271,#2272,#2280));
#2263 = ORIENTED_EDGE('',*,*,#2264,.F.);
#2264 = EDGE_CURVE('',#1331,#2265,#2267,.T.);
#2265 = VERTEX_POINT('',#2266);
#2266 = CARTESIAN_POINT('',(0.25,-1.52,4.15));
#2267 = LINE('',#2268,#2269);
#2268 = CARTESIAN_POINT('',(0.25,-1.52,4.15));
#2269 = VECTOR('',#2270,1.);
#2270 = DIRECTION('',(-0.57735026919,0.57735026919,-0.57735026919));
#2271 = ORIENTED_EDGE('',*,*,#1330,.T.);
#2272 = ORIENTED_EDGE('',*,*,#2273,.T.);
#2273 = EDGE_CURVE('',#1333,#2274,#2276,.T.);
#2274 = VERTEX_POINT('',#2275);
#2275 = CARTESIAN_POINT('',(0.25,-1.02,4.15));
#2276 = LINE('',#2277,#2278);
#2277 = CARTESIAN_POINT('',(0.25,-1.02,4.15));
#2278 = VECTOR('',#2279,1.);
#2279 = DIRECTION('',(-0.57735026919,-0.57735026919,-0.57735026919));
#2280 = ORIENTED_EDGE('',*,*,#2281,.F.);
#2281 = EDGE_CURVE('',#2265,#2274,#2282,.T.);
#2282 = LINE('',#2283,#2284);
#2283 = CARTESIAN_POINT('',(0.25,-1.77,4.15));
#2284 = VECTOR('',#2285,1.);
#2285 = DIRECTION('',(1.110223024625E-16,1.,0.));
#2286 = PLANE('',#2287);
#2287 = AXIS2_PLACEMENT_3D('',#2288,#2289,#2290);
#2288 = CARTESIAN_POINT('',(0.375,-1.77,4.275));
#2289 = DIRECTION('',(-0.707106781187,7.850462293414E-17,0.707106781187)
  );
#2290 = DIRECTION('',(1.110223024625E-16,1.,2.68018785873E-29));
#2291 = ADVANCED_FACE('',(#2292),#2310,.T.);
#2292 = FACE_BOUND('',#2293,.T.);
#2293 = EDGE_LOOP('',(#2294,#2295,#2296,#2304));
#2294 = ORIENTED_EDGE('',*,*,#2273,.F.);
#2295 = ORIENTED_EDGE('',*,*,#1356,.T.);
#2296 = ORIENTED_EDGE('',*,*,#2297,.T.);
#2297 = EDGE_CURVE('',#1349,#2298,#2300,.T.);
#2298 = VERTEX_POINT('',#2299);
#2299 = CARTESIAN_POINT('',(-0.25,-1.02,4.15));
#2300 = LINE('',#2301,#2302);
#2301 = CARTESIAN_POINT('',(-0.25,-1.02,4.15));
#2302 = VECTOR('',#2303,1.);
#2303 = DIRECTION('',(0.57735026919,-0.57735026919,-0.57735026919));
#2304 = ORIENTED_EDGE('',*,*,#2305,.F.);
#2305 = EDGE_CURVE('',#2274,#2298,#2306,.T.);
#2306 = LINE('',#2307,#2308);
#2307 = CARTESIAN_POINT('',(0.5,-1.02,4.15));
#2308 = VECTOR('',#2309,1.);
#2309 = DIRECTION('',(-1.,1.110223024625E-16,0.));
#2310 = PLANE('',#2311);
#2311 = AXIS2_PLACEMENT_3D('',#2312,#2313,#2314);
#2312 = CARTESIAN_POINT('',(0.5,-0.895,4.275));
#2313 = DIRECTION('',(-7.850462293414E-17,-0.707106781187,0.707106781187
    ));
#2314 = DIRECTION('',(-1.,1.110223024625E-16,2.680187753847E-29));
#2315 = ADVANCED_FACE('',(#2316),#2334,.T.);
#2316 = FACE_BOUND('',#2317,.T.);
#2317 = EDGE_LOOP('',(#2318,#2319,#2320,#2328));
#2318 = ORIENTED_EDGE('',*,*,#2297,.F.);
#2319 = ORIENTED_EDGE('',*,*,#1348,.T.);
#2320 = ORIENTED_EDGE('',*,*,#2321,.T.);
#2321 = EDGE_CURVE('',#1341,#2322,#2324,.T.);
#2322 = VERTEX_POINT('',#2323);
#2323 = CARTESIAN_POINT('',(-0.25,-1.52,4.15));
#2324 = LINE('',#2325,#2326);
#2325 = CARTESIAN_POINT('',(-0.25,-1.52,4.15));
#2326 = VECTOR('',#2327,1.);
#2327 = DIRECTION('',(0.57735026919,0.57735026919,-0.57735026919));
#2328 = ORIENTED_EDGE('',*,*,#2329,.F.);
#2329 = EDGE_CURVE('',#2298,#2322,#2330,.T.);
#2330 = LINE('',#2331,#2332);
#2331 = CARTESIAN_POINT('',(-0.25,-0.77,4.15));
#2332 = VECTOR('',#2333,1.);
#2333 = DIRECTION('',(-1.110223024625E-16,-1.,0.));
#2334 = PLANE('',#2335);
#2335 = AXIS2_PLACEMENT_3D('',#2336,#2337,#2338);
#2336 = CARTESIAN_POINT('',(-0.375,-0.77,4.275));
#2337 = DIRECTION('',(0.707106781187,-7.850462293414E-17,0.707106781187)
  );
#2338 = DIRECTION('',(-1.110223024625E-16,-1.,2.68018785873E-29));
#2339 = ADVANCED_FACE('',(#2340),#2351,.T.);
#2340 = FACE_BOUND('',#2341,.T.);
#2341 = EDGE_LOOP('',(#2342,#2343,#2344,#2345));
#2342 = ORIENTED_EDGE('',*,*,#2321,.F.);
#2343 = ORIENTED_EDGE('',*,*,#1340,.T.);
#2344 = ORIENTED_EDGE('',*,*,#2264,.T.);
#2345 = ORIENTED_EDGE('',*,*,#2346,.F.);
#2346 = EDGE_CURVE('',#2322,#2265,#2347,.T.);
#2347 = LINE('',#2348,#2349);
#2348 = CARTESIAN_POINT('',(-0.5,-1.52,4.15));
#2349 = VECTOR('',#2350,1.);
#2350 = DIRECTION('',(1.,-1.110223024625E-16,0.));
#2351 = PLANE('',#2352);
#2352 = AXIS2_PLACEMENT_3D('',#2353,#2354,#2355);
#2353 = CARTESIAN_POINT('',(-0.5,-1.645,4.275));
#2354 = DIRECTION('',(7.850462293414E-17,0.707106781187,0.707106781187)
  );
#2355 = DIRECTION('',(1.,-1.110223024625E-16,2.680187753847E-29));
#2356 = ADVANCED_FACE('',(#2357),#2382,.T.);
#2357 = FACE_BOUND('',#2358,.T.);
#2358 = EDGE_LOOP('',(#2359,#2367,#2368,#2376));
#2359 = ORIENTED_EDGE('',*,*,#2360,.F.);
#2360 = EDGE_CURVE('',#1365,#2361,#2363,.T.);
#2361 = VERTEX_POINT('',#2362);
#2362 = CARTESIAN_POINT('',(0.25,-0.25,4.15));
#2363 = LINE('',#2364,#2365);
#2364 = CARTESIAN_POINT('',(0.25,-0.25,4.15));
#2365 = VECTOR('',#2366,1.);
#2366 = DIRECTION('',(-0.57735026919,0.57735026919,-0.57735026919));
#2367 = ORIENTED_EDGE('',*,*,#1364,.T.);
#2368 = ORIENTED_EDGE('',*,*,#2369,.T.);
#2369 = EDGE_CURVE('',#1367,#2370,#2372,.T.);
#2370 = VERTEX_POINT('',#2371);
#2371 = CARTESIAN_POINT('',(0.25,0.25,4.15));
#2372 = LINE('',#2373,#2374);
#2373 = CARTESIAN_POINT('',(0.25,0.25,4.15));
#2374 = VECTOR('',#2375,1.);
#2375 = DIRECTION('',(-0.57735026919,-0.57735026919,-0.57735026919));
#2376 = ORIENTED_EDGE('',*,*,#2377,.F.);
#2377 = EDGE_CURVE('',#2361,#2370,#2378,.T.);
#2378 = LINE('',#2379,#2380);
#2379 = CARTESIAN_POINT('',(0.25,-0.5,4.15));
#2380 = VECTOR('',#2381,1.);
#2381 = DIRECTION('',(1.110223024625E-16,1.,0.));
#2382 = PLANE('',#2383);
#2383 = AXIS2_PLACEMENT_3D('',#2384,#2385,#2386);
#2384 = CARTESIAN_POINT('',(0.375,-0.5,4.275));
#2385 = DIRECTION('',(-0.707106781187,7.850462293414E-17,0.707106781187)
  );
#2386 = DIRECTION('',(1.110223024625E-16,1.,2.68018785873E-29));
#2387 = ADVANCED_FACE('',(#2388),#2406,.T.);
#2388 = FACE_BOUND('',#2389,.T.);
#2389 = EDGE_LOOP('',(#2390,#2391,#2392,#2400));
#2390 = ORIENTED_EDGE('',*,*,#2369,.F.);
#2391 = ORIENTED_EDGE('',*,*,#1390,.T.);
#2392 = ORIENTED_EDGE('',*,*,#2393,.T.);
#2393 = EDGE_CURVE('',#1383,#2394,#2396,.T.);
#2394 = VERTEX_POINT('',#2395);
#2395 = CARTESIAN_POINT('',(-0.25,0.25,4.15));
#2396 = LINE('',#2397,#2398);
#2397 = CARTESIAN_POINT('',(-0.25,0.25,4.15));
#2398 = VECTOR('',#2399,1.);
#2399 = DIRECTION('',(0.57735026919,-0.57735026919,-0.57735026919));
#2400 = ORIENTED_EDGE('',*,*,#2401,.F.);
#2401 = EDGE_CURVE('',#2370,#2394,#2402,.T.);
#2402 = LINE('',#2403,#2404);
#2403 = CARTESIAN_POINT('',(0.5,0.25,4.15));
#2404 = VECTOR('',#2405,1.);
#2405 = DIRECTION('',(-1.,1.110223024625E-16,0.));
#2406 = PLANE('',#2407);
#2407 = AXIS2_PLACEMENT_3D('',#2408,#2409,#2410);
#2408 = CARTESIAN_POINT('',(0.5,0.375,4.275));
#2409 = DIRECTION('',(-7.850462293414E-17,-0.707106781187,0.707106781187
    ));
#2410 = DIRECTION('',(-1.,1.110223024625E-16,2.680187753847E-29));
#2411 = ADVANCED_FACE('',(#2412),#2430,.T.);
#2412 = FACE_BOUND('',#2413,.T.);
#2413 = EDGE_LOOP('',(#2414,#2415,#2416,#2424));
#2414 = ORIENTED_EDGE('',*,*,#2393,.F.);
#2415 = ORIENTED_EDGE('',*,*,#1382,.T.);
#2416 = ORIENTED_EDGE('',*,*,#2417,.T.);
#2417 = EDGE_CURVE('',#1375,#2418,#2420,.T.);
#2418 = VERTEX_POINT('',#2419);
#2419 = CARTESIAN_POINT('',(-0.25,-0.25,4.15));
#2420 = LINE('',#2421,#2422);
#2421 = CARTESIAN_POINT('',(-0.25,-0.25,4.15));
#2422 = VECTOR('',#2423,1.);
#2423 = DIRECTION('',(0.57735026919,0.57735026919,-0.57735026919));
#2424 = ORIENTED_EDGE('',*,*,#2425,.F.);
#2425 = EDGE_CURVE('',#2394,#2418,#2426,.T.);
#2426 = LINE('',#2427,#2428);
#2427 = CARTESIAN_POINT('',(-0.25,0.5,4.15));
#2428 = VECTOR('',#2429,1.);
#2429 = DIRECTION('',(-1.110223024625E-16,-1.,0.));
#2430 = PLANE('',#2431);
#2431 = AXIS2_PLACEMENT_3D('',#2432,#2433,#2434);
#2432 = CARTESIAN_POINT('',(-0.375,0.5,4.275));
#2433 = DIRECTION('',(0.707106781187,-7.850462293414E-17,0.707106781187)
  );
#2434 = DIRECTION('',(-1.110223024625E-16,-1.,2.68018785873E-29));
#2435 = ADVANCED_FACE('',(#2436),#2447,.T.);
#2436 = FACE_BOUND('',#2437,.T.);
#2437 = EDGE_LOOP('',(#2438,#2439,#2440,#2441));
#2438 = ORIENTED_EDGE('',*,*,#2417,.F.);
#2439 = ORIENTED_EDGE('',*,*,#1374,.T.);
#2440 = ORIENTED_EDGE('',*,*,#2360,.T.);
#2441 = ORIENTED_EDGE('',*,*,#2442,.F.);
#2442 = EDGE_CURVE('',#2418,#2361,#2443,.T.);
#2443 = LINE('',#2444,#2445);
#2444 = CARTESIAN_POINT('',(-0.5,-0.25,4.15));
#2445 = VECTOR('',#2446,1.);
#2446 = DIRECTION('',(1.,-1.110223024625E-16,0.));
#2447 = PLANE('',#2448);
#2448 = AXIS2_PLACEMENT_3D('',#2449,#2450,#2451);
#2449 = CARTESIAN_POINT('',(-0.5,-0.375,4.275));
#2450 = DIRECTION('',(7.850462293414E-17,0.707106781187,0.707106781187)
  );
#2451 = DIRECTION('',(1.,-1.110223024625E-16,2.680187753847E-29));
#2452 = ADVANCED_FACE('',(#2453),#2464,.T.);
#2453 = FACE_BOUND('',#2454,.T.);
#2454 = EDGE_LOOP('',(#2455,#2456,#2457,#2463));
#2455 = ORIENTED_EDGE('',*,*,#1454,.F.);
#2456 = ORIENTED_EDGE('',*,*,#1464,.T.);
#2457 = ORIENTED_EDGE('',*,*,#2458,.T.);
#2458 = EDGE_CURVE('',#1465,#1505,#2459,.T.);
#2459 = LINE('',#2460,#2461);
#2460 = CARTESIAN_POINT('',(-0.1,-4.06,0.2));
#2461 = VECTOR('',#2462,1.);
#2462 = DIRECTION('',(1.,-1.110223024625E-16,0.));
#2463 = ORIENTED_EDGE('',*,*,#1512,.T.);
#2464 = PLANE('',#2465);
#2465 = AXIS2_PLACEMENT_3D('',#2466,#2467,#2468);
#2466 = CARTESIAN_POINT('',(-0.1,-4.06,0.2));
#2467 = DIRECTION('',(0.,-0.,-1.));
#2468 = DIRECTION('',(-1.110223024625E-16,-1.,0.));
#2469 = ADVANCED_FACE('',(#2470),#2511,.F.);
#2470 = FACE_BOUND('',#2471,.F.);
#2471 = EDGE_LOOP('',(#2472,#2480,#2481,#2489,#2497,#2505));
#2472 = ORIENTED_EDGE('',*,*,#2473,.T.);
#2473 = EDGE_CURVE('',#2474,#1505,#2476,.T.);
#2474 = VERTEX_POINT('',#2475);
#2475 = CARTESIAN_POINT('',(0.1,-4.06,-2.1));
#2476 = LINE('',#2477,#2478);
#2477 = CARTESIAN_POINT('',(0.1,-4.06,-2.1));
#2478 = VECTOR('',#2479,1.);
#2479 = DIRECTION('',(0.,0.,1.));
#2480 = ORIENTED_EDGE('',*,*,#1504,.F.);
#2481 = ORIENTED_EDGE('',*,*,#2482,.T.);
#2482 = EDGE_CURVE('',#1497,#2483,#2485,.T.);
#2483 = VERTEX_POINT('',#2484);
#2484 = CARTESIAN_POINT('',(0.1,-3.56,-2.1));
#2485 = LINE('',#2486,#2487);
#2486 = CARTESIAN_POINT('',(0.1,-3.56,0.2));
#2487 = VECTOR('',#2488,1.);
#2488 = DIRECTION('',(0.,0.,-1.));
#2489 = ORIENTED_EDGE('',*,*,#2490,.T.);
#2490 = EDGE_CURVE('',#2483,#2491,#2493,.T.);
#2491 = VERTEX_POINT('',#2492);
#2492 = CARTESIAN_POINT('',(0.1,-3.685,-2.6));
#2493 = LINE('',#2494,#2495);
#2494 = CARTESIAN_POINT('',(0.1,-3.56,-2.1));
#2495 = VECTOR('',#2496,1.);
#2496 = DIRECTION('',(-2.692686352073E-17,-0.242535625036,
    -0.970142500145));
#2497 = ORIENTED_EDGE('',*,*,#2498,.T.);
#2498 = EDGE_CURVE('',#2491,#2499,#2501,.T.);
#2499 = VERTEX_POINT('',#2500);
#2500 = CARTESIAN_POINT('',(0.1,-3.935,-2.6));
#2501 = LINE('',#2502,#2503);
#2502 = CARTESIAN_POINT('',(0.1,-3.685,-2.6));
#2503 = VECTOR('',#2504,1.);
#2504 = DIRECTION('',(-1.110223024625E-16,-1.,0.));
#2505 = ORIENTED_EDGE('',*,*,#2506,.T.);
#2506 = EDGE_CURVE('',#2499,#2474,#2507,.T.);
#2507 = LINE('',#2508,#2509);
#2508 = CARTESIAN_POINT('',(0.1,-3.935,-2.6));
#2509 = VECTOR('',#2510,1.);
#2510 = DIRECTION('',(-2.692686352073E-17,-0.242535625036,0.970142500145
    ));
#2511 = PLANE('',#2512);
#2512 = AXIS2_PLACEMENT_3D('',#2513,#2514,#2515);
#2513 = CARTESIAN_POINT('',(0.1,-3.81,1.92709124047));
#2514 = DIRECTION('',(-1.,1.110223024625E-16,0.));
#2515 = DIRECTION('',(0.,0.,1.));
#2516 = ADVANCED_FACE('',(#2517),#2528,.T.);
#2517 = FACE_BOUND('',#2518,.T.);
#2518 = EDGE_LOOP('',(#2519,#2525,#2526,#2527));
#2519 = ORIENTED_EDGE('',*,*,#2520,.F.);
#2520 = EDGE_CURVE('',#1473,#1497,#2521,.T.);
#2521 = LINE('',#2522,#2523);
#2522 = CARTESIAN_POINT('',(-0.1,-3.56,0.2));
#2523 = VECTOR('',#2524,1.);
#2524 = DIRECTION('',(1.,-1.110223024625E-16,0.));
#2525 = ORIENTED_EDGE('',*,*,#1480,.T.);
#2526 = ORIENTED_EDGE('',*,*,#1488,.T.);
#2527 = ORIENTED_EDGE('',*,*,#1496,.T.);
#2528 = PLANE('',#2529);
#2529 = AXIS2_PLACEMENT_3D('',#2530,#2531,#2532);
#2530 = CARTESIAN_POINT('',(-0.1,-4.06,0.2));
#2531 = DIRECTION('',(0.,-0.,-1.));
#2532 = DIRECTION('',(-1.110223024625E-16,-1.,0.));
#2533 = ADVANCED_FACE('',(#2534),#2575,.T.);
#2534 = FACE_BOUND('',#2535,.T.);
#2535 = EDGE_LOOP('',(#2536,#2544,#2545,#2553,#2561,#2569));
#2536 = ORIENTED_EDGE('',*,*,#2537,.T.);
#2537 = EDGE_CURVE('',#2538,#1465,#2540,.T.);
#2538 = VERTEX_POINT('',#2539);
#2539 = CARTESIAN_POINT('',(-0.1,-4.06,-2.1));
#2540 = LINE('',#2541,#2542);
#2541 = CARTESIAN_POINT('',(-0.1,-4.06,-2.1));
#2542 = VECTOR('',#2543,1.);
#2543 = DIRECTION('',(0.,0.,1.));
#2544 = ORIENTED_EDGE('',*,*,#1472,.F.);
#2545 = ORIENTED_EDGE('',*,*,#2546,.T.);
#2546 = EDGE_CURVE('',#1473,#2547,#2549,.T.);
#2547 = VERTEX_POINT('',#2548);
#2548 = CARTESIAN_POINT('',(-0.1,-3.56,-2.1));
#2549 = LINE('',#2550,#2551);
#2550 = CARTESIAN_POINT('',(-0.1,-3.56,0.2));
#2551 = VECTOR('',#2552,1.);
#2552 = DIRECTION('',(0.,0.,-1.));
#2553 = ORIENTED_EDGE('',*,*,#2554,.T.);
#2554 = EDGE_CURVE('',#2547,#2555,#2557,.T.);
#2555 = VERTEX_POINT('',#2556);
#2556 = CARTESIAN_POINT('',(-0.1,-3.685,-2.6));
#2557 = LINE('',#2558,#2559);
#2558 = CARTESIAN_POINT('',(-0.1,-3.56,-2.1));
#2559 = VECTOR('',#2560,1.);
#2560 = DIRECTION('',(-2.692686352073E-17,-0.242535625036,
    -0.970142500145));
#2561 = ORIENTED_EDGE('',*,*,#2562,.F.);
#2562 = EDGE_CURVE('',#2563,#2555,#2565,.T.);
#2563 = VERTEX_POINT('',#2564);
#2564 = CARTESIAN_POINT('',(-0.1,-3.935,-2.6));
#2565 = LINE('',#2566,#2567);
#2566 = CARTESIAN_POINT('',(-0.1,-3.935,-2.6));
#2567 = VECTOR('',#2568,1.);
#2568 = DIRECTION('',(1.110223024625E-16,1.,0.));
#2569 = ORIENTED_EDGE('',*,*,#2570,.T.);
#2570 = EDGE_CURVE('',#2563,#2538,#2571,.T.);
#2571 = LINE('',#2572,#2573);
#2572 = CARTESIAN_POINT('',(-0.1,-3.935,-2.6));
#2573 = VECTOR('',#2574,1.);
#2574 = DIRECTION('',(-2.692686352073E-17,-0.242535625036,0.970142500145
    ));
#2575 = PLANE('',#2576);
#2576 = AXIS2_PLACEMENT_3D('',#2577,#2578,#2579);
#2577 = CARTESIAN_POINT('',(-0.1,-3.81,1.92709124047));
#2578 = DIRECTION('',(-1.,1.110223024625E-16,0.));
#2579 = DIRECTION('',(0.,0.,1.));
#2580 = ADVANCED_FACE('',(#2581),#2592,.T.);
#2581 = FACE_BOUND('',#2582,.T.);
#2582 = EDGE_LOOP('',(#2583,#2584,#2585,#2591));
#2583 = ORIENTED_EDGE('',*,*,#1520,.F.);
#2584 = ORIENTED_EDGE('',*,*,#1530,.T.);
#2585 = ORIENTED_EDGE('',*,*,#2586,.T.);
#2586 = EDGE_CURVE('',#1531,#1571,#2587,.T.);
#2587 = LINE('',#2588,#2589);
#2588 = CARTESIAN_POINT('',(-0.1,-6.6,0.2));
#2589 = VECTOR('',#2590,1.);
#2590 = DIRECTION('',(1.,-1.110223024625E-16,0.));
#2591 = ORIENTED_EDGE('',*,*,#1578,.T.);
#2592 = PLANE('',#2593);
#2593 = AXIS2_PLACEMENT_3D('',#2594,#2595,#2596);
#2594 = CARTESIAN_POINT('',(-0.1,-6.6,0.2));
#2595 = DIRECTION('',(0.,-0.,-1.));
#2596 = DIRECTION('',(-1.110223024625E-16,-1.,0.));
#2597 = ADVANCED_FACE('',(#2598),#2639,.F.);
#2598 = FACE_BOUND('',#2599,.F.);
#2599 = EDGE_LOOP('',(#2600,#2608,#2609,#2617,#2625,#2633));
#2600 = ORIENTED_EDGE('',*,*,#2601,.T.);
#2601 = EDGE_CURVE('',#2602,#1571,#2604,.T.);
#2602 = VERTEX_POINT('',#2603);
#2603 = CARTESIAN_POINT('',(0.1,-6.6,-2.1));
#2604 = LINE('',#2605,#2606);
#2605 = CARTESIAN_POINT('',(0.1,-6.6,-2.1));
#2606 = VECTOR('',#2607,1.);
#2607 = DIRECTION('',(0.,0.,1.));
#2608 = ORIENTED_EDGE('',*,*,#1570,.F.);
#2609 = ORIENTED_EDGE('',*,*,#2610,.T.);
#2610 = EDGE_CURVE('',#1563,#2611,#2613,.T.);
#2611 = VERTEX_POINT('',#2612);
#2612 = CARTESIAN_POINT('',(0.1,-6.1,-2.1));
#2613 = LINE('',#2614,#2615);
#2614 = CARTESIAN_POINT('',(0.1,-6.1,0.2));
#2615 = VECTOR('',#2616,1.);
#2616 = DIRECTION('',(0.,0.,-1.));
#2617 = ORIENTED_EDGE('',*,*,#2618,.T.);
#2618 = EDGE_CURVE('',#2611,#2619,#2621,.T.);
#2619 = VERTEX_POINT('',#2620);
#2620 = CARTESIAN_POINT('',(0.1,-6.225,-2.6));
#2621 = LINE('',#2622,#2623);
#2622 = CARTESIAN_POINT('',(0.1,-6.1,-2.1));
#2623 = VECTOR('',#2624,1.);
#2624 = DIRECTION('',(-2.692686352073E-17,-0.242535625036,
    -0.970142500145));
#2625 = ORIENTED_EDGE('',*,*,#2626,.T.);
#2626 = EDGE_CURVE('',#2619,#2627,#2629,.T.);
#2627 = VERTEX_POINT('',#2628);
#2628 = CARTESIAN_POINT('',(0.1,-6.475,-2.6));
#2629 = LINE('',#2630,#2631);
#2630 = CARTESIAN_POINT('',(0.1,-6.225,-2.6));
#2631 = VECTOR('',#2632,1.);
#2632 = DIRECTION('',(-1.110223024625E-16,-1.,0.));
#2633 = ORIENTED_EDGE('',*,*,#2634,.T.);
#2634 = EDGE_CURVE('',#2627,#2602,#2635,.T.);
#2635 = LINE('',#2636,#2637);
#2636 = CARTESIAN_POINT('',(0.1,-6.475,-2.6));
#2637 = VECTOR('',#2638,1.);
#2638 = DIRECTION('',(-2.692686352073E-17,-0.242535625036,0.970142500145
    ));
#2639 = PLANE('',#2640);
#2640 = AXIS2_PLACEMENT_3D('',#2641,#2642,#2643);
#2641 = CARTESIAN_POINT('',(0.1,-6.35,1.92709124047));
#2642 = DIRECTION('',(-1.,1.110223024625E-16,0.));
#2643 = DIRECTION('',(0.,0.,1.));
#2644 = ADVANCED_FACE('',(#2645),#2656,.T.);
#2645 = FACE_BOUND('',#2646,.T.);
#2646 = EDGE_LOOP('',(#2647,#2653,#2654,#2655));
#2647 = ORIENTED_EDGE('',*,*,#2648,.F.);
#2648 = EDGE_CURVE('',#1539,#1563,#2649,.T.);
#2649 = LINE('',#2650,#2651);
#2650 = CARTESIAN_POINT('',(-0.1,-6.1,0.2));
#2651 = VECTOR('',#2652,1.);
#2652 = DIRECTION('',(1.,-1.110223024625E-16,0.));
#2653 = ORIENTED_EDGE('',*,*,#1546,.T.);
#2654 = ORIENTED_EDGE('',*,*,#1554,.T.);
#2655 = ORIENTED_EDGE('',*,*,#1562,.T.);
#2656 = PLANE('',#2657);
#2657 = AXIS2_PLACEMENT_3D('',#2658,#2659,#2660);
#2658 = CARTESIAN_POINT('',(-0.1,-6.6,0.2));
#2659 = DIRECTION('',(0.,-0.,-1.));
#2660 = DIRECTION('',(-1.110223024625E-16,-1.,0.));
#2661 = ADVANCED_FACE('',(#2662),#2703,.T.);
#2662 = FACE_BOUND('',#2663,.T.);
#2663 = EDGE_LOOP('',(#2664,#2672,#2673,#2681,#2689,#2697));
#2664 = ORIENTED_EDGE('',*,*,#2665,.T.);
#2665 = EDGE_CURVE('',#2666,#1531,#2668,.T.);
#2666 = VERTEX_POINT('',#2667);
#2667 = CARTESIAN_POINT('',(-0.1,-6.6,-2.1));
#2668 = LINE('',#2669,#2670);
#2669 = CARTESIAN_POINT('',(-0.1,-6.6,-2.1));
#2670 = VECTOR('',#2671,1.);
#2671 = DIRECTION('',(0.,0.,1.));
#2672 = ORIENTED_EDGE('',*,*,#1538,.F.);
#2673 = ORIENTED_EDGE('',*,*,#2674,.T.);
#2674 = EDGE_CURVE('',#1539,#2675,#2677,.T.);
#2675 = VERTEX_POINT('',#2676);
#2676 = CARTESIAN_POINT('',(-0.1,-6.1,-2.1));
#2677 = LINE('',#2678,#2679);
#2678 = CARTESIAN_POINT('',(-0.1,-6.1,0.2));
#2679 = VECTOR('',#2680,1.);
#2680 = DIRECTION('',(0.,0.,-1.));
#2681 = ORIENTED_EDGE('',*,*,#2682,.T.);
#2682 = EDGE_CURVE('',#2675,#2683,#2685,.T.);
#2683 = VERTEX_POINT('',#2684);
#2684 = CARTESIAN_POINT('',(-0.1,-6.225,-2.6));
#2685 = LINE('',#2686,#2687);
#2686 = CARTESIAN_POINT('',(-0.1,-6.1,-2.1));
#2687 = VECTOR('',#2688,1.);
#2688 = DIRECTION('',(-2.692686352073E-17,-0.242535625036,
    -0.970142500145));
#2689 = ORIENTED_EDGE('',*,*,#2690,.F.);
#2690 = EDGE_CURVE('',#2691,#2683,#2693,.T.);
#2691 = VERTEX_POINT('',#2692);
#2692 = CARTESIAN_POINT('',(-0.1,-6.475,-2.6));
#2693 = LINE('',#2694,#2695);
#2694 = CARTESIAN_POINT('',(-0.1,-6.475,-2.6));
#2695 = VECTOR('',#2696,1.);
#2696 = DIRECTION('',(1.110223024625E-16,1.,0.));
#2697 = ORIENTED_EDGE('',*,*,#2698,.T.);
#2698 = EDGE_CURVE('',#2691,#2666,#2699,.T.);
#2699 = LINE('',#2700,#2701);
#2700 = CARTESIAN_POINT('',(-0.1,-6.475,-2.6));
#2701 = VECTOR('',#2702,1.);
#2702 = DIRECTION('',(-2.692686352073E-17,-0.242535625036,0.970142500145
    ));
#2703 = PLANE('',#2704);
#2704 = AXIS2_PLACEMENT_3D('',#2705,#2706,#2707);
#2705 = CARTESIAN_POINT('',(-0.1,-6.35,1.92709124047));
#2706 = DIRECTION('',(-1.,1.110223024625E-16,0.));
#2707 = DIRECTION('',(0.,0.,1.));
#2708 = ADVANCED_FACE('',(#2709),#2720,.T.);
#2709 = FACE_BOUND('',#2710,.T.);
#2710 = EDGE_LOOP('',(#2711,#2712,#2713,#2719));
#2711 = ORIENTED_EDGE('',*,*,#1586,.F.);
#2712 = ORIENTED_EDGE('',*,*,#1596,.T.);
#2713 = ORIENTED_EDGE('',*,*,#2714,.T.);
#2714 = EDGE_CURVE('',#1597,#1637,#2715,.T.);
#2715 = LINE('',#2716,#2717);
#2716 = CARTESIAN_POINT('',(-0.1,-5.33,0.2));
#2717 = VECTOR('',#2718,1.);
#2718 = DIRECTION('',(1.,-1.110223024625E-16,0.));
#2719 = ORIENTED_EDGE('',*,*,#1644,.T.);
#2720 = PLANE('',#2721);
#2721 = AXIS2_PLACEMENT_3D('',#2722,#2723,#2724);
#2722 = CARTESIAN_POINT('',(-0.1,-5.33,0.2));
#2723 = DIRECTION('',(0.,-0.,-1.));
#2724 = DIRECTION('',(-1.110223024625E-16,-1.,0.));
#2725 = ADVANCED_FACE('',(#2726),#2767,.F.);
#2726 = FACE_BOUND('',#2727,.F.);
#2727 = EDGE_LOOP('',(#2728,#2736,#2737,#2745,#2753,#2761));
#2728 = ORIENTED_EDGE('',*,*,#2729,.T.);
#2729 = EDGE_CURVE('',#2730,#1637,#2732,.T.);
#2730 = VERTEX_POINT('',#2731);
#2731 = CARTESIAN_POINT('',(0.1,-5.33,-2.1));
#2732 = LINE('',#2733,#2734);
#2733 = CARTESIAN_POINT('',(0.1,-5.33,-2.1));
#2734 = VECTOR('',#2735,1.);
#2735 = DIRECTION('',(0.,0.,1.));
#2736 = ORIENTED_EDGE('',*,*,#1636,.F.);
#2737 = ORIENTED_EDGE('',*,*,#2738,.T.);
#2738 = EDGE_CURVE('',#1629,#2739,#2741,.T.);
#2739 = VERTEX_POINT('',#2740);
#2740 = CARTESIAN_POINT('',(0.1,-4.83,-2.1));
#2741 = LINE('',#2742,#2743);
#2742 = CARTESIAN_POINT('',(0.1,-4.83,0.2));
#2743 = VECTOR('',#2744,1.);
#2744 = DIRECTION('',(0.,0.,-1.));
#2745 = ORIENTED_EDGE('',*,*,#2746,.T.);
#2746 = EDGE_CURVE('',#2739,#2747,#2749,.T.);
#2747 = VERTEX_POINT('',#2748);
#2748 = CARTESIAN_POINT('',(0.1,-4.955,-2.6));
#2749 = LINE('',#2750,#2751);
#2750 = CARTESIAN_POINT('',(0.1,-4.83,-2.1));
#2751 = VECTOR('',#2752,1.);
#2752 = DIRECTION('',(-2.692686352073E-17,-0.242535625036,
    -0.970142500145));
#2753 = ORIENTED_EDGE('',*,*,#2754,.T.);
#2754 = EDGE_CURVE('',#2747,#2755,#2757,.T.);
#2755 = VERTEX_POINT('',#2756);
#2756 = CARTESIAN_POINT('',(0.1,-5.205,-2.6));
#2757 = LINE('',#2758,#2759);
#2758 = CARTESIAN_POINT('',(0.1,-4.955,-2.6));
#2759 = VECTOR('',#2760,1.);
#2760 = DIRECTION('',(-1.110223024625E-16,-1.,0.));
#2761 = ORIENTED_EDGE('',*,*,#2762,.T.);
#2762 = EDGE_CURVE('',#2755,#2730,#2763,.T.);
#2763 = LINE('',#2764,#2765);
#2764 = CARTESIAN_POINT('',(0.1,-5.205,-2.6));
#2765 = VECTOR('',#2766,1.);
#2766 = DIRECTION('',(-2.692686352073E-17,-0.242535625036,0.970142500145
    ));
#2767 = PLANE('',#2768);
#2768 = AXIS2_PLACEMENT_3D('',#2769,#2770,#2771);
#2769 = CARTESIAN_POINT('',(0.1,-5.08,1.92709124047));
#2770 = DIRECTION('',(-1.,1.110223024625E-16,0.));
#2771 = DIRECTION('',(0.,0.,1.));
#2772 = ADVANCED_FACE('',(#2773),#2784,.T.);
#2773 = FACE_BOUND('',#2774,.T.);
#2774 = EDGE_LOOP('',(#2775,#2781,#2782,#2783));
#2775 = ORIENTED_EDGE('',*,*,#2776,.F.);
#2776 = EDGE_CURVE('',#1605,#1629,#2777,.T.);
#2777 = LINE('',#2778,#2779);
#2778 = CARTESIAN_POINT('',(-0.1,-4.83,0.2));
#2779 = VECTOR('',#2780,1.);
#2780 = DIRECTION('',(1.,-1.110223024625E-16,0.));
#2781 = ORIENTED_EDGE('',*,*,#1612,.T.);
#2782 = ORIENTED_EDGE('',*,*,#1620,.T.);
#2783 = ORIENTED_EDGE('',*,*,#1628,.T.);
#2784 = PLANE('',#2785);
#2785 = AXIS2_PLACEMENT_3D('',#2786,#2787,#2788);
#2786 = CARTESIAN_POINT('',(-0.1,-5.33,0.2));
#2787 = DIRECTION('',(0.,-0.,-1.));
#2788 = DIRECTION('',(-1.110223024625E-16,-1.,0.));
#2789 = ADVANCED_FACE('',(#2790),#2831,.T.);
#2790 = FACE_BOUND('',#2791,.T.);
#2791 = EDGE_LOOP('',(#2792,#2800,#2801,#2809,#2817,#2825));
#2792 = ORIENTED_EDGE('',*,*,#2793,.T.);
#2793 = EDGE_CURVE('',#2794,#1597,#2796,.T.);
#2794 = VERTEX_POINT('',#2795);
#2795 = CARTESIAN_POINT('',(-0.1,-5.33,-2.1));
#2796 = LINE('',#2797,#2798);
#2797 = CARTESIAN_POINT('',(-0.1,-5.33,-2.1));
#2798 = VECTOR('',#2799,1.);
#2799 = DIRECTION('',(0.,0.,1.));
#2800 = ORIENTED_EDGE('',*,*,#1604,.F.);
#2801 = ORIENTED_EDGE('',*,*,#2802,.T.);
#2802 = EDGE_CURVE('',#1605,#2803,#2805,.T.);
#2803 = VERTEX_POINT('',#2804);
#2804 = CARTESIAN_POINT('',(-0.1,-4.83,-2.1));
#2805 = LINE('',#2806,#2807);
#2806 = CARTESIAN_POINT('',(-0.1,-4.83,0.2));
#2807 = VECTOR('',#2808,1.);
#2808 = DIRECTION('',(0.,0.,-1.));
#2809 = ORIENTED_EDGE('',*,*,#2810,.T.);
#2810 = EDGE_CURVE('',#2803,#2811,#2813,.T.);
#2811 = VERTEX_POINT('',#2812);
#2812 = CARTESIAN_POINT('',(-0.1,-4.955,-2.6));
#2813 = LINE('',#2814,#2815);
#2814 = CARTESIAN_POINT('',(-0.1,-4.83,-2.1));
#2815 = VECTOR('',#2816,1.);
#2816 = DIRECTION('',(-2.692686352073E-17,-0.242535625036,
    -0.970142500145));
#2817 = ORIENTED_EDGE('',*,*,#2818,.F.);
#2818 = EDGE_CURVE('',#2819,#2811,#2821,.T.);
#2819 = VERTEX_POINT('',#2820);
#2820 = CARTESIAN_POINT('',(-0.1,-5.205,-2.6));
#2821 = LINE('',#2822,#2823);
#2822 = CARTESIAN_POINT('',(-0.1,-5.205,-2.6));
#2823 = VECTOR('',#2824,1.);
#2824 = DIRECTION('',(1.110223024625E-16,1.,0.));
#2825 = ORIENTED_EDGE('',*,*,#2826,.T.);
#2826 = EDGE_CURVE('',#2819,#2794,#2827,.T.);
#2827 = LINE('',#2828,#2829);
#2828 = CARTESIAN_POINT('',(-0.1,-5.205,-2.6));
#2829 = VECTOR('',#2830,1.);
#2830 = DIRECTION('',(-2.692686352073E-17,-0.242535625036,0.970142500145
    ));
#2831 = PLANE('',#2832);
#2832 = AXIS2_PLACEMENT_3D('',#2833,#2834,#2835);
#2833 = CARTESIAN_POINT('',(-0.1,-5.08,1.92709124047));
#2834 = DIRECTION('',(-1.,1.110223024625E-16,0.));
#2835 = DIRECTION('',(0.,0.,1.));
#2836 = ADVANCED_FACE('',(#2837),#2848,.T.);
#2837 = FACE_BOUND('',#2838,.T.);
#2838 = EDGE_LOOP('',(#2839,#2840,#2841,#2847));
#2839 = ORIENTED_EDGE('',*,*,#1652,.F.);
#2840 = ORIENTED_EDGE('',*,*,#1662,.T.);
#2841 = ORIENTED_EDGE('',*,*,#2842,.T.);
#2842 = EDGE_CURVE('',#1663,#1703,#2843,.T.);
#2843 = LINE('',#2844,#2845);
#2844 = CARTESIAN_POINT('',(-0.1,-2.79,0.2));
#2845 = VECTOR('',#2846,1.);
#2846 = DIRECTION('',(1.,-1.110223024625E-16,0.));
#2847 = ORIENTED_EDGE('',*,*,#1710,.T.);
#2848 = PLANE('',#2849);
#2849 = AXIS2_PLACEMENT_3D('',#2850,#2851,#2852);
#2850 = CARTESIAN_POINT('',(-0.1,-2.79,0.2));
#2851 = DIRECTION('',(0.,-0.,-1.));
#2852 = DIRECTION('',(-1.110223024625E-16,-1.,0.));
#2853 = ADVANCED_FACE('',(#2854),#2895,.F.);
#2854 = FACE_BOUND('',#2855,.F.);
#2855 = EDGE_LOOP('',(#2856,#2864,#2865,#2873,#2881,#2889));
#2856 = ORIENTED_EDGE('',*,*,#2857,.T.);
#2857 = EDGE_CURVE('',#2858,#1703,#2860,.T.);
#2858 = VERTEX_POINT('',#2859);
#2859 = CARTESIAN_POINT('',(0.1,-2.79,-2.1));
#2860 = LINE('',#2861,#2862);
#2861 = CARTESIAN_POINT('',(0.1,-2.79,-2.1));
#2862 = VECTOR('',#2863,1.);
#2863 = DIRECTION('',(0.,0.,1.));
#2864 = ORIENTED_EDGE('',*,*,#1702,.F.);
#2865 = ORIENTED_EDGE('',*,*,#2866,.T.);
#2866 = EDGE_CURVE('',#1695,#2867,#2869,.T.);
#2867 = VERTEX_POINT('',#2868);
#2868 = CARTESIAN_POINT('',(0.1,-2.29,-2.1));
#2869 = LINE('',#2870,#2871);
#2870 = CARTESIAN_POINT('',(0.1,-2.29,0.2));
#2871 = VECTOR('',#2872,1.);
#2872 = DIRECTION('',(0.,0.,-1.));
#2873 = ORIENTED_EDGE('',*,*,#2874,.T.);
#2874 = EDGE_CURVE('',#2867,#2875,#2877,.T.);
#2875 = VERTEX_POINT('',#2876);
#2876 = CARTESIAN_POINT('',(0.1,-2.415,-2.6));
#2877 = LINE('',#2878,#2879);
#2878 = CARTESIAN_POINT('',(0.1,-2.29,-2.1));
#2879 = VECTOR('',#2880,1.);
#2880 = DIRECTION('',(-2.692686352073E-17,-0.242535625036,
    -0.970142500145));
#2881 = ORIENTED_EDGE('',*,*,#2882,.T.);
#2882 = EDGE_CURVE('',#2875,#2883,#2885,.T.);
#2883 = VERTEX_POINT('',#2884);
#2884 = CARTESIAN_POINT('',(0.1,-2.665,-2.6));
#2885 = LINE('',#2886,#2887);
#2886 = CARTESIAN_POINT('',(0.1,-2.415,-2.6));
#2887 = VECTOR('',#2888,1.);
#2888 = DIRECTION('',(-1.110223024625E-16,-1.,0.));
#2889 = ORIENTED_EDGE('',*,*,#2890,.T.);
#2890 = EDGE_CURVE('',#2883,#2858,#2891,.T.);
#2891 = LINE('',#2892,#2893);
#2892 = CARTESIAN_POINT('',(0.1,-2.665,-2.6));
#2893 = VECTOR('',#2894,1.);
#2894 = DIRECTION('',(-2.692686352073E-17,-0.242535625036,0.970142500145
    ));
#2895 = PLANE('',#2896);
#2896 = AXIS2_PLACEMENT_3D('',#2897,#2898,#2899);
#2897 = CARTESIAN_POINT('',(0.1,-2.54,1.92709124047));
#2898 = DIRECTION('',(-1.,1.110223024625E-16,0.));
#2899 = DIRECTION('',(0.,0.,1.));
#2900 = ADVANCED_FACE('',(#2901),#2912,.T.);
#2901 = FACE_BOUND('',#2902,.T.);
#2902 = EDGE_LOOP('',(#2903,#2909,#2910,#2911));
#2903 = ORIENTED_EDGE('',*,*,#2904,.F.);
#2904 = EDGE_CURVE('',#1671,#1695,#2905,.T.);
#2905 = LINE('',#2906,#2907);
#2906 = CARTESIAN_POINT('',(-0.1,-2.29,0.2));
#2907 = VECTOR('',#2908,1.);
#2908 = DIRECTION('',(1.,-1.110223024625E-16,0.));
#2909 = ORIENTED_EDGE('',*,*,#1678,.T.);
#2910 = ORIENTED_EDGE('',*,*,#1686,.T.);
#2911 = ORIENTED_EDGE('',*,*,#1694,.T.);
#2912 = PLANE('',#2913);
#2913 = AXIS2_PLACEMENT_3D('',#2914,#2915,#2916);
#2914 = CARTESIAN_POINT('',(-0.1,-2.79,0.2));
#2915 = DIRECTION('',(0.,-0.,-1.));
#2916 = DIRECTION('',(-1.110223024625E-16,-1.,0.));
#2917 = ADVANCED_FACE('',(#2918),#2959,.T.);
#2918 = FACE_BOUND('',#2919,.T.);
#2919 = EDGE_LOOP('',(#2920,#2928,#2929,#2937,#2945,#2953));
#2920 = ORIENTED_EDGE('',*,*,#2921,.T.);
#2921 = EDGE_CURVE('',#2922,#1663,#2924,.T.);
#2922 = VERTEX_POINT('',#2923);
#2923 = CARTESIAN_POINT('',(-0.1,-2.79,-2.1));
#2924 = LINE('',#2925,#2926);
#2925 = CARTESIAN_POINT('',(-0.1,-2.79,-2.1));
#2926 = VECTOR('',#2927,1.);
#2927 = DIRECTION('',(0.,0.,1.));
#2928 = ORIENTED_EDGE('',*,*,#1670,.F.);
#2929 = ORIENTED_EDGE('',*,*,#2930,.T.);
#2930 = EDGE_CURVE('',#1671,#2931,#2933,.T.);
#2931 = VERTEX_POINT('',#2932);
#2932 = CARTESIAN_POINT('',(-0.1,-2.29,-2.1));
#2933 = LINE('',#2934,#2935);
#2934 = CARTESIAN_POINT('',(-0.1,-2.29,0.2));
#2935 = VECTOR('',#2936,1.);
#2936 = DIRECTION('',(0.,0.,-1.));
#2937 = ORIENTED_EDGE('',*,*,#2938,.T.);
#2938 = EDGE_CURVE('',#2931,#2939,#2941,.T.);
#2939 = VERTEX_POINT('',#2940);
#2940 = CARTESIAN_POINT('',(-0.1,-2.415,-2.6));
#2941 = LINE('',#2942,#2943);
#2942 = CARTESIAN_POINT('',(-0.1,-2.29,-2.1));
#2943 = VECTOR('',#2944,1.);
#2944 = DIRECTION('',(-2.692686352073E-17,-0.242535625036,
    -0.970142500145));
#2945 = ORIENTED_EDGE('',*,*,#2946,.F.);
#2946 = EDGE_CURVE('',#2947,#2939,#2949,.T.);
#2947 = VERTEX_POINT('',#2948);
#2948 = CARTESIAN_POINT('',(-0.1,-2.665,-2.6));
#2949 = LINE('',#2950,#2951);
#2950 = CARTESIAN_POINT('',(-0.1,-2.665,-2.6));
#2951 = VECTOR('',#2952,1.);
#2952 = DIRECTION('',(1.110223024625E-16,1.,0.));
#2953 = ORIENTED_EDGE('',*,*,#2954,.T.);
#2954 = EDGE_CURVE('',#2947,#2922,#2955,.T.);
#2955 = LINE('',#2956,#2957);
#2956 = CARTESIAN_POINT('',(-0.1,-2.665,-2.6));
#2957 = VECTOR('',#2958,1.);
#2958 = DIRECTION('',(-2.692686352073E-17,-0.242535625036,0.970142500145
    ));
#2959 = PLANE('',#2960);
#2960 = AXIS2_PLACEMENT_3D('',#2961,#2962,#2963);
#2961 = CARTESIAN_POINT('',(-0.1,-2.54,1.92709124047));
#2962 = DIRECTION('',(-1.,1.110223024625E-16,0.));
#2963 = DIRECTION('',(0.,0.,1.));
#2964 = ADVANCED_FACE('',(#2965),#2976,.T.);
#2965 = FACE_BOUND('',#2966,.T.);
#2966 = EDGE_LOOP('',(#2967,#2968,#2969,#2975));
#2967 = ORIENTED_EDGE('',*,*,#1718,.F.);
#2968 = ORIENTED_EDGE('',*,*,#1728,.T.);
#2969 = ORIENTED_EDGE('',*,*,#2970,.T.);
#2970 = EDGE_CURVE('',#1729,#1769,#2971,.T.);
#2971 = LINE('',#2972,#2973);
#2972 = CARTESIAN_POINT('',(-0.1,-1.52,0.2));
#2973 = VECTOR('',#2974,1.);
#2974 = DIRECTION('',(1.,-1.110223024625E-16,0.));
#2975 = ORIENTED_EDGE('',*,*,#1776,.T.);
#2976 = PLANE('',#2977);
#2977 = AXIS2_PLACEMENT_3D('',#2978,#2979,#2980);
#2978 = CARTESIAN_POINT('',(-0.1,-1.52,0.2));
#2979 = DIRECTION('',(0.,-0.,-1.));
#2980 = DIRECTION('',(-1.110223024625E-16,-1.,0.));
#2981 = ADVANCED_FACE('',(#2982),#3023,.F.);
#2982 = FACE_BOUND('',#2983,.F.);
#2983 = EDGE_LOOP('',(#2984,#2992,#2993,#3001,#3009,#3017));
#2984 = ORIENTED_EDGE('',*,*,#2985,.T.);
#2985 = EDGE_CURVE('',#2986,#1769,#2988,.T.);
#2986 = VERTEX_POINT('',#2987);
#2987 = CARTESIAN_POINT('',(0.1,-1.52,-2.1));
#2988 = LINE('',#2989,#2990);
#2989 = CARTESIAN_POINT('',(0.1,-1.52,-2.1));
#2990 = VECTOR('',#2991,1.);
#2991 = DIRECTION('',(0.,0.,1.));
#2992 = ORIENTED_EDGE('',*,*,#1768,.F.);
#2993 = ORIENTED_EDGE('',*,*,#2994,.T.);
#2994 = EDGE_CURVE('',#1761,#2995,#2997,.T.);
#2995 = VERTEX_POINT('',#2996);
#2996 = CARTESIAN_POINT('',(0.1,-1.02,-2.1));
#2997 = LINE('',#2998,#2999);
#2998 = CARTESIAN_POINT('',(0.1,-1.02,0.2));
#2999 = VECTOR('',#3000,1.);
#3000 = DIRECTION('',(0.,0.,-1.));
#3001 = ORIENTED_EDGE('',*,*,#3002,.T.);
#3002 = EDGE_CURVE('',#2995,#3003,#3005,.T.);
#3003 = VERTEX_POINT('',#3004);
#3004 = CARTESIAN_POINT('',(0.1,-1.145,-2.6));
#3005 = LINE('',#3006,#3007);
#3006 = CARTESIAN_POINT('',(0.1,-1.02,-2.1));
#3007 = VECTOR('',#3008,1.);
#3008 = DIRECTION('',(-2.692686352073E-17,-0.242535625036,
    -0.970142500145));
#3009 = ORIENTED_EDGE('',*,*,#3010,.T.);
#3010 = EDGE_CURVE('',#3003,#3011,#3013,.T.);
#3011 = VERTEX_POINT('',#3012);
#3012 = CARTESIAN_POINT('',(0.1,-1.395,-2.6));
#3013 = LINE('',#3014,#3015);
#3014 = CARTESIAN_POINT('',(0.1,-1.145,-2.6));
#3015 = VECTOR('',#3016,1.);
#3016 = DIRECTION('',(-1.110223024625E-16,-1.,0.));
#3017 = ORIENTED_EDGE('',*,*,#3018,.T.);
#3018 = EDGE_CURVE('',#3011,#2986,#3019,.T.);
#3019 = LINE('',#3020,#3021);
#3020 = CARTESIAN_POINT('',(0.1,-1.395,-2.6));
#3021 = VECTOR('',#3022,1.);
#3022 = DIRECTION('',(-2.692686352073E-17,-0.242535625036,0.970142500145
    ));
#3023 = PLANE('',#3024);
#3024 = AXIS2_PLACEMENT_3D('',#3025,#3026,#3027);
#3025 = CARTESIAN_POINT('',(0.1,-1.27,1.92709124047));
#3026 = DIRECTION('',(-1.,1.110223024625E-16,0.));
#3027 = DIRECTION('',(0.,0.,1.));
#3028 = ADVANCED_FACE('',(#3029),#3040,.T.);
#3029 = FACE_BOUND('',#3030,.T.);
#3030 = EDGE_LOOP('',(#3031,#3037,#3038,#3039));
#3031 = ORIENTED_EDGE('',*,*,#3032,.F.);
#3032 = EDGE_CURVE('',#1737,#1761,#3033,.T.);
#3033 = LINE('',#3034,#3035);
#3034 = CARTESIAN_POINT('',(-0.1,-1.02,0.2));
#3035 = VECTOR('',#3036,1.);
#3036 = DIRECTION('',(1.,-1.110223024625E-16,0.));
#3037 = ORIENTED_EDGE('',*,*,#1744,.T.);
#3038 = ORIENTED_EDGE('',*,*,#1752,.T.);
#3039 = ORIENTED_EDGE('',*,*,#1760,.T.);
#3040 = PLANE('',#3041);
#3041 = AXIS2_PLACEMENT_3D('',#3042,#3043,#3044);
#3042 = CARTESIAN_POINT('',(-0.1,-1.52,0.2));
#3043 = DIRECTION('',(0.,-0.,-1.));
#3044 = DIRECTION('',(-1.110223024625E-16,-1.,0.));
#3045 = ADVANCED_FACE('',(#3046),#3087,.T.);
#3046 = FACE_BOUND('',#3047,.T.);
#3047 = EDGE_LOOP('',(#3048,#3056,#3057,#3065,#3073,#3081));
#3048 = ORIENTED_EDGE('',*,*,#3049,.T.);
#3049 = EDGE_CURVE('',#3050,#1729,#3052,.T.);
#3050 = VERTEX_POINT('',#3051);
#3051 = CARTESIAN_POINT('',(-0.1,-1.52,-2.1));
#3052 = LINE('',#3053,#3054);
#3053 = CARTESIAN_POINT('',(-0.1,-1.52,-2.1));
#3054 = VECTOR('',#3055,1.);
#3055 = DIRECTION('',(0.,0.,1.));
#3056 = ORIENTED_EDGE('',*,*,#1736,.F.);
#3057 = ORIENTED_EDGE('',*,*,#3058,.T.);
#3058 = EDGE_CURVE('',#1737,#3059,#3061,.T.);
#3059 = VERTEX_POINT('',#3060);
#3060 = CARTESIAN_POINT('',(-0.1,-1.02,-2.1));
#3061 = LINE('',#3062,#3063);
#3062 = CARTESIAN_POINT('',(-0.1,-1.02,0.2));
#3063 = VECTOR('',#3064,1.);
#3064 = DIRECTION('',(0.,0.,-1.));
#3065 = ORIENTED_EDGE('',*,*,#3066,.T.);
#3066 = EDGE_CURVE('',#3059,#3067,#3069,.T.);
#3067 = VERTEX_POINT('',#3068);
#3068 = CARTESIAN_POINT('',(-0.1,-1.145,-2.6));
#3069 = LINE('',#3070,#3071);
#3070 = CARTESIAN_POINT('',(-0.1,-1.02,-2.1));
#3071 = VECTOR('',#3072,1.);
#3072 = DIRECTION('',(-2.692686352073E-17,-0.242535625036,
    -0.970142500145));
#3073 = ORIENTED_EDGE('',*,*,#3074,.F.);
#3074 = EDGE_CURVE('',#3075,#3067,#3077,.T.);
#3075 = VERTEX_POINT('',#3076);
#3076 = CARTESIAN_POINT('',(-0.1,-1.395,-2.6));
#3077 = LINE('',#3078,#3079);
#3078 = CARTESIAN_POINT('',(-0.1,-1.395,-2.6));
#3079 = VECTOR('',#3080,1.);
#3080 = DIRECTION('',(1.110223024625E-16,1.,0.));
#3081 = ORIENTED_EDGE('',*,*,#3082,.T.);
#3082 = EDGE_CURVE('',#3075,#3050,#3083,.T.);
#3083 = LINE('',#3084,#3085);
#3084 = CARTESIAN_POINT('',(-0.1,-1.395,-2.6));
#3085 = VECTOR('',#3086,1.);
#3086 = DIRECTION('',(-2.692686352073E-17,-0.242535625036,0.970142500145
    ));
#3087 = PLANE('',#3088);
#3088 = AXIS2_PLACEMENT_3D('',#3089,#3090,#3091);
#3089 = CARTESIAN_POINT('',(-0.1,-1.27,1.92709124047));
#3090 = DIRECTION('',(-1.,1.110223024625E-16,0.));
#3091 = DIRECTION('',(0.,0.,1.));
#3092 = ADVANCED_FACE('',(#3093),#3104,.T.);
#3093 = FACE_BOUND('',#3094,.T.);
#3094 = EDGE_LOOP('',(#3095,#3096,#3097,#3103));
#3095 = ORIENTED_EDGE('',*,*,#1784,.F.);
#3096 = ORIENTED_EDGE('',*,*,#1794,.T.);
#3097 = ORIENTED_EDGE('',*,*,#3098,.T.);
#3098 = EDGE_CURVE('',#1795,#1835,#3099,.T.);
#3099 = LINE('',#3100,#3101);
#3100 = CARTESIAN_POINT('',(-0.1,-0.25,0.2));
#3101 = VECTOR('',#3102,1.);
#3102 = DIRECTION('',(1.,-1.110223024625E-16,0.));
#3103 = ORIENTED_EDGE('',*,*,#1842,.T.);
#3104 = PLANE('',#3105);
#3105 = AXIS2_PLACEMENT_3D('',#3106,#3107,#3108);
#3106 = CARTESIAN_POINT('',(-0.1,-0.25,0.2));
#3107 = DIRECTION('',(0.,-0.,-1.));
#3108 = DIRECTION('',(-1.110223024625E-16,-1.,0.));
#3109 = ADVANCED_FACE('',(#3110),#3151,.F.);
#3110 = FACE_BOUND('',#3111,.F.);
#3111 = EDGE_LOOP('',(#3112,#3120,#3121,#3129,#3137,#3145));
#3112 = ORIENTED_EDGE('',*,*,#3113,.T.);
#3113 = EDGE_CURVE('',#3114,#1835,#3116,.T.);
#3114 = VERTEX_POINT('',#3115);
#3115 = CARTESIAN_POINT('',(0.1,-0.25,-2.1));
#3116 = LINE('',#3117,#3118);
#3117 = CARTESIAN_POINT('',(0.1,-0.25,-2.1));
#3118 = VECTOR('',#3119,1.);
#3119 = DIRECTION('',(0.,0.,1.));
#3120 = ORIENTED_EDGE('',*,*,#1834,.F.);
#3121 = ORIENTED_EDGE('',*,*,#3122,.T.);
#3122 = EDGE_CURVE('',#1827,#3123,#3125,.T.);
#3123 = VERTEX_POINT('',#3124);
#3124 = CARTESIAN_POINT('',(0.1,0.25,-2.1));
#3125 = LINE('',#3126,#3127);
#3126 = CARTESIAN_POINT('',(0.1,0.25,0.2));
#3127 = VECTOR('',#3128,1.);
#3128 = DIRECTION('',(0.,0.,-1.));
#3129 = ORIENTED_EDGE('',*,*,#3130,.T.);
#3130 = EDGE_CURVE('',#3123,#3131,#3133,.T.);
#3131 = VERTEX_POINT('',#3132);
#3132 = CARTESIAN_POINT('',(0.1,0.125,-2.6));
#3133 = LINE('',#3134,#3135);
#3134 = CARTESIAN_POINT('',(0.1,0.25,-2.1));
#3135 = VECTOR('',#3136,1.);
#3136 = DIRECTION('',(-2.692686352073E-17,-0.242535625036,
    -0.970142500145));
#3137 = ORIENTED_EDGE('',*,*,#3138,.T.);
#3138 = EDGE_CURVE('',#3131,#3139,#3141,.T.);
#3139 = VERTEX_POINT('',#3140);
#3140 = CARTESIAN_POINT('',(0.1,-0.125,-2.6));
#3141 = LINE('',#3142,#3143);
#3142 = CARTESIAN_POINT('',(0.1,0.125,-2.6));
#3143 = VECTOR('',#3144,1.);
#3144 = DIRECTION('',(-1.110223024625E-16,-1.,0.));
#3145 = ORIENTED_EDGE('',*,*,#3146,.T.);
#3146 = EDGE_CURVE('',#3139,#3114,#3147,.T.);
#3147 = LINE('',#3148,#3149);
#3148 = CARTESIAN_POINT('',(0.1,-0.125,-2.6));
#3149 = VECTOR('',#3150,1.);
#3150 = DIRECTION('',(-2.692686352073E-17,-0.242535625036,0.970142500145
    ));
#3151 = PLANE('',#3152);
#3152 = AXIS2_PLACEMENT_3D('',#3153,#3154,#3155);
#3153 = CARTESIAN_POINT('',(0.1,-1.110223024625E-17,1.92709124047));
#3154 = DIRECTION('',(-1.,1.110223024625E-16,0.));
#3155 = DIRECTION('',(0.,0.,1.));
#3156 = ADVANCED_FACE('',(#3157),#3168,.T.);
#3157 = FACE_BOUND('',#3158,.T.);
#3158 = EDGE_LOOP('',(#3159,#3165,#3166,#3167));
#3159 = ORIENTED_EDGE('',*,*,#3160,.F.);
#3160 = EDGE_CURVE('',#1803,#1827,#3161,.T.);
#3161 = LINE('',#3162,#3163);
#3162 = CARTESIAN_POINT('',(-0.1,0.25,0.2));
#3163 = VECTOR('',#3164,1.);
#3164 = DIRECTION('',(1.,-1.110223024625E-16,0.));
#3165 = ORIENTED_EDGE('',*,*,#1810,.T.);
#3166 = ORIENTED_EDGE('',*,*,#1818,.T.);
#3167 = ORIENTED_EDGE('',*,*,#1826,.T.);
#3168 = PLANE('',#3169);
#3169 = AXIS2_PLACEMENT_3D('',#3170,#3171,#3172);
#3170 = CARTESIAN_POINT('',(-0.1,-0.25,0.2));
#3171 = DIRECTION('',(0.,-0.,-1.));
#3172 = DIRECTION('',(-1.110223024625E-16,-1.,0.));
#3173 = ADVANCED_FACE('',(#3174),#3215,.T.);
#3174 = FACE_BOUND('',#3175,.T.);
#3175 = EDGE_LOOP('',(#3176,#3184,#3185,#3193,#3201,#3209));
#3176 = ORIENTED_EDGE('',*,*,#3177,.T.);
#3177 = EDGE_CURVE('',#3178,#1795,#3180,.T.);
#3178 = VERTEX_POINT('',#3179);
#3179 = CARTESIAN_POINT('',(-0.1,-0.25,-2.1));
#3180 = LINE('',#3181,#3182);
#3181 = CARTESIAN_POINT('',(-0.1,-0.25,-2.1));
#3182 = VECTOR('',#3183,1.);
#3183 = DIRECTION('',(0.,0.,1.));
#3184 = ORIENTED_EDGE('',*,*,#1802,.F.);
#3185 = ORIENTED_EDGE('',*,*,#3186,.T.);
#3186 = EDGE_CURVE('',#1803,#3187,#3189,.T.);
#3187 = VERTEX_POINT('',#3188);
#3188 = CARTESIAN_POINT('',(-0.1,0.25,-2.1));
#3189 = LINE('',#3190,#3191);
#3190 = CARTESIAN_POINT('',(-0.1,0.25,0.2));
#3191 = VECTOR('',#3192,1.);
#3192 = DIRECTION('',(0.,0.,-1.));
#3193 = ORIENTED_EDGE('',*,*,#3194,.T.);
#3194 = EDGE_CURVE('',#3187,#3195,#3197,.T.);
#3195 = VERTEX_POINT('',#3196);
#3196 = CARTESIAN_POINT('',(-0.1,0.125,-2.6));
#3197 = LINE('',#3198,#3199);
#3198 = CARTESIAN_POINT('',(-0.1,0.25,-2.1));
#3199 = VECTOR('',#3200,1.);
#3200 = DIRECTION('',(-2.692686352073E-17,-0.242535625036,
    -0.970142500145));
#3201 = ORIENTED_EDGE('',*,*,#3202,.F.);
#3202 = EDGE_CURVE('',#3203,#3195,#3205,.T.);
#3203 = VERTEX_POINT('',#3204);
#3204 = CARTESIAN_POINT('',(-0.1,-0.125,-2.6));
#3205 = LINE('',#3206,#3207);
#3206 = CARTESIAN_POINT('',(-0.1,-0.125,-2.6));
#3207 = VECTOR('',#3208,1.);
#3208 = DIRECTION('',(1.110223024625E-16,1.,0.));
#3209 = ORIENTED_EDGE('',*,*,#3210,.T.);
#3210 = EDGE_CURVE('',#3203,#3178,#3211,.T.);
#3211 = LINE('',#3212,#3213);
#3212 = CARTESIAN_POINT('',(-0.1,-0.125,-2.6));
#3213 = VECTOR('',#3214,1.);
#3214 = DIRECTION('',(-2.692686352073E-17,-0.242535625036,0.970142500145
    ));
#3215 = PLANE('',#3216);
#3216 = AXIS2_PLACEMENT_3D('',#3217,#3218,#3219);
#3217 = CARTESIAN_POINT('',(-0.1,1.110223024625E-17,1.92709124047));
#3218 = DIRECTION('',(-1.,1.110223024625E-16,0.));
#3219 = DIRECTION('',(0.,0.,1.));
#3220 = ADVANCED_FACE('',(#3221),#3246,.F.);
#3221 = FACE_BOUND('',#3222,.F.);
#3222 = EDGE_LOOP('',(#3223,#3231,#3239,#3245));
#3223 = ORIENTED_EDGE('',*,*,#3224,.T.);
#3224 = EDGE_CURVE('',#1881,#3225,#3227,.T.);
#3225 = VERTEX_POINT('',#3226);
#3226 = CARTESIAN_POINT('',(0.25,-6.6,0.75));
#3227 = LINE('',#3228,#3229);
#3228 = CARTESIAN_POINT('',(0.25,-6.6,4.15));
#3229 = VECTOR('',#3230,1.);
#3230 = DIRECTION('',(0.,-0.,-1.));
#3231 = ORIENTED_EDGE('',*,*,#3232,.T.);
#3232 = EDGE_CURVE('',#3225,#3233,#3235,.T.);
#3233 = VERTEX_POINT('',#3234);
#3234 = CARTESIAN_POINT('',(0.25,-6.1,0.75));
#3235 = LINE('',#3236,#3237);
#3236 = CARTESIAN_POINT('',(0.25,-6.6,0.75));
#3237 = VECTOR('',#3238,1.);
#3238 = DIRECTION('',(1.110223024625E-16,1.,0.));
#3239 = ORIENTED_EDGE('',*,*,#3240,.F.);
#3240 = EDGE_CURVE('',#1890,#3233,#3241,.T.);
#3241 = LINE('',#3242,#3243);
#3242 = CARTESIAN_POINT('',(0.25,-6.1,4.15));
#3243 = VECTOR('',#3244,1.);
#3244 = DIRECTION('',(0.,-0.,-1.));
#3245 = ORIENTED_EDGE('',*,*,#1897,.F.);
#3246 = PLANE('',#3247);
#3247 = AXIS2_PLACEMENT_3D('',#3248,#3249,#3250);
#3248 = CARTESIAN_POINT('',(0.25,-6.6,4.15));
#3249 = DIRECTION('',(1.,-1.110223024625E-16,0.));
#3250 = DIRECTION('',(1.110223024625E-16,1.,0.));
#3251 = ADVANCED_FACE('',(#3252),#3302,.F.);
#3252 = FACE_BOUND('',#3253,.F.);
#3253 = EDGE_LOOP('',(#3254,#3255,#3256,#3264,#3272,#3280,#3288,#3296));
#3254 = ORIENTED_EDGE('',*,*,#1921,.F.);
#3255 = ORIENTED_EDGE('',*,*,#3240,.T.);
#3256 = ORIENTED_EDGE('',*,*,#3257,.T.);
#3257 = EDGE_CURVE('',#3233,#3258,#3260,.T.);
#3258 = VERTEX_POINT('',#3259);
#3259 = CARTESIAN_POINT('',(0.1,-6.1,0.75));
#3260 = LINE('',#3261,#3262);
#3261 = CARTESIAN_POINT('',(0.25,-6.1,0.75));
#3262 = VECTOR('',#3263,1.);
#3263 = DIRECTION('',(-1.,1.110223024625E-16,0.));
#3264 = ORIENTED_EDGE('',*,*,#3265,.T.);
#3265 = EDGE_CURVE('',#3258,#3266,#3268,.T.);
#3266 = VERTEX_POINT('',#3267);
#3267 = CARTESIAN_POINT('',(0.1,-6.1,3.5));
#3268 = LINE('',#3269,#3270);
#3269 = CARTESIAN_POINT('',(0.1,-6.1,3.038545620235));
#3270 = VECTOR('',#3271,1.);
#3271 = DIRECTION('',(0.,-0.,1.));
#3272 = ORIENTED_EDGE('',*,*,#3273,.F.);
#3273 = EDGE_CURVE('',#3274,#3266,#3276,.T.);
#3274 = VERTEX_POINT('',#3275);
#3275 = CARTESIAN_POINT('',(-0.1,-6.1,3.5));
#3276 = LINE('',#3277,#3278);
#3277 = CARTESIAN_POINT('',(-0.1,-6.1,3.5));
#3278 = VECTOR('',#3279,1.);
#3279 = DIRECTION('',(1.,-1.110223024625E-16,0.));
#3280 = ORIENTED_EDGE('',*,*,#3281,.F.);
#3281 = EDGE_CURVE('',#3282,#3274,#3284,.T.);
#3282 = VERTEX_POINT('',#3283);
#3283 = CARTESIAN_POINT('',(-0.1,-6.1,0.75));
#3284 = LINE('',#3285,#3286);
#3285 = CARTESIAN_POINT('',(-0.1,-6.1,3.038545620235));
#3286 = VECTOR('',#3287,1.);
#3287 = DIRECTION('',(0.,-0.,1.));
#3288 = ORIENTED_EDGE('',*,*,#3289,.T.);
#3289 = EDGE_CURVE('',#3282,#3290,#3292,.T.);
#3290 = VERTEX_POINT('',#3291);
#3291 = CARTESIAN_POINT('',(-0.25,-6.1,0.75));
#3292 = LINE('',#3293,#3294);
#3293 = CARTESIAN_POINT('',(0.25,-6.1,0.75));
#3294 = VECTOR('',#3295,1.);
#3295 = DIRECTION('',(-1.,1.110223024625E-16,0.));
#3296 = ORIENTED_EDGE('',*,*,#3297,.F.);
#3297 = EDGE_CURVE('',#1914,#3290,#3298,.T.);
#3298 = LINE('',#3299,#3300);
#3299 = CARTESIAN_POINT('',(-0.25,-6.1,4.15));
#3300 = VECTOR('',#3301,1.);
#3301 = DIRECTION('',(0.,-0.,-1.));
#3302 = PLANE('',#3303);
#3303 = AXIS2_PLACEMENT_3D('',#3304,#3305,#3306);
#3304 = CARTESIAN_POINT('',(0.25,-6.1,4.15));
#3305 = DIRECTION('',(1.110223024625E-16,1.,0.));
#3306 = DIRECTION('',(-1.,1.110223024625E-16,0.));
#3307 = ADVANCED_FACE('',(#3308),#3326,.F.);
#3308 = FACE_BOUND('',#3309,.F.);
#3309 = EDGE_LOOP('',(#3310,#3311,#3319,#3325));
#3310 = ORIENTED_EDGE('',*,*,#3297,.T.);
#3311 = ORIENTED_EDGE('',*,*,#3312,.T.);
#3312 = EDGE_CURVE('',#3290,#3313,#3315,.T.);
#3313 = VERTEX_POINT('',#3314);
#3314 = CARTESIAN_POINT('',(-0.25,-6.6,0.75));
#3315 = LINE('',#3316,#3317);
#3316 = CARTESIAN_POINT('',(-0.25,-6.1,0.75));
#3317 = VECTOR('',#3318,1.);
#3318 = DIRECTION('',(-1.110223024625E-16,-1.,0.));
#3319 = ORIENTED_EDGE('',*,*,#3320,.F.);
#3320 = EDGE_CURVE('',#1938,#3313,#3321,.T.);
#3321 = LINE('',#3322,#3323);
#3322 = CARTESIAN_POINT('',(-0.25,-6.6,4.15));
#3323 = VECTOR('',#3324,1.);
#3324 = DIRECTION('',(0.,-0.,-1.));
#3325 = ORIENTED_EDGE('',*,*,#1945,.F.);
#3326 = PLANE('',#3327);
#3327 = AXIS2_PLACEMENT_3D('',#3328,#3329,#3330);
#3328 = CARTESIAN_POINT('',(-0.25,-6.1,4.15));
#3329 = DIRECTION('',(-1.,1.110223024625E-16,0.));
#3330 = DIRECTION('',(-1.110223024625E-16,-1.,0.));
#3331 = ADVANCED_FACE('',(#3332),#3375,.F.);
#3332 = FACE_BOUND('',#3333,.F.);
#3333 = EDGE_LOOP('',(#3334,#3335,#3336,#3344,#3352,#3360,#3368,#3374));
#3334 = ORIENTED_EDGE('',*,*,#1962,.F.);
#3335 = ORIENTED_EDGE('',*,*,#3320,.T.);
#3336 = ORIENTED_EDGE('',*,*,#3337,.T.);
#3337 = EDGE_CURVE('',#3313,#3338,#3340,.T.);
#3338 = VERTEX_POINT('',#3339);
#3339 = CARTESIAN_POINT('',(-0.1,-6.6,0.75));
#3340 = LINE('',#3341,#3342);
#3341 = CARTESIAN_POINT('',(-0.25,-6.6,0.75));
#3342 = VECTOR('',#3343,1.);
#3343 = DIRECTION('',(1.,-1.110223024625E-16,0.));
#3344 = ORIENTED_EDGE('',*,*,#3345,.F.);
#3345 = EDGE_CURVE('',#3346,#3338,#3348,.T.);
#3346 = VERTEX_POINT('',#3347);
#3347 = CARTESIAN_POINT('',(-0.1,-6.6,3.5));
#3348 = LINE('',#3349,#3350);
#3349 = CARTESIAN_POINT('',(-0.1,-6.6,3.038545620235));
#3350 = VECTOR('',#3351,1.);
#3351 = DIRECTION('',(-0.,0.,-1.));
#3352 = ORIENTED_EDGE('',*,*,#3353,.T.);
#3353 = EDGE_CURVE('',#3346,#3354,#3356,.T.);
#3354 = VERTEX_POINT('',#3355);
#3355 = CARTESIAN_POINT('',(0.1,-6.6,3.5));
#3356 = LINE('',#3357,#3358);
#3357 = CARTESIAN_POINT('',(-0.1,-6.6,3.5));
#3358 = VECTOR('',#3359,1.);
#3359 = DIRECTION('',(1.,-1.110223024625E-16,0.));
#3360 = ORIENTED_EDGE('',*,*,#3361,.T.);
#3361 = EDGE_CURVE('',#3354,#3362,#3364,.T.);
#3362 = VERTEX_POINT('',#3363);
#3363 = CARTESIAN_POINT('',(0.1,-6.6,0.75));
#3364 = LINE('',#3365,#3366);
#3365 = CARTESIAN_POINT('',(0.1,-6.6,3.038545620235));
#3366 = VECTOR('',#3367,1.);
#3367 = DIRECTION('',(-0.,0.,-1.));
#3368 = ORIENTED_EDGE('',*,*,#3369,.T.);
#3369 = EDGE_CURVE('',#3362,#3225,#3370,.T.);
#3370 = LINE('',#3371,#3372);
#3371 = CARTESIAN_POINT('',(-0.25,-6.6,0.75));
#3372 = VECTOR('',#3373,1.);
#3373 = DIRECTION('',(1.,-1.110223024625E-16,0.));
#3374 = ORIENTED_EDGE('',*,*,#3224,.F.);
#3375 = PLANE('',#3376);
#3376 = AXIS2_PLACEMENT_3D('',#3377,#3378,#3379);
#3377 = CARTESIAN_POINT('',(-0.25,-6.6,4.15));
#3378 = DIRECTION('',(-1.110223024625E-16,-1.,0.));
#3379 = DIRECTION('',(1.,-1.110223024625E-16,0.));
#3380 = ADVANCED_FACE('',(#3381),#3406,.F.);
#3381 = FACE_BOUND('',#3382,.F.);
#3382 = EDGE_LOOP('',(#3383,#3391,#3399,#3405));
#3383 = ORIENTED_EDGE('',*,*,#3384,.T.);
#3384 = EDGE_CURVE('',#1977,#3385,#3387,.T.);
#3385 = VERTEX_POINT('',#3386);
#3386 = CARTESIAN_POINT('',(0.25,-5.33,0.75));
#3387 = LINE('',#3388,#3389);
#3388 = CARTESIAN_POINT('',(0.25,-5.33,4.15));
#3389 = VECTOR('',#3390,1.);
#3390 = DIRECTION('',(0.,-0.,-1.));
#3391 = ORIENTED_EDGE('',*,*,#3392,.T.);
#3392 = EDGE_CURVE('',#3385,#3393,#3395,.T.);
#3393 = VERTEX_POINT('',#3394);
#3394 = CARTESIAN_POINT('',(0.25,-4.83,0.75));
#3395 = LINE('',#3396,#3397);
#3396 = CARTESIAN_POINT('',(0.25,-5.33,0.75));
#3397 = VECTOR('',#3398,1.);
#3398 = DIRECTION('',(1.110223024625E-16,1.,0.));
#3399 = ORIENTED_EDGE('',*,*,#3400,.F.);
#3400 = EDGE_CURVE('',#1986,#3393,#3401,.T.);
#3401 = LINE('',#3402,#3403);
#3402 = CARTESIAN_POINT('',(0.25,-4.83,4.15));
#3403 = VECTOR('',#3404,1.);
#3404 = DIRECTION('',(0.,-0.,-1.));
#3405 = ORIENTED_EDGE('',*,*,#1993,.F.);
#3406 = PLANE('',#3407);
#3407 = AXIS2_PLACEMENT_3D('',#3408,#3409,#3410);
#3408 = CARTESIAN_POINT('',(0.25,-5.33,4.15));
#3409 = DIRECTION('',(1.,-1.110223024625E-16,0.));
#3410 = DIRECTION('',(1.110223024625E-16,1.,0.));
#3411 = ADVANCED_FACE('',(#3412),#3462,.F.);
#3412 = FACE_BOUND('',#3413,.F.);
#3413 = EDGE_LOOP('',(#3414,#3415,#3416,#3424,#3432,#3440,#3448,#3456));
#3414 = ORIENTED_EDGE('',*,*,#2017,.F.);
#3415 = ORIENTED_EDGE('',*,*,#3400,.T.);
#3416 = ORIENTED_EDGE('',*,*,#3417,.T.);
#3417 = EDGE_CURVE('',#3393,#3418,#3420,.T.);
#3418 = VERTEX_POINT('',#3419);
#3419 = CARTESIAN_POINT('',(0.1,-4.83,0.75));
#3420 = LINE('',#3421,#3422);
#3421 = CARTESIAN_POINT('',(0.25,-4.83,0.75));
#3422 = VECTOR('',#3423,1.);
#3423 = DIRECTION('',(-1.,1.110223024625E-16,0.));
#3424 = ORIENTED_EDGE('',*,*,#3425,.T.);
#3425 = EDGE_CURVE('',#3418,#3426,#3428,.T.);
#3426 = VERTEX_POINT('',#3427);
#3427 = CARTESIAN_POINT('',(0.1,-4.83,3.5));
#3428 = LINE('',#3429,#3430);
#3429 = CARTESIAN_POINT('',(0.1,-4.83,3.038545620235));
#3430 = VECTOR('',#3431,1.);
#3431 = DIRECTION('',(0.,-0.,1.));
#3432 = ORIENTED_EDGE('',*,*,#3433,.F.);
#3433 = EDGE_CURVE('',#3434,#3426,#3436,.T.);
#3434 = VERTEX_POINT('',#3435);
#3435 = CARTESIAN_POINT('',(-0.1,-4.83,3.5));
#3436 = LINE('',#3437,#3438);
#3437 = CARTESIAN_POINT('',(-0.1,-4.83,3.5));
#3438 = VECTOR('',#3439,1.);
#3439 = DIRECTION('',(1.,-1.110223024625E-16,0.));
#3440 = ORIENTED_EDGE('',*,*,#3441,.F.);
#3441 = EDGE_CURVE('',#3442,#3434,#3444,.T.);
#3442 = VERTEX_POINT('',#3443);
#3443 = CARTESIAN_POINT('',(-0.1,-4.83,0.75));
#3444 = LINE('',#3445,#3446);
#3445 = CARTESIAN_POINT('',(-0.1,-4.83,3.038545620235));
#3446 = VECTOR('',#3447,1.);
#3447 = DIRECTION('',(0.,-0.,1.));
#3448 = ORIENTED_EDGE('',*,*,#3449,.T.);
#3449 = EDGE_CURVE('',#3442,#3450,#3452,.T.);
#3450 = VERTEX_POINT('',#3451);
#3451 = CARTESIAN_POINT('',(-0.25,-4.83,0.75));
#3452 = LINE('',#3453,#3454);
#3453 = CARTESIAN_POINT('',(0.25,-4.83,0.75));
#3454 = VECTOR('',#3455,1.);
#3455 = DIRECTION('',(-1.,1.110223024625E-16,0.));
#3456 = ORIENTED_EDGE('',*,*,#3457,.F.);
#3457 = EDGE_CURVE('',#2010,#3450,#3458,.T.);
#3458 = LINE('',#3459,#3460);
#3459 = CARTESIAN_POINT('',(-0.25,-4.83,4.15));
#3460 = VECTOR('',#3461,1.);
#3461 = DIRECTION('',(0.,-0.,-1.));
#3462 = PLANE('',#3463);
#3463 = AXIS2_PLACEMENT_3D('',#3464,#3465,#3466);
#3464 = CARTESIAN_POINT('',(0.25,-4.83,4.15));
#3465 = DIRECTION('',(1.110223024625E-16,1.,0.));
#3466 = DIRECTION('',(-1.,1.110223024625E-16,0.));
#3467 = ADVANCED_FACE('',(#3468),#3486,.F.);
#3468 = FACE_BOUND('',#3469,.F.);
#3469 = EDGE_LOOP('',(#3470,#3471,#3479,#3485));
#3470 = ORIENTED_EDGE('',*,*,#3457,.T.);
#3471 = ORIENTED_EDGE('',*,*,#3472,.T.);
#3472 = EDGE_CURVE('',#3450,#3473,#3475,.T.);
#3473 = VERTEX_POINT('',#3474);
#3474 = CARTESIAN_POINT('',(-0.25,-5.33,0.75));
#3475 = LINE('',#3476,#3477);
#3476 = CARTESIAN_POINT('',(-0.25,-4.83,0.75));
#3477 = VECTOR('',#3478,1.);
#3478 = DIRECTION('',(-1.110223024625E-16,-1.,0.));
#3479 = ORIENTED_EDGE('',*,*,#3480,.F.);
#3480 = EDGE_CURVE('',#2034,#3473,#3481,.T.);
#3481 = LINE('',#3482,#3483);
#3482 = CARTESIAN_POINT('',(-0.25,-5.33,4.15));
#3483 = VECTOR('',#3484,1.);
#3484 = DIRECTION('',(0.,-0.,-1.));
#3485 = ORIENTED_EDGE('',*,*,#2041,.F.);
#3486 = PLANE('',#3487);
#3487 = AXIS2_PLACEMENT_3D('',#3488,#3489,#3490);
#3488 = CARTESIAN_POINT('',(-0.25,-4.83,4.15));
#3489 = DIRECTION('',(-1.,1.110223024625E-16,0.));
#3490 = DIRECTION('',(-1.110223024625E-16,-1.,0.));
#3491 = ADVANCED_FACE('',(#3492),#3535,.F.);
#3492 = FACE_BOUND('',#3493,.F.);
#3493 = EDGE_LOOP('',(#3494,#3495,#3496,#3504,#3512,#3520,#3528,#3534));
#3494 = ORIENTED_EDGE('',*,*,#2058,.F.);
#3495 = ORIENTED_EDGE('',*,*,#3480,.T.);
#3496 = ORIENTED_EDGE('',*,*,#3497,.T.);
#3497 = EDGE_CURVE('',#3473,#3498,#3500,.T.);
#3498 = VERTEX_POINT('',#3499);
#3499 = CARTESIAN_POINT('',(-0.1,-5.33,0.75));
#3500 = LINE('',#3501,#3502);
#3501 = CARTESIAN_POINT('',(-0.25,-5.33,0.75));
#3502 = VECTOR('',#3503,1.);
#3503 = DIRECTION('',(1.,-1.110223024625E-16,0.));
#3504 = ORIENTED_EDGE('',*,*,#3505,.F.);
#3505 = EDGE_CURVE('',#3506,#3498,#3508,.T.);
#3506 = VERTEX_POINT('',#3507);
#3507 = CARTESIAN_POINT('',(-0.1,-5.33,3.5));
#3508 = LINE('',#3509,#3510);
#3509 = CARTESIAN_POINT('',(-0.1,-5.33,3.038545620235));
#3510 = VECTOR('',#3511,1.);
#3511 = DIRECTION('',(-0.,0.,-1.));
#3512 = ORIENTED_EDGE('',*,*,#3513,.T.);
#3513 = EDGE_CURVE('',#3506,#3514,#3516,.T.);
#3514 = VERTEX_POINT('',#3515);
#3515 = CARTESIAN_POINT('',(0.1,-5.33,3.5));
#3516 = LINE('',#3517,#3518);
#3517 = CARTESIAN_POINT('',(-0.1,-5.33,3.5));
#3518 = VECTOR('',#3519,1.);
#3519 = DIRECTION('',(1.,-1.110223024625E-16,0.));
#3520 = ORIENTED_EDGE('',*,*,#3521,.T.);
#3521 = EDGE_CURVE('',#3514,#3522,#3524,.T.);
#3522 = VERTEX_POINT('',#3523);
#3523 = CARTESIAN_POINT('',(0.1,-5.33,0.75));
#3524 = LINE('',#3525,#3526);
#3525 = CARTESIAN_POINT('',(0.1,-5.33,3.038545620235));
#3526 = VECTOR('',#3527,1.);
#3527 = DIRECTION('',(-0.,0.,-1.));
#3528 = ORIENTED_EDGE('',*,*,#3529,.T.);
#3529 = EDGE_CURVE('',#3522,#3385,#3530,.T.);
#3530 = LINE('',#3531,#3532);
#3531 = CARTESIAN_POINT('',(-0.25,-5.33,0.75));
#3532 = VECTOR('',#3533,1.);
#3533 = DIRECTION('',(1.,-1.110223024625E-16,0.));
#3534 = ORIENTED_EDGE('',*,*,#3384,.F.);
#3535 = PLANE('',#3536);
#3536 = AXIS2_PLACEMENT_3D('',#3537,#3538,#3539);
#3537 = CARTESIAN_POINT('',(-0.25,-5.33,4.15));
#3538 = DIRECTION('',(-1.110223024625E-16,-1.,0.));
#3539 = DIRECTION('',(1.,-1.110223024625E-16,0.));
#3540 = ADVANCED_FACE('',(#3541),#3566,.F.);
#3541 = FACE_BOUND('',#3542,.F.);
#3542 = EDGE_LOOP('',(#3543,#3551,#3559,#3565));
#3543 = ORIENTED_EDGE('',*,*,#3544,.T.);
#3544 = EDGE_CURVE('',#2073,#3545,#3547,.T.);
#3545 = VERTEX_POINT('',#3546);
#3546 = CARTESIAN_POINT('',(0.25,-4.06,0.75));
#3547 = LINE('',#3548,#3549);
#3548 = CARTESIAN_POINT('',(0.25,-4.06,4.15));
#3549 = VECTOR('',#3550,1.);
#3550 = DIRECTION('',(0.,-0.,-1.));
#3551 = ORIENTED_EDGE('',*,*,#3552,.T.);
#3552 = EDGE_CURVE('',#3545,#3553,#3555,.T.);
#3553 = VERTEX_POINT('',#3554);
#3554 = CARTESIAN_POINT('',(0.25,-3.56,0.75));
#3555 = LINE('',#3556,#3557);
#3556 = CARTESIAN_POINT('',(0.25,-4.06,0.75));
#3557 = VECTOR('',#3558,1.);
#3558 = DIRECTION('',(1.110223024625E-16,1.,0.));
#3559 = ORIENTED_EDGE('',*,*,#3560,.F.);
#3560 = EDGE_CURVE('',#2082,#3553,#3561,.T.);
#3561 = LINE('',#3562,#3563);
#3562 = CARTESIAN_POINT('',(0.25,-3.56,4.15));
#3563 = VECTOR('',#3564,1.);
#3564 = DIRECTION('',(0.,-0.,-1.));
#3565 = ORIENTED_EDGE('',*,*,#2089,.F.);
#3566 = PLANE('',#3567);
#3567 = AXIS2_PLACEMENT_3D('',#3568,#3569,#3570);
#3568 = CARTESIAN_POINT('',(0.25,-4.06,4.15));
#3569 = DIRECTION('',(1.,-1.110223024625E-16,0.));
#3570 = DIRECTION('',(1.110223024625E-16,1.,0.));
#3571 = ADVANCED_FACE('',(#3572),#3622,.F.);
#3572 = FACE_BOUND('',#3573,.F.);
#3573 = EDGE_LOOP('',(#3574,#3575,#3576,#3584,#3592,#3600,#3608,#3616));
#3574 = ORIENTED_EDGE('',*,*,#2113,.F.);
#3575 = ORIENTED_EDGE('',*,*,#3560,.T.);
#3576 = ORIENTED_EDGE('',*,*,#3577,.T.);
#3577 = EDGE_CURVE('',#3553,#3578,#3580,.T.);
#3578 = VERTEX_POINT('',#3579);
#3579 = CARTESIAN_POINT('',(0.1,-3.56,0.75));
#3580 = LINE('',#3581,#3582);
#3581 = CARTESIAN_POINT('',(0.25,-3.56,0.75));
#3582 = VECTOR('',#3583,1.);
#3583 = DIRECTION('',(-1.,1.110223024625E-16,0.));
#3584 = ORIENTED_EDGE('',*,*,#3585,.T.);
#3585 = EDGE_CURVE('',#3578,#3586,#3588,.T.);
#3586 = VERTEX_POINT('',#3587);
#3587 = CARTESIAN_POINT('',(0.1,-3.56,3.5));
#3588 = LINE('',#3589,#3590);
#3589 = CARTESIAN_POINT('',(0.1,-3.56,3.038545620235));
#3590 = VECTOR('',#3591,1.);
#3591 = DIRECTION('',(0.,-0.,1.));
#3592 = ORIENTED_EDGE('',*,*,#3593,.F.);
#3593 = EDGE_CURVE('',#3594,#3586,#3596,.T.);
#3594 = VERTEX_POINT('',#3595);
#3595 = CARTESIAN_POINT('',(-0.1,-3.56,3.5));
#3596 = LINE('',#3597,#3598);
#3597 = CARTESIAN_POINT('',(-0.1,-3.56,3.5));
#3598 = VECTOR('',#3599,1.);
#3599 = DIRECTION('',(1.,-1.110223024625E-16,0.));
#3600 = ORIENTED_EDGE('',*,*,#3601,.F.);
#3601 = EDGE_CURVE('',#3602,#3594,#3604,.T.);
#3602 = VERTEX_POINT('',#3603);
#3603 = CARTESIAN_POINT('',(-0.1,-3.56,0.75));
#3604 = LINE('',#3605,#3606);
#3605 = CARTESIAN_POINT('',(-0.1,-3.56,3.038545620235));
#3606 = VECTOR('',#3607,1.);
#3607 = DIRECTION('',(0.,-0.,1.));
#3608 = ORIENTED_EDGE('',*,*,#3609,.T.);
#3609 = EDGE_CURVE('',#3602,#3610,#3612,.T.);
#3610 = VERTEX_POINT('',#3611);
#3611 = CARTESIAN_POINT('',(-0.25,-3.56,0.75));
#3612 = LINE('',#3613,#3614);
#3613 = CARTESIAN_POINT('',(0.25,-3.56,0.75));
#3614 = VECTOR('',#3615,1.);
#3615 = DIRECTION('',(-1.,1.110223024625E-16,0.));
#3616 = ORIENTED_EDGE('',*,*,#3617,.F.);
#3617 = EDGE_CURVE('',#2106,#3610,#3618,.T.);
#3618 = LINE('',#3619,#3620);
#3619 = CARTESIAN_POINT('',(-0.25,-3.56,4.15));
#3620 = VECTOR('',#3621,1.);
#3621 = DIRECTION('',(0.,-0.,-1.));
#3622 = PLANE('',#3623);
#3623 = AXIS2_PLACEMENT_3D('',#3624,#3625,#3626);
#3624 = CARTESIAN_POINT('',(0.25,-3.56,4.15));
#3625 = DIRECTION('',(1.110223024625E-16,1.,0.));
#3626 = DIRECTION('',(-1.,1.110223024625E-16,0.));
#3627 = ADVANCED_FACE('',(#3628),#3646,.F.);
#3628 = FACE_BOUND('',#3629,.F.);
#3629 = EDGE_LOOP('',(#3630,#3631,#3639,#3645));
#3630 = ORIENTED_EDGE('',*,*,#3617,.T.);
#3631 = ORIENTED_EDGE('',*,*,#3632,.T.);
#3632 = EDGE_CURVE('',#3610,#3633,#3635,.T.);
#3633 = VERTEX_POINT('',#3634);
#3634 = CARTESIAN_POINT('',(-0.25,-4.06,0.75));
#3635 = LINE('',#3636,#3637);
#3636 = CARTESIAN_POINT('',(-0.25,-3.56,0.75));
#3637 = VECTOR('',#3638,1.);
#3638 = DIRECTION('',(-1.110223024625E-16,-1.,0.));
#3639 = ORIENTED_EDGE('',*,*,#3640,.F.);
#3640 = EDGE_CURVE('',#2130,#3633,#3641,.T.);
#3641 = LINE('',#3642,#3643);
#3642 = CARTESIAN_POINT('',(-0.25,-4.06,4.15));
#3643 = VECTOR('',#3644,1.);
#3644 = DIRECTION('',(0.,-0.,-1.));
#3645 = ORIENTED_EDGE('',*,*,#2137,.F.);
#3646 = PLANE('',#3647);
#3647 = AXIS2_PLACEMENT_3D('',#3648,#3649,#3650);
#3648 = CARTESIAN_POINT('',(-0.25,-3.56,4.15));
#3649 = DIRECTION('',(-1.,1.110223024625E-16,0.));
#3650 = DIRECTION('',(-1.110223024625E-16,-1.,0.));
#3651 = ADVANCED_FACE('',(#3652),#3695,.F.);
#3652 = FACE_BOUND('',#3653,.F.);
#3653 = EDGE_LOOP('',(#3654,#3655,#3656,#3664,#3672,#3680,#3688,#3694));
#3654 = ORIENTED_EDGE('',*,*,#2154,.F.);
#3655 = ORIENTED_EDGE('',*,*,#3640,.T.);
#3656 = ORIENTED_EDGE('',*,*,#3657,.T.);
#3657 = EDGE_CURVE('',#3633,#3658,#3660,.T.);
#3658 = VERTEX_POINT('',#3659);
#3659 = CARTESIAN_POINT('',(-0.1,-4.06,0.75));
#3660 = LINE('',#3661,#3662);
#3661 = CARTESIAN_POINT('',(-0.25,-4.06,0.75));
#3662 = VECTOR('',#3663,1.);
#3663 = DIRECTION('',(1.,-1.110223024625E-16,0.));
#3664 = ORIENTED_EDGE('',*,*,#3665,.F.);
#3665 = EDGE_CURVE('',#3666,#3658,#3668,.T.);
#3666 = VERTEX_POINT('',#3667);
#3667 = CARTESIAN_POINT('',(-0.1,-4.06,3.5));
#3668 = LINE('',#3669,#3670);
#3669 = CARTESIAN_POINT('',(-0.1,-4.06,3.038545620235));
#3670 = VECTOR('',#3671,1.);
#3671 = DIRECTION('',(-0.,0.,-1.));
#3672 = ORIENTED_EDGE('',*,*,#3673,.T.);
#3673 = EDGE_CURVE('',#3666,#3674,#3676,.T.);
#3674 = VERTEX_POINT('',#3675);
#3675 = CARTESIAN_POINT('',(0.1,-4.06,3.5));
#3676 = LINE('',#3677,#3678);
#3677 = CARTESIAN_POINT('',(-0.1,-4.06,3.5));
#3678 = VECTOR('',#3679,1.);
#3679 = DIRECTION('',(1.,-1.110223024625E-16,0.));
#3680 = ORIENTED_EDGE('',*,*,#3681,.T.);
#3681 = EDGE_CURVE('',#3674,#3682,#3684,.T.);
#3682 = VERTEX_POINT('',#3683);
#3683 = CARTESIAN_POINT('',(0.1,-4.06,0.75));
#3684 = LINE('',#3685,#3686);
#3685 = CARTESIAN_POINT('',(0.1,-4.06,3.038545620235));
#3686 = VECTOR('',#3687,1.);
#3687 = DIRECTION('',(-0.,0.,-1.));
#3688 = ORIENTED_EDGE('',*,*,#3689,.T.);
#3689 = EDGE_CURVE('',#3682,#3545,#3690,.T.);
#3690 = LINE('',#3691,#3692);
#3691 = CARTESIAN_POINT('',(-0.25,-4.06,0.75));
#3692 = VECTOR('',#3693,1.);
#3693 = DIRECTION('',(1.,-1.110223024625E-16,0.));
#3694 = ORIENTED_EDGE('',*,*,#3544,.F.);
#3695 = PLANE('',#3696);
#3696 = AXIS2_PLACEMENT_3D('',#3697,#3698,#3699);
#3697 = CARTESIAN_POINT('',(-0.25,-4.06,4.15));
#3698 = DIRECTION('',(-1.110223024625E-16,-1.,0.));
#3699 = DIRECTION('',(1.,-1.110223024625E-16,0.));
#3700 = ADVANCED_FACE('',(#3701),#3726,.F.);
#3701 = FACE_BOUND('',#3702,.F.);
#3702 = EDGE_LOOP('',(#3703,#3711,#3719,#3725));
#3703 = ORIENTED_EDGE('',*,*,#3704,.T.);
#3704 = EDGE_CURVE('',#2169,#3705,#3707,.T.);
#3705 = VERTEX_POINT('',#3706);
#3706 = CARTESIAN_POINT('',(0.25,-2.79,0.75));
#3707 = LINE('',#3708,#3709);
#3708 = CARTESIAN_POINT('',(0.25,-2.79,4.15));
#3709 = VECTOR('',#3710,1.);
#3710 = DIRECTION('',(0.,-0.,-1.));
#3711 = ORIENTED_EDGE('',*,*,#3712,.T.);
#3712 = EDGE_CURVE('',#3705,#3713,#3715,.T.);
#3713 = VERTEX_POINT('',#3714);
#3714 = CARTESIAN_POINT('',(0.25,-2.29,0.75));
#3715 = LINE('',#3716,#3717);
#3716 = CARTESIAN_POINT('',(0.25,-2.79,0.75));
#3717 = VECTOR('',#3718,1.);
#3718 = DIRECTION('',(1.110223024625E-16,1.,0.));
#3719 = ORIENTED_EDGE('',*,*,#3720,.F.);
#3720 = EDGE_CURVE('',#2178,#3713,#3721,.T.);
#3721 = LINE('',#3722,#3723);
#3722 = CARTESIAN_POINT('',(0.25,-2.29,4.15));
#3723 = VECTOR('',#3724,1.);
#3724 = DIRECTION('',(0.,-0.,-1.));
#3725 = ORIENTED_EDGE('',*,*,#2185,.F.);
#3726 = PLANE('',#3727);
#3727 = AXIS2_PLACEMENT_3D('',#3728,#3729,#3730);
#3728 = CARTESIAN_POINT('',(0.25,-2.79,4.15));
#3729 = DIRECTION('',(1.,-1.110223024625E-16,0.));
#3730 = DIRECTION('',(1.110223024625E-16,1.,0.));
#3731 = ADVANCED_FACE('',(#3732),#3782,.F.);
#3732 = FACE_BOUND('',#3733,.F.);
#3733 = EDGE_LOOP('',(#3734,#3735,#3736,#3744,#3752,#3760,#3768,#3776));
#3734 = ORIENTED_EDGE('',*,*,#2209,.F.);
#3735 = ORIENTED_EDGE('',*,*,#3720,.T.);
#3736 = ORIENTED_EDGE('',*,*,#3737,.T.);
#3737 = EDGE_CURVE('',#3713,#3738,#3740,.T.);
#3738 = VERTEX_POINT('',#3739);
#3739 = CARTESIAN_POINT('',(0.1,-2.29,0.75));
#3740 = LINE('',#3741,#3742);
#3741 = CARTESIAN_POINT('',(0.25,-2.29,0.75));
#3742 = VECTOR('',#3743,1.);
#3743 = DIRECTION('',(-1.,1.110223024625E-16,0.));
#3744 = ORIENTED_EDGE('',*,*,#3745,.T.);
#3745 = EDGE_CURVE('',#3738,#3746,#3748,.T.);
#3746 = VERTEX_POINT('',#3747);
#3747 = CARTESIAN_POINT('',(0.1,-2.29,3.5));
#3748 = LINE('',#3749,#3750);
#3749 = CARTESIAN_POINT('',(0.1,-2.29,3.038545620235));
#3750 = VECTOR('',#3751,1.);
#3751 = DIRECTION('',(0.,-0.,1.));
#3752 = ORIENTED_EDGE('',*,*,#3753,.F.);
#3753 = EDGE_CURVE('',#3754,#3746,#3756,.T.);
#3754 = VERTEX_POINT('',#3755);
#3755 = CARTESIAN_POINT('',(-0.1,-2.29,3.5));
#3756 = LINE('',#3757,#3758);
#3757 = CARTESIAN_POINT('',(-0.1,-2.29,3.5));
#3758 = VECTOR('',#3759,1.);
#3759 = DIRECTION('',(1.,-1.110223024625E-16,0.));
#3760 = ORIENTED_EDGE('',*,*,#3761,.F.);
#3761 = EDGE_CURVE('',#3762,#3754,#3764,.T.);
#3762 = VERTEX_POINT('',#3763);
#3763 = CARTESIAN_POINT('',(-0.1,-2.29,0.75));
#3764 = LINE('',#3765,#3766);
#3765 = CARTESIAN_POINT('',(-0.1,-2.29,3.038545620235));
#3766 = VECTOR('',#3767,1.);
#3767 = DIRECTION('',(0.,-0.,1.));
#3768 = ORIENTED_EDGE('',*,*,#3769,.T.);
#3769 = EDGE_CURVE('',#3762,#3770,#3772,.T.);
#3770 = VERTEX_POINT('',#3771);
#3771 = CARTESIAN_POINT('',(-0.25,-2.29,0.75));
#3772 = LINE('',#3773,#3774);
#3773 = CARTESIAN_POINT('',(0.25,-2.29,0.75));
#3774 = VECTOR('',#3775,1.);
#3775 = DIRECTION('',(-1.,1.110223024625E-16,0.));
#3776 = ORIENTED_EDGE('',*,*,#3777,.F.);
#3777 = EDGE_CURVE('',#2202,#3770,#3778,.T.);
#3778 = LINE('',#3779,#3780);
#3779 = CARTESIAN_POINT('',(-0.25,-2.29,4.15));
#3780 = VECTOR('',#3781,1.);
#3781 = DIRECTION('',(0.,-0.,-1.));
#3782 = PLANE('',#3783);
#3783 = AXIS2_PLACEMENT_3D('',#3784,#3785,#3786);
#3784 = CARTESIAN_POINT('',(0.25,-2.29,4.15));
#3785 = DIRECTION('',(1.110223024625E-16,1.,0.));
#3786 = DIRECTION('',(-1.,1.110223024625E-16,0.));
#3787 = ADVANCED_FACE('',(#3788),#3806,.F.);
#3788 = FACE_BOUND('',#3789,.F.);
#3789 = EDGE_LOOP('',(#3790,#3791,#3799,#3805));
#3790 = ORIENTED_EDGE('',*,*,#3777,.T.);
#3791 = ORIENTED_EDGE('',*,*,#3792,.T.);
#3792 = EDGE_CURVE('',#3770,#3793,#3795,.T.);
#3793 = VERTEX_POINT('',#3794);
#3794 = CARTESIAN_POINT('',(-0.25,-2.79,0.75));
#3795 = LINE('',#3796,#3797);
#3796 = CARTESIAN_POINT('',(-0.25,-2.29,0.75));
#3797 = VECTOR('',#3798,1.);
#3798 = DIRECTION('',(-1.110223024625E-16,-1.,0.));
#3799 = ORIENTED_EDGE('',*,*,#3800,.F.);
#3800 = EDGE_CURVE('',#2226,#3793,#3801,.T.);
#3801 = LINE('',#3802,#3803);
#3802 = CARTESIAN_POINT('',(-0.25,-2.79,4.15));
#3803 = VECTOR('',#3804,1.);
#3804 = DIRECTION('',(0.,-0.,-1.));
#3805 = ORIENTED_EDGE('',*,*,#2233,.F.);
#3806 = PLANE('',#3807);
#3807 = AXIS2_PLACEMENT_3D('',#3808,#3809,#3810);
#3808 = CARTESIAN_POINT('',(-0.25,-2.29,4.15));
#3809 = DIRECTION('',(-1.,1.110223024625E-16,0.));
#3810 = DIRECTION('',(-1.110223024625E-16,-1.,0.));
#3811 = ADVANCED_FACE('',(#3812),#3855,.F.);
#3812 = FACE_BOUND('',#3813,.F.);
#3813 = EDGE_LOOP('',(#3814,#3815,#3816,#3824,#3832,#3840,#3848,#3854));
#3814 = ORIENTED_EDGE('',*,*,#2250,.F.);
#3815 = ORIENTED_EDGE('',*,*,#3800,.T.);
#3816 = ORIENTED_EDGE('',*,*,#3817,.T.);
#3817 = EDGE_CURVE('',#3793,#3818,#3820,.T.);
#3818 = VERTEX_POINT('',#3819);
#3819 = CARTESIAN_POINT('',(-0.1,-2.79,0.75));
#3820 = LINE('',#3821,#3822);
#3821 = CARTESIAN_POINT('',(-0.25,-2.79,0.75));
#3822 = VECTOR('',#3823,1.);
#3823 = DIRECTION('',(1.,-1.110223024625E-16,0.));
#3824 = ORIENTED_EDGE('',*,*,#3825,.F.);
#3825 = EDGE_CURVE('',#3826,#3818,#3828,.T.);
#3826 = VERTEX_POINT('',#3827);
#3827 = CARTESIAN_POINT('',(-0.1,-2.79,3.5));
#3828 = LINE('',#3829,#3830);
#3829 = CARTESIAN_POINT('',(-0.1,-2.79,3.038545620235));
#3830 = VECTOR('',#3831,1.);
#3831 = DIRECTION('',(-0.,0.,-1.));
#3832 = ORIENTED_EDGE('',*,*,#3833,.T.);
#3833 = EDGE_CURVE('',#3826,#3834,#3836,.T.);
#3834 = VERTEX_POINT('',#3835);
#3835 = CARTESIAN_POINT('',(0.1,-2.79,3.5));
#3836 = LINE('',#3837,#3838);
#3837 = CARTESIAN_POINT('',(-0.1,-2.79,3.5));
#3838 = VECTOR('',#3839,1.);
#3839 = DIRECTION('',(1.,-1.110223024625E-16,0.));
#3840 = ORIENTED_EDGE('',*,*,#3841,.T.);
#3841 = EDGE_CURVE('',#3834,#3842,#3844,.T.);
#3842 = VERTEX_POINT('',#3843);
#3843 = CARTESIAN_POINT('',(0.1,-2.79,0.75));
#3844 = LINE('',#3845,#3846);
#3845 = CARTESIAN_POINT('',(0.1,-2.79,3.038545620235));
#3846 = VECTOR('',#3847,1.);
#3847 = DIRECTION('',(-0.,0.,-1.));
#3848 = ORIENTED_EDGE('',*,*,#3849,.T.);
#3849 = EDGE_CURVE('',#3842,#3705,#3850,.T.);
#3850 = LINE('',#3851,#3852);
#3851 = CARTESIAN_POINT('',(-0.25,-2.79,0.75));
#3852 = VECTOR('',#3853,1.);
#3853 = DIRECTION('',(1.,-1.110223024625E-16,0.));
#3854 = ORIENTED_EDGE('',*,*,#3704,.F.);
#3855 = PLANE('',#3856);
#3856 = AXIS2_PLACEMENT_3D('',#3857,#3858,#3859);
#3857 = CARTESIAN_POINT('',(-0.25,-2.79,4.15));
#3858 = DIRECTION('',(-1.110223024625E-16,-1.,0.));
#3859 = DIRECTION('',(1.,-1.110223024625E-16,0.));
#3860 = ADVANCED_FACE('',(#3861),#3886,.F.);
#3861 = FACE_BOUND('',#3862,.F.);
#3862 = EDGE_LOOP('',(#3863,#3871,#3879,#3885));
#3863 = ORIENTED_EDGE('',*,*,#3864,.T.);
#3864 = EDGE_CURVE('',#2265,#3865,#3867,.T.);
#3865 = VERTEX_POINT('',#3866);
#3866 = CARTESIAN_POINT('',(0.25,-1.52,0.75));
#3867 = LINE('',#3868,#3869);
#3868 = CARTESIAN_POINT('',(0.25,-1.52,4.15));
#3869 = VECTOR('',#3870,1.);
#3870 = DIRECTION('',(0.,-0.,-1.));
#3871 = ORIENTED_EDGE('',*,*,#3872,.T.);
#3872 = EDGE_CURVE('',#3865,#3873,#3875,.T.);
#3873 = VERTEX_POINT('',#3874);
#3874 = CARTESIAN_POINT('',(0.25,-1.02,0.75));
#3875 = LINE('',#3876,#3877);
#3876 = CARTESIAN_POINT('',(0.25,-1.52,0.75));
#3877 = VECTOR('',#3878,1.);
#3878 = DIRECTION('',(1.110223024625E-16,1.,0.));
#3879 = ORIENTED_EDGE('',*,*,#3880,.F.);
#3880 = EDGE_CURVE('',#2274,#3873,#3881,.T.);
#3881 = LINE('',#3882,#3883);
#3882 = CARTESIAN_POINT('',(0.25,-1.02,4.15));
#3883 = VECTOR('',#3884,1.);
#3884 = DIRECTION('',(0.,-0.,-1.));
#3885 = ORIENTED_EDGE('',*,*,#2281,.F.);
#3886 = PLANE('',#3887);
#3887 = AXIS2_PLACEMENT_3D('',#3888,#3889,#3890);
#3888 = CARTESIAN_POINT('',(0.25,-1.52,4.15));
#3889 = DIRECTION('',(1.,-1.110223024625E-16,0.));
#3890 = DIRECTION('',(1.110223024625E-16,1.,0.));
#3891 = ADVANCED_FACE('',(#3892),#3942,.F.);
#3892 = FACE_BOUND('',#3893,.F.);
#3893 = EDGE_LOOP('',(#3894,#3895,#3896,#3904,#3912,#3920,#3928,#3936));
#3894 = ORIENTED_EDGE('',*,*,#2305,.F.);
#3895 = ORIENTED_EDGE('',*,*,#3880,.T.);
#3896 = ORIENTED_EDGE('',*,*,#3897,.T.);
#3897 = EDGE_CURVE('',#3873,#3898,#3900,.T.);
#3898 = VERTEX_POINT('',#3899);
#3899 = CARTESIAN_POINT('',(0.1,-1.02,0.75));
#3900 = LINE('',#3901,#3902);
#3901 = CARTESIAN_POINT('',(0.25,-1.02,0.75));
#3902 = VECTOR('',#3903,1.);
#3903 = DIRECTION('',(-1.,1.110223024625E-16,0.));
#3904 = ORIENTED_EDGE('',*,*,#3905,.T.);
#3905 = EDGE_CURVE('',#3898,#3906,#3908,.T.);
#3906 = VERTEX_POINT('',#3907);
#3907 = CARTESIAN_POINT('',(0.1,-1.02,3.5));
#3908 = LINE('',#3909,#3910);
#3909 = CARTESIAN_POINT('',(0.1,-1.02,3.038545620235));
#3910 = VECTOR('',#3911,1.);
#3911 = DIRECTION('',(0.,-0.,1.));
#3912 = ORIENTED_EDGE('',*,*,#3913,.F.);
#3913 = EDGE_CURVE('',#3914,#3906,#3916,.T.);
#3914 = VERTEX_POINT('',#3915);
#3915 = CARTESIAN_POINT('',(-0.1,-1.02,3.5));
#3916 = LINE('',#3917,#3918);
#3917 = CARTESIAN_POINT('',(-0.1,-1.02,3.5));
#3918 = VECTOR('',#3919,1.);
#3919 = DIRECTION('',(1.,-1.110223024625E-16,0.));
#3920 = ORIENTED_EDGE('',*,*,#3921,.F.);
#3921 = EDGE_CURVE('',#3922,#3914,#3924,.T.);
#3922 = VERTEX_POINT('',#3923);
#3923 = CARTESIAN_POINT('',(-0.1,-1.02,0.75));
#3924 = LINE('',#3925,#3926);
#3925 = CARTESIAN_POINT('',(-0.1,-1.02,3.038545620235));
#3926 = VECTOR('',#3927,1.);
#3927 = DIRECTION('',(0.,-0.,1.));
#3928 = ORIENTED_EDGE('',*,*,#3929,.T.);
#3929 = EDGE_CURVE('',#3922,#3930,#3932,.T.);
#3930 = VERTEX_POINT('',#3931);
#3931 = CARTESIAN_POINT('',(-0.25,-1.02,0.75));
#3932 = LINE('',#3933,#3934);
#3933 = CARTESIAN_POINT('',(0.25,-1.02,0.75));
#3934 = VECTOR('',#3935,1.);
#3935 = DIRECTION('',(-1.,1.110223024625E-16,0.));
#3936 = ORIENTED_EDGE('',*,*,#3937,.F.);
#3937 = EDGE_CURVE('',#2298,#3930,#3938,.T.);
#3938 = LINE('',#3939,#3940);
#3939 = CARTESIAN_POINT('',(-0.25,-1.02,4.15));
#3940 = VECTOR('',#3941,1.);
#3941 = DIRECTION('',(0.,-0.,-1.));
#3942 = PLANE('',#3943);
#3943 = AXIS2_PLACEMENT_3D('',#3944,#3945,#3946);
#3944 = CARTESIAN_POINT('',(0.25,-1.02,4.15));
#3945 = DIRECTION('',(1.110223024625E-16,1.,0.));
#3946 = DIRECTION('',(-1.,1.110223024625E-16,0.));
#3947 = ADVANCED_FACE('',(#3948),#3966,.F.);
#3948 = FACE_BOUND('',#3949,.F.);
#3949 = EDGE_LOOP('',(#3950,#3951,#3959,#3965));
#3950 = ORIENTED_EDGE('',*,*,#3937,.T.);
#3951 = ORIENTED_EDGE('',*,*,#3952,.T.);
#3952 = EDGE_CURVE('',#3930,#3953,#3955,.T.);
#3953 = VERTEX_POINT('',#3954);
#3954 = CARTESIAN_POINT('',(-0.25,-1.52,0.75));
#3955 = LINE('',#3956,#3957);
#3956 = CARTESIAN_POINT('',(-0.25,-1.02,0.75));
#3957 = VECTOR('',#3958,1.);
#3958 = DIRECTION('',(-1.110223024625E-16,-1.,0.));
#3959 = ORIENTED_EDGE('',*,*,#3960,.F.);
#3960 = EDGE_CURVE('',#2322,#3953,#3961,.T.);
#3961 = LINE('',#3962,#3963);
#3962 = CARTESIAN_POINT('',(-0.25,-1.52,4.15));
#3963 = VECTOR('',#3964,1.);
#3964 = DIRECTION('',(0.,-0.,-1.));
#3965 = ORIENTED_EDGE('',*,*,#2329,.F.);
#3966 = PLANE('',#3967);
#3967 = AXIS2_PLACEMENT_3D('',#3968,#3969,#3970);
#3968 = CARTESIAN_POINT('',(-0.25,-1.02,4.15));
#3969 = DIRECTION('',(-1.,1.110223024625E-16,0.));
#3970 = DIRECTION('',(-1.110223024625E-16,-1.,0.));
#3971 = ADVANCED_FACE('',(#3972),#4015,.F.);
#3972 = FACE_BOUND('',#3973,.F.);
#3973 = EDGE_LOOP('',(#3974,#3975,#3976,#3984,#3992,#4000,#4008,#4014));
#3974 = ORIENTED_EDGE('',*,*,#2346,.F.);
#3975 = ORIENTED_EDGE('',*,*,#3960,.T.);
#3976 = ORIENTED_EDGE('',*,*,#3977,.T.);
#3977 = EDGE_CURVE('',#3953,#3978,#3980,.T.);
#3978 = VERTEX_POINT('',#3979);
#3979 = CARTESIAN_POINT('',(-0.1,-1.52,0.75));
#3980 = LINE('',#3981,#3982);
#3981 = CARTESIAN_POINT('',(-0.25,-1.52,0.75));
#3982 = VECTOR('',#3983,1.);
#3983 = DIRECTION('',(1.,-1.110223024625E-16,0.));
#3984 = ORIENTED_EDGE('',*,*,#3985,.F.);
#3985 = EDGE_CURVE('',#3986,#3978,#3988,.T.);
#3986 = VERTEX_POINT('',#3987);
#3987 = CARTESIAN_POINT('',(-0.1,-1.52,3.5));
#3988 = LINE('',#3989,#3990);
#3989 = CARTESIAN_POINT('',(-0.1,-1.52,3.038545620235));
#3990 = VECTOR('',#3991,1.);
#3991 = DIRECTION('',(-0.,0.,-1.));
#3992 = ORIENTED_EDGE('',*,*,#3993,.T.);
#3993 = EDGE_CURVE('',#3986,#3994,#3996,.T.);
#3994 = VERTEX_POINT('',#3995);
#3995 = CARTESIAN_POINT('',(0.1,-1.52,3.5));
#3996 = LINE('',#3997,#3998);
#3997 = CARTESIAN_POINT('',(-0.1,-1.52,3.5));
#3998 = VECTOR('',#3999,1.);
#3999 = DIRECTION('',(1.,-1.110223024625E-16,0.));
#4000 = ORIENTED_EDGE('',*,*,#4001,.T.);
#4001 = EDGE_CURVE('',#3994,#4002,#4004,.T.);
#4002 = VERTEX_POINT('',#4003);
#4003 = CARTESIAN_POINT('',(0.1,-1.52,0.75));
#4004 = LINE('',#4005,#4006);
#4005 = CARTESIAN_POINT('',(0.1,-1.52,3.038545620235));
#4006 = VECTOR('',#4007,1.);
#4007 = DIRECTION('',(-0.,0.,-1.));
#4008 = ORIENTED_EDGE('',*,*,#4009,.T.);
#4009 = EDGE_CURVE('',#4002,#3865,#4010,.T.);
#4010 = LINE('',#4011,#4012);
#4011 = CARTESIAN_POINT('',(-0.25,-1.52,0.75));
#4012 = VECTOR('',#4013,1.);
#4013 = DIRECTION('',(1.,-1.110223024625E-16,0.));
#4014 = ORIENTED_EDGE('',*,*,#3864,.F.);
#4015 = PLANE('',#4016);
#4016 = AXIS2_PLACEMENT_3D('',#4017,#4018,#4019);
#4017 = CARTESIAN_POINT('',(-0.25,-1.52,4.15));
#4018 = DIRECTION('',(-1.110223024625E-16,-1.,0.));
#4019 = DIRECTION('',(1.,-1.110223024625E-16,0.));
#4020 = ADVANCED_FACE('',(#4021),#4046,.F.);
#4021 = FACE_BOUND('',#4022,.F.);
#4022 = EDGE_LOOP('',(#4023,#4031,#4039,#4045));
#4023 = ORIENTED_EDGE('',*,*,#4024,.T.);
#4024 = EDGE_CURVE('',#2361,#4025,#4027,.T.);
#4025 = VERTEX_POINT('',#4026);
#4026 = CARTESIAN_POINT('',(0.25,-0.25,0.75));
#4027 = LINE('',#4028,#4029);
#4028 = CARTESIAN_POINT('',(0.25,-0.25,4.15));
#4029 = VECTOR('',#4030,1.);
#4030 = DIRECTION('',(0.,-0.,-1.));
#4031 = ORIENTED_EDGE('',*,*,#4032,.T.);
#4032 = EDGE_CURVE('',#4025,#4033,#4035,.T.);
#4033 = VERTEX_POINT('',#4034);
#4034 = CARTESIAN_POINT('',(0.25,0.25,0.75));
#4035 = LINE('',#4036,#4037);
#4036 = CARTESIAN_POINT('',(0.25,-0.25,0.75));
#4037 = VECTOR('',#4038,1.);
#4038 = DIRECTION('',(1.110223024625E-16,1.,0.));
#4039 = ORIENTED_EDGE('',*,*,#4040,.F.);
#4040 = EDGE_CURVE('',#2370,#4033,#4041,.T.);
#4041 = LINE('',#4042,#4043);
#4042 = CARTESIAN_POINT('',(0.25,0.25,4.15));
#4043 = VECTOR('',#4044,1.);
#4044 = DIRECTION('',(0.,-0.,-1.));
#4045 = ORIENTED_EDGE('',*,*,#2377,.F.);
#4046 = PLANE('',#4047);
#4047 = AXIS2_PLACEMENT_3D('',#4048,#4049,#4050);
#4048 = CARTESIAN_POINT('',(0.25,-0.25,4.15));
#4049 = DIRECTION('',(1.,-1.110223024625E-16,0.));
#4050 = DIRECTION('',(1.110223024625E-16,1.,0.));
#4051 = ADVANCED_FACE('',(#4052),#4102,.F.);
#4052 = FACE_BOUND('',#4053,.F.);
#4053 = EDGE_LOOP('',(#4054,#4055,#4056,#4064,#4072,#4080,#4088,#4096));
#4054 = ORIENTED_EDGE('',*,*,#2401,.F.);
#4055 = ORIENTED_EDGE('',*,*,#4040,.T.);
#4056 = ORIENTED_EDGE('',*,*,#4057,.T.);
#4057 = EDGE_CURVE('',#4033,#4058,#4060,.T.);
#4058 = VERTEX_POINT('',#4059);
#4059 = CARTESIAN_POINT('',(0.1,0.25,0.75));
#4060 = LINE('',#4061,#4062);
#4061 = CARTESIAN_POINT('',(0.25,0.25,0.75));
#4062 = VECTOR('',#4063,1.);
#4063 = DIRECTION('',(-1.,1.110223024625E-16,0.));
#4064 = ORIENTED_EDGE('',*,*,#4065,.T.);
#4065 = EDGE_CURVE('',#4058,#4066,#4068,.T.);
#4066 = VERTEX_POINT('',#4067);
#4067 = CARTESIAN_POINT('',(0.1,0.25,3.5));
#4068 = LINE('',#4069,#4070);
#4069 = CARTESIAN_POINT('',(0.1,0.25,3.038545620235));
#4070 = VECTOR('',#4071,1.);
#4071 = DIRECTION('',(0.,-0.,1.));
#4072 = ORIENTED_EDGE('',*,*,#4073,.F.);
#4073 = EDGE_CURVE('',#4074,#4066,#4076,.T.);
#4074 = VERTEX_POINT('',#4075);
#4075 = CARTESIAN_POINT('',(-0.1,0.25,3.5));
#4076 = LINE('',#4077,#4078);
#4077 = CARTESIAN_POINT('',(-0.1,0.25,3.5));
#4078 = VECTOR('',#4079,1.);
#4079 = DIRECTION('',(1.,-1.110223024625E-16,0.));
#4080 = ORIENTED_EDGE('',*,*,#4081,.F.);
#4081 = EDGE_CURVE('',#4082,#4074,#4084,.T.);
#4082 = VERTEX_POINT('',#4083);
#4083 = CARTESIAN_POINT('',(-0.1,0.25,0.75));
#4084 = LINE('',#4085,#4086);
#4085 = CARTESIAN_POINT('',(-0.1,0.25,3.038545620235));
#4086 = VECTOR('',#4087,1.);
#4087 = DIRECTION('',(0.,-0.,1.));
#4088 = ORIENTED_EDGE('',*,*,#4089,.T.);
#4089 = EDGE_CURVE('',#4082,#4090,#4092,.T.);
#4090 = VERTEX_POINT('',#4091);
#4091 = CARTESIAN_POINT('',(-0.25,0.25,0.75));
#4092 = LINE('',#4093,#4094);
#4093 = CARTESIAN_POINT('',(0.25,0.25,0.75));
#4094 = VECTOR('',#4095,1.);
#4095 = DIRECTION('',(-1.,1.110223024625E-16,0.));
#4096 = ORIENTED_EDGE('',*,*,#4097,.F.);
#4097 = EDGE_CURVE('',#2394,#4090,#4098,.T.);
#4098 = LINE('',#4099,#4100);
#4099 = CARTESIAN_POINT('',(-0.25,0.25,4.15));
#4100 = VECTOR('',#4101,1.);
#4101 = DIRECTION('',(0.,-0.,-1.));
#4102 = PLANE('',#4103);
#4103 = AXIS2_PLACEMENT_3D('',#4104,#4105,#4106);
#4104 = CARTESIAN_POINT('',(0.25,0.25,4.15));
#4105 = DIRECTION('',(1.110223024625E-16,1.,0.));
#4106 = DIRECTION('',(-1.,1.110223024625E-16,0.));
#4107 = ADVANCED_FACE('',(#4108),#4126,.F.);
#4108 = FACE_BOUND('',#4109,.F.);
#4109 = EDGE_LOOP('',(#4110,#4111,#4119,#4125));
#4110 = ORIENTED_EDGE('',*,*,#4097,.T.);
#4111 = ORIENTED_EDGE('',*,*,#4112,.T.);
#4112 = EDGE_CURVE('',#4090,#4113,#4115,.T.);
#4113 = VERTEX_POINT('',#4114);
#4114 = CARTESIAN_POINT('',(-0.25,-0.25,0.75));
#4115 = LINE('',#4116,#4117);
#4116 = CARTESIAN_POINT('',(-0.25,0.25,0.75));
#4117 = VECTOR('',#4118,1.);
#4118 = DIRECTION('',(-1.110223024625E-16,-1.,0.));
#4119 = ORIENTED_EDGE('',*,*,#4120,.F.);
#4120 = EDGE_CURVE('',#2418,#4113,#4121,.T.);
#4121 = LINE('',#4122,#4123);
#4122 = CARTESIAN_POINT('',(-0.25,-0.25,4.15));
#4123 = VECTOR('',#4124,1.);
#4124 = DIRECTION('',(0.,-0.,-1.));
#4125 = ORIENTED_EDGE('',*,*,#2425,.F.);
#4126 = PLANE('',#4127);
#4127 = AXIS2_PLACEMENT_3D('',#4128,#4129,#4130);
#4128 = CARTESIAN_POINT('',(-0.25,0.25,4.15));
#4129 = DIRECTION('',(-1.,1.110223024625E-16,0.));
#4130 = DIRECTION('',(-1.110223024625E-16,-1.,0.));
#4131 = ADVANCED_FACE('',(#4132),#4175,.F.);
#4132 = FACE_BOUND('',#4133,.F.);
#4133 = EDGE_LOOP('',(#4134,#4135,#4136,#4144,#4152,#4160,#4168,#4174));
#4134 = ORIENTED_EDGE('',*,*,#2442,.F.);
#4135 = ORIENTED_EDGE('',*,*,#4120,.T.);
#4136 = ORIENTED_EDGE('',*,*,#4137,.T.);
#4137 = EDGE_CURVE('',#4113,#4138,#4140,.T.);
#4138 = VERTEX_POINT('',#4139);
#4139 = CARTESIAN_POINT('',(-0.1,-0.25,0.75));
#4140 = LINE('',#4141,#4142);
#4141 = CARTESIAN_POINT('',(-0.25,-0.25,0.75));
#4142 = VECTOR('',#4143,1.);
#4143 = DIRECTION('',(1.,-1.110223024625E-16,0.));
#4144 = ORIENTED_EDGE('',*,*,#4145,.F.);
#4145 = EDGE_CURVE('',#4146,#4138,#4148,.T.);
#4146 = VERTEX_POINT('',#4147);
#4147 = CARTESIAN_POINT('',(-0.1,-0.25,3.5));
#4148 = LINE('',#4149,#4150);
#4149 = CARTESIAN_POINT('',(-0.1,-0.25,3.038545620235));
#4150 = VECTOR('',#4151,1.);
#4151 = DIRECTION('',(-0.,0.,-1.));
#4152 = ORIENTED_EDGE('',*,*,#4153,.T.);
#4153 = EDGE_CURVE('',#4146,#4154,#4156,.T.);
#4154 = VERTEX_POINT('',#4155);
#4155 = CARTESIAN_POINT('',(0.1,-0.25,3.5));
#4156 = LINE('',#4157,#4158);
#4157 = CARTESIAN_POINT('',(-0.1,-0.25,3.5));
#4158 = VECTOR('',#4159,1.);
#4159 = DIRECTION('',(1.,-1.110223024625E-16,0.));
#4160 = ORIENTED_EDGE('',*,*,#4161,.T.);
#4161 = EDGE_CURVE('',#4154,#4162,#4164,.T.);
#4162 = VERTEX_POINT('',#4163);
#4163 = CARTESIAN_POINT('',(0.1,-0.25,0.75));
#4164 = LINE('',#4165,#4166);
#4165 = CARTESIAN_POINT('',(0.1,-0.25,3.038545620235));
#4166 = VECTOR('',#4167,1.);
#4167 = DIRECTION('',(-0.,0.,-1.));
#4168 = ORIENTED_EDGE('',*,*,#4169,.T.);
#4169 = EDGE_CURVE('',#4162,#4025,#4170,.T.);
#4170 = LINE('',#4171,#4172);
#4171 = CARTESIAN_POINT('',(-0.25,-0.25,0.75));
#4172 = VECTOR('',#4173,1.);
#4173 = DIRECTION('',(1.,-1.110223024625E-16,0.));
#4174 = ORIENTED_EDGE('',*,*,#4024,.F.);
#4175 = PLANE('',#4176);
#4176 = AXIS2_PLACEMENT_3D('',#4177,#4178,#4179);
#4177 = CARTESIAN_POINT('',(-0.25,-0.25,4.15));
#4178 = DIRECTION('',(-1.110223024625E-16,-1.,0.));
#4179 = DIRECTION('',(1.,-1.110223024625E-16,0.));
#4180 = ADVANCED_FACE('',(#4181),#4192,.T.);
#4181 = FACE_BOUND('',#4182,.T.);
#4182 = EDGE_LOOP('',(#4183,#4189,#4190,#4191));
#4183 = ORIENTED_EDGE('',*,*,#4184,.T.);
#4184 = EDGE_CURVE('',#2538,#2474,#4185,.T.);
#4185 = LINE('',#4186,#4187);
#4186 = CARTESIAN_POINT('',(-0.1,-4.06,-2.1));
#4187 = VECTOR('',#4188,1.);
#4188 = DIRECTION('',(1.,-1.110223024625E-16,0.));
#4189 = ORIENTED_EDGE('',*,*,#2473,.T.);
#4190 = ORIENTED_EDGE('',*,*,#2458,.F.);
#4191 = ORIENTED_EDGE('',*,*,#2537,.F.);
#4192 = PLANE('',#4193);
#4193 = AXIS2_PLACEMENT_3D('',#4194,#4195,#4196);
#4194 = CARTESIAN_POINT('',(-0.1,-4.06,-2.1));
#4195 = DIRECTION('',(-1.110223024625E-16,-1.,0.));
#4196 = DIRECTION('',(0.,0.,1.));
#4197 = ADVANCED_FACE('',(#4198),#4209,.T.);
#4198 = FACE_BOUND('',#4199,.T.);
#4199 = EDGE_LOOP('',(#4200,#4206,#4207,#4208));
#4200 = ORIENTED_EDGE('',*,*,#4201,.T.);
#4201 = EDGE_CURVE('',#2563,#2499,#4202,.T.);
#4202 = LINE('',#4203,#4204);
#4203 = CARTESIAN_POINT('',(-0.1,-3.935,-2.6));
#4204 = VECTOR('',#4205,1.);
#4205 = DIRECTION('',(1.,-1.110223024625E-16,0.));
#4206 = ORIENTED_EDGE('',*,*,#2506,.T.);
#4207 = ORIENTED_EDGE('',*,*,#4184,.F.);
#4208 = ORIENTED_EDGE('',*,*,#2570,.F.);
#4209 = PLANE('',#4210);
#4210 = AXIS2_PLACEMENT_3D('',#4211,#4212,#4213);
#4211 = CARTESIAN_POINT('',(-0.1,-3.935,-2.6));
#4212 = DIRECTION('',(-1.077074540829E-16,-0.970142500145,
    -0.242535625036));
#4213 = DIRECTION('',(-2.692686352073E-17,-0.242535625036,0.970142500145
    ));
#4214 = ADVANCED_FACE('',(#4215),#4226,.T.);
#4215 = FACE_BOUND('',#4216,.T.);
#4216 = EDGE_LOOP('',(#4217,#4223,#4224,#4225));
#4217 = ORIENTED_EDGE('',*,*,#4218,.T.);
#4218 = EDGE_CURVE('',#2555,#2491,#4219,.T.);
#4219 = LINE('',#4220,#4221);
#4220 = CARTESIAN_POINT('',(-0.1,-3.685,-2.6));
#4221 = VECTOR('',#4222,1.);
#4222 = DIRECTION('',(1.,-1.110223024625E-16,0.));
#4223 = ORIENTED_EDGE('',*,*,#2498,.T.);
#4224 = ORIENTED_EDGE('',*,*,#4201,.F.);
#4225 = ORIENTED_EDGE('',*,*,#2562,.T.);
#4226 = PLANE('',#4227);
#4227 = AXIS2_PLACEMENT_3D('',#4228,#4229,#4230);
#4228 = CARTESIAN_POINT('',(-0.1,-3.685,-2.6));
#4229 = DIRECTION('',(0.,-0.,-1.));
#4230 = DIRECTION('',(-1.110223024625E-16,-1.,0.));
#4231 = ADVANCED_FACE('',(#4232),#4243,.T.);
#4232 = FACE_BOUND('',#4233,.T.);
#4233 = EDGE_LOOP('',(#4234,#4240,#4241,#4242));
#4234 = ORIENTED_EDGE('',*,*,#4235,.T.);
#4235 = EDGE_CURVE('',#2547,#2483,#4236,.T.);
#4236 = LINE('',#4237,#4238);
#4237 = CARTESIAN_POINT('',(-0.1,-3.56,-2.1));
#4238 = VECTOR('',#4239,1.);
#4239 = DIRECTION('',(1.,-1.110223024625E-16,0.));
#4240 = ORIENTED_EDGE('',*,*,#2490,.T.);
#4241 = ORIENTED_EDGE('',*,*,#4218,.F.);
#4242 = ORIENTED_EDGE('',*,*,#2554,.F.);
#4243 = PLANE('',#4244);
#4244 = AXIS2_PLACEMENT_3D('',#4245,#4246,#4247);
#4245 = CARTESIAN_POINT('',(-0.1,-3.56,-2.1));
#4246 = DIRECTION('',(1.077074540829E-16,0.970142500145,-0.242535625036)
  );
#4247 = DIRECTION('',(-2.692686352073E-17,-0.242535625036,
    -0.970142500145));
#4248 = ADVANCED_FACE('',(#4249),#4255,.T.);
#4249 = FACE_BOUND('',#4250,.T.);
#4250 = EDGE_LOOP('',(#4251,#4252,#4253,#4254));
#4251 = ORIENTED_EDGE('',*,*,#2520,.T.);
#4252 = ORIENTED_EDGE('',*,*,#2482,.T.);
#4253 = ORIENTED_EDGE('',*,*,#4235,.F.);
#4254 = ORIENTED_EDGE('',*,*,#2546,.F.);
#4255 = PLANE('',#4256);
#4256 = AXIS2_PLACEMENT_3D('',#4257,#4258,#4259);
#4257 = CARTESIAN_POINT('',(-0.1,-3.56,0.2));
#4258 = DIRECTION('',(1.110223024625E-16,1.,0.));
#4259 = DIRECTION('',(0.,0.,-1.));
#4260 = ADVANCED_FACE('',(#4261),#4272,.T.);
#4261 = FACE_BOUND('',#4262,.T.);
#4262 = EDGE_LOOP('',(#4263,#4269,#4270,#4271));
#4263 = ORIENTED_EDGE('',*,*,#4264,.T.);
#4264 = EDGE_CURVE('',#2666,#2602,#4265,.T.);
#4265 = LINE('',#4266,#4267);
#4266 = CARTESIAN_POINT('',(-0.1,-6.6,-2.1));
#4267 = VECTOR('',#4268,1.);
#4268 = DIRECTION('',(1.,-1.110223024625E-16,0.));
#4269 = ORIENTED_EDGE('',*,*,#2601,.T.);
#4270 = ORIENTED_EDGE('',*,*,#2586,.F.);
#4271 = ORIENTED_EDGE('',*,*,#2665,.F.);
#4272 = PLANE('',#4273);
#4273 = AXIS2_PLACEMENT_3D('',#4274,#4275,#4276);
#4274 = CARTESIAN_POINT('',(-0.1,-6.6,-2.1));
#4275 = DIRECTION('',(-1.110223024625E-16,-1.,0.));
#4276 = DIRECTION('',(0.,0.,1.));
#4277 = ADVANCED_FACE('',(#4278),#4289,.T.);
#4278 = FACE_BOUND('',#4279,.T.);
#4279 = EDGE_LOOP('',(#4280,#4286,#4287,#4288));
#4280 = ORIENTED_EDGE('',*,*,#4281,.T.);
#4281 = EDGE_CURVE('',#2691,#2627,#4282,.T.);
#4282 = LINE('',#4283,#4284);
#4283 = CARTESIAN_POINT('',(-0.1,-6.475,-2.6));
#4284 = VECTOR('',#4285,1.);
#4285 = DIRECTION('',(1.,-1.110223024625E-16,0.));
#4286 = ORIENTED_EDGE('',*,*,#2634,.T.);
#4287 = ORIENTED_EDGE('',*,*,#4264,.F.);
#4288 = ORIENTED_EDGE('',*,*,#2698,.F.);
#4289 = PLANE('',#4290);
#4290 = AXIS2_PLACEMENT_3D('',#4291,#4292,#4293);
#4291 = CARTESIAN_POINT('',(-0.1,-6.475,-2.6));
#4292 = DIRECTION('',(-1.077074540829E-16,-0.970142500145,
    -0.242535625036));
#4293 = DIRECTION('',(-2.692686352073E-17,-0.242535625036,0.970142500145
    ));
#4294 = ADVANCED_FACE('',(#4295),#4306,.T.);
#4295 = FACE_BOUND('',#4296,.T.);
#4296 = EDGE_LOOP('',(#4297,#4303,#4304,#4305));
#4297 = ORIENTED_EDGE('',*,*,#4298,.T.);
#4298 = EDGE_CURVE('',#2683,#2619,#4299,.T.);
#4299 = LINE('',#4300,#4301);
#4300 = CARTESIAN_POINT('',(-0.1,-6.225,-2.6));
#4301 = VECTOR('',#4302,1.);
#4302 = DIRECTION('',(1.,-1.110223024625E-16,0.));
#4303 = ORIENTED_EDGE('',*,*,#2626,.T.);
#4304 = ORIENTED_EDGE('',*,*,#4281,.F.);
#4305 = ORIENTED_EDGE('',*,*,#2690,.T.);
#4306 = PLANE('',#4307);
#4307 = AXIS2_PLACEMENT_3D('',#4308,#4309,#4310);
#4308 = CARTESIAN_POINT('',(-0.1,-6.225,-2.6));
#4309 = DIRECTION('',(0.,-0.,-1.));
#4310 = DIRECTION('',(-1.110223024625E-16,-1.,0.));
#4311 = ADVANCED_FACE('',(#4312),#4323,.T.);
#4312 = FACE_BOUND('',#4313,.T.);
#4313 = EDGE_LOOP('',(#4314,#4320,#4321,#4322));
#4314 = ORIENTED_EDGE('',*,*,#4315,.T.);
#4315 = EDGE_CURVE('',#2675,#2611,#4316,.T.);
#4316 = LINE('',#4317,#4318);
#4317 = CARTESIAN_POINT('',(-0.1,-6.1,-2.1));
#4318 = VECTOR('',#4319,1.);
#4319 = DIRECTION('',(1.,-1.110223024625E-16,0.));
#4320 = ORIENTED_EDGE('',*,*,#2618,.T.);
#4321 = ORIENTED_EDGE('',*,*,#4298,.F.);
#4322 = ORIENTED_EDGE('',*,*,#2682,.F.);
#4323 = PLANE('',#4324);
#4324 = AXIS2_PLACEMENT_3D('',#4325,#4326,#4327);
#4325 = CARTESIAN_POINT('',(-0.1,-6.1,-2.1));
#4326 = DIRECTION('',(1.077074540829E-16,0.970142500145,-0.242535625036)
  );
#4327 = DIRECTION('',(-2.692686352073E-17,-0.242535625036,
    -0.970142500145));
#4328 = ADVANCED_FACE('',(#4329),#4335,.T.);
#4329 = FACE_BOUND('',#4330,.T.);
#4330 = EDGE_LOOP('',(#4331,#4332,#4333,#4334));
#4331 = ORIENTED_EDGE('',*,*,#2648,.T.);
#4332 = ORIENTED_EDGE('',*,*,#2610,.T.);
#4333 = ORIENTED_EDGE('',*,*,#4315,.F.);
#4334 = ORIENTED_EDGE('',*,*,#2674,.F.);
#4335 = PLANE('',#4336);
#4336 = AXIS2_PLACEMENT_3D('',#4337,#4338,#4339);
#4337 = CARTESIAN_POINT('',(-0.1,-6.1,0.2));
#4338 = DIRECTION('',(1.110223024625E-16,1.,0.));
#4339 = DIRECTION('',(0.,0.,-1.));
#4340 = ADVANCED_FACE('',(#4341),#4352,.T.);
#4341 = FACE_BOUND('',#4342,.T.);
#4342 = EDGE_LOOP('',(#4343,#4349,#4350,#4351));
#4343 = ORIENTED_EDGE('',*,*,#4344,.T.);
#4344 = EDGE_CURVE('',#2794,#2730,#4345,.T.);
#4345 = LINE('',#4346,#4347);
#4346 = CARTESIAN_POINT('',(-0.1,-5.33,-2.1));
#4347 = VECTOR('',#4348,1.);
#4348 = DIRECTION('',(1.,-1.110223024625E-16,0.));
#4349 = ORIENTED_EDGE('',*,*,#2729,.T.);
#4350 = ORIENTED_EDGE('',*,*,#2714,.F.);
#4351 = ORIENTED_EDGE('',*,*,#2793,.F.);
#4352 = PLANE('',#4353);
#4353 = AXIS2_PLACEMENT_3D('',#4354,#4355,#4356);
#4354 = CARTESIAN_POINT('',(-0.1,-5.33,-2.1));
#4355 = DIRECTION('',(-1.110223024625E-16,-1.,0.));
#4356 = DIRECTION('',(0.,0.,1.));
#4357 = ADVANCED_FACE('',(#4358),#4369,.T.);
#4358 = FACE_BOUND('',#4359,.T.);
#4359 = EDGE_LOOP('',(#4360,#4366,#4367,#4368));
#4360 = ORIENTED_EDGE('',*,*,#4361,.T.);
#4361 = EDGE_CURVE('',#2819,#2755,#4362,.T.);
#4362 = LINE('',#4363,#4364);
#4363 = CARTESIAN_POINT('',(-0.1,-5.205,-2.6));
#4364 = VECTOR('',#4365,1.);
#4365 = DIRECTION('',(1.,-1.110223024625E-16,0.));
#4366 = ORIENTED_EDGE('',*,*,#2762,.T.);
#4367 = ORIENTED_EDGE('',*,*,#4344,.F.);
#4368 = ORIENTED_EDGE('',*,*,#2826,.F.);
#4369 = PLANE('',#4370);
#4370 = AXIS2_PLACEMENT_3D('',#4371,#4372,#4373);
#4371 = CARTESIAN_POINT('',(-0.1,-5.205,-2.6));
#4372 = DIRECTION('',(-1.077074540829E-16,-0.970142500145,
    -0.242535625036));
#4373 = DIRECTION('',(-2.692686352073E-17,-0.242535625036,0.970142500145
    ));
#4374 = ADVANCED_FACE('',(#4375),#4386,.T.);
#4375 = FACE_BOUND('',#4376,.T.);
#4376 = EDGE_LOOP('',(#4377,#4383,#4384,#4385));
#4377 = ORIENTED_EDGE('',*,*,#4378,.T.);
#4378 = EDGE_CURVE('',#2811,#2747,#4379,.T.);
#4379 = LINE('',#4380,#4381);
#4380 = CARTESIAN_POINT('',(-0.1,-4.955,-2.6));
#4381 = VECTOR('',#4382,1.);
#4382 = DIRECTION('',(1.,-1.110223024625E-16,0.));
#4383 = ORIENTED_EDGE('',*,*,#2754,.T.);
#4384 = ORIENTED_EDGE('',*,*,#4361,.F.);
#4385 = ORIENTED_EDGE('',*,*,#2818,.T.);
#4386 = PLANE('',#4387);
#4387 = AXIS2_PLACEMENT_3D('',#4388,#4389,#4390);
#4388 = CARTESIAN_POINT('',(-0.1,-4.955,-2.6));
#4389 = DIRECTION('',(0.,-0.,-1.));
#4390 = DIRECTION('',(-1.110223024625E-16,-1.,0.));
#4391 = ADVANCED_FACE('',(#4392),#4403,.T.);
#4392 = FACE_BOUND('',#4393,.T.);
#4393 = EDGE_LOOP('',(#4394,#4400,#4401,#4402));
#4394 = ORIENTED_EDGE('',*,*,#4395,.T.);
#4395 = EDGE_CURVE('',#2803,#2739,#4396,.T.);
#4396 = LINE('',#4397,#4398);
#4397 = CARTESIAN_POINT('',(-0.1,-4.83,-2.1));
#4398 = VECTOR('',#4399,1.);
#4399 = DIRECTION('',(1.,-1.110223024625E-16,0.));
#4400 = ORIENTED_EDGE('',*,*,#2746,.T.);
#4401 = ORIENTED_EDGE('',*,*,#4378,.F.);
#4402 = ORIENTED_EDGE('',*,*,#2810,.F.);
#4403 = PLANE('',#4404);
#4404 = AXIS2_PLACEMENT_3D('',#4405,#4406,#4407);
#4405 = CARTESIAN_POINT('',(-0.1,-4.83,-2.1));
#4406 = DIRECTION('',(1.077074540829E-16,0.970142500145,-0.242535625036)
  );
#4407 = DIRECTION('',(-2.692686352073E-17,-0.242535625036,
    -0.970142500145));
#4408 = ADVANCED_FACE('',(#4409),#4415,.T.);
#4409 = FACE_BOUND('',#4410,.T.);
#4410 = EDGE_LOOP('',(#4411,#4412,#4413,#4414));
#4411 = ORIENTED_EDGE('',*,*,#2776,.T.);
#4412 = ORIENTED_EDGE('',*,*,#2738,.T.);
#4413 = ORIENTED_EDGE('',*,*,#4395,.F.);
#4414 = ORIENTED_EDGE('',*,*,#2802,.F.);
#4415 = PLANE('',#4416);
#4416 = AXIS2_PLACEMENT_3D('',#4417,#4418,#4419);
#4417 = CARTESIAN_POINT('',(-0.1,-4.83,0.2));
#4418 = DIRECTION('',(1.110223024625E-16,1.,0.));
#4419 = DIRECTION('',(0.,0.,-1.));
#4420 = ADVANCED_FACE('',(#4421),#4432,.T.);
#4421 = FACE_BOUND('',#4422,.T.);
#4422 = EDGE_LOOP('',(#4423,#4429,#4430,#4431));
#4423 = ORIENTED_EDGE('',*,*,#4424,.T.);
#4424 = EDGE_CURVE('',#2922,#2858,#4425,.T.);
#4425 = LINE('',#4426,#4427);
#4426 = CARTESIAN_POINT('',(-0.1,-2.79,-2.1));
#4427 = VECTOR('',#4428,1.);
#4428 = DIRECTION('',(1.,-1.110223024625E-16,0.));
#4429 = ORIENTED_EDGE('',*,*,#2857,.T.);
#4430 = ORIENTED_EDGE('',*,*,#2842,.F.);
#4431 = ORIENTED_EDGE('',*,*,#2921,.F.);
#4432 = PLANE('',#4433);
#4433 = AXIS2_PLACEMENT_3D('',#4434,#4435,#4436);
#4434 = CARTESIAN_POINT('',(-0.1,-2.79,-2.1));
#4435 = DIRECTION('',(-1.110223024625E-16,-1.,0.));
#4436 = DIRECTION('',(0.,0.,1.));
#4437 = ADVANCED_FACE('',(#4438),#4449,.T.);
#4438 = FACE_BOUND('',#4439,.T.);
#4439 = EDGE_LOOP('',(#4440,#4446,#4447,#4448));
#4440 = ORIENTED_EDGE('',*,*,#4441,.T.);
#4441 = EDGE_CURVE('',#2947,#2883,#4442,.T.);
#4442 = LINE('',#4443,#4444);
#4443 = CARTESIAN_POINT('',(-0.1,-2.665,-2.6));
#4444 = VECTOR('',#4445,1.);
#4445 = DIRECTION('',(1.,-1.110223024625E-16,0.));
#4446 = ORIENTED_EDGE('',*,*,#2890,.T.);
#4447 = ORIENTED_EDGE('',*,*,#4424,.F.);
#4448 = ORIENTED_EDGE('',*,*,#2954,.F.);
#4449 = PLANE('',#4450);
#4450 = AXIS2_PLACEMENT_3D('',#4451,#4452,#4453);
#4451 = CARTESIAN_POINT('',(-0.1,-2.665,-2.6));
#4452 = DIRECTION('',(-1.077074540829E-16,-0.970142500145,
    -0.242535625036));
#4453 = DIRECTION('',(-2.692686352073E-17,-0.242535625036,0.970142500145
    ));
#4454 = ADVANCED_FACE('',(#4455),#4466,.T.);
#4455 = FACE_BOUND('',#4456,.T.);
#4456 = EDGE_LOOP('',(#4457,#4463,#4464,#4465));
#4457 = ORIENTED_EDGE('',*,*,#4458,.T.);
#4458 = EDGE_CURVE('',#2939,#2875,#4459,.T.);
#4459 = LINE('',#4460,#4461);
#4460 = CARTESIAN_POINT('',(-0.1,-2.415,-2.6));
#4461 = VECTOR('',#4462,1.);
#4462 = DIRECTION('',(1.,-1.110223024625E-16,0.));
#4463 = ORIENTED_EDGE('',*,*,#2882,.T.);
#4464 = ORIENTED_EDGE('',*,*,#4441,.F.);
#4465 = ORIENTED_EDGE('',*,*,#2946,.T.);
#4466 = PLANE('',#4467);
#4467 = AXIS2_PLACEMENT_3D('',#4468,#4469,#4470);
#4468 = CARTESIAN_POINT('',(-0.1,-2.415,-2.6));
#4469 = DIRECTION('',(0.,-0.,-1.));
#4470 = DIRECTION('',(-1.110223024625E-16,-1.,0.));
#4471 = ADVANCED_FACE('',(#4472),#4483,.T.);
#4472 = FACE_BOUND('',#4473,.T.);
#4473 = EDGE_LOOP('',(#4474,#4480,#4481,#4482));
#4474 = ORIENTED_EDGE('',*,*,#4475,.T.);
#4475 = EDGE_CURVE('',#2931,#2867,#4476,.T.);
#4476 = LINE('',#4477,#4478);
#4477 = CARTESIAN_POINT('',(-0.1,-2.29,-2.1));
#4478 = VECTOR('',#4479,1.);
#4479 = DIRECTION('',(1.,-1.110223024625E-16,0.));
#4480 = ORIENTED_EDGE('',*,*,#2874,.T.);
#4481 = ORIENTED_EDGE('',*,*,#4458,.F.);
#4482 = ORIENTED_EDGE('',*,*,#2938,.F.);
#4483 = PLANE('',#4484);
#4484 = AXIS2_PLACEMENT_3D('',#4485,#4486,#4487);
#4485 = CARTESIAN_POINT('',(-0.1,-2.29,-2.1));
#4486 = DIRECTION('',(1.077074540829E-16,0.970142500145,-0.242535625036)
  );
#4487 = DIRECTION('',(-2.692686352073E-17,-0.242535625036,
    -0.970142500145));
#4488 = ADVANCED_FACE('',(#4489),#4495,.T.);
#4489 = FACE_BOUND('',#4490,.T.);
#4490 = EDGE_LOOP('',(#4491,#4492,#4493,#4494));
#4491 = ORIENTED_EDGE('',*,*,#2904,.T.);
#4492 = ORIENTED_EDGE('',*,*,#2866,.T.);
#4493 = ORIENTED_EDGE('',*,*,#4475,.F.);
#4494 = ORIENTED_EDGE('',*,*,#2930,.F.);
#4495 = PLANE('',#4496);
#4496 = AXIS2_PLACEMENT_3D('',#4497,#4498,#4499);
#4497 = CARTESIAN_POINT('',(-0.1,-2.29,0.2));
#4498 = DIRECTION('',(1.110223024625E-16,1.,0.));
#4499 = DIRECTION('',(0.,0.,-1.));
#4500 = ADVANCED_FACE('',(#4501),#4512,.T.);
#4501 = FACE_BOUND('',#4502,.T.);
#4502 = EDGE_LOOP('',(#4503,#4509,#4510,#4511));
#4503 = ORIENTED_EDGE('',*,*,#4504,.T.);
#4504 = EDGE_CURVE('',#3050,#2986,#4505,.T.);
#4505 = LINE('',#4506,#4507);
#4506 = CARTESIAN_POINT('',(-0.1,-1.52,-2.1));
#4507 = VECTOR('',#4508,1.);
#4508 = DIRECTION('',(1.,-1.110223024625E-16,0.));
#4509 = ORIENTED_EDGE('',*,*,#2985,.T.);
#4510 = ORIENTED_EDGE('',*,*,#2970,.F.);
#4511 = ORIENTED_EDGE('',*,*,#3049,.F.);
#4512 = PLANE('',#4513);
#4513 = AXIS2_PLACEMENT_3D('',#4514,#4515,#4516);
#4514 = CARTESIAN_POINT('',(-0.1,-1.52,-2.1));
#4515 = DIRECTION('',(-1.110223024625E-16,-1.,0.));
#4516 = DIRECTION('',(0.,0.,1.));
#4517 = ADVANCED_FACE('',(#4518),#4529,.T.);
#4518 = FACE_BOUND('',#4519,.T.);
#4519 = EDGE_LOOP('',(#4520,#4526,#4527,#4528));
#4520 = ORIENTED_EDGE('',*,*,#4521,.T.);
#4521 = EDGE_CURVE('',#3075,#3011,#4522,.T.);
#4522 = LINE('',#4523,#4524);
#4523 = CARTESIAN_POINT('',(-0.1,-1.395,-2.6));
#4524 = VECTOR('',#4525,1.);
#4525 = DIRECTION('',(1.,-1.110223024625E-16,0.));
#4526 = ORIENTED_EDGE('',*,*,#3018,.T.);
#4527 = ORIENTED_EDGE('',*,*,#4504,.F.);
#4528 = ORIENTED_EDGE('',*,*,#3082,.F.);
#4529 = PLANE('',#4530);
#4530 = AXIS2_PLACEMENT_3D('',#4531,#4532,#4533);
#4531 = CARTESIAN_POINT('',(-0.1,-1.395,-2.6));
#4532 = DIRECTION('',(-1.077074540829E-16,-0.970142500145,
    -0.242535625036));
#4533 = DIRECTION('',(-2.692686352073E-17,-0.242535625036,0.970142500145
    ));
#4534 = ADVANCED_FACE('',(#4535),#4546,.T.);
#4535 = FACE_BOUND('',#4536,.T.);
#4536 = EDGE_LOOP('',(#4537,#4543,#4544,#4545));
#4537 = ORIENTED_EDGE('',*,*,#4538,.T.);
#4538 = EDGE_CURVE('',#3067,#3003,#4539,.T.);
#4539 = LINE('',#4540,#4541);
#4540 = CARTESIAN_POINT('',(-0.1,-1.145,-2.6));
#4541 = VECTOR('',#4542,1.);
#4542 = DIRECTION('',(1.,-1.110223024625E-16,0.));
#4543 = ORIENTED_EDGE('',*,*,#3010,.T.);
#4544 = ORIENTED_EDGE('',*,*,#4521,.F.);
#4545 = ORIENTED_EDGE('',*,*,#3074,.T.);
#4546 = PLANE('',#4547);
#4547 = AXIS2_PLACEMENT_3D('',#4548,#4549,#4550);
#4548 = CARTESIAN_POINT('',(-0.1,-1.145,-2.6));
#4549 = DIRECTION('',(0.,-0.,-1.));
#4550 = DIRECTION('',(-1.110223024625E-16,-1.,0.));
#4551 = ADVANCED_FACE('',(#4552),#4563,.T.);
#4552 = FACE_BOUND('',#4553,.T.);
#4553 = EDGE_LOOP('',(#4554,#4560,#4561,#4562));
#4554 = ORIENTED_EDGE('',*,*,#4555,.T.);
#4555 = EDGE_CURVE('',#3059,#2995,#4556,.T.);
#4556 = LINE('',#4557,#4558);
#4557 = CARTESIAN_POINT('',(-0.1,-1.02,-2.1));
#4558 = VECTOR('',#4559,1.);
#4559 = DIRECTION('',(1.,-1.110223024625E-16,0.));
#4560 = ORIENTED_EDGE('',*,*,#3002,.T.);
#4561 = ORIENTED_EDGE('',*,*,#4538,.F.);
#4562 = ORIENTED_EDGE('',*,*,#3066,.F.);
#4563 = PLANE('',#4564);
#4564 = AXIS2_PLACEMENT_3D('',#4565,#4566,#4567);
#4565 = CARTESIAN_POINT('',(-0.1,-1.02,-2.1));
#4566 = DIRECTION('',(1.077074540829E-16,0.970142500145,-0.242535625036)
  );
#4567 = DIRECTION('',(-2.692686352073E-17,-0.242535625036,
    -0.970142500145));
#4568 = ADVANCED_FACE('',(#4569),#4575,.T.);
#4569 = FACE_BOUND('',#4570,.T.);
#4570 = EDGE_LOOP('',(#4571,#4572,#4573,#4574));
#4571 = ORIENTED_EDGE('',*,*,#3032,.T.);
#4572 = ORIENTED_EDGE('',*,*,#2994,.T.);
#4573 = ORIENTED_EDGE('',*,*,#4555,.F.);
#4574 = ORIENTED_EDGE('',*,*,#3058,.F.);
#4575 = PLANE('',#4576);
#4576 = AXIS2_PLACEMENT_3D('',#4577,#4578,#4579);
#4577 = CARTESIAN_POINT('',(-0.1,-1.02,0.2));
#4578 = DIRECTION('',(1.110223024625E-16,1.,0.));
#4579 = DIRECTION('',(0.,0.,-1.));
#4580 = ADVANCED_FACE('',(#4581),#4592,.T.);
#4581 = FACE_BOUND('',#4582,.T.);
#4582 = EDGE_LOOP('',(#4583,#4589,#4590,#4591));
#4583 = ORIENTED_EDGE('',*,*,#4584,.T.);
#4584 = EDGE_CURVE('',#3178,#3114,#4585,.T.);
#4585 = LINE('',#4586,#4587);
#4586 = CARTESIAN_POINT('',(-0.1,-0.25,-2.1));
#4587 = VECTOR('',#4588,1.);
#4588 = DIRECTION('',(1.,-1.110223024625E-16,0.));
#4589 = ORIENTED_EDGE('',*,*,#3113,.T.);
#4590 = ORIENTED_EDGE('',*,*,#3098,.F.);
#4591 = ORIENTED_EDGE('',*,*,#3177,.F.);
#4592 = PLANE('',#4593);
#4593 = AXIS2_PLACEMENT_3D('',#4594,#4595,#4596);
#4594 = CARTESIAN_POINT('',(-0.1,-0.25,-2.1));
#4595 = DIRECTION('',(-1.110223024625E-16,-1.,0.));
#4596 = DIRECTION('',(0.,0.,1.));
#4597 = ADVANCED_FACE('',(#4598),#4609,.T.);
#4598 = FACE_BOUND('',#4599,.T.);
#4599 = EDGE_LOOP('',(#4600,#4606,#4607,#4608));
#4600 = ORIENTED_EDGE('',*,*,#4601,.T.);
#4601 = EDGE_CURVE('',#3203,#3139,#4602,.T.);
#4602 = LINE('',#4603,#4604);
#4603 = CARTESIAN_POINT('',(-0.1,-0.125,-2.6));
#4604 = VECTOR('',#4605,1.);
#4605 = DIRECTION('',(1.,-1.110223024625E-16,0.));
#4606 = ORIENTED_EDGE('',*,*,#3146,.T.);
#4607 = ORIENTED_EDGE('',*,*,#4584,.F.);
#4608 = ORIENTED_EDGE('',*,*,#3210,.F.);
#4609 = PLANE('',#4610);
#4610 = AXIS2_PLACEMENT_3D('',#4611,#4612,#4613);
#4611 = CARTESIAN_POINT('',(-0.1,-0.125,-2.6));
#4612 = DIRECTION('',(-1.077074540829E-16,-0.970142500145,
    -0.242535625036));
#4613 = DIRECTION('',(-2.692686352073E-17,-0.242535625036,0.970142500145
    ));
#4614 = ADVANCED_FACE('',(#4615),#4626,.T.);
#4615 = FACE_BOUND('',#4616,.T.);
#4616 = EDGE_LOOP('',(#4617,#4623,#4624,#4625));
#4617 = ORIENTED_EDGE('',*,*,#4618,.T.);
#4618 = EDGE_CURVE('',#3195,#3131,#4619,.T.);
#4619 = LINE('',#4620,#4621);
#4620 = CARTESIAN_POINT('',(-0.1,0.125,-2.6));
#4621 = VECTOR('',#4622,1.);
#4622 = DIRECTION('',(1.,-1.110223024625E-16,0.));
#4623 = ORIENTED_EDGE('',*,*,#3138,.T.);
#4624 = ORIENTED_EDGE('',*,*,#4601,.F.);
#4625 = ORIENTED_EDGE('',*,*,#3202,.T.);
#4626 = PLANE('',#4627);
#4627 = AXIS2_PLACEMENT_3D('',#4628,#4629,#4630);
#4628 = CARTESIAN_POINT('',(-0.1,0.125,-2.6));
#4629 = DIRECTION('',(0.,-0.,-1.));
#4630 = DIRECTION('',(-1.110223024625E-16,-1.,0.));
#4631 = ADVANCED_FACE('',(#4632),#4643,.T.);
#4632 = FACE_BOUND('',#4633,.T.);
#4633 = EDGE_LOOP('',(#4634,#4640,#4641,#4642));
#4634 = ORIENTED_EDGE('',*,*,#4635,.T.);
#4635 = EDGE_CURVE('',#3187,#3123,#4636,.T.);
#4636 = LINE('',#4637,#4638);
#4637 = CARTESIAN_POINT('',(-0.1,0.25,-2.1));
#4638 = VECTOR('',#4639,1.);
#4639 = DIRECTION('',(1.,-1.110223024625E-16,0.));
#4640 = ORIENTED_EDGE('',*,*,#3130,.T.);
#4641 = ORIENTED_EDGE('',*,*,#4618,.F.);
#4642 = ORIENTED_EDGE('',*,*,#3194,.F.);
#4643 = PLANE('',#4644);
#4644 = AXIS2_PLACEMENT_3D('',#4645,#4646,#4647);
#4645 = CARTESIAN_POINT('',(-0.1,0.25,-2.1));
#4646 = DIRECTION('',(1.077074540829E-16,0.970142500145,-0.242535625036)
  );
#4647 = DIRECTION('',(-2.692686352073E-17,-0.242535625036,
    -0.970142500145));
#4648 = ADVANCED_FACE('',(#4649),#4655,.T.);
#4649 = FACE_BOUND('',#4650,.T.);
#4650 = EDGE_LOOP('',(#4651,#4652,#4653,#4654));
#4651 = ORIENTED_EDGE('',*,*,#3160,.T.);
#4652 = ORIENTED_EDGE('',*,*,#3122,.T.);
#4653 = ORIENTED_EDGE('',*,*,#4635,.F.);
#4654 = ORIENTED_EDGE('',*,*,#3186,.F.);
#4655 = PLANE('',#4656);
#4656 = AXIS2_PLACEMENT_3D('',#4657,#4658,#4659);
#4657 = CARTESIAN_POINT('',(-0.1,0.25,0.2));
#4658 = DIRECTION('',(1.110223024625E-16,1.,0.));
#4659 = DIRECTION('',(0.,0.,-1.));
#4660 = ADVANCED_FACE('',(#4661),#4672,.T.);
#4661 = FACE_BOUND('',#4662,.T.);
#4662 = EDGE_LOOP('',(#4663,#4664,#4665,#4666));
#4663 = ORIENTED_EDGE('',*,*,#3369,.T.);
#4664 = ORIENTED_EDGE('',*,*,#3232,.T.);
#4665 = ORIENTED_EDGE('',*,*,#3257,.T.);
#4666 = ORIENTED_EDGE('',*,*,#4667,.T.);
#4667 = EDGE_CURVE('',#3258,#3362,#4668,.T.);
#4668 = LINE('',#4669,#4670);
#4669 = CARTESIAN_POINT('',(0.1,-6.35,0.75));
#4670 = VECTOR('',#4671,1.);
#4671 = DIRECTION('',(-1.110223024625E-16,-1.,0.));
#4672 = PLANE('',#4673);
#4673 = AXIS2_PLACEMENT_3D('',#4674,#4675,#4676);
#4674 = CARTESIAN_POINT('',(-6.911138328292E-16,-6.35,0.75));
#4675 = DIRECTION('',(0.,0.,1.));
#4676 = DIRECTION('',(1.110223024625E-16,1.,-0.));
#4677 = ADVANCED_FACE('',(#4678),#4689,.T.);
#4678 = FACE_BOUND('',#4679,.T.);
#4679 = EDGE_LOOP('',(#4680,#4681,#4687,#4688));
#4680 = ORIENTED_EDGE('',*,*,#3337,.T.);
#4681 = ORIENTED_EDGE('',*,*,#4682,.F.);
#4682 = EDGE_CURVE('',#3282,#3338,#4683,.T.);
#4683 = LINE('',#4684,#4685);
#4684 = CARTESIAN_POINT('',(-0.1,-6.35,0.75));
#4685 = VECTOR('',#4686,1.);
#4686 = DIRECTION('',(-1.110223024625E-16,-1.,0.));
#4687 = ORIENTED_EDGE('',*,*,#3289,.T.);
#4688 = ORIENTED_EDGE('',*,*,#3312,.T.);
#4689 = PLANE('',#4690);
#4690 = AXIS2_PLACEMENT_3D('',#4691,#4692,#4693);
#4691 = CARTESIAN_POINT('',(-6.911138328292E-16,-6.35,0.75));
#4692 = DIRECTION('',(0.,0.,1.));
#4693 = DIRECTION('',(1.110223024625E-16,1.,-0.));
#4694 = ADVANCED_FACE('',(#4695),#4738,.T.);
#4695 = FACE_BOUND('',#4696,.T.);
#4696 = EDGE_LOOP('',(#4697,#4698,#4706,#4714,#4722,#4730,#4736,#4737));
#4697 = ORIENTED_EDGE('',*,*,#3345,.F.);
#4698 = ORIENTED_EDGE('',*,*,#4699,.T.);
#4699 = EDGE_CURVE('',#3346,#4700,#4702,.T.);
#4700 = VERTEX_POINT('',#4701);
#4701 = CARTESIAN_POINT('',(-0.1,-6.558333333333,3.458333333333));
#4702 = LINE('',#4703,#4704);
#4703 = CARTESIAN_POINT('',(-0.1,-6.6,3.5));
#4704 = VECTOR('',#4705,1.);
#4705 = DIRECTION('',(7.850462293414E-17,0.707106781187,-0.707106781187)
  );
#4706 = ORIENTED_EDGE('',*,*,#4707,.T.);
#4707 = EDGE_CURVE('',#4700,#4708,#4710,.T.);
#4708 = VERTEX_POINT('',#4709);
#4709 = CARTESIAN_POINT('',(-0.1,-6.558333333333,1.058333333333));
#4710 = LINE('',#4711,#4712);
#4711 = CARTESIAN_POINT('',(-0.1,-6.558333333333,3.458333333333));
#4712 = VECTOR('',#4713,1.);
#4713 = DIRECTION('',(0.,0.,-1.));
#4714 = ORIENTED_EDGE('',*,*,#4715,.T.);
#4715 = EDGE_CURVE('',#4708,#4716,#4718,.T.);
#4716 = VERTEX_POINT('',#4717);
#4717 = CARTESIAN_POINT('',(-0.1,-6.141666666667,1.058333333333));
#4718 = LINE('',#4719,#4720);
#4719 = CARTESIAN_POINT('',(-0.1,-6.558333333333,1.058333333333));
#4720 = VECTOR('',#4721,1.);
#4721 = DIRECTION('',(1.110223024625E-16,1.,0.));
#4722 = ORIENTED_EDGE('',*,*,#4723,.T.);
#4723 = EDGE_CURVE('',#4716,#4724,#4726,.T.);
#4724 = VERTEX_POINT('',#4725);
#4725 = CARTESIAN_POINT('',(-0.1,-6.141666666667,3.458333333333));
#4726 = LINE('',#4727,#4728);
#4727 = CARTESIAN_POINT('',(-0.1,-6.141666666667,1.058333333333));
#4728 = VECTOR('',#4729,1.);
#4729 = DIRECTION('',(0.,0.,1.));
#4730 = ORIENTED_EDGE('',*,*,#4731,.T.);
#4731 = EDGE_CURVE('',#4724,#3274,#4732,.T.);
#4732 = LINE('',#4733,#4734);
#4733 = CARTESIAN_POINT('',(-0.1,-6.141666666667,3.458333333333));
#4734 = VECTOR('',#4735,1.);
#4735 = DIRECTION('',(7.850462293414E-17,0.707106781187,0.707106781187)
  );
#4736 = ORIENTED_EDGE('',*,*,#3281,.F.);
#4737 = ORIENTED_EDGE('',*,*,#4682,.T.);
#4738 = PLANE('',#4739);
#4739 = AXIS2_PLACEMENT_3D('',#4740,#4741,#4742);
#4740 = CARTESIAN_POINT('',(-0.1,-6.35,1.92709124047));
#4741 = DIRECTION('',(-1.,1.110223024625E-16,0.));
#4742 = DIRECTION('',(0.,0.,1.));
#4743 = ADVANCED_FACE('',(#4744),#4762,.T.);
#4744 = FACE_BOUND('',#4745,.T.);
#4745 = EDGE_LOOP('',(#4746,#4754,#4760,#4761));
#4746 = ORIENTED_EDGE('',*,*,#4747,.T.);
#4747 = EDGE_CURVE('',#4724,#4748,#4750,.T.);
#4748 = VERTEX_POINT('',#4749);
#4749 = CARTESIAN_POINT('',(0.1,-6.141666666667,3.458333333333));
#4750 = LINE('',#4751,#4752);
#4751 = CARTESIAN_POINT('',(-0.1,-6.141666666667,3.458333333333));
#4752 = VECTOR('',#4753,1.);
#4753 = DIRECTION('',(1.,-1.110223024625E-16,0.));
#4754 = ORIENTED_EDGE('',*,*,#4755,.T.);
#4755 = EDGE_CURVE('',#4748,#3266,#4756,.T.);
#4756 = LINE('',#4757,#4758);
#4757 = CARTESIAN_POINT('',(0.1,-6.141666666667,3.458333333333));
#4758 = VECTOR('',#4759,1.);
#4759 = DIRECTION('',(7.850462293414E-17,0.707106781187,0.707106781187)
  );
#4760 = ORIENTED_EDGE('',*,*,#3273,.F.);
#4761 = ORIENTED_EDGE('',*,*,#4731,.F.);
#4762 = PLANE('',#4763);
#4763 = AXIS2_PLACEMENT_3D('',#4764,#4765,#4766);
#4764 = CARTESIAN_POINT('',(-0.1,-6.141666666667,3.458333333333));
#4765 = DIRECTION('',(-7.850462293414E-17,-0.707106781187,0.707106781187
    ));
#4766 = DIRECTION('',(7.850462293414E-17,0.707106781187,0.707106781187)
  );
#4767 = ADVANCED_FACE('',(#4768),#4804,.F.);
#4768 = FACE_BOUND('',#4769,.F.);
#4769 = EDGE_LOOP('',(#4770,#4771,#4779,#4787,#4795,#4801,#4802,#4803));
#4770 = ORIENTED_EDGE('',*,*,#3361,.F.);
#4771 = ORIENTED_EDGE('',*,*,#4772,.T.);
#4772 = EDGE_CURVE('',#3354,#4773,#4775,.T.);
#4773 = VERTEX_POINT('',#4774);
#4774 = CARTESIAN_POINT('',(0.1,-6.558333333333,3.458333333333));
#4775 = LINE('',#4776,#4777);
#4776 = CARTESIAN_POINT('',(0.1,-6.6,3.5));
#4777 = VECTOR('',#4778,1.);
#4778 = DIRECTION('',(7.850462293414E-17,0.707106781187,-0.707106781187)
  );
#4779 = ORIENTED_EDGE('',*,*,#4780,.T.);
#4780 = EDGE_CURVE('',#4773,#4781,#4783,.T.);
#4781 = VERTEX_POINT('',#4782);
#4782 = CARTESIAN_POINT('',(0.1,-6.558333333333,1.058333333333));
#4783 = LINE('',#4784,#4785);
#4784 = CARTESIAN_POINT('',(0.1,-6.558333333333,3.458333333333));
#4785 = VECTOR('',#4786,1.);
#4786 = DIRECTION('',(0.,0.,-1.));
#4787 = ORIENTED_EDGE('',*,*,#4788,.T.);
#4788 = EDGE_CURVE('',#4781,#4789,#4791,.T.);
#4789 = VERTEX_POINT('',#4790);
#4790 = CARTESIAN_POINT('',(0.1,-6.141666666667,1.058333333333));
#4791 = LINE('',#4792,#4793);
#4792 = CARTESIAN_POINT('',(0.1,-6.558333333333,1.058333333333));
#4793 = VECTOR('',#4794,1.);
#4794 = DIRECTION('',(1.110223024625E-16,1.,0.));
#4795 = ORIENTED_EDGE('',*,*,#4796,.T.);
#4796 = EDGE_CURVE('',#4789,#4748,#4797,.T.);
#4797 = LINE('',#4798,#4799);
#4798 = CARTESIAN_POINT('',(0.1,-6.141666666667,1.058333333333));
#4799 = VECTOR('',#4800,1.);
#4800 = DIRECTION('',(0.,0.,1.));
#4801 = ORIENTED_EDGE('',*,*,#4755,.T.);
#4802 = ORIENTED_EDGE('',*,*,#3265,.F.);
#4803 = ORIENTED_EDGE('',*,*,#4667,.T.);
#4804 = PLANE('',#4805);
#4805 = AXIS2_PLACEMENT_3D('',#4806,#4807,#4808);
#4806 = CARTESIAN_POINT('',(0.1,-6.35,1.92709124047));
#4807 = DIRECTION('',(-1.,1.110223024625E-16,0.));
#4808 = DIRECTION('',(0.,0.,1.));
#4809 = ADVANCED_FACE('',(#4810),#4821,.T.);
#4810 = FACE_BOUND('',#4811,.T.);
#4811 = EDGE_LOOP('',(#4812,#4813,#4814,#4820));
#4812 = ORIENTED_EDGE('',*,*,#3353,.T.);
#4813 = ORIENTED_EDGE('',*,*,#4772,.T.);
#4814 = ORIENTED_EDGE('',*,*,#4815,.F.);
#4815 = EDGE_CURVE('',#4700,#4773,#4816,.T.);
#4816 = LINE('',#4817,#4818);
#4817 = CARTESIAN_POINT('',(-0.1,-6.558333333333,3.458333333333));
#4818 = VECTOR('',#4819,1.);
#4819 = DIRECTION('',(1.,-1.110223024625E-16,0.));
#4820 = ORIENTED_EDGE('',*,*,#4699,.F.);
#4821 = PLANE('',#4822);
#4822 = AXIS2_PLACEMENT_3D('',#4823,#4824,#4825);
#4823 = CARTESIAN_POINT('',(-0.1,-6.6,3.5));
#4824 = DIRECTION('',(7.850462293414E-17,0.707106781187,0.707106781187)
  );
#4825 = DIRECTION('',(7.850462293414E-17,0.707106781187,-0.707106781187)
  );
#4826 = ADVANCED_FACE('',(#4827),#4838,.T.);
#4827 = FACE_BOUND('',#4828,.T.);
#4828 = EDGE_LOOP('',(#4829,#4830,#4831,#4832));
#4829 = ORIENTED_EDGE('',*,*,#3529,.T.);
#4830 = ORIENTED_EDGE('',*,*,#3392,.T.);
#4831 = ORIENTED_EDGE('',*,*,#3417,.T.);
#4832 = ORIENTED_EDGE('',*,*,#4833,.T.);
#4833 = EDGE_CURVE('',#3418,#3522,#4834,.T.);
#4834 = LINE('',#4835,#4836);
#4835 = CARTESIAN_POINT('',(0.1,-5.08,0.75));
#4836 = VECTOR('',#4837,1.);
#4837 = DIRECTION('',(-1.110223024625E-16,-1.,0.));
#4838 = PLANE('',#4839);
#4839 = AXIS2_PLACEMENT_3D('',#4840,#4841,#4842);
#4840 = CARTESIAN_POINT('',(-5.501155087018E-16,-5.08,0.75));
#4841 = DIRECTION('',(0.,0.,1.));
#4842 = DIRECTION('',(1.110223024625E-16,1.,-0.));
#4843 = ADVANCED_FACE('',(#4844),#4855,.T.);
#4844 = FACE_BOUND('',#4845,.T.);
#4845 = EDGE_LOOP('',(#4846,#4847,#4853,#4854));
#4846 = ORIENTED_EDGE('',*,*,#3497,.T.);
#4847 = ORIENTED_EDGE('',*,*,#4848,.F.);
#4848 = EDGE_CURVE('',#3442,#3498,#4849,.T.);
#4849 = LINE('',#4850,#4851);
#4850 = CARTESIAN_POINT('',(-0.1,-5.08,0.75));
#4851 = VECTOR('',#4852,1.);
#4852 = DIRECTION('',(-1.110223024625E-16,-1.,0.));
#4853 = ORIENTED_EDGE('',*,*,#3449,.T.);
#4854 = ORIENTED_EDGE('',*,*,#3472,.T.);
#4855 = PLANE('',#4856);
#4856 = AXIS2_PLACEMENT_3D('',#4857,#4858,#4859);
#4857 = CARTESIAN_POINT('',(-5.501155087018E-16,-5.08,0.75));
#4858 = DIRECTION('',(0.,0.,1.));
#4859 = DIRECTION('',(1.110223024625E-16,1.,-0.));
#4860 = ADVANCED_FACE('',(#4861),#4904,.T.);
#4861 = FACE_BOUND('',#4862,.T.);
#4862 = EDGE_LOOP('',(#4863,#4864,#4872,#4880,#4888,#4896,#4902,#4903));
#4863 = ORIENTED_EDGE('',*,*,#3505,.F.);
#4864 = ORIENTED_EDGE('',*,*,#4865,.T.);
#4865 = EDGE_CURVE('',#3506,#4866,#4868,.T.);
#4866 = VERTEX_POINT('',#4867);
#4867 = CARTESIAN_POINT('',(-0.1,-5.288333333333,3.458333333333));
#4868 = LINE('',#4869,#4870);
#4869 = CARTESIAN_POINT('',(-0.1,-5.33,3.5));
#4870 = VECTOR('',#4871,1.);
#4871 = DIRECTION('',(7.850462293414E-17,0.707106781187,-0.707106781187)
  );
#4872 = ORIENTED_EDGE('',*,*,#4873,.T.);
#4873 = EDGE_CURVE('',#4866,#4874,#4876,.T.);
#4874 = VERTEX_POINT('',#4875);
#4875 = CARTESIAN_POINT('',(-0.1,-5.288333333333,1.058333333333));
#4876 = LINE('',#4877,#4878);
#4877 = CARTESIAN_POINT('',(-0.1,-5.288333333333,3.458333333333));
#4878 = VECTOR('',#4879,1.);
#4879 = DIRECTION('',(0.,0.,-1.));
#4880 = ORIENTED_EDGE('',*,*,#4881,.T.);
#4881 = EDGE_CURVE('',#4874,#4882,#4884,.T.);
#4882 = VERTEX_POINT('',#4883);
#4883 = CARTESIAN_POINT('',(-0.1,-4.871666666667,1.058333333333));
#4884 = LINE('',#4885,#4886);
#4885 = CARTESIAN_POINT('',(-0.1,-5.288333333333,1.058333333333));
#4886 = VECTOR('',#4887,1.);
#4887 = DIRECTION('',(1.110223024625E-16,1.,0.));
#4888 = ORIENTED_EDGE('',*,*,#4889,.T.);
#4889 = EDGE_CURVE('',#4882,#4890,#4892,.T.);
#4890 = VERTEX_POINT('',#4891);
#4891 = CARTESIAN_POINT('',(-0.1,-4.871666666667,3.458333333333));
#4892 = LINE('',#4893,#4894);
#4893 = CARTESIAN_POINT('',(-0.1,-4.871666666667,1.058333333333));
#4894 = VECTOR('',#4895,1.);
#4895 = DIRECTION('',(0.,0.,1.));
#4896 = ORIENTED_EDGE('',*,*,#4897,.T.);
#4897 = EDGE_CURVE('',#4890,#3434,#4898,.T.);
#4898 = LINE('',#4899,#4900);
#4899 = CARTESIAN_POINT('',(-0.1,-4.871666666667,3.458333333333));
#4900 = VECTOR('',#4901,1.);
#4901 = DIRECTION('',(7.850462293414E-17,0.707106781187,0.707106781187)
  );
#4902 = ORIENTED_EDGE('',*,*,#3441,.F.);
#4903 = ORIENTED_EDGE('',*,*,#4848,.T.);
#4904 = PLANE('',#4905);
#4905 = AXIS2_PLACEMENT_3D('',#4906,#4907,#4908);
#4906 = CARTESIAN_POINT('',(-0.1,-5.08,1.92709124047));
#4907 = DIRECTION('',(-1.,1.110223024625E-16,0.));
#4908 = DIRECTION('',(0.,0.,1.));
#4909 = ADVANCED_FACE('',(#4910),#4928,.T.);
#4910 = FACE_BOUND('',#4911,.T.);
#4911 = EDGE_LOOP('',(#4912,#4920,#4926,#4927));
#4912 = ORIENTED_EDGE('',*,*,#4913,.T.);
#4913 = EDGE_CURVE('',#4890,#4914,#4916,.T.);
#4914 = VERTEX_POINT('',#4915);
#4915 = CARTESIAN_POINT('',(0.1,-4.871666666667,3.458333333333));
#4916 = LINE('',#4917,#4918);
#4917 = CARTESIAN_POINT('',(-0.1,-4.871666666667,3.458333333333));
#4918 = VECTOR('',#4919,1.);
#4919 = DIRECTION('',(1.,-1.110223024625E-16,0.));
#4920 = ORIENTED_EDGE('',*,*,#4921,.T.);
#4921 = EDGE_CURVE('',#4914,#3426,#4922,.T.);
#4922 = LINE('',#4923,#4924);
#4923 = CARTESIAN_POINT('',(0.1,-4.871666666667,3.458333333333));
#4924 = VECTOR('',#4925,1.);
#4925 = DIRECTION('',(7.850462293414E-17,0.707106781187,0.707106781187)
  );
#4926 = ORIENTED_EDGE('',*,*,#3433,.F.);
#4927 = ORIENTED_EDGE('',*,*,#4897,.F.);
#4928 = PLANE('',#4929);
#4929 = AXIS2_PLACEMENT_3D('',#4930,#4931,#4932);
#4930 = CARTESIAN_POINT('',(-0.1,-4.871666666667,3.458333333333));
#4931 = DIRECTION('',(-7.850462293414E-17,-0.707106781187,0.707106781187
    ));
#4932 = DIRECTION('',(7.850462293414E-17,0.707106781187,0.707106781187)
  );
#4933 = ADVANCED_FACE('',(#4934),#4970,.F.);
#4934 = FACE_BOUND('',#4935,.F.);
#4935 = EDGE_LOOP('',(#4936,#4937,#4945,#4953,#4961,#4967,#4968,#4969));
#4936 = ORIENTED_EDGE('',*,*,#3521,.F.);
#4937 = ORIENTED_EDGE('',*,*,#4938,.T.);
#4938 = EDGE_CURVE('',#3514,#4939,#4941,.T.);
#4939 = VERTEX_POINT('',#4940);
#4940 = CARTESIAN_POINT('',(0.1,-5.288333333333,3.458333333333));
#4941 = LINE('',#4942,#4943);
#4942 = CARTESIAN_POINT('',(0.1,-5.33,3.5));
#4943 = VECTOR('',#4944,1.);
#4944 = DIRECTION('',(7.850462293414E-17,0.707106781187,-0.707106781187)
  );
#4945 = ORIENTED_EDGE('',*,*,#4946,.T.);
#4946 = EDGE_CURVE('',#4939,#4947,#4949,.T.);
#4947 = VERTEX_POINT('',#4948);
#4948 = CARTESIAN_POINT('',(0.1,-5.288333333333,1.058333333333));
#4949 = LINE('',#4950,#4951);
#4950 = CARTESIAN_POINT('',(0.1,-5.288333333333,3.458333333333));
#4951 = VECTOR('',#4952,1.);
#4952 = DIRECTION('',(0.,0.,-1.));
#4953 = ORIENTED_EDGE('',*,*,#4954,.T.);
#4954 = EDGE_CURVE('',#4947,#4955,#4957,.T.);
#4955 = VERTEX_POINT('',#4956);
#4956 = CARTESIAN_POINT('',(0.1,-4.871666666667,1.058333333333));
#4957 = LINE('',#4958,#4959);
#4958 = CARTESIAN_POINT('',(0.1,-5.288333333333,1.058333333333));
#4959 = VECTOR('',#4960,1.);
#4960 = DIRECTION('',(1.110223024625E-16,1.,0.));
#4961 = ORIENTED_EDGE('',*,*,#4962,.T.);
#4962 = EDGE_CURVE('',#4955,#4914,#4963,.T.);
#4963 = LINE('',#4964,#4965);
#4964 = CARTESIAN_POINT('',(0.1,-4.871666666667,1.058333333333));
#4965 = VECTOR('',#4966,1.);
#4966 = DIRECTION('',(0.,0.,1.));
#4967 = ORIENTED_EDGE('',*,*,#4921,.T.);
#4968 = ORIENTED_EDGE('',*,*,#3425,.F.);
#4969 = ORIENTED_EDGE('',*,*,#4833,.T.);
#4970 = PLANE('',#4971);
#4971 = AXIS2_PLACEMENT_3D('',#4972,#4973,#4974);
#4972 = CARTESIAN_POINT('',(0.1,-5.08,1.92709124047));
#4973 = DIRECTION('',(-1.,1.110223024625E-16,0.));
#4974 = DIRECTION('',(0.,0.,1.));
#4975 = ADVANCED_FACE('',(#4976),#4987,.T.);
#4976 = FACE_BOUND('',#4977,.T.);
#4977 = EDGE_LOOP('',(#4978,#4979,#4980,#4986));
#4978 = ORIENTED_EDGE('',*,*,#3513,.T.);
#4979 = ORIENTED_EDGE('',*,*,#4938,.T.);
#4980 = ORIENTED_EDGE('',*,*,#4981,.F.);
#4981 = EDGE_CURVE('',#4866,#4939,#4982,.T.);
#4982 = LINE('',#4983,#4984);
#4983 = CARTESIAN_POINT('',(-0.1,-5.288333333333,3.458333333333));
#4984 = VECTOR('',#4985,1.);
#4985 = DIRECTION('',(1.,-1.110223024625E-16,0.));
#4986 = ORIENTED_EDGE('',*,*,#4865,.F.);
#4987 = PLANE('',#4988);
#4988 = AXIS2_PLACEMENT_3D('',#4989,#4990,#4991);
#4989 = CARTESIAN_POINT('',(-0.1,-5.33,3.5));
#4990 = DIRECTION('',(7.850462293414E-17,0.707106781187,0.707106781187)
  );
#4991 = DIRECTION('',(7.850462293414E-17,0.707106781187,-0.707106781187)
  );
#4992 = ADVANCED_FACE('',(#4993),#5004,.T.);
#4993 = FACE_BOUND('',#4994,.T.);
#4994 = EDGE_LOOP('',(#4995,#4996,#4997,#4998));
#4995 = ORIENTED_EDGE('',*,*,#3689,.T.);
#4996 = ORIENTED_EDGE('',*,*,#3552,.T.);
#4997 = ORIENTED_EDGE('',*,*,#3577,.T.);
#4998 = ORIENTED_EDGE('',*,*,#4999,.T.);
#4999 = EDGE_CURVE('',#3578,#3682,#5000,.T.);
#5000 = LINE('',#5001,#5002);
#5001 = CARTESIAN_POINT('',(0.1,-3.81,0.75));
#5002 = VECTOR('',#5003,1.);
#5003 = DIRECTION('',(-1.110223024625E-16,-1.,0.));
#5004 = PLANE('',#5005);
#5005 = AXIS2_PLACEMENT_3D('',#5006,#5007,#5008);
#5006 = CARTESIAN_POINT('',(-4.091171845744E-16,-3.81,0.75));
#5007 = DIRECTION('',(0.,0.,1.));
#5008 = DIRECTION('',(1.110223024625E-16,1.,-0.));
#5009 = ADVANCED_FACE('',(#5010),#5021,.T.);
#5010 = FACE_BOUND('',#5011,.T.);
#5011 = EDGE_LOOP('',(#5012,#5013,#5019,#5020));
#5012 = ORIENTED_EDGE('',*,*,#3657,.T.);
#5013 = ORIENTED_EDGE('',*,*,#5014,.F.);
#5014 = EDGE_CURVE('',#3602,#3658,#5015,.T.);
#5015 = LINE('',#5016,#5017);
#5016 = CARTESIAN_POINT('',(-0.1,-3.81,0.75));
#5017 = VECTOR('',#5018,1.);
#5018 = DIRECTION('',(-1.110223024625E-16,-1.,0.));
#5019 = ORIENTED_EDGE('',*,*,#3609,.T.);
#5020 = ORIENTED_EDGE('',*,*,#3632,.T.);
#5021 = PLANE('',#5022);
#5022 = AXIS2_PLACEMENT_3D('',#5023,#5024,#5025);
#5023 = CARTESIAN_POINT('',(-4.091171845744E-16,-3.81,0.75));
#5024 = DIRECTION('',(0.,0.,1.));
#5025 = DIRECTION('',(1.110223024625E-16,1.,-0.));
#5026 = ADVANCED_FACE('',(#5027),#5070,.T.);
#5027 = FACE_BOUND('',#5028,.T.);
#5028 = EDGE_LOOP('',(#5029,#5030,#5038,#5046,#5054,#5062,#5068,#5069));
#5029 = ORIENTED_EDGE('',*,*,#3665,.F.);
#5030 = ORIENTED_EDGE('',*,*,#5031,.T.);
#5031 = EDGE_CURVE('',#3666,#5032,#5034,.T.);
#5032 = VERTEX_POINT('',#5033);
#5033 = CARTESIAN_POINT('',(-0.1,-4.018333333333,3.458333333333));
#5034 = LINE('',#5035,#5036);
#5035 = CARTESIAN_POINT('',(-0.1,-4.06,3.5));
#5036 = VECTOR('',#5037,1.);
#5037 = DIRECTION('',(7.850462293414E-17,0.707106781187,-0.707106781187)
  );
#5038 = ORIENTED_EDGE('',*,*,#5039,.T.);
#5039 = EDGE_CURVE('',#5032,#5040,#5042,.T.);
#5040 = VERTEX_POINT('',#5041);
#5041 = CARTESIAN_POINT('',(-0.1,-4.018333333333,1.058333333333));
#5042 = LINE('',#5043,#5044);
#5043 = CARTESIAN_POINT('',(-0.1,-4.018333333333,3.458333333333));
#5044 = VECTOR('',#5045,1.);
#5045 = DIRECTION('',(0.,0.,-1.));
#5046 = ORIENTED_EDGE('',*,*,#5047,.T.);
#5047 = EDGE_CURVE('',#5040,#5048,#5050,.T.);
#5048 = VERTEX_POINT('',#5049);
#5049 = CARTESIAN_POINT('',(-0.1,-3.601666666667,1.058333333333));
#5050 = LINE('',#5051,#5052);
#5051 = CARTESIAN_POINT('',(-0.1,-4.018333333333,1.058333333333));
#5052 = VECTOR('',#5053,1.);
#5053 = DIRECTION('',(1.110223024625E-16,1.,0.));
#5054 = ORIENTED_EDGE('',*,*,#5055,.T.);
#5055 = EDGE_CURVE('',#5048,#5056,#5058,.T.);
#5056 = VERTEX_POINT('',#5057);
#5057 = CARTESIAN_POINT('',(-0.1,-3.601666666667,3.458333333333));
#5058 = LINE('',#5059,#5060);
#5059 = CARTESIAN_POINT('',(-0.1,-3.601666666667,1.058333333333));
#5060 = VECTOR('',#5061,1.);
#5061 = DIRECTION('',(0.,0.,1.));
#5062 = ORIENTED_EDGE('',*,*,#5063,.T.);
#5063 = EDGE_CURVE('',#5056,#3594,#5064,.T.);
#5064 = LINE('',#5065,#5066);
#5065 = CARTESIAN_POINT('',(-0.1,-3.601666666667,3.458333333333));
#5066 = VECTOR('',#5067,1.);
#5067 = DIRECTION('',(7.850462293414E-17,0.707106781187,0.707106781187)
  );
#5068 = ORIENTED_EDGE('',*,*,#3601,.F.);
#5069 = ORIENTED_EDGE('',*,*,#5014,.T.);
#5070 = PLANE('',#5071);
#5071 = AXIS2_PLACEMENT_3D('',#5072,#5073,#5074);
#5072 = CARTESIAN_POINT('',(-0.1,-3.81,1.92709124047));
#5073 = DIRECTION('',(-1.,1.110223024625E-16,0.));
#5074 = DIRECTION('',(0.,0.,1.));
#5075 = ADVANCED_FACE('',(#5076),#5094,.T.);
#5076 = FACE_BOUND('',#5077,.T.);
#5077 = EDGE_LOOP('',(#5078,#5086,#5092,#5093));
#5078 = ORIENTED_EDGE('',*,*,#5079,.T.);
#5079 = EDGE_CURVE('',#5056,#5080,#5082,.T.);
#5080 = VERTEX_POINT('',#5081);
#5081 = CARTESIAN_POINT('',(0.1,-3.601666666667,3.458333333333));
#5082 = LINE('',#5083,#5084);
#5083 = CARTESIAN_POINT('',(-0.1,-3.601666666667,3.458333333333));
#5084 = VECTOR('',#5085,1.);
#5085 = DIRECTION('',(1.,-1.110223024625E-16,0.));
#5086 = ORIENTED_EDGE('',*,*,#5087,.T.);
#5087 = EDGE_CURVE('',#5080,#3586,#5088,.T.);
#5088 = LINE('',#5089,#5090);
#5089 = CARTESIAN_POINT('',(0.1,-3.601666666667,3.458333333333));
#5090 = VECTOR('',#5091,1.);
#5091 = DIRECTION('',(7.850462293414E-17,0.707106781187,0.707106781187)
  );
#5092 = ORIENTED_EDGE('',*,*,#3593,.F.);
#5093 = ORIENTED_EDGE('',*,*,#5063,.F.);
#5094 = PLANE('',#5095);
#5095 = AXIS2_PLACEMENT_3D('',#5096,#5097,#5098);
#5096 = CARTESIAN_POINT('',(-0.1,-3.601666666667,3.458333333333));
#5097 = DIRECTION('',(-7.850462293414E-17,-0.707106781187,0.707106781187
    ));
#5098 = DIRECTION('',(7.850462293414E-17,0.707106781187,0.707106781187)
  );
#5099 = ADVANCED_FACE('',(#5100),#5136,.F.);
#5100 = FACE_BOUND('',#5101,.F.);
#5101 = EDGE_LOOP('',(#5102,#5103,#5111,#5119,#5127,#5133,#5134,#5135));
#5102 = ORIENTED_EDGE('',*,*,#3681,.F.);
#5103 = ORIENTED_EDGE('',*,*,#5104,.T.);
#5104 = EDGE_CURVE('',#3674,#5105,#5107,.T.);
#5105 = VERTEX_POINT('',#5106);
#5106 = CARTESIAN_POINT('',(0.1,-4.018333333333,3.458333333333));
#5107 = LINE('',#5108,#5109);
#5108 = CARTESIAN_POINT('',(0.1,-4.06,3.5));
#5109 = VECTOR('',#5110,1.);
#5110 = DIRECTION('',(7.850462293414E-17,0.707106781187,-0.707106781187)
  );
#5111 = ORIENTED_EDGE('',*,*,#5112,.T.);
#5112 = EDGE_CURVE('',#5105,#5113,#5115,.T.);
#5113 = VERTEX_POINT('',#5114);
#5114 = CARTESIAN_POINT('',(0.1,-4.018333333333,1.058333333333));
#5115 = LINE('',#5116,#5117);
#5116 = CARTESIAN_POINT('',(0.1,-4.018333333333,3.458333333333));
#5117 = VECTOR('',#5118,1.);
#5118 = DIRECTION('',(0.,0.,-1.));
#5119 = ORIENTED_EDGE('',*,*,#5120,.T.);
#5120 = EDGE_CURVE('',#5113,#5121,#5123,.T.);
#5121 = VERTEX_POINT('',#5122);
#5122 = CARTESIAN_POINT('',(0.1,-3.601666666667,1.058333333333));
#5123 = LINE('',#5124,#5125);
#5124 = CARTESIAN_POINT('',(0.1,-4.018333333333,1.058333333333));
#5125 = VECTOR('',#5126,1.);
#5126 = DIRECTION('',(1.110223024625E-16,1.,0.));
#5127 = ORIENTED_EDGE('',*,*,#5128,.T.);
#5128 = EDGE_CURVE('',#5121,#5080,#5129,.T.);
#5129 = LINE('',#5130,#5131);
#5130 = CARTESIAN_POINT('',(0.1,-3.601666666667,1.058333333333));
#5131 = VECTOR('',#5132,1.);
#5132 = DIRECTION('',(0.,0.,1.));
#5133 = ORIENTED_EDGE('',*,*,#5087,.T.);
#5134 = ORIENTED_EDGE('',*,*,#3585,.F.);
#5135 = ORIENTED_EDGE('',*,*,#4999,.T.);
#5136 = PLANE('',#5137);
#5137 = AXIS2_PLACEMENT_3D('',#5138,#5139,#5140);
#5138 = CARTESIAN_POINT('',(0.1,-3.81,1.92709124047));
#5139 = DIRECTION('',(-1.,1.110223024625E-16,0.));
#5140 = DIRECTION('',(0.,0.,1.));
#5141 = ADVANCED_FACE('',(#5142),#5153,.T.);
#5142 = FACE_BOUND('',#5143,.T.);
#5143 = EDGE_LOOP('',(#5144,#5145,#5146,#5152));
#5144 = ORIENTED_EDGE('',*,*,#3673,.T.);
#5145 = ORIENTED_EDGE('',*,*,#5104,.T.);
#5146 = ORIENTED_EDGE('',*,*,#5147,.F.);
#5147 = EDGE_CURVE('',#5032,#5105,#5148,.T.);
#5148 = LINE('',#5149,#5150);
#5149 = CARTESIAN_POINT('',(-0.1,-4.018333333333,3.458333333333));
#5150 = VECTOR('',#5151,1.);
#5151 = DIRECTION('',(1.,-1.110223024625E-16,0.));
#5152 = ORIENTED_EDGE('',*,*,#5031,.F.);
#5153 = PLANE('',#5154);
#5154 = AXIS2_PLACEMENT_3D('',#5155,#5156,#5157);
#5155 = CARTESIAN_POINT('',(-0.1,-4.06,3.5));
#5156 = DIRECTION('',(7.850462293414E-17,0.707106781187,0.707106781187)
  );
#5157 = DIRECTION('',(7.850462293414E-17,0.707106781187,-0.707106781187)
  );
#5158 = ADVANCED_FACE('',(#5159),#5170,.T.);
#5159 = FACE_BOUND('',#5160,.T.);
#5160 = EDGE_LOOP('',(#5161,#5162,#5163,#5164));
#5161 = ORIENTED_EDGE('',*,*,#3849,.T.);
#5162 = ORIENTED_EDGE('',*,*,#3712,.T.);
#5163 = ORIENTED_EDGE('',*,*,#3737,.T.);
#5164 = ORIENTED_EDGE('',*,*,#5165,.T.);
#5165 = EDGE_CURVE('',#3738,#3842,#5166,.T.);
#5166 = LINE('',#5167,#5168);
#5167 = CARTESIAN_POINT('',(0.1,-2.54,0.75));
#5168 = VECTOR('',#5169,1.);
#5169 = DIRECTION('',(-1.110223024625E-16,-1.,0.));
#5170 = PLANE('',#5171);
#5171 = AXIS2_PLACEMENT_3D('',#5172,#5173,#5174);
#5172 = CARTESIAN_POINT('',(-2.68118860447E-16,-2.54,0.75));
#5173 = DIRECTION('',(0.,0.,1.));
#5174 = DIRECTION('',(1.110223024625E-16,1.,-0.));
#5175 = ADVANCED_FACE('',(#5176),#5187,.T.);
#5176 = FACE_BOUND('',#5177,.T.);
#5177 = EDGE_LOOP('',(#5178,#5179,#5185,#5186));
#5178 = ORIENTED_EDGE('',*,*,#3817,.T.);
#5179 = ORIENTED_EDGE('',*,*,#5180,.F.);
#5180 = EDGE_CURVE('',#3762,#3818,#5181,.T.);
#5181 = LINE('',#5182,#5183);
#5182 = CARTESIAN_POINT('',(-0.1,-2.54,0.75));
#5183 = VECTOR('',#5184,1.);
#5184 = DIRECTION('',(-1.110223024625E-16,-1.,0.));
#5185 = ORIENTED_EDGE('',*,*,#3769,.T.);
#5186 = ORIENTED_EDGE('',*,*,#3792,.T.);
#5187 = PLANE('',#5188);
#5188 = AXIS2_PLACEMENT_3D('',#5189,#5190,#5191);
#5189 = CARTESIAN_POINT('',(-2.68118860447E-16,-2.54,0.75));
#5190 = DIRECTION('',(0.,0.,1.));
#5191 = DIRECTION('',(1.110223024625E-16,1.,-0.));
#5192 = ADVANCED_FACE('',(#5193),#5236,.T.);
#5193 = FACE_BOUND('',#5194,.T.);
#5194 = EDGE_LOOP('',(#5195,#5196,#5204,#5212,#5220,#5228,#5234,#5235));
#5195 = ORIENTED_EDGE('',*,*,#3825,.F.);
#5196 = ORIENTED_EDGE('',*,*,#5197,.T.);
#5197 = EDGE_CURVE('',#3826,#5198,#5200,.T.);
#5198 = VERTEX_POINT('',#5199);
#5199 = CARTESIAN_POINT('',(-0.1,-2.748333333333,3.458333333333));
#5200 = LINE('',#5201,#5202);
#5201 = CARTESIAN_POINT('',(-0.1,-2.79,3.5));
#5202 = VECTOR('',#5203,1.);
#5203 = DIRECTION('',(7.850462293414E-17,0.707106781187,-0.707106781187)
  );
#5204 = ORIENTED_EDGE('',*,*,#5205,.T.);
#5205 = EDGE_CURVE('',#5198,#5206,#5208,.T.);
#5206 = VERTEX_POINT('',#5207);
#5207 = CARTESIAN_POINT('',(-0.1,-2.748333333333,1.058333333333));
#5208 = LINE('',#5209,#5210);
#5209 = CARTESIAN_POINT('',(-0.1,-2.748333333333,3.458333333333));
#5210 = VECTOR('',#5211,1.);
#5211 = DIRECTION('',(0.,0.,-1.));
#5212 = ORIENTED_EDGE('',*,*,#5213,.T.);
#5213 = EDGE_CURVE('',#5206,#5214,#5216,.T.);
#5214 = VERTEX_POINT('',#5215);
#5215 = CARTESIAN_POINT('',(-0.1,-2.331666666667,1.058333333333));
#5216 = LINE('',#5217,#5218);
#5217 = CARTESIAN_POINT('',(-0.1,-2.748333333333,1.058333333333));
#5218 = VECTOR('',#5219,1.);
#5219 = DIRECTION('',(1.110223024625E-16,1.,0.));
#5220 = ORIENTED_EDGE('',*,*,#5221,.T.);
#5221 = EDGE_CURVE('',#5214,#5222,#5224,.T.);
#5222 = VERTEX_POINT('',#5223);
#5223 = CARTESIAN_POINT('',(-0.1,-2.331666666667,3.458333333333));
#5224 = LINE('',#5225,#5226);
#5225 = CARTESIAN_POINT('',(-0.1,-2.331666666667,1.058333333333));
#5226 = VECTOR('',#5227,1.);
#5227 = DIRECTION('',(0.,0.,1.));
#5228 = ORIENTED_EDGE('',*,*,#5229,.T.);
#5229 = EDGE_CURVE('',#5222,#3754,#5230,.T.);
#5230 = LINE('',#5231,#5232);
#5231 = CARTESIAN_POINT('',(-0.1,-2.331666666667,3.458333333333));
#5232 = VECTOR('',#5233,1.);
#5233 = DIRECTION('',(7.850462293414E-17,0.707106781187,0.707106781187)
  );
#5234 = ORIENTED_EDGE('',*,*,#3761,.F.);
#5235 = ORIENTED_EDGE('',*,*,#5180,.T.);
#5236 = PLANE('',#5237);
#5237 = AXIS2_PLACEMENT_3D('',#5238,#5239,#5240);
#5238 = CARTESIAN_POINT('',(-0.1,-2.54,1.92709124047));
#5239 = DIRECTION('',(-1.,1.110223024625E-16,0.));
#5240 = DIRECTION('',(0.,0.,1.));
#5241 = ADVANCED_FACE('',(#5242),#5260,.T.);
#5242 = FACE_BOUND('',#5243,.T.);
#5243 = EDGE_LOOP('',(#5244,#5252,#5258,#5259));
#5244 = ORIENTED_EDGE('',*,*,#5245,.T.);
#5245 = EDGE_CURVE('',#5222,#5246,#5248,.T.);
#5246 = VERTEX_POINT('',#5247);
#5247 = CARTESIAN_POINT('',(0.1,-2.331666666667,3.458333333333));
#5248 = LINE('',#5249,#5250);
#5249 = CARTESIAN_POINT('',(-0.1,-2.331666666667,3.458333333333));
#5250 = VECTOR('',#5251,1.);
#5251 = DIRECTION('',(1.,-1.110223024625E-16,0.));
#5252 = ORIENTED_EDGE('',*,*,#5253,.T.);
#5253 = EDGE_CURVE('',#5246,#3746,#5254,.T.);
#5254 = LINE('',#5255,#5256);
#5255 = CARTESIAN_POINT('',(0.1,-2.331666666667,3.458333333333));
#5256 = VECTOR('',#5257,1.);
#5257 = DIRECTION('',(7.850462293414E-17,0.707106781187,0.707106781187)
  );
#5258 = ORIENTED_EDGE('',*,*,#3753,.F.);
#5259 = ORIENTED_EDGE('',*,*,#5229,.F.);
#5260 = PLANE('',#5261);
#5261 = AXIS2_PLACEMENT_3D('',#5262,#5263,#5264);
#5262 = CARTESIAN_POINT('',(-0.1,-2.331666666667,3.458333333333));
#5263 = DIRECTION('',(-7.850462293414E-17,-0.707106781187,0.707106781187
    ));
#5264 = DIRECTION('',(7.850462293414E-17,0.707106781187,0.707106781187)
  );
#5265 = ADVANCED_FACE('',(#5266),#5302,.F.);
#5266 = FACE_BOUND('',#5267,.F.);
#5267 = EDGE_LOOP('',(#5268,#5269,#5277,#5285,#5293,#5299,#5300,#5301));
#5268 = ORIENTED_EDGE('',*,*,#3841,.F.);
#5269 = ORIENTED_EDGE('',*,*,#5270,.T.);
#5270 = EDGE_CURVE('',#3834,#5271,#5273,.T.);
#5271 = VERTEX_POINT('',#5272);
#5272 = CARTESIAN_POINT('',(0.1,-2.748333333333,3.458333333333));
#5273 = LINE('',#5274,#5275);
#5274 = CARTESIAN_POINT('',(0.1,-2.79,3.5));
#5275 = VECTOR('',#5276,1.);
#5276 = DIRECTION('',(7.850462293414E-17,0.707106781187,-0.707106781187)
  );
#5277 = ORIENTED_EDGE('',*,*,#5278,.T.);
#5278 = EDGE_CURVE('',#5271,#5279,#5281,.T.);
#5279 = VERTEX_POINT('',#5280);
#5280 = CARTESIAN_POINT('',(0.1,-2.748333333333,1.058333333333));
#5281 = LINE('',#5282,#5283);
#5282 = CARTESIAN_POINT('',(0.1,-2.748333333333,3.458333333333));
#5283 = VECTOR('',#5284,1.);
#5284 = DIRECTION('',(0.,0.,-1.));
#5285 = ORIENTED_EDGE('',*,*,#5286,.T.);
#5286 = EDGE_CURVE('',#5279,#5287,#5289,.T.);
#5287 = VERTEX_POINT('',#5288);
#5288 = CARTESIAN_POINT('',(0.1,-2.331666666667,1.058333333333));
#5289 = LINE('',#5290,#5291);
#5290 = CARTESIAN_POINT('',(0.1,-2.748333333333,1.058333333333));
#5291 = VECTOR('',#5292,1.);
#5292 = DIRECTION('',(1.110223024625E-16,1.,0.));
#5293 = ORIENTED_EDGE('',*,*,#5294,.T.);
#5294 = EDGE_CURVE('',#5287,#5246,#5295,.T.);
#5295 = LINE('',#5296,#5297);
#5296 = CARTESIAN_POINT('',(0.1,-2.331666666667,1.058333333333));
#5297 = VECTOR('',#5298,1.);
#5298 = DIRECTION('',(0.,0.,1.));
#5299 = ORIENTED_EDGE('',*,*,#5253,.T.);
#5300 = ORIENTED_EDGE('',*,*,#3745,.F.);
#5301 = ORIENTED_EDGE('',*,*,#5165,.T.);
#5302 = PLANE('',#5303);
#5303 = AXIS2_PLACEMENT_3D('',#5304,#5305,#5306);
#5304 = CARTESIAN_POINT('',(0.1,-2.54,1.92709124047));
#5305 = DIRECTION('',(-1.,1.110223024625E-16,0.));
#5306 = DIRECTION('',(0.,0.,1.));
#5307 = ADVANCED_FACE('',(#5308),#5319,.T.);
#5308 = FACE_BOUND('',#5309,.T.);
#5309 = EDGE_LOOP('',(#5310,#5311,#5312,#5318));
#5310 = ORIENTED_EDGE('',*,*,#3833,.T.);
#5311 = ORIENTED_EDGE('',*,*,#5270,.T.);
#5312 = ORIENTED_EDGE('',*,*,#5313,.F.);
#5313 = EDGE_CURVE('',#5198,#5271,#5314,.T.);
#5314 = LINE('',#5315,#5316);
#5315 = CARTESIAN_POINT('',(-0.1,-2.748333333333,3.458333333333));
#5316 = VECTOR('',#5317,1.);
#5317 = DIRECTION('',(1.,-1.110223024625E-16,0.));
#5318 = ORIENTED_EDGE('',*,*,#5197,.F.);
#5319 = PLANE('',#5320);
#5320 = AXIS2_PLACEMENT_3D('',#5321,#5322,#5323);
#5321 = CARTESIAN_POINT('',(-0.1,-2.79,3.5));
#5322 = DIRECTION('',(7.850462293414E-17,0.707106781187,0.707106781187)
  );
#5323 = DIRECTION('',(7.850462293414E-17,0.707106781187,-0.707106781187)
  );
#5324 = ADVANCED_FACE('',(#5325),#5336,.T.);
#5325 = FACE_BOUND('',#5326,.T.);
#5326 = EDGE_LOOP('',(#5327,#5328,#5329,#5330));
#5327 = ORIENTED_EDGE('',*,*,#4009,.T.);
#5328 = ORIENTED_EDGE('',*,*,#3872,.T.);
#5329 = ORIENTED_EDGE('',*,*,#3897,.T.);
#5330 = ORIENTED_EDGE('',*,*,#5331,.T.);
#5331 = EDGE_CURVE('',#3898,#4002,#5332,.T.);
#5332 = LINE('',#5333,#5334);
#5333 = CARTESIAN_POINT('',(0.1,-1.27,0.75));
#5334 = VECTOR('',#5335,1.);
#5335 = DIRECTION('',(-1.110223024625E-16,-1.,0.));
#5336 = PLANE('',#5337);
#5337 = AXIS2_PLACEMENT_3D('',#5338,#5339,#5340);
#5338 = CARTESIAN_POINT('',(-1.271205363196E-16,-1.27,0.75));
#5339 = DIRECTION('',(0.,0.,1.));
#5340 = DIRECTION('',(1.110223024625E-16,1.,-0.));
#5341 = ADVANCED_FACE('',(#5342),#5353,.T.);
#5342 = FACE_BOUND('',#5343,.T.);
#5343 = EDGE_LOOP('',(#5344,#5345,#5351,#5352));
#5344 = ORIENTED_EDGE('',*,*,#3977,.T.);
#5345 = ORIENTED_EDGE('',*,*,#5346,.F.);
#5346 = EDGE_CURVE('',#3922,#3978,#5347,.T.);
#5347 = LINE('',#5348,#5349);
#5348 = CARTESIAN_POINT('',(-0.1,-1.27,0.75));
#5349 = VECTOR('',#5350,1.);
#5350 = DIRECTION('',(-1.110223024625E-16,-1.,0.));
#5351 = ORIENTED_EDGE('',*,*,#3929,.T.);
#5352 = ORIENTED_EDGE('',*,*,#3952,.T.);
#5353 = PLANE('',#5354);
#5354 = AXIS2_PLACEMENT_3D('',#5355,#5356,#5357);
#5355 = CARTESIAN_POINT('',(-1.271205363196E-16,-1.27,0.75));
#5356 = DIRECTION('',(0.,0.,1.));
#5357 = DIRECTION('',(1.110223024625E-16,1.,-0.));
#5358 = ADVANCED_FACE('',(#5359),#5402,.T.);
#5359 = FACE_BOUND('',#5360,.T.);
#5360 = EDGE_LOOP('',(#5361,#5362,#5370,#5378,#5386,#5394,#5400,#5401));
#5361 = ORIENTED_EDGE('',*,*,#3985,.F.);
#5362 = ORIENTED_EDGE('',*,*,#5363,.T.);
#5363 = EDGE_CURVE('',#3986,#5364,#5366,.T.);
#5364 = VERTEX_POINT('',#5365);
#5365 = CARTESIAN_POINT('',(-0.1,-1.478333333333,3.458333333333));
#5366 = LINE('',#5367,#5368);
#5367 = CARTESIAN_POINT('',(-0.1,-1.52,3.5));
#5368 = VECTOR('',#5369,1.);
#5369 = DIRECTION('',(7.850462293414E-17,0.707106781187,-0.707106781187)
  );
#5370 = ORIENTED_EDGE('',*,*,#5371,.T.);
#5371 = EDGE_CURVE('',#5364,#5372,#5374,.T.);
#5372 = VERTEX_POINT('',#5373);
#5373 = CARTESIAN_POINT('',(-0.1,-1.478333333333,1.058333333333));
#5374 = LINE('',#5375,#5376);
#5375 = CARTESIAN_POINT('',(-0.1,-1.478333333333,3.458333333333));
#5376 = VECTOR('',#5377,1.);
#5377 = DIRECTION('',(0.,0.,-1.));
#5378 = ORIENTED_EDGE('',*,*,#5379,.T.);
#5379 = EDGE_CURVE('',#5372,#5380,#5382,.T.);
#5380 = VERTEX_POINT('',#5381);
#5381 = CARTESIAN_POINT('',(-0.1,-1.061666666667,1.058333333333));
#5382 = LINE('',#5383,#5384);
#5383 = CARTESIAN_POINT('',(-0.1,-1.478333333333,1.058333333333));
#5384 = VECTOR('',#5385,1.);
#5385 = DIRECTION('',(1.110223024625E-16,1.,0.));
#5386 = ORIENTED_EDGE('',*,*,#5387,.T.);
#5387 = EDGE_CURVE('',#5380,#5388,#5390,.T.);
#5388 = VERTEX_POINT('',#5389);
#5389 = CARTESIAN_POINT('',(-0.1,-1.061666666667,3.458333333333));
#5390 = LINE('',#5391,#5392);
#5391 = CARTESIAN_POINT('',(-0.1,-1.061666666667,1.058333333333));
#5392 = VECTOR('',#5393,1.);
#5393 = DIRECTION('',(0.,0.,1.));
#5394 = ORIENTED_EDGE('',*,*,#5395,.T.);
#5395 = EDGE_CURVE('',#5388,#3914,#5396,.T.);
#5396 = LINE('',#5397,#5398);
#5397 = CARTESIAN_POINT('',(-0.1,-1.061666666667,3.458333333333));
#5398 = VECTOR('',#5399,1.);
#5399 = DIRECTION('',(7.850462293414E-17,0.707106781187,0.707106781187)
  );
#5400 = ORIENTED_EDGE('',*,*,#3921,.F.);
#5401 = ORIENTED_EDGE('',*,*,#5346,.T.);
#5402 = PLANE('',#5403);
#5403 = AXIS2_PLACEMENT_3D('',#5404,#5405,#5406);
#5404 = CARTESIAN_POINT('',(-0.1,-1.27,1.92709124047));
#5405 = DIRECTION('',(-1.,1.110223024625E-16,0.));
#5406 = DIRECTION('',(0.,0.,1.));
#5407 = ADVANCED_FACE('',(#5408),#5426,.T.);
#5408 = FACE_BOUND('',#5409,.T.);
#5409 = EDGE_LOOP('',(#5410,#5418,#5424,#5425));
#5410 = ORIENTED_EDGE('',*,*,#5411,.T.);
#5411 = EDGE_CURVE('',#5388,#5412,#5414,.T.);
#5412 = VERTEX_POINT('',#5413);
#5413 = CARTESIAN_POINT('',(0.1,-1.061666666667,3.458333333333));
#5414 = LINE('',#5415,#5416);
#5415 = CARTESIAN_POINT('',(-0.1,-1.061666666667,3.458333333333));
#5416 = VECTOR('',#5417,1.);
#5417 = DIRECTION('',(1.,-1.110223024625E-16,0.));
#5418 = ORIENTED_EDGE('',*,*,#5419,.T.);
#5419 = EDGE_CURVE('',#5412,#3906,#5420,.T.);
#5420 = LINE('',#5421,#5422);
#5421 = CARTESIAN_POINT('',(0.1,-1.061666666667,3.458333333333));
#5422 = VECTOR('',#5423,1.);
#5423 = DIRECTION('',(7.850462293414E-17,0.707106781187,0.707106781187)
  );
#5424 = ORIENTED_EDGE('',*,*,#3913,.F.);
#5425 = ORIENTED_EDGE('',*,*,#5395,.F.);
#5426 = PLANE('',#5427);
#5427 = AXIS2_PLACEMENT_3D('',#5428,#5429,#5430);
#5428 = CARTESIAN_POINT('',(-0.1,-1.061666666667,3.458333333333));
#5429 = DIRECTION('',(-7.850462293414E-17,-0.707106781187,0.707106781187
    ));
#5430 = DIRECTION('',(7.850462293414E-17,0.707106781187,0.707106781187)
  );
#5431 = ADVANCED_FACE('',(#5432),#5468,.F.);
#5432 = FACE_BOUND('',#5433,.F.);
#5433 = EDGE_LOOP('',(#5434,#5435,#5443,#5451,#5459,#5465,#5466,#5467));
#5434 = ORIENTED_EDGE('',*,*,#4001,.F.);
#5435 = ORIENTED_EDGE('',*,*,#5436,.T.);
#5436 = EDGE_CURVE('',#3994,#5437,#5439,.T.);
#5437 = VERTEX_POINT('',#5438);
#5438 = CARTESIAN_POINT('',(0.1,-1.478333333333,3.458333333333));
#5439 = LINE('',#5440,#5441);
#5440 = CARTESIAN_POINT('',(0.1,-1.52,3.5));
#5441 = VECTOR('',#5442,1.);
#5442 = DIRECTION('',(7.850462293414E-17,0.707106781187,-0.707106781187)
  );
#5443 = ORIENTED_EDGE('',*,*,#5444,.T.);
#5444 = EDGE_CURVE('',#5437,#5445,#5447,.T.);
#5445 = VERTEX_POINT('',#5446);
#5446 = CARTESIAN_POINT('',(0.1,-1.478333333333,1.058333333333));
#5447 = LINE('',#5448,#5449);
#5448 = CARTESIAN_POINT('',(0.1,-1.478333333333,3.458333333333));
#5449 = VECTOR('',#5450,1.);
#5450 = DIRECTION('',(0.,0.,-1.));
#5451 = ORIENTED_EDGE('',*,*,#5452,.T.);
#5452 = EDGE_CURVE('',#5445,#5453,#5455,.T.);
#5453 = VERTEX_POINT('',#5454);
#5454 = CARTESIAN_POINT('',(0.1,-1.061666666667,1.058333333333));
#5455 = LINE('',#5456,#5457);
#5456 = CARTESIAN_POINT('',(0.1,-1.478333333333,1.058333333333));
#5457 = VECTOR('',#5458,1.);
#5458 = DIRECTION('',(1.110223024625E-16,1.,0.));
#5459 = ORIENTED_EDGE('',*,*,#5460,.T.);
#5460 = EDGE_CURVE('',#5453,#5412,#5461,.T.);
#5461 = LINE('',#5462,#5463);
#5462 = CARTESIAN_POINT('',(0.1,-1.061666666667,1.058333333333));
#5463 = VECTOR('',#5464,1.);
#5464 = DIRECTION('',(0.,0.,1.));
#5465 = ORIENTED_EDGE('',*,*,#5419,.T.);
#5466 = ORIENTED_EDGE('',*,*,#3905,.F.);
#5467 = ORIENTED_EDGE('',*,*,#5331,.T.);
#5468 = PLANE('',#5469);
#5469 = AXIS2_PLACEMENT_3D('',#5470,#5471,#5472);
#5470 = CARTESIAN_POINT('',(0.1,-1.27,1.92709124047));
#5471 = DIRECTION('',(-1.,1.110223024625E-16,0.));
#5472 = DIRECTION('',(0.,0.,1.));
#5473 = ADVANCED_FACE('',(#5474),#5485,.T.);
#5474 = FACE_BOUND('',#5475,.T.);
#5475 = EDGE_LOOP('',(#5476,#5477,#5478,#5484));
#5476 = ORIENTED_EDGE('',*,*,#3993,.T.);
#5477 = ORIENTED_EDGE('',*,*,#5436,.T.);
#5478 = ORIENTED_EDGE('',*,*,#5479,.F.);
#5479 = EDGE_CURVE('',#5364,#5437,#5480,.T.);
#5480 = LINE('',#5481,#5482);
#5481 = CARTESIAN_POINT('',(-0.1,-1.478333333333,3.458333333333));
#5482 = VECTOR('',#5483,1.);
#5483 = DIRECTION('',(1.,-1.110223024625E-16,0.));
#5484 = ORIENTED_EDGE('',*,*,#5363,.F.);
#5485 = PLANE('',#5486);
#5486 = AXIS2_PLACEMENT_3D('',#5487,#5488,#5489);
#5487 = CARTESIAN_POINT('',(-0.1,-1.52,3.5));
#5488 = DIRECTION('',(7.850462293414E-17,0.707106781187,0.707106781187)
  );
#5489 = DIRECTION('',(7.850462293414E-17,0.707106781187,-0.707106781187)
  );
#5490 = ADVANCED_FACE('',(#5491),#5502,.T.);
#5491 = FACE_BOUND('',#5492,.T.);
#5492 = EDGE_LOOP('',(#5493,#5494,#5495,#5496));
#5493 = ORIENTED_EDGE('',*,*,#4169,.T.);
#5494 = ORIENTED_EDGE('',*,*,#4032,.T.);
#5495 = ORIENTED_EDGE('',*,*,#4057,.T.);
#5496 = ORIENTED_EDGE('',*,*,#5497,.T.);
#5497 = EDGE_CURVE('',#4058,#4162,#5498,.T.);
#5498 = LINE('',#5499,#5500);
#5499 = CARTESIAN_POINT('',(0.1,2.109423746788E-16,0.75));
#5500 = VECTOR('',#5501,1.);
#5501 = DIRECTION('',(-1.110223024625E-16,-1.,0.));
#5502 = PLANE('',#5503);
#5503 = AXIS2_PLACEMENT_3D('',#5504,#5505,#5506);
#5504 = CARTESIAN_POINT('',(1.387778780781E-17,4.440892098501E-16,0.75)
  );
#5505 = DIRECTION('',(0.,0.,1.));
#5506 = DIRECTION('',(1.110223024625E-16,1.,-0.));
#5507 = ADVANCED_FACE('',(#5508),#5519,.T.);
#5508 = FACE_BOUND('',#5509,.T.);
#5509 = EDGE_LOOP('',(#5510,#5511,#5517,#5518));
#5510 = ORIENTED_EDGE('',*,*,#4137,.T.);
#5511 = ORIENTED_EDGE('',*,*,#5512,.F.);
#5512 = EDGE_CURVE('',#4082,#4138,#5513,.T.);
#5513 = LINE('',#5514,#5515);
#5514 = CARTESIAN_POINT('',(-0.1,2.331468351713E-16,0.75));
#5515 = VECTOR('',#5516,1.);
#5516 = DIRECTION('',(-1.110223024625E-16,-1.,0.));
#5517 = ORIENTED_EDGE('',*,*,#4089,.T.);
#5518 = ORIENTED_EDGE('',*,*,#4112,.T.);
#5519 = PLANE('',#5520);
#5520 = AXIS2_PLACEMENT_3D('',#5521,#5522,#5523);
#5521 = CARTESIAN_POINT('',(1.387778780781E-17,4.440892098501E-16,0.75)
  );
#5522 = DIRECTION('',(0.,0.,1.));
#5523 = DIRECTION('',(1.110223024625E-16,1.,-0.));
#5524 = ADVANCED_FACE('',(#5525),#5568,.T.);
#5525 = FACE_BOUND('',#5526,.T.);
#5526 = EDGE_LOOP('',(#5527,#5528,#5536,#5544,#5552,#5560,#5566,#5567));
#5527 = ORIENTED_EDGE('',*,*,#4145,.F.);
#5528 = ORIENTED_EDGE('',*,*,#5529,.T.);
#5529 = EDGE_CURVE('',#4146,#5530,#5532,.T.);
#5530 = VERTEX_POINT('',#5531);
#5531 = CARTESIAN_POINT('',(-0.1,-0.208333333333,3.458333333333));
#5532 = LINE('',#5533,#5534);
#5533 = CARTESIAN_POINT('',(-0.1,-0.25,3.5));
#5534 = VECTOR('',#5535,1.);
#5535 = DIRECTION('',(7.850462293414E-17,0.707106781187,-0.707106781187)
  );
#5536 = ORIENTED_EDGE('',*,*,#5537,.T.);
#5537 = EDGE_CURVE('',#5530,#5538,#5540,.T.);
#5538 = VERTEX_POINT('',#5539);
#5539 = CARTESIAN_POINT('',(-0.1,-0.208333333333,1.058333333333));
#5540 = LINE('',#5541,#5542);
#5541 = CARTESIAN_POINT('',(-0.1,-0.208333333333,3.458333333333));
#5542 = VECTOR('',#5543,1.);
#5543 = DIRECTION('',(0.,0.,-1.));
#5544 = ORIENTED_EDGE('',*,*,#5545,.T.);
#5545 = EDGE_CURVE('',#5538,#5546,#5548,.T.);
#5546 = VERTEX_POINT('',#5547);
#5547 = CARTESIAN_POINT('',(-0.1,0.208333333333,1.058333333333));
#5548 = LINE('',#5549,#5550);
#5549 = CARTESIAN_POINT('',(-0.1,-0.208333333333,1.058333333333));
#5550 = VECTOR('',#5551,1.);
#5551 = DIRECTION('',(1.110223024625E-16,1.,0.));
#5552 = ORIENTED_EDGE('',*,*,#5553,.T.);
#5553 = EDGE_CURVE('',#5546,#5554,#5556,.T.);
#5554 = VERTEX_POINT('',#5555);
#5555 = CARTESIAN_POINT('',(-0.1,0.208333333333,3.458333333333));
#5556 = LINE('',#5557,#5558);
#5557 = CARTESIAN_POINT('',(-0.1,0.208333333333,1.058333333333));
#5558 = VECTOR('',#5559,1.);
#5559 = DIRECTION('',(0.,0.,1.));
#5560 = ORIENTED_EDGE('',*,*,#5561,.T.);
#5561 = EDGE_CURVE('',#5554,#4074,#5562,.T.);
#5562 = LINE('',#5563,#5564);
#5563 = CARTESIAN_POINT('',(-0.1,0.208333333333,3.458333333333));
#5564 = VECTOR('',#5565,1.);
#5565 = DIRECTION('',(7.850462293414E-17,0.707106781187,0.707106781187)
  );
#5566 = ORIENTED_EDGE('',*,*,#4081,.F.);
#5567 = ORIENTED_EDGE('',*,*,#5512,.T.);
#5568 = PLANE('',#5569);
#5569 = AXIS2_PLACEMENT_3D('',#5570,#5571,#5572);
#5570 = CARTESIAN_POINT('',(-0.1,1.110223024625E-17,1.92709124047));
#5571 = DIRECTION('',(-1.,1.110223024625E-16,0.));
#5572 = DIRECTION('',(0.,0.,1.));
#5573 = ADVANCED_FACE('',(#5574),#5592,.T.);
#5574 = FACE_BOUND('',#5575,.T.);
#5575 = EDGE_LOOP('',(#5576,#5584,#5590,#5591));
#5576 = ORIENTED_EDGE('',*,*,#5577,.T.);
#5577 = EDGE_CURVE('',#5554,#5578,#5580,.T.);
#5578 = VERTEX_POINT('',#5579);
#5579 = CARTESIAN_POINT('',(0.1,0.208333333333,3.458333333333));
#5580 = LINE('',#5581,#5582);
#5581 = CARTESIAN_POINT('',(-0.1,0.208333333333,3.458333333333));
#5582 = VECTOR('',#5583,1.);
#5583 = DIRECTION('',(1.,-1.110223024625E-16,0.));
#5584 = ORIENTED_EDGE('',*,*,#5585,.T.);
#5585 = EDGE_CURVE('',#5578,#4066,#5586,.T.);
#5586 = LINE('',#5587,#5588);
#5587 = CARTESIAN_POINT('',(0.1,0.208333333333,3.458333333333));
#5588 = VECTOR('',#5589,1.);
#5589 = DIRECTION('',(7.850462293414E-17,0.707106781187,0.707106781187)
  );
#5590 = ORIENTED_EDGE('',*,*,#4073,.F.);
#5591 = ORIENTED_EDGE('',*,*,#5561,.F.);
#5592 = PLANE('',#5593);
#5593 = AXIS2_PLACEMENT_3D('',#5594,#5595,#5596);
#5594 = CARTESIAN_POINT('',(-0.1,0.208333333333,3.458333333333));
#5595 = DIRECTION('',(-7.850462293414E-17,-0.707106781187,0.707106781187
    ));
#5596 = DIRECTION('',(7.850462293414E-17,0.707106781187,0.707106781187)
  );
#5597 = ADVANCED_FACE('',(#5598),#5634,.F.);
#5598 = FACE_BOUND('',#5599,.F.);
#5599 = EDGE_LOOP('',(#5600,#5601,#5609,#5617,#5625,#5631,#5632,#5633));
#5600 = ORIENTED_EDGE('',*,*,#4161,.F.);
#5601 = ORIENTED_EDGE('',*,*,#5602,.T.);
#5602 = EDGE_CURVE('',#4154,#5603,#5605,.T.);
#5603 = VERTEX_POINT('',#5604);
#5604 = CARTESIAN_POINT('',(0.1,-0.208333333333,3.458333333333));
#5605 = LINE('',#5606,#5607);
#5606 = CARTESIAN_POINT('',(0.1,-0.25,3.5));
#5607 = VECTOR('',#5608,1.);
#5608 = DIRECTION('',(7.850462293414E-17,0.707106781187,-0.707106781187)
  );
#5609 = ORIENTED_EDGE('',*,*,#5610,.T.);
#5610 = EDGE_CURVE('',#5603,#5611,#5613,.T.);
#5611 = VERTEX_POINT('',#5612);
#5612 = CARTESIAN_POINT('',(0.1,-0.208333333333,1.058333333333));
#5613 = LINE('',#5614,#5615);
#5614 = CARTESIAN_POINT('',(0.1,-0.208333333333,3.458333333333));
#5615 = VECTOR('',#5616,1.);
#5616 = DIRECTION('',(0.,0.,-1.));
#5617 = ORIENTED_EDGE('',*,*,#5618,.T.);
#5618 = EDGE_CURVE('',#5611,#5619,#5621,.T.);
#5619 = VERTEX_POINT('',#5620);
#5620 = CARTESIAN_POINT('',(0.1,0.208333333333,1.058333333333));
#5621 = LINE('',#5622,#5623);
#5622 = CARTESIAN_POINT('',(0.1,-0.208333333333,1.058333333333));
#5623 = VECTOR('',#5624,1.);
#5624 = DIRECTION('',(1.110223024625E-16,1.,0.));
#5625 = ORIENTED_EDGE('',*,*,#5626,.T.);
#5626 = EDGE_CURVE('',#5619,#5578,#5627,.T.);
#5627 = LINE('',#5628,#5629);
#5628 = CARTESIAN_POINT('',(0.1,0.208333333333,1.058333333333));
#5629 = VECTOR('',#5630,1.);
#5630 = DIRECTION('',(0.,0.,1.));
#5631 = ORIENTED_EDGE('',*,*,#5585,.T.);
#5632 = ORIENTED_EDGE('',*,*,#4065,.F.);
#5633 = ORIENTED_EDGE('',*,*,#5497,.T.);
#5634 = PLANE('',#5635);
#5635 = AXIS2_PLACEMENT_3D('',#5636,#5637,#5638);
#5636 = CARTESIAN_POINT('',(0.1,-1.110223024625E-17,1.92709124047));
#5637 = DIRECTION('',(-1.,1.110223024625E-16,0.));
#5638 = DIRECTION('',(0.,0.,1.));
#5639 = ADVANCED_FACE('',(#5640),#5651,.T.);
#5640 = FACE_BOUND('',#5641,.T.);
#5641 = EDGE_LOOP('',(#5642,#5643,#5644,#5650));
#5642 = ORIENTED_EDGE('',*,*,#4153,.T.);
#5643 = ORIENTED_EDGE('',*,*,#5602,.T.);
#5644 = ORIENTED_EDGE('',*,*,#5645,.F.);
#5645 = EDGE_CURVE('',#5530,#5603,#5646,.T.);
#5646 = LINE('',#5647,#5648);
#5647 = CARTESIAN_POINT('',(-0.1,-0.208333333333,3.458333333333));
#5648 = VECTOR('',#5649,1.);
#5649 = DIRECTION('',(1.,-1.110223024625E-16,0.));
#5650 = ORIENTED_EDGE('',*,*,#5529,.F.);
#5651 = PLANE('',#5652);
#5652 = AXIS2_PLACEMENT_3D('',#5653,#5654,#5655);
#5653 = CARTESIAN_POINT('',(-0.1,-0.25,3.5));
#5654 = DIRECTION('',(7.850462293414E-17,0.707106781187,0.707106781187)
  );
#5655 = DIRECTION('',(7.850462293414E-17,0.707106781187,-0.707106781187)
  );
#5656 = ADVANCED_FACE('',(#5657),#5668,.T.);
#5657 = FACE_BOUND('',#5658,.T.);
#5658 = EDGE_LOOP('',(#5659,#5665,#5666,#5667));
#5659 = ORIENTED_EDGE('',*,*,#5660,.T.);
#5660 = EDGE_CURVE('',#4716,#4789,#5661,.T.);
#5661 = LINE('',#5662,#5663);
#5662 = CARTESIAN_POINT('',(-0.1,-6.141666666667,1.058333333333));
#5663 = VECTOR('',#5664,1.);
#5664 = DIRECTION('',(1.,-1.110223024625E-16,0.));
#5665 = ORIENTED_EDGE('',*,*,#4796,.T.);
#5666 = ORIENTED_EDGE('',*,*,#4747,.F.);
#5667 = ORIENTED_EDGE('',*,*,#4723,.F.);
#5668 = PLANE('',#5669);
#5669 = AXIS2_PLACEMENT_3D('',#5670,#5671,#5672);
#5670 = CARTESIAN_POINT('',(-0.1,-6.141666666667,1.058333333333));
#5671 = DIRECTION('',(-1.110223024625E-16,-1.,0.));
#5672 = DIRECTION('',(0.,0.,1.));
#5673 = ADVANCED_FACE('',(#5674),#5685,.T.);
#5674 = FACE_BOUND('',#5675,.T.);
#5675 = EDGE_LOOP('',(#5676,#5682,#5683,#5684));
#5676 = ORIENTED_EDGE('',*,*,#5677,.T.);
#5677 = EDGE_CURVE('',#4708,#4781,#5678,.T.);
#5678 = LINE('',#5679,#5680);
#5679 = CARTESIAN_POINT('',(-0.1,-6.558333333333,1.058333333333));
#5680 = VECTOR('',#5681,1.);
#5681 = DIRECTION('',(1.,-1.110223024625E-16,0.));
#5682 = ORIENTED_EDGE('',*,*,#4788,.T.);
#5683 = ORIENTED_EDGE('',*,*,#5660,.F.);
#5684 = ORIENTED_EDGE('',*,*,#4715,.F.);
#5685 = PLANE('',#5686);
#5686 = AXIS2_PLACEMENT_3D('',#5687,#5688,#5689);
#5687 = CARTESIAN_POINT('',(-0.1,-6.558333333333,1.058333333333));
#5688 = DIRECTION('',(0.,0.,1.));
#5689 = DIRECTION('',(1.110223024625E-16,1.,-0.));
#5690 = ADVANCED_FACE('',(#5691),#5697,.T.);
#5691 = FACE_BOUND('',#5692,.T.);
#5692 = EDGE_LOOP('',(#5693,#5694,#5695,#5696));
#5693 = ORIENTED_EDGE('',*,*,#4815,.T.);
#5694 = ORIENTED_EDGE('',*,*,#4780,.T.);
#5695 = ORIENTED_EDGE('',*,*,#5677,.F.);
#5696 = ORIENTED_EDGE('',*,*,#4707,.F.);
#5697 = PLANE('',#5698);
#5698 = AXIS2_PLACEMENT_3D('',#5699,#5700,#5701);
#5699 = CARTESIAN_POINT('',(-0.1,-6.558333333333,3.458333333333));
#5700 = DIRECTION('',(1.110223024625E-16,1.,0.));
#5701 = DIRECTION('',(0.,0.,-1.));
#5702 = ADVANCED_FACE('',(#5703),#5714,.T.);
#5703 = FACE_BOUND('',#5704,.T.);
#5704 = EDGE_LOOP('',(#5705,#5711,#5712,#5713));
#5705 = ORIENTED_EDGE('',*,*,#5706,.T.);
#5706 = EDGE_CURVE('',#4882,#4955,#5707,.T.);
#5707 = LINE('',#5708,#5709);
#5708 = CARTESIAN_POINT('',(-0.1,-4.871666666667,1.058333333333));
#5709 = VECTOR('',#5710,1.);
#5710 = DIRECTION('',(1.,-1.110223024625E-16,0.));
#5711 = ORIENTED_EDGE('',*,*,#4962,.T.);
#5712 = ORIENTED_EDGE('',*,*,#4913,.F.);
#5713 = ORIENTED_EDGE('',*,*,#4889,.F.);
#5714 = PLANE('',#5715);
#5715 = AXIS2_PLACEMENT_3D('',#5716,#5717,#5718);
#5716 = CARTESIAN_POINT('',(-0.1,-4.871666666667,1.058333333333));
#5717 = DIRECTION('',(-1.110223024625E-16,-1.,0.));
#5718 = DIRECTION('',(0.,0.,1.));
#5719 = ADVANCED_FACE('',(#5720),#5731,.T.);
#5720 = FACE_BOUND('',#5721,.T.);
#5721 = EDGE_LOOP('',(#5722,#5728,#5729,#5730));
#5722 = ORIENTED_EDGE('',*,*,#5723,.T.);
#5723 = EDGE_CURVE('',#4874,#4947,#5724,.T.);
#5724 = LINE('',#5725,#5726);
#5725 = CARTESIAN_POINT('',(-0.1,-5.288333333333,1.058333333333));
#5726 = VECTOR('',#5727,1.);
#5727 = DIRECTION('',(1.,-1.110223024625E-16,0.));
#5728 = ORIENTED_EDGE('',*,*,#4954,.T.);
#5729 = ORIENTED_EDGE('',*,*,#5706,.F.);
#5730 = ORIENTED_EDGE('',*,*,#4881,.F.);
#5731 = PLANE('',#5732);
#5732 = AXIS2_PLACEMENT_3D('',#5733,#5734,#5735);
#5733 = CARTESIAN_POINT('',(-0.1,-5.288333333333,1.058333333333));
#5734 = DIRECTION('',(0.,0.,1.));
#5735 = DIRECTION('',(1.110223024625E-16,1.,-0.));
#5736 = ADVANCED_FACE('',(#5737),#5743,.T.);
#5737 = FACE_BOUND('',#5738,.T.);
#5738 = EDGE_LOOP('',(#5739,#5740,#5741,#5742));
#5739 = ORIENTED_EDGE('',*,*,#4981,.T.);
#5740 = ORIENTED_EDGE('',*,*,#4946,.T.);
#5741 = ORIENTED_EDGE('',*,*,#5723,.F.);
#5742 = ORIENTED_EDGE('',*,*,#4873,.F.);
#5743 = PLANE('',#5744);
#5744 = AXIS2_PLACEMENT_3D('',#5745,#5746,#5747);
#5745 = CARTESIAN_POINT('',(-0.1,-5.288333333333,3.458333333333));
#5746 = DIRECTION('',(1.110223024625E-16,1.,0.));
#5747 = DIRECTION('',(0.,0.,-1.));
#5748 = ADVANCED_FACE('',(#5749),#5760,.T.);
#5749 = FACE_BOUND('',#5750,.T.);
#5750 = EDGE_LOOP('',(#5751,#5757,#5758,#5759));
#5751 = ORIENTED_EDGE('',*,*,#5752,.T.);
#5752 = EDGE_CURVE('',#5048,#5121,#5753,.T.);
#5753 = LINE('',#5754,#5755);
#5754 = CARTESIAN_POINT('',(-0.1,-3.601666666667,1.058333333333));
#5755 = VECTOR('',#5756,1.);
#5756 = DIRECTION('',(1.,-1.110223024625E-16,0.));
#5757 = ORIENTED_EDGE('',*,*,#5128,.T.);
#5758 = ORIENTED_EDGE('',*,*,#5079,.F.);
#5759 = ORIENTED_EDGE('',*,*,#5055,.F.);
#5760 = PLANE('',#5761);
#5761 = AXIS2_PLACEMENT_3D('',#5762,#5763,#5764);
#5762 = CARTESIAN_POINT('',(-0.1,-3.601666666667,1.058333333333));
#5763 = DIRECTION('',(-1.110223024625E-16,-1.,0.));
#5764 = DIRECTION('',(0.,0.,1.));
#5765 = ADVANCED_FACE('',(#5766),#5777,.T.);
#5766 = FACE_BOUND('',#5767,.T.);
#5767 = EDGE_LOOP('',(#5768,#5774,#5775,#5776));
#5768 = ORIENTED_EDGE('',*,*,#5769,.T.);
#5769 = EDGE_CURVE('',#5040,#5113,#5770,.T.);
#5770 = LINE('',#5771,#5772);
#5771 = CARTESIAN_POINT('',(-0.1,-4.018333333333,1.058333333333));
#5772 = VECTOR('',#5773,1.);
#5773 = DIRECTION('',(1.,-1.110223024625E-16,0.));
#5774 = ORIENTED_EDGE('',*,*,#5120,.T.);
#5775 = ORIENTED_EDGE('',*,*,#5752,.F.);
#5776 = ORIENTED_EDGE('',*,*,#5047,.F.);
#5777 = PLANE('',#5778);
#5778 = AXIS2_PLACEMENT_3D('',#5779,#5780,#5781);
#5779 = CARTESIAN_POINT('',(-0.1,-4.018333333333,1.058333333333));
#5780 = DIRECTION('',(0.,0.,1.));
#5781 = DIRECTION('',(1.110223024625E-16,1.,-0.));
#5782 = ADVANCED_FACE('',(#5783),#5789,.T.);
#5783 = FACE_BOUND('',#5784,.T.);
#5784 = EDGE_LOOP('',(#5785,#5786,#5787,#5788));
#5785 = ORIENTED_EDGE('',*,*,#5147,.T.);
#5786 = ORIENTED_EDGE('',*,*,#5112,.T.);
#5787 = ORIENTED_EDGE('',*,*,#5769,.F.);
#5788 = ORIENTED_EDGE('',*,*,#5039,.F.);
#5789 = PLANE('',#5790);
#5790 = AXIS2_PLACEMENT_3D('',#5791,#5792,#5793);
#5791 = CARTESIAN_POINT('',(-0.1,-4.018333333333,3.458333333333));
#5792 = DIRECTION('',(1.110223024625E-16,1.,0.));
#5793 = DIRECTION('',(0.,0.,-1.));
#5794 = ADVANCED_FACE('',(#5795),#5806,.T.);
#5795 = FACE_BOUND('',#5796,.T.);
#5796 = EDGE_LOOP('',(#5797,#5803,#5804,#5805));
#5797 = ORIENTED_EDGE('',*,*,#5798,.T.);
#5798 = EDGE_CURVE('',#5214,#5287,#5799,.T.);
#5799 = LINE('',#5800,#5801);
#5800 = CARTESIAN_POINT('',(-0.1,-2.331666666667,1.058333333333));
#5801 = VECTOR('',#5802,1.);
#5802 = DIRECTION('',(1.,-1.110223024625E-16,0.));
#5803 = ORIENTED_EDGE('',*,*,#5294,.T.);
#5804 = ORIENTED_EDGE('',*,*,#5245,.F.);
#5805 = ORIENTED_EDGE('',*,*,#5221,.F.);
#5806 = PLANE('',#5807);
#5807 = AXIS2_PLACEMENT_3D('',#5808,#5809,#5810);
#5808 = CARTESIAN_POINT('',(-0.1,-2.331666666667,1.058333333333));
#5809 = DIRECTION('',(-1.110223024625E-16,-1.,0.));
#5810 = DIRECTION('',(0.,0.,1.));
#5811 = ADVANCED_FACE('',(#5812),#5823,.T.);
#5812 = FACE_BOUND('',#5813,.T.);
#5813 = EDGE_LOOP('',(#5814,#5820,#5821,#5822));
#5814 = ORIENTED_EDGE('',*,*,#5815,.T.);
#5815 = EDGE_CURVE('',#5206,#5279,#5816,.T.);
#5816 = LINE('',#5817,#5818);
#5817 = CARTESIAN_POINT('',(-0.1,-2.748333333333,1.058333333333));
#5818 = VECTOR('',#5819,1.);
#5819 = DIRECTION('',(1.,-1.110223024625E-16,0.));
#5820 = ORIENTED_EDGE('',*,*,#5286,.T.);
#5821 = ORIENTED_EDGE('',*,*,#5798,.F.);
#5822 = ORIENTED_EDGE('',*,*,#5213,.F.);
#5823 = PLANE('',#5824);
#5824 = AXIS2_PLACEMENT_3D('',#5825,#5826,#5827);
#5825 = CARTESIAN_POINT('',(-0.1,-2.748333333333,1.058333333333));
#5826 = DIRECTION('',(0.,0.,1.));
#5827 = DIRECTION('',(1.110223024625E-16,1.,-0.));
#5828 = ADVANCED_FACE('',(#5829),#5835,.T.);
#5829 = FACE_BOUND('',#5830,.T.);
#5830 = EDGE_LOOP('',(#5831,#5832,#5833,#5834));
#5831 = ORIENTED_EDGE('',*,*,#5313,.T.);
#5832 = ORIENTED_EDGE('',*,*,#5278,.T.);
#5833 = ORIENTED_EDGE('',*,*,#5815,.F.);
#5834 = ORIENTED_EDGE('',*,*,#5205,.F.);
#5835 = PLANE('',#5836);
#5836 = AXIS2_PLACEMENT_3D('',#5837,#5838,#5839);
#5837 = CARTESIAN_POINT('',(-0.1,-2.748333333333,3.458333333333));
#5838 = DIRECTION('',(1.110223024625E-16,1.,0.));
#5839 = DIRECTION('',(0.,0.,-1.));
#5840 = ADVANCED_FACE('',(#5841),#5852,.T.);
#5841 = FACE_BOUND('',#5842,.T.);
#5842 = EDGE_LOOP('',(#5843,#5849,#5850,#5851));
#5843 = ORIENTED_EDGE('',*,*,#5844,.T.);
#5844 = EDGE_CURVE('',#5380,#5453,#5845,.T.);
#5845 = LINE('',#5846,#5847);
#5846 = CARTESIAN_POINT('',(-0.1,-1.061666666667,1.058333333333));
#5847 = VECTOR('',#5848,1.);
#5848 = DIRECTION('',(1.,-1.110223024625E-16,0.));
#5849 = ORIENTED_EDGE('',*,*,#5460,.T.);
#5850 = ORIENTED_EDGE('',*,*,#5411,.F.);
#5851 = ORIENTED_EDGE('',*,*,#5387,.F.);
#5852 = PLANE('',#5853);
#5853 = AXIS2_PLACEMENT_3D('',#5854,#5855,#5856);
#5854 = CARTESIAN_POINT('',(-0.1,-1.061666666667,1.058333333333));
#5855 = DIRECTION('',(-1.110223024625E-16,-1.,0.));
#5856 = DIRECTION('',(0.,0.,1.));
#5857 = ADVANCED_FACE('',(#5858),#5869,.T.);
#5858 = FACE_BOUND('',#5859,.T.);
#5859 = EDGE_LOOP('',(#5860,#5866,#5867,#5868));
#5860 = ORIENTED_EDGE('',*,*,#5861,.T.);
#5861 = EDGE_CURVE('',#5372,#5445,#5862,.T.);
#5862 = LINE('',#5863,#5864);
#5863 = CARTESIAN_POINT('',(-0.1,-1.478333333333,1.058333333333));
#5864 = VECTOR('',#5865,1.);
#5865 = DIRECTION('',(1.,-1.110223024625E-16,0.));
#5866 = ORIENTED_EDGE('',*,*,#5452,.T.);
#5867 = ORIENTED_EDGE('',*,*,#5844,.F.);
#5868 = ORIENTED_EDGE('',*,*,#5379,.F.);
#5869 = PLANE('',#5870);
#5870 = AXIS2_PLACEMENT_3D('',#5871,#5872,#5873);
#5871 = CARTESIAN_POINT('',(-0.1,-1.478333333333,1.058333333333));
#5872 = DIRECTION('',(0.,0.,1.));
#5873 = DIRECTION('',(1.110223024625E-16,1.,-0.));
#5874 = ADVANCED_FACE('',(#5875),#5881,.T.);
#5875 = FACE_BOUND('',#5876,.T.);
#5876 = EDGE_LOOP('',(#5877,#5878,#5879,#5880));
#5877 = ORIENTED_EDGE('',*,*,#5479,.T.);
#5878 = ORIENTED_EDGE('',*,*,#5444,.T.);
#5879 = ORIENTED_EDGE('',*,*,#5861,.F.);
#5880 = ORIENTED_EDGE('',*,*,#5371,.F.);
#5881 = PLANE('',#5882);
#5882 = AXIS2_PLACEMENT_3D('',#5883,#5884,#5885);
#5883 = CARTESIAN_POINT('',(-0.1,-1.478333333333,3.458333333333));
#5884 = DIRECTION('',(1.110223024625E-16,1.,0.));
#5885 = DIRECTION('',(0.,0.,-1.));
#5886 = ADVANCED_FACE('',(#5887),#5898,.T.);
#5887 = FACE_BOUND('',#5888,.T.);
#5888 = EDGE_LOOP('',(#5889,#5895,#5896,#5897));
#5889 = ORIENTED_EDGE('',*,*,#5890,.T.);
#5890 = EDGE_CURVE('',#5546,#5619,#5891,.T.);
#5891 = LINE('',#5892,#5893);
#5892 = CARTESIAN_POINT('',(-0.1,0.208333333333,1.058333333333));
#5893 = VECTOR('',#5894,1.);
#5894 = DIRECTION('',(1.,-1.110223024625E-16,0.));
#5895 = ORIENTED_EDGE('',*,*,#5626,.T.);
#5896 = ORIENTED_EDGE('',*,*,#5577,.F.);
#5897 = ORIENTED_EDGE('',*,*,#5553,.F.);
#5898 = PLANE('',#5899);
#5899 = AXIS2_PLACEMENT_3D('',#5900,#5901,#5902);
#5900 = CARTESIAN_POINT('',(-0.1,0.208333333333,1.058333333333));
#5901 = DIRECTION('',(-1.110223024625E-16,-1.,0.));
#5902 = DIRECTION('',(0.,0.,1.));
#5903 = ADVANCED_FACE('',(#5904),#5915,.T.);
#5904 = FACE_BOUND('',#5905,.T.);
#5905 = EDGE_LOOP('',(#5906,#5912,#5913,#5914));
#5906 = ORIENTED_EDGE('',*,*,#5907,.T.);
#5907 = EDGE_CURVE('',#5538,#5611,#5908,.T.);
#5908 = LINE('',#5909,#5910);
#5909 = CARTESIAN_POINT('',(-0.1,-0.208333333333,1.058333333333));
#5910 = VECTOR('',#5911,1.);
#5911 = DIRECTION('',(1.,-1.110223024625E-16,0.));
#5912 = ORIENTED_EDGE('',*,*,#5618,.T.);
#5913 = ORIENTED_EDGE('',*,*,#5890,.F.);
#5914 = ORIENTED_EDGE('',*,*,#5545,.F.);
#5915 = PLANE('',#5916);
#5916 = AXIS2_PLACEMENT_3D('',#5917,#5918,#5919);
#5917 = CARTESIAN_POINT('',(-0.1,-0.208333333333,1.058333333333));
#5918 = DIRECTION('',(0.,0.,1.));
#5919 = DIRECTION('',(1.110223024625E-16,1.,-0.));
#5920 = ADVANCED_FACE('',(#5921),#5927,.T.);
#5921 = FACE_BOUND('',#5922,.T.);
#5922 = EDGE_LOOP('',(#5923,#5924,#5925,#5926));
#5923 = ORIENTED_EDGE('',*,*,#5645,.T.);
#5924 = ORIENTED_EDGE('',*,*,#5610,.T.);
#5925 = ORIENTED_EDGE('',*,*,#5907,.F.);
#5926 = ORIENTED_EDGE('',*,*,#5537,.F.);
#5927 = PLANE('',#5928);
#5928 = AXIS2_PLACEMENT_3D('',#5929,#5930,#5931);
#5929 = CARTESIAN_POINT('',(-0.1,-0.208333333333,3.458333333333));
#5930 = DIRECTION('',(1.110223024625E-16,1.,0.));
#5931 = DIRECTION('',(0.,0.,-1.));
#5932 = ( GEOMETRIC_REPRESENTATION_CONTEXT(3) 
GLOBAL_UNCERTAINTY_ASSIGNED_CONTEXT((#5936)) 
GLOBAL_UNIT_ASSIGNED_CONTEXT((#5933,#5934,#5935)) REPRESENTATION_CONTEXT
('Context #1','3D Context with UNIT and UNCERTAINTY') );
#5933 = ( LENGTH_UNIT() NAMED_UNIT(*) SI_UNIT(.MILLI.,.METRE.) );
#5934 = ( NAMED_UNIT(*) PLANE_ANGLE_UNIT() SI_UNIT($,.RADIAN.) );
#5935 = ( NAMED_UNIT(*) SI_UNIT($,.STERADIAN.) SOLID_ANGLE_UNIT() );
#5936 = UNCERTAINTY_MEASURE_WITH_UNIT(LENGTH_MEASURE(1.E-07),#5933,
  'distance_accuracy_value','confusion accuracy');
#5937 = CONTEXT_DEPENDENT_SHAPE_REPRESENTATION(#5938,#5940);
#5938 = ( REPRESENTATION_RELATIONSHIP('','',#993,#10) 
REPRESENTATION_RELATIONSHIP_WITH_TRANSFORMATION(#5939) 
SHAPE_REPRESENTATION_RELATIONSHIP() );
#5939 = ITEM_DEFINED_TRANSFORMATION('','',#11,#19);
#5940 = PRODUCT_DEFINITION_SHAPE('Placement','Placement of an item',
  #5941);
#5941 = NEXT_ASSEMBLY_USAGE_OCCURRENCE('2','J4','',#5,#988,$);
#5942 = PRODUCT_RELATED_PRODUCT_CATEGORY('part',$,(#990));
#5943 = SHAPE_DEFINITION_REPRESENTATION(#5944,#5950);
#5944 = PRODUCT_DEFINITION_SHAPE('','',#5945);
#5945 = PRODUCT_DEFINITION('design','',#5946,#5949);
#5946 = PRODUCT_DEFINITION_FORMATION('','',#5947);
#5947 = PRODUCT('JST_EH_B2B-EH-A_1x02_P2.50mm_Vertical',
  'JST_EH_B2B-EH-A_1x02_P2.50mm_Vertical','',(#5948));
#5948 = PRODUCT_CONTEXT('',#2,'mechanical');
#5949 = PRODUCT_DEFINITION_CONTEXT('part definition',#2,'design');
#5950 = ADVANCED_BREP_SHAPE_REPRESENTATION('',(#11,#5951),#8445);
#5951 = MANIFOLD_SOLID_BREP('',#5952);
#5952 = CLOSED_SHELL('',(#5953,#6089,#6120,#6144,#6202,#6226,#6250,#6274
    ,#6332,#6356,#6380,#6460,#6484,#6548,#6572,#6636,#6660,#6733,#6758,
    #6821,#6845,#6901,#6918,#6981,#7005,#7061,#7078,#7159,#7183,#7344,
    #7361,#7378,#7395,#7407,#7419,#7436,#7453,#7470,#7482,#7499,#7546,
    #7577,#7589,#7606,#7632,#7665,#7712,#7743,#7755,#7772,#7798,#7831,
    #7848,#7865,#7882,#7899,#7916,#7933,#7945,#7976,#8000,#8024,#8041,
    #8072,#8096,#8120,#8137,#8154,#8171,#8183,#8200,#8217,#8229,#8260,
    #8284,#8308,#8325,#8356,#8380,#8404,#8421,#8433));
#5953 = ADVANCED_FACE('',(#5954),#6084,.F.);
#5954 = FACE_BOUND('',#5955,.F.);
#5955 = EDGE_LOOP('',(#5956,#5966,#5974,#5982,#5990,#5998,#6006,#6014,
    #6022,#6030,#6038,#6046,#6054,#6062,#6070,#6078));
#5956 = ORIENTED_EDGE('',*,*,#5957,.F.);
#5957 = EDGE_CURVE('',#5958,#5960,#5962,.T.);
#5958 = VERTEX_POINT('',#5959);
#5959 = CARTESIAN_POINT('',(-2.5,-2.2,0.));
#5960 = VERTEX_POINT('',#5961);
#5961 = CARTESIAN_POINT('',(-0.75,-2.2,0.));
#5962 = LINE('',#5963,#5964);
#5963 = CARTESIAN_POINT('',(-2.5,-2.2,0.));
#5964 = VECTOR('',#5965,1.);
#5965 = DIRECTION('',(1.,0.,0.));
#5966 = ORIENTED_EDGE('',*,*,#5967,.T.);
#5967 = EDGE_CURVE('',#5958,#5968,#5970,.T.);
#5968 = VERTEX_POINT('',#5969);
#5969 = CARTESIAN_POINT('',(-2.5,-2.2,5.2));
#5970 = LINE('',#5971,#5972);
#5971 = CARTESIAN_POINT('',(-2.5,-2.2,0.));
#5972 = VECTOR('',#5973,1.);
#5973 = DIRECTION('',(0.,0.,1.));
#5974 = ORIENTED_EDGE('',*,*,#5975,.T.);
#5975 = EDGE_CURVE('',#5968,#5976,#5978,.T.);
#5976 = VERTEX_POINT('',#5977);
#5977 = CARTESIAN_POINT('',(-1.5,-2.2,5.2));
#5978 = LINE('',#5979,#5980);
#5979 = CARTESIAN_POINT('',(-2.5,-2.2,5.2));
#5980 = VECTOR('',#5981,1.);
#5981 = DIRECTION('',(1.,0.,0.));
#5982 = ORIENTED_EDGE('',*,*,#5983,.T.);
#5983 = EDGE_CURVE('',#5976,#5984,#5986,.T.);
#5984 = VERTEX_POINT('',#5985);
#5985 = CARTESIAN_POINT('',(-1.5,-2.2,1.1));
#5986 = LINE('',#5987,#5988);
#5987 = CARTESIAN_POINT('',(-1.5,-2.2,1.5));
#5988 = VECTOR('',#5989,1.);
#5989 = DIRECTION('',(0.,0.,-1.));
#5990 = ORIENTED_EDGE('',*,*,#5991,.T.);
#5991 = EDGE_CURVE('',#5984,#5992,#5994,.T.);
#5992 = VERTEX_POINT('',#5993);
#5993 = CARTESIAN_POINT('',(4.,-2.2,1.1));
#5994 = LINE('',#5995,#5996);
#5995 = CARTESIAN_POINT('',(-1.5,-2.2,1.1));
#5996 = VECTOR('',#5997,1.);
#5997 = DIRECTION('',(1.,0.,0.));
#5998 = ORIENTED_EDGE('',*,*,#5999,.F.);
#5999 = EDGE_CURVE('',#6000,#5992,#6002,.T.);
#6000 = VERTEX_POINT('',#6001);
#6001 = CARTESIAN_POINT('',(4.,-2.2,5.2));
#6002 = LINE('',#6003,#6004);
#6003 = CARTESIAN_POINT('',(4.,-2.2,6.));
#6004 = VECTOR('',#6005,1.);
#6005 = DIRECTION('',(-0.,-0.,-1.));
#6006 = ORIENTED_EDGE('',*,*,#6007,.T.);
#6007 = EDGE_CURVE('',#6000,#6008,#6010,.T.);
#6008 = VERTEX_POINT('',#6009);
#6009 = CARTESIAN_POINT('',(5.,-2.2,5.2));
#6010 = LINE('',#6011,#6012);
#6011 = CARTESIAN_POINT('',(-2.5,-2.2,5.2));
#6012 = VECTOR('',#6013,1.);
#6013 = DIRECTION('',(1.,0.,0.));
#6014 = ORIENTED_EDGE('',*,*,#6015,.F.);
#6015 = EDGE_CURVE('',#6016,#6008,#6018,.T.);
#6016 = VERTEX_POINT('',#6017);
#6017 = CARTESIAN_POINT('',(5.,-2.2,0.));
#6018 = LINE('',#6019,#6020);
#6019 = CARTESIAN_POINT('',(5.,-2.2,0.));
#6020 = VECTOR('',#6021,1.);
#6021 = DIRECTION('',(0.,0.,1.));
#6022 = ORIENTED_EDGE('',*,*,#6023,.F.);
#6023 = EDGE_CURVE('',#6024,#6016,#6026,.T.);
#6024 = VERTEX_POINT('',#6025);
#6025 = CARTESIAN_POINT('',(3.25,-2.2,0.));
#6026 = LINE('',#6027,#6028);
#6027 = CARTESIAN_POINT('',(-2.5,-2.2,0.));
#6028 = VECTOR('',#6029,1.);
#6029 = DIRECTION('',(1.,0.,0.));
#6030 = ORIENTED_EDGE('',*,*,#6031,.T.);
#6031 = EDGE_CURVE('',#6024,#6032,#6034,.T.);
#6032 = VERTEX_POINT('',#6033);
#6033 = CARTESIAN_POINT('',(3.25,-2.2,0.3));
#6034 = LINE('',#6035,#6036);
#6035 = CARTESIAN_POINT('',(3.25,-2.2,0.));
#6036 = VECTOR('',#6037,1.);
#6037 = DIRECTION('',(0.,0.,1.));
#6038 = ORIENTED_EDGE('',*,*,#6039,.F.);
#6039 = EDGE_CURVE('',#6040,#6032,#6042,.T.);
#6040 = VERTEX_POINT('',#6041);
#6041 = CARTESIAN_POINT('',(1.75,-2.2,0.3));
#6042 = LINE('',#6043,#6044);
#6043 = CARTESIAN_POINT('',(1.75,-2.2,0.3));
#6044 = VECTOR('',#6045,1.);
#6045 = DIRECTION('',(1.,0.,0.));
#6046 = ORIENTED_EDGE('',*,*,#6047,.F.);
#6047 = EDGE_CURVE('',#6048,#6040,#6050,.T.);
#6048 = VERTEX_POINT('',#6049);
#6049 = CARTESIAN_POINT('',(1.75,-2.2,0.));
#6050 = LINE('',#6051,#6052);
#6051 = CARTESIAN_POINT('',(1.75,-2.2,0.));
#6052 = VECTOR('',#6053,1.);
#6053 = DIRECTION('',(0.,0.,1.));
#6054 = ORIENTED_EDGE('',*,*,#6055,.F.);
#6055 = EDGE_CURVE('',#6056,#6048,#6058,.T.);
#6056 = VERTEX_POINT('',#6057);
#6057 = CARTESIAN_POINT('',(0.75,-2.2,0.));
#6058 = LINE('',#6059,#6060);
#6059 = CARTESIAN_POINT('',(-2.5,-2.2,0.));
#6060 = VECTOR('',#6061,1.);
#6061 = DIRECTION('',(1.,0.,0.));
#6062 = ORIENTED_EDGE('',*,*,#6063,.T.);
#6063 = EDGE_CURVE('',#6056,#6064,#6066,.T.);
#6064 = VERTEX_POINT('',#6065);
#6065 = CARTESIAN_POINT('',(0.75,-2.2,0.3));
#6066 = LINE('',#6067,#6068);
#6067 = CARTESIAN_POINT('',(0.75,-2.2,0.));
#6068 = VECTOR('',#6069,1.);
#6069 = DIRECTION('',(0.,0.,1.));
#6070 = ORIENTED_EDGE('',*,*,#6071,.F.);
#6071 = EDGE_CURVE('',#6072,#6064,#6074,.T.);
#6072 = VERTEX_POINT('',#6073);
#6073 = CARTESIAN_POINT('',(-0.75,-2.2,0.3));
#6074 = LINE('',#6075,#6076);
#6075 = CARTESIAN_POINT('',(-0.75,-2.2,0.3));
#6076 = VECTOR('',#6077,1.);
#6077 = DIRECTION('',(1.,0.,0.));
#6078 = ORIENTED_EDGE('',*,*,#6079,.F.);
#6079 = EDGE_CURVE('',#5960,#6072,#6080,.T.);
#6080 = LINE('',#6081,#6082);
#6081 = CARTESIAN_POINT('',(-0.75,-2.2,0.));
#6082 = VECTOR('',#6083,1.);
#6083 = DIRECTION('',(0.,0.,1.));
#6084 = PLANE('',#6085);
#6085 = AXIS2_PLACEMENT_3D('',#6086,#6087,#6088);
#6086 = CARTESIAN_POINT('',(-2.5,-2.2,0.));
#6087 = DIRECTION('',(0.,1.,0.));
#6088 = DIRECTION('',(1.,0.,0.));
#6089 = ADVANCED_FACE('',(#6090),#6115,.F.);
#6090 = FACE_BOUND('',#6091,.F.);
#6091 = EDGE_LOOP('',(#6092,#6100,#6101,#6109));
#6092 = ORIENTED_EDGE('',*,*,#6093,.T.);
#6093 = EDGE_CURVE('',#6094,#5958,#6096,.T.);
#6094 = VERTEX_POINT('',#6095);
#6095 = CARTESIAN_POINT('',(-2.5,1.6,0.));
#6096 = LINE('',#6097,#6098);
#6097 = CARTESIAN_POINT('',(-2.5,1.6,0.));
#6098 = VECTOR('',#6099,1.);
#6099 = DIRECTION('',(0.,-1.,0.));
#6100 = ORIENTED_EDGE('',*,*,#5957,.T.);
#6101 = ORIENTED_EDGE('',*,*,#6102,.F.);
#6102 = EDGE_CURVE('',#6103,#5960,#6105,.T.);
#6103 = VERTEX_POINT('',#6104);
#6104 = CARTESIAN_POINT('',(-0.75,1.6,0.));
#6105 = LINE('',#6106,#6107);
#6106 = CARTESIAN_POINT('',(-0.75,1.6,0.));
#6107 = VECTOR('',#6108,1.);
#6108 = DIRECTION('',(0.,-1.,0.));
#6109 = ORIENTED_EDGE('',*,*,#6110,.T.);
#6110 = EDGE_CURVE('',#6103,#6094,#6111,.T.);
#6111 = LINE('',#6112,#6113);
#6112 = CARTESIAN_POINT('',(5.,1.6,0.));
#6113 = VECTOR('',#6114,1.);
#6114 = DIRECTION('',(-1.,0.,0.));
#6115 = PLANE('',#6116);
#6116 = AXIS2_PLACEMENT_3D('',#6117,#6118,#6119);
#6117 = CARTESIAN_POINT('',(1.25,-0.3,0.));
#6118 = DIRECTION('',(0.,0.,1.));
#6119 = DIRECTION('',(1.,0.,-0.));
#6120 = ADVANCED_FACE('',(#6121),#6139,.F.);
#6121 = FACE_BOUND('',#6122,.F.);
#6122 = EDGE_LOOP('',(#6123,#6124,#6132,#6138));
#6123 = ORIENTED_EDGE('',*,*,#6079,.T.);
#6124 = ORIENTED_EDGE('',*,*,#6125,.T.);
#6125 = EDGE_CURVE('',#6072,#6126,#6128,.T.);
#6126 = VERTEX_POINT('',#6127);
#6127 = CARTESIAN_POINT('',(-0.75,1.6,0.3));
#6128 = LINE('',#6129,#6130);
#6129 = CARTESIAN_POINT('',(-0.75,-2.2,0.3));
#6130 = VECTOR('',#6131,1.);
#6131 = DIRECTION('',(0.,1.,0.));
#6132 = ORIENTED_EDGE('',*,*,#6133,.T.);
#6133 = EDGE_CURVE('',#6126,#6103,#6134,.T.);
#6134 = LINE('',#6135,#6136);
#6135 = CARTESIAN_POINT('',(-0.75,1.6,0.3));
#6136 = VECTOR('',#6137,1.);
#6137 = DIRECTION('',(0.,0.,-1.));
#6138 = ORIENTED_EDGE('',*,*,#6102,.T.);
#6139 = PLANE('',#6140);
#6140 = AXIS2_PLACEMENT_3D('',#6141,#6142,#6143);
#6141 = CARTESIAN_POINT('',(-0.75,-0.3,0.15));
#6142 = DIRECTION('',(-1.,-0.,-1.269339193699E-31));
#6143 = DIRECTION('',(1.269339193699E-31,0.,-1.));
#6144 = ADVANCED_FACE('',(#6145,#6163),#6197,.F.);
#6145 = FACE_BOUND('',#6146,.F.);
#6146 = EDGE_LOOP('',(#6147,#6148,#6156,#6162));
#6147 = ORIENTED_EDGE('',*,*,#6071,.T.);
#6148 = ORIENTED_EDGE('',*,*,#6149,.T.);
#6149 = EDGE_CURVE('',#6064,#6150,#6152,.T.);
#6150 = VERTEX_POINT('',#6151);
#6151 = CARTESIAN_POINT('',(0.75,1.6,0.3));
#6152 = LINE('',#6153,#6154);
#6153 = CARTESIAN_POINT('',(0.75,0.5,0.3));
#6154 = VECTOR('',#6155,1.);
#6155 = DIRECTION('',(0.,1.,0.));
#6156 = ORIENTED_EDGE('',*,*,#6157,.F.);
#6157 = EDGE_CURVE('',#6126,#6150,#6158,.T.);
#6158 = LINE('',#6159,#6160);
#6159 = CARTESIAN_POINT('',(-0.75,1.6,0.3));
#6160 = VECTOR('',#6161,1.);
#6161 = DIRECTION('',(1.,0.,0.));
#6162 = ORIENTED_EDGE('',*,*,#6125,.F.);
#6163 = FACE_BOUND('',#6164,.F.);
#6164 = EDGE_LOOP('',(#6165,#6175,#6183,#6191));
#6165 = ORIENTED_EDGE('',*,*,#6166,.F.);
#6166 = EDGE_CURVE('',#6167,#6169,#6171,.T.);
#6167 = VERTEX_POINT('',#6168);
#6168 = CARTESIAN_POINT('',(0.32,-0.32,0.3));
#6169 = VERTEX_POINT('',#6170);
#6170 = CARTESIAN_POINT('',(0.32,0.32,0.3));
#6171 = LINE('',#6172,#6173);
#6172 = CARTESIAN_POINT('',(0.32,-0.171537434396,0.3));
#6173 = VECTOR('',#6174,1.);
#6174 = DIRECTION('',(0.,1.,0.));
#6175 = ORIENTED_EDGE('',*,*,#6176,.T.);
#6176 = EDGE_CURVE('',#6167,#6177,#6179,.T.);
#6177 = VERTEX_POINT('',#6178);
#6178 = CARTESIAN_POINT('',(-0.32,-0.32,0.3));
#6179 = LINE('',#6180,#6181);
#6180 = CARTESIAN_POINT('',(-0.16,-0.32,0.3));
#6181 = VECTOR('',#6182,1.);
#6182 = DIRECTION('',(-1.,0.,0.));
#6183 = ORIENTED_EDGE('',*,*,#6184,.T.);
#6184 = EDGE_CURVE('',#6177,#6185,#6187,.T.);
#6185 = VERTEX_POINT('',#6186);
#6186 = CARTESIAN_POINT('',(-0.32,0.32,0.3));
#6187 = LINE('',#6188,#6189);
#6188 = CARTESIAN_POINT('',(-0.32,-0.171537434396,0.3));
#6189 = VECTOR('',#6190,1.);
#6190 = DIRECTION('',(0.,1.,0.));
#6191 = ORIENTED_EDGE('',*,*,#6192,.T.);
#6192 = EDGE_CURVE('',#6185,#6169,#6193,.T.);
#6193 = LINE('',#6194,#6195);
#6194 = CARTESIAN_POINT('',(-0.16,0.32,0.3));
#6195 = VECTOR('',#6196,1.);
#6196 = DIRECTION('',(1.,0.,0.));
#6197 = PLANE('',#6198);
#6198 = AXIS2_PLACEMENT_3D('',#6199,#6200,#6201);
#6199 = CARTESIAN_POINT('',(0.,-0.3,0.3));
#6200 = DIRECTION('',(0.,0.,1.));
#6201 = DIRECTION('',(1.,0.,-0.));
#6202 = ADVANCED_FACE('',(#6203),#6221,.T.);
#6203 = FACE_BOUND('',#6204,.T.);
#6204 = EDGE_LOOP('',(#6205,#6206,#6207,#6215));
#6205 = ORIENTED_EDGE('',*,*,#6063,.T.);
#6206 = ORIENTED_EDGE('',*,*,#6149,.T.);
#6207 = ORIENTED_EDGE('',*,*,#6208,.T.);
#6208 = EDGE_CURVE('',#6150,#6209,#6211,.T.);
#6209 = VERTEX_POINT('',#6210);
#6210 = CARTESIAN_POINT('',(0.75,1.6,0.));
#6211 = LINE('',#6212,#6213);
#6212 = CARTESIAN_POINT('',(0.75,1.6,0.3));
#6213 = VECTOR('',#6214,1.);
#6214 = DIRECTION('',(0.,0.,-1.));
#6215 = ORIENTED_EDGE('',*,*,#6216,.T.);
#6216 = EDGE_CURVE('',#6209,#6056,#6217,.T.);
#6217 = LINE('',#6218,#6219);
#6218 = CARTESIAN_POINT('',(0.75,1.6,0.));
#6219 = VECTOR('',#6220,1.);
#6220 = DIRECTION('',(0.,-1.,0.));
#6221 = PLANE('',#6222);
#6222 = AXIS2_PLACEMENT_3D('',#6223,#6224,#6225);
#6223 = CARTESIAN_POINT('',(0.75,-0.3,0.15));
#6224 = DIRECTION('',(-1.,-0.,-1.269339193699E-31));
#6225 = DIRECTION('',(1.269339193699E-31,0.,-1.));
#6226 = ADVANCED_FACE('',(#6227),#6245,.F.);
#6227 = FACE_BOUND('',#6228,.F.);
#6228 = EDGE_LOOP('',(#6229,#6237,#6238,#6239));
#6229 = ORIENTED_EDGE('',*,*,#6230,.T.);
#6230 = EDGE_CURVE('',#6231,#6209,#6233,.T.);
#6231 = VERTEX_POINT('',#6232);
#6232 = CARTESIAN_POINT('',(1.75,1.6,0.));
#6233 = LINE('',#6234,#6235);
#6234 = CARTESIAN_POINT('',(5.,1.6,0.));
#6235 = VECTOR('',#6236,1.);
#6236 = DIRECTION('',(-1.,0.,0.));
#6237 = ORIENTED_EDGE('',*,*,#6216,.T.);
#6238 = ORIENTED_EDGE('',*,*,#6055,.T.);
#6239 = ORIENTED_EDGE('',*,*,#6240,.F.);
#6240 = EDGE_CURVE('',#6231,#6048,#6241,.T.);
#6241 = LINE('',#6242,#6243);
#6242 = CARTESIAN_POINT('',(1.75,1.6,0.));
#6243 = VECTOR('',#6244,1.);
#6244 = DIRECTION('',(0.,-1.,0.));
#6245 = PLANE('',#6246);
#6246 = AXIS2_PLACEMENT_3D('',#6247,#6248,#6249);
#6247 = CARTESIAN_POINT('',(1.25,-0.3,0.));
#6248 = DIRECTION('',(0.,0.,1.));
#6249 = DIRECTION('',(1.,0.,-0.));
#6250 = ADVANCED_FACE('',(#6251),#6269,.F.);
#6251 = FACE_BOUND('',#6252,.F.);
#6252 = EDGE_LOOP('',(#6253,#6254,#6262,#6268));
#6253 = ORIENTED_EDGE('',*,*,#6047,.T.);
#6254 = ORIENTED_EDGE('',*,*,#6255,.T.);
#6255 = EDGE_CURVE('',#6040,#6256,#6258,.T.);
#6256 = VERTEX_POINT('',#6257);
#6257 = CARTESIAN_POINT('',(1.75,1.6,0.3));
#6258 = LINE('',#6259,#6260);
#6259 = CARTESIAN_POINT('',(1.75,-2.2,0.3));
#6260 = VECTOR('',#6261,1.);
#6261 = DIRECTION('',(0.,1.,0.));
#6262 = ORIENTED_EDGE('',*,*,#6263,.T.);
#6263 = EDGE_CURVE('',#6256,#6231,#6264,.T.);
#6264 = LINE('',#6265,#6266);
#6265 = CARTESIAN_POINT('',(1.75,1.6,0.3));
#6266 = VECTOR('',#6267,1.);
#6267 = DIRECTION('',(0.,0.,-1.));
#6268 = ORIENTED_EDGE('',*,*,#6240,.T.);
#6269 = PLANE('',#6270);
#6270 = AXIS2_PLACEMENT_3D('',#6271,#6272,#6273);
#6271 = CARTESIAN_POINT('',(1.75,-0.3,0.15));
#6272 = DIRECTION('',(-1.,-0.,-1.269339193699E-31));
#6273 = DIRECTION('',(1.269339193699E-31,0.,-1.));
#6274 = ADVANCED_FACE('',(#6275,#6293),#6327,.F.);
#6275 = FACE_BOUND('',#6276,.F.);
#6276 = EDGE_LOOP('',(#6277,#6278,#6286,#6292));
#6277 = ORIENTED_EDGE('',*,*,#6039,.T.);
#6278 = ORIENTED_EDGE('',*,*,#6279,.T.);
#6279 = EDGE_CURVE('',#6032,#6280,#6282,.T.);
#6280 = VERTEX_POINT('',#6281);
#6281 = CARTESIAN_POINT('',(3.25,1.6,0.3));
#6282 = LINE('',#6283,#6284);
#6283 = CARTESIAN_POINT('',(3.25,0.5,0.3));
#6284 = VECTOR('',#6285,1.);
#6285 = DIRECTION('',(0.,1.,0.));
#6286 = ORIENTED_EDGE('',*,*,#6287,.F.);
#6287 = EDGE_CURVE('',#6256,#6280,#6288,.T.);
#6288 = LINE('',#6289,#6290);
#6289 = CARTESIAN_POINT('',(1.75,1.6,0.3));
#6290 = VECTOR('',#6291,1.);
#6291 = DIRECTION('',(1.,0.,0.));
#6292 = ORIENTED_EDGE('',*,*,#6255,.F.);
#6293 = FACE_BOUND('',#6294,.F.);
#6294 = EDGE_LOOP('',(#6295,#6305,#6313,#6321));
#6295 = ORIENTED_EDGE('',*,*,#6296,.T.);
#6296 = EDGE_CURVE('',#6297,#6299,#6301,.T.);
#6297 = VERTEX_POINT('',#6298);
#6298 = CARTESIAN_POINT('',(2.18,-0.32,0.3));
#6299 = VERTEX_POINT('',#6300);
#6300 = CARTESIAN_POINT('',(2.18,0.32,0.3));
#6301 = LINE('',#6302,#6303);
#6302 = CARTESIAN_POINT('',(2.18,-0.171537434396,0.3));
#6303 = VECTOR('',#6304,1.);
#6304 = DIRECTION('',(0.,1.,0.));
#6305 = ORIENTED_EDGE('',*,*,#6306,.T.);
#6306 = EDGE_CURVE('',#6299,#6307,#6309,.T.);
#6307 = VERTEX_POINT('',#6308);
#6308 = CARTESIAN_POINT('',(2.82,0.32,0.3));
#6309 = LINE('',#6310,#6311);
#6310 = CARTESIAN_POINT('',(2.34,0.32,0.3));
#6311 = VECTOR('',#6312,1.);
#6312 = DIRECTION('',(1.,0.,0.));
#6313 = ORIENTED_EDGE('',*,*,#6314,.F.);
#6314 = EDGE_CURVE('',#6315,#6307,#6317,.T.);
#6315 = VERTEX_POINT('',#6316);
#6316 = CARTESIAN_POINT('',(2.82,-0.32,0.3));
#6317 = LINE('',#6318,#6319);
#6318 = CARTESIAN_POINT('',(2.82,-0.171537434396,0.3));
#6319 = VECTOR('',#6320,1.);
#6320 = DIRECTION('',(0.,1.,0.));
#6321 = ORIENTED_EDGE('',*,*,#6322,.T.);
#6322 = EDGE_CURVE('',#6315,#6297,#6323,.T.);
#6323 = LINE('',#6324,#6325);
#6324 = CARTESIAN_POINT('',(2.34,-0.32,0.3));
#6325 = VECTOR('',#6326,1.);
#6326 = DIRECTION('',(-1.,0.,0.));
#6327 = PLANE('',#6328);
#6328 = AXIS2_PLACEMENT_3D('',#6329,#6330,#6331);
#6329 = CARTESIAN_POINT('',(2.5,-0.3,0.3));
#6330 = DIRECTION('',(0.,0.,1.));
#6331 = DIRECTION('',(1.,0.,-0.));
#6332 = ADVANCED_FACE('',(#6333),#6351,.T.);
#6333 = FACE_BOUND('',#6334,.T.);
#6334 = EDGE_LOOP('',(#6335,#6336,#6337,#6345));
#6335 = ORIENTED_EDGE('',*,*,#6031,.T.);
#6336 = ORIENTED_EDGE('',*,*,#6279,.T.);
#6337 = ORIENTED_EDGE('',*,*,#6338,.T.);
#6338 = EDGE_CURVE('',#6280,#6339,#6341,.T.);
#6339 = VERTEX_POINT('',#6340);
#6340 = CARTESIAN_POINT('',(3.25,1.6,0.));
#6341 = LINE('',#6342,#6343);
#6342 = CARTESIAN_POINT('',(3.25,1.6,0.3));
#6343 = VECTOR('',#6344,1.);
#6344 = DIRECTION('',(0.,0.,-1.));
#6345 = ORIENTED_EDGE('',*,*,#6346,.T.);
#6346 = EDGE_CURVE('',#6339,#6024,#6347,.T.);
#6347 = LINE('',#6348,#6349);
#6348 = CARTESIAN_POINT('',(3.25,1.6,0.));
#6349 = VECTOR('',#6350,1.);
#6350 = DIRECTION('',(0.,-1.,0.));
#6351 = PLANE('',#6352);
#6352 = AXIS2_PLACEMENT_3D('',#6353,#6354,#6355);
#6353 = CARTESIAN_POINT('',(3.25,-0.3,0.15));
#6354 = DIRECTION('',(-1.,-0.,-1.269339193699E-31));
#6355 = DIRECTION('',(1.269339193699E-31,0.,-1.));
#6356 = ADVANCED_FACE('',(#6357),#6375,.F.);
#6357 = FACE_BOUND('',#6358,.F.);
#6358 = EDGE_LOOP('',(#6359,#6367,#6368,#6369));
#6359 = ORIENTED_EDGE('',*,*,#6360,.T.);
#6360 = EDGE_CURVE('',#6361,#6339,#6363,.T.);
#6361 = VERTEX_POINT('',#6362);
#6362 = CARTESIAN_POINT('',(5.,1.6,0.));
#6363 = LINE('',#6364,#6365);
#6364 = CARTESIAN_POINT('',(5.,1.6,0.));
#6365 = VECTOR('',#6366,1.);
#6366 = DIRECTION('',(-1.,0.,0.));
#6367 = ORIENTED_EDGE('',*,*,#6346,.T.);
#6368 = ORIENTED_EDGE('',*,*,#6023,.T.);
#6369 = ORIENTED_EDGE('',*,*,#6370,.T.);
#6370 = EDGE_CURVE('',#6016,#6361,#6371,.T.);
#6371 = LINE('',#6372,#6373);
#6372 = CARTESIAN_POINT('',(5.,-2.2,0.));
#6373 = VECTOR('',#6374,1.);
#6374 = DIRECTION('',(0.,1.,0.));
#6375 = PLANE('',#6376);
#6376 = AXIS2_PLACEMENT_3D('',#6377,#6378,#6379);
#6377 = CARTESIAN_POINT('',(1.25,-0.3,0.));
#6378 = DIRECTION('',(0.,0.,1.));
#6379 = DIRECTION('',(1.,0.,-0.));
#6380 = ADVANCED_FACE('',(#6381),#6455,.F.);
#6381 = FACE_BOUND('',#6382,.F.);
#6382 = EDGE_LOOP('',(#6383,#6384,#6385,#6393,#6401,#6409,#6417,#6425,
    #6433,#6441,#6449));
#6383 = ORIENTED_EDGE('',*,*,#6370,.F.);
#6384 = ORIENTED_EDGE('',*,*,#6015,.T.);
#6385 = ORIENTED_EDGE('',*,*,#6386,.F.);
#6386 = EDGE_CURVE('',#6387,#6008,#6389,.T.);
#6387 = VERTEX_POINT('',#6388);
#6388 = CARTESIAN_POINT('',(5.,-1.2,5.2));
#6389 = LINE('',#6390,#6391);
#6390 = CARTESIAN_POINT('',(5.,-1.2,5.2));
#6391 = VECTOR('',#6392,1.);
#6392 = DIRECTION('',(0.,-1.,0.));
#6393 = ORIENTED_EDGE('',*,*,#6394,.F.);
#6394 = EDGE_CURVE('',#6395,#6387,#6397,.T.);
#6395 = VERTEX_POINT('',#6396);
#6396 = CARTESIAN_POINT('',(5.,-0.6,4.5));
#6397 = LINE('',#6398,#6399);
#6398 = CARTESIAN_POINT('',(5.,-0.6,4.5));
#6399 = VECTOR('',#6400,1.);
#6400 = DIRECTION('',(0.,-0.650791373456,0.759256602365));
#6401 = ORIENTED_EDGE('',*,*,#6402,.F.);
#6402 = EDGE_CURVE('',#6403,#6395,#6405,.T.);
#6403 = VERTEX_POINT('',#6404);
#6404 = CARTESIAN_POINT('',(5.,-0.6,4.3));
#6405 = LINE('',#6406,#6407);
#6406 = CARTESIAN_POINT('',(5.,-0.6,4.3));
#6407 = VECTOR('',#6408,1.);
#6408 = DIRECTION('',(0.,0.,1.));
#6409 = ORIENTED_EDGE('',*,*,#6410,.F.);
#6410 = EDGE_CURVE('',#6411,#6403,#6413,.T.);
#6411 = VERTEX_POINT('',#6412);
#6412 = CARTESIAN_POINT('',(5.,-0.9,4.1));
#6413 = LINE('',#6414,#6415);
#6414 = CARTESIAN_POINT('',(5.,-0.9,4.1));
#6415 = VECTOR('',#6416,1.);
#6416 = DIRECTION('',(0.,0.832050294338,0.554700196225));
#6417 = ORIENTED_EDGE('',*,*,#6418,.F.);
#6418 = EDGE_CURVE('',#6419,#6411,#6421,.T.);
#6419 = VERTEX_POINT('',#6420);
#6420 = CARTESIAN_POINT('',(5.,-0.6,1.5));
#6421 = LINE('',#6422,#6423);
#6422 = CARTESIAN_POINT('',(5.,-0.6,1.5));
#6423 = VECTOR('',#6424,1.);
#6424 = DIRECTION('',(0.,-0.114624107985,0.993408935871));
#6425 = ORIENTED_EDGE('',*,*,#6426,.F.);
#6426 = EDGE_CURVE('',#6427,#6419,#6429,.T.);
#6427 = VERTEX_POINT('',#6428);
#6428 = CARTESIAN_POINT('',(5.,-0.2,1.5));
#6429 = LINE('',#6430,#6431);
#6430 = CARTESIAN_POINT('',(5.,-0.2,1.5));
#6431 = VECTOR('',#6432,1.);
#6432 = DIRECTION('',(0.,-1.,0.));
#6433 = ORIENTED_EDGE('',*,*,#6434,.F.);
#6434 = EDGE_CURVE('',#6435,#6427,#6437,.T.);
#6435 = VERTEX_POINT('',#6436);
#6436 = CARTESIAN_POINT('',(5.,-0.2,6.));
#6437 = LINE('',#6438,#6439);
#6438 = CARTESIAN_POINT('',(5.,-0.2,6.));
#6439 = VECTOR('',#6440,1.);
#6440 = DIRECTION('',(0.,0.,-1.));
#6441 = ORIENTED_EDGE('',*,*,#6442,.T.);
#6442 = EDGE_CURVE('',#6435,#6443,#6445,.T.);
#6443 = VERTEX_POINT('',#6444);
#6444 = CARTESIAN_POINT('',(5.,1.6,6.));
#6445 = LINE('',#6446,#6447);
#6446 = CARTESIAN_POINT('',(5.,-2.2,6.));
#6447 = VECTOR('',#6448,1.);
#6448 = DIRECTION('',(0.,1.,0.));
#6449 = ORIENTED_EDGE('',*,*,#6450,.F.);
#6450 = EDGE_CURVE('',#6361,#6443,#6451,.T.);
#6451 = LINE('',#6452,#6453);
#6452 = CARTESIAN_POINT('',(5.,1.6,0.));
#6453 = VECTOR('',#6454,1.);
#6454 = DIRECTION('',(0.,0.,1.));
#6455 = PLANE('',#6456);
#6456 = AXIS2_PLACEMENT_3D('',#6457,#6458,#6459);
#6457 = CARTESIAN_POINT('',(5.,-2.2,0.));
#6458 = DIRECTION('',(-1.,0.,0.));
#6459 = DIRECTION('',(0.,1.,0.));
#6460 = ADVANCED_FACE('',(#6461),#6479,.F.);
#6461 = FACE_BOUND('',#6462,.F.);
#6462 = EDGE_LOOP('',(#6463,#6471,#6477,#6478));
#6463 = ORIENTED_EDGE('',*,*,#6464,.F.);
#6464 = EDGE_CURVE('',#6465,#6000,#6467,.T.);
#6465 = VERTEX_POINT('',#6466);
#6466 = CARTESIAN_POINT('',(4.,-1.2,5.2));
#6467 = LINE('',#6468,#6469);
#6468 = CARTESIAN_POINT('',(4.,-1.007390335865,5.2));
#6469 = VECTOR('',#6470,1.);
#6470 = DIRECTION('',(0.,-1.,0.));
#6471 = ORIENTED_EDGE('',*,*,#6472,.T.);
#6472 = EDGE_CURVE('',#6465,#6387,#6473,.T.);
#6473 = LINE('',#6474,#6475);
#6474 = CARTESIAN_POINT('',(-2.5,-1.2,5.2));
#6475 = VECTOR('',#6476,1.);
#6476 = DIRECTION('',(1.,0.,0.));
#6477 = ORIENTED_EDGE('',*,*,#6386,.T.);
#6478 = ORIENTED_EDGE('',*,*,#6007,.F.);
#6479 = PLANE('',#6480);
#6480 = AXIS2_PLACEMENT_3D('',#6481,#6482,#6483);
#6481 = CARTESIAN_POINT('',(-2.5,-1.2,5.2));
#6482 = DIRECTION('',(0.,0.,-1.));
#6483 = DIRECTION('',(0.,-1.,0.));
#6484 = ADVANCED_FACE('',(#6485),#6543,.T.);
#6485 = FACE_BOUND('',#6486,.T.);
#6486 = EDGE_LOOP('',(#6487,#6488,#6489,#6497,#6505,#6513,#6521,#6529,
    #6537));
#6487 = ORIENTED_EDGE('',*,*,#5999,.F.);
#6488 = ORIENTED_EDGE('',*,*,#6464,.F.);
#6489 = ORIENTED_EDGE('',*,*,#6490,.F.);
#6490 = EDGE_CURVE('',#6491,#6465,#6493,.T.);
#6491 = VERTEX_POINT('',#6492);
#6492 = CARTESIAN_POINT('',(4.,-0.6,4.5));
#6493 = LINE('',#6494,#6495);
#6494 = CARTESIAN_POINT('',(4.,-0.429990774306,4.301655903357));
#6495 = VECTOR('',#6496,1.);
#6496 = DIRECTION('',(0.,-0.650791373456,0.759256602365));
#6497 = ORIENTED_EDGE('',*,*,#6498,.F.);
#6498 = EDGE_CURVE('',#6499,#6491,#6501,.T.);
#6499 = VERTEX_POINT('',#6500);
#6500 = CARTESIAN_POINT('',(4.,-0.6,4.3));
#6501 = LINE('',#6502,#6503);
#6502 = CARTESIAN_POINT('',(4.,-0.6,3.963884850592));
#6503 = VECTOR('',#6504,1.);
#6504 = DIRECTION('',(0.,0.,1.));
#6505 = ORIENTED_EDGE('',*,*,#6506,.F.);
#6506 = EDGE_CURVE('',#6507,#6499,#6509,.T.);
#6507 = VERTEX_POINT('',#6508);
#6508 = CARTESIAN_POINT('',(4.,-0.9,4.1));
#6509 = LINE('',#6510,#6511);
#6510 = CARTESIAN_POINT('',(4.,-0.979477224556,4.047015183629));
#6511 = VECTOR('',#6512,1.);
#6512 = DIRECTION('',(0.,0.832050294338,0.554700196225));
#6513 = ORIENTED_EDGE('',*,*,#6514,.F.);
#6514 = EDGE_CURVE('',#6515,#6507,#6517,.T.);
#6515 = VERTEX_POINT('',#6516);
#6516 = CARTESIAN_POINT('',(4.,-0.6,1.5));
#6517 = LINE('',#6518,#6519);
#6518 = CARTESIAN_POINT('',(4.,-0.722554060393,2.562135190069));
#6519 = VECTOR('',#6520,1.);
#6520 = DIRECTION('',(0.,-0.114624107985,0.993408935871));
#6521 = ORIENTED_EDGE('',*,*,#6522,.F.);
#6522 = EDGE_CURVE('',#6523,#6515,#6525,.T.);
#6523 = VERTEX_POINT('',#6524);
#6524 = CARTESIAN_POINT('',(4.,-0.8,1.5));
#6525 = LINE('',#6526,#6527);
#6526 = CARTESIAN_POINT('',(4.,-2.2,1.5));
#6527 = VECTOR('',#6528,1.);
#6528 = DIRECTION('',(0.,1.,0.));
#6529 = ORIENTED_EDGE('',*,*,#6530,.F.);
#6530 = EDGE_CURVE('',#6531,#6523,#6533,.T.);
#6531 = VERTEX_POINT('',#6532);
#6532 = CARTESIAN_POINT('',(4.,-1.2,1.1));
#6533 = LINE('',#6534,#6535);
#6534 = CARTESIAN_POINT('',(4.,-1.2,1.1));
#6535 = VECTOR('',#6536,1.);
#6536 = DIRECTION('',(0.,0.707106781187,0.707106781187));
#6537 = ORIENTED_EDGE('',*,*,#6538,.F.);
#6538 = EDGE_CURVE('',#5992,#6531,#6539,.T.);
#6539 = LINE('',#6540,#6541);
#6540 = CARTESIAN_POINT('',(4.,-2.2,1.1));
#6541 = VECTOR('',#6542,1.);
#6542 = DIRECTION('',(0.,1.,0.));
#6543 = PLANE('',#6544);
#6544 = AXIS2_PLACEMENT_3D('',#6545,#6546,#6547);
#6545 = CARTESIAN_POINT('',(4.,-0.814780671729,3.627769701184));
#6546 = DIRECTION('',(-1.,-0.,-0.));
#6547 = DIRECTION('',(0.,0.,-1.));
#6548 = ADVANCED_FACE('',(#6549),#6567,.T.);
#6549 = FACE_BOUND('',#6550,.T.);
#6550 = EDGE_LOOP('',(#6551,#6552,#6553,#6561));
#6551 = ORIENTED_EDGE('',*,*,#5991,.T.);
#6552 = ORIENTED_EDGE('',*,*,#6538,.T.);
#6553 = ORIENTED_EDGE('',*,*,#6554,.F.);
#6554 = EDGE_CURVE('',#6555,#6531,#6557,.T.);
#6555 = VERTEX_POINT('',#6556);
#6556 = CARTESIAN_POINT('',(-1.5,-1.2,1.1));
#6557 = LINE('',#6558,#6559);
#6558 = CARTESIAN_POINT('',(-1.5,-1.2,1.1));
#6559 = VECTOR('',#6560,1.);
#6560 = DIRECTION('',(1.,0.,0.));
#6561 = ORIENTED_EDGE('',*,*,#6562,.F.);
#6562 = EDGE_CURVE('',#5984,#6555,#6563,.T.);
#6563 = LINE('',#6564,#6565);
#6564 = CARTESIAN_POINT('',(-1.5,-2.2,1.1));
#6565 = VECTOR('',#6566,1.);
#6566 = DIRECTION('',(0.,1.,0.));
#6567 = PLANE('',#6568);
#6568 = AXIS2_PLACEMENT_3D('',#6569,#6570,#6571);
#6569 = CARTESIAN_POINT('',(-1.5,-2.2,1.1));
#6570 = DIRECTION('',(0.,0.,1.));
#6571 = DIRECTION('',(0.,1.,0.));
#6572 = ADVANCED_FACE('',(#6573),#6631,.T.);
#6573 = FACE_BOUND('',#6574,.T.);
#6574 = EDGE_LOOP('',(#6575,#6576,#6577,#6585,#6593,#6601,#6609,#6617,
    #6625));
#6575 = ORIENTED_EDGE('',*,*,#5983,.T.);
#6576 = ORIENTED_EDGE('',*,*,#6562,.T.);
#6577 = ORIENTED_EDGE('',*,*,#6578,.T.);
#6578 = EDGE_CURVE('',#6555,#6579,#6581,.T.);
#6579 = VERTEX_POINT('',#6580);
#6580 = CARTESIAN_POINT('',(-1.5,-0.8,1.5));
#6581 = LINE('',#6582,#6583);
#6582 = CARTESIAN_POINT('',(-1.5,-1.2,1.1));
#6583 = VECTOR('',#6584,1.);
#6584 = DIRECTION('',(0.,0.707106781187,0.707106781187));
#6585 = ORIENTED_EDGE('',*,*,#6586,.F.);
#6586 = EDGE_CURVE('',#6587,#6579,#6589,.T.);
#6587 = VERTEX_POINT('',#6588);
#6588 = CARTESIAN_POINT('',(-1.5,-0.6,1.5));
#6589 = LINE('',#6590,#6591);
#6590 = CARTESIAN_POINT('',(-1.5,0.65,1.5));
#6591 = VECTOR('',#6592,1.);
#6592 = DIRECTION('',(0.,-1.,0.));
#6593 = ORIENTED_EDGE('',*,*,#6594,.F.);
#6594 = EDGE_CURVE('',#6595,#6587,#6597,.T.);
#6595 = VERTEX_POINT('',#6596);
#6596 = CARTESIAN_POINT('',(-1.5,-0.9,4.1));
#6597 = LINE('',#6598,#6599);
#6598 = CARTESIAN_POINT('',(-1.5,-0.722554060393,2.562135190069));
#6599 = VECTOR('',#6600,1.);
#6600 = DIRECTION('',(-1.157981503625E-17,0.114624107985,-0.993408935871
    ));
#6601 = ORIENTED_EDGE('',*,*,#6602,.F.);
#6602 = EDGE_CURVE('',#6603,#6595,#6605,.T.);
#6603 = VERTEX_POINT('',#6604);
#6604 = CARTESIAN_POINT('',(-1.5,-0.6,4.3));
#6605 = LINE('',#6606,#6607);
#6606 = CARTESIAN_POINT('',(-1.5,-0.979477224556,4.047015183629));
#6607 = VECTOR('',#6608,1.);
#6608 = DIRECTION('',(-1.687230139086E-17,-0.832050294338,
    -0.554700196225));
#6609 = ORIENTED_EDGE('',*,*,#6610,.F.);
#6610 = EDGE_CURVE('',#6611,#6603,#6613,.T.);
#6611 = VERTEX_POINT('',#6612);
#6612 = CARTESIAN_POINT('',(-1.5,-0.6,4.5));
#6613 = LINE('',#6614,#6615);
#6614 = CARTESIAN_POINT('',(-1.5,-0.6,3.963884850592));
#6615 = VECTOR('',#6616,1.);
#6616 = DIRECTION('',(-1.299666824138E-17,-0.,-1.));
#6617 = ORIENTED_EDGE('',*,*,#6618,.F.);
#6618 = EDGE_CURVE('',#6619,#6611,#6621,.T.);
#6619 = VERTEX_POINT('',#6620);
#6620 = CARTESIAN_POINT('',(-1.5,-1.2,5.2));
#6621 = LINE('',#6622,#6623);
#6622 = CARTESIAN_POINT('',(-1.5,-0.429990774306,4.301655903357));
#6623 = VECTOR('',#6624,1.);
#6624 = DIRECTION('',(-2.309816407335E-18,0.650791373456,-0.759256602365
    ));
#6625 = ORIENTED_EDGE('',*,*,#6626,.F.);
#6626 = EDGE_CURVE('',#5976,#6619,#6627,.T.);
#6627 = LINE('',#6628,#6629);
#6628 = CARTESIAN_POINT('',(-1.5,-1.007390335865,5.2));
#6629 = VECTOR('',#6630,1.);
#6630 = DIRECTION('',(1.161353710568E-17,1.,0.));
#6631 = PLANE('',#6632);
#6632 = AXIS2_PLACEMENT_3D('',#6633,#6634,#6635);
#6633 = CARTESIAN_POINT('',(-1.5,-0.814780671729,3.627769701184));
#6634 = DIRECTION('',(1.,-1.161353710568E-17,-1.299666824138E-17));
#6635 = DIRECTION('',(1.299666824138E-17,8.16181691586E-51,1.));
#6636 = ADVANCED_FACE('',(#6637),#6655,.F.);
#6637 = FACE_BOUND('',#6638,.F.);
#6638 = EDGE_LOOP('',(#6639,#6647,#6653,#6654));
#6639 = ORIENTED_EDGE('',*,*,#6640,.F.);
#6640 = EDGE_CURVE('',#6641,#5968,#6643,.T.);
#6641 = VERTEX_POINT('',#6642);
#6642 = CARTESIAN_POINT('',(-2.5,-1.2,5.2));
#6643 = LINE('',#6644,#6645);
#6644 = CARTESIAN_POINT('',(-2.5,-1.2,5.2));
#6645 = VECTOR('',#6646,1.);
#6646 = DIRECTION('',(0.,-1.,0.));
#6647 = ORIENTED_EDGE('',*,*,#6648,.T.);
#6648 = EDGE_CURVE('',#6641,#6619,#6649,.T.);
#6649 = LINE('',#6650,#6651);
#6650 = CARTESIAN_POINT('',(-2.5,-1.2,5.2));
#6651 = VECTOR('',#6652,1.);
#6652 = DIRECTION('',(1.,0.,0.));
#6653 = ORIENTED_EDGE('',*,*,#6626,.F.);
#6654 = ORIENTED_EDGE('',*,*,#5975,.F.);
#6655 = PLANE('',#6656);
#6656 = AXIS2_PLACEMENT_3D('',#6657,#6658,#6659);
#6657 = CARTESIAN_POINT('',(-2.5,-1.2,5.2));
#6658 = DIRECTION('',(0.,0.,-1.));
#6659 = DIRECTION('',(0.,-1.,0.));
#6660 = ADVANCED_FACE('',(#6661),#6728,.F.);
#6661 = FACE_BOUND('',#6662,.F.);
#6662 = EDGE_LOOP('',(#6663,#6664,#6672,#6680,#6688,#6696,#6704,#6712,
    #6720,#6726,#6727));
#6663 = ORIENTED_EDGE('',*,*,#6093,.F.);
#6664 = ORIENTED_EDGE('',*,*,#6665,.T.);
#6665 = EDGE_CURVE('',#6094,#6666,#6668,.T.);
#6666 = VERTEX_POINT('',#6667);
#6667 = CARTESIAN_POINT('',(-2.5,1.6,6.));
#6668 = LINE('',#6669,#6670);
#6669 = CARTESIAN_POINT('',(-2.5,1.6,0.));
#6670 = VECTOR('',#6671,1.);
#6671 = DIRECTION('',(0.,0.,1.));
#6672 = ORIENTED_EDGE('',*,*,#6673,.T.);
#6673 = EDGE_CURVE('',#6666,#6674,#6676,.T.);
#6674 = VERTEX_POINT('',#6675);
#6675 = CARTESIAN_POINT('',(-2.5,-0.2,6.));
#6676 = LINE('',#6677,#6678);
#6677 = CARTESIAN_POINT('',(-2.5,1.6,6.));
#6678 = VECTOR('',#6679,1.);
#6679 = DIRECTION('',(0.,-1.,0.));
#6680 = ORIENTED_EDGE('',*,*,#6681,.T.);
#6681 = EDGE_CURVE('',#6674,#6682,#6684,.T.);
#6682 = VERTEX_POINT('',#6683);
#6683 = CARTESIAN_POINT('',(-2.5,-0.2,1.5));
#6684 = LINE('',#6685,#6686);
#6685 = CARTESIAN_POINT('',(-2.5,-0.2,6.));
#6686 = VECTOR('',#6687,1.);
#6687 = DIRECTION('',(0.,0.,-1.));
#6688 = ORIENTED_EDGE('',*,*,#6689,.T.);
#6689 = EDGE_CURVE('',#6682,#6690,#6692,.T.);
#6690 = VERTEX_POINT('',#6691);
#6691 = CARTESIAN_POINT('',(-2.5,-0.6,1.5));
#6692 = LINE('',#6693,#6694);
#6693 = CARTESIAN_POINT('',(-2.5,-0.2,1.5));
#6694 = VECTOR('',#6695,1.);
#6695 = DIRECTION('',(0.,-1.,0.));
#6696 = ORIENTED_EDGE('',*,*,#6697,.T.);
#6697 = EDGE_CURVE('',#6690,#6698,#6700,.T.);
#6698 = VERTEX_POINT('',#6699);
#6699 = CARTESIAN_POINT('',(-2.5,-0.9,4.1));
#6700 = LINE('',#6701,#6702);
#6701 = CARTESIAN_POINT('',(-2.5,-0.6,1.5));
#6702 = VECTOR('',#6703,1.);
#6703 = DIRECTION('',(0.,-0.114624107985,0.993408935871));
#6704 = ORIENTED_EDGE('',*,*,#6705,.T.);
#6705 = EDGE_CURVE('',#6698,#6706,#6708,.T.);
#6706 = VERTEX_POINT('',#6707);
#6707 = CARTESIAN_POINT('',(-2.5,-0.6,4.3));
#6708 = LINE('',#6709,#6710);
#6709 = CARTESIAN_POINT('',(-2.5,-0.9,4.1));
#6710 = VECTOR('',#6711,1.);
#6711 = DIRECTION('',(0.,0.832050294338,0.554700196225));
#6712 = ORIENTED_EDGE('',*,*,#6713,.T.);
#6713 = EDGE_CURVE('',#6706,#6714,#6716,.T.);
#6714 = VERTEX_POINT('',#6715);
#6715 = CARTESIAN_POINT('',(-2.5,-0.6,4.5));
#6716 = LINE('',#6717,#6718);
#6717 = CARTESIAN_POINT('',(-2.5,-0.6,4.3));
#6718 = VECTOR('',#6719,1.);
#6719 = DIRECTION('',(0.,0.,1.));
#6720 = ORIENTED_EDGE('',*,*,#6721,.T.);
#6721 = EDGE_CURVE('',#6714,#6641,#6722,.T.);
#6722 = LINE('',#6723,#6724);
#6723 = CARTESIAN_POINT('',(-2.5,-0.6,4.5));
#6724 = VECTOR('',#6725,1.);
#6725 = DIRECTION('',(0.,-0.650791373456,0.759256602365));
#6726 = ORIENTED_EDGE('',*,*,#6640,.T.);
#6727 = ORIENTED_EDGE('',*,*,#5967,.F.);
#6728 = PLANE('',#6729);
#6729 = AXIS2_PLACEMENT_3D('',#6730,#6731,#6732);
#6730 = CARTESIAN_POINT('',(-2.5,1.6,0.));
#6731 = DIRECTION('',(1.,0.,0.));
#6732 = DIRECTION('',(0.,-1.,0.));
#6733 = ADVANCED_FACE('',(#6734),#6753,.F.);
#6734 = FACE_BOUND('',#6735,.F.);
#6735 = EDGE_LOOP('',(#6736,#6737,#6738,#6744,#6745,#6746,#6747,#6748,
    #6749,#6750,#6751,#6752));
#6736 = ORIENTED_EDGE('',*,*,#6360,.F.);
#6737 = ORIENTED_EDGE('',*,*,#6450,.T.);
#6738 = ORIENTED_EDGE('',*,*,#6739,.T.);
#6739 = EDGE_CURVE('',#6443,#6666,#6740,.T.);
#6740 = LINE('',#6741,#6742);
#6741 = CARTESIAN_POINT('',(5.,1.6,6.));
#6742 = VECTOR('',#6743,1.);
#6743 = DIRECTION('',(-1.,0.,0.));
#6744 = ORIENTED_EDGE('',*,*,#6665,.F.);
#6745 = ORIENTED_EDGE('',*,*,#6110,.F.);
#6746 = ORIENTED_EDGE('',*,*,#6133,.F.);
#6747 = ORIENTED_EDGE('',*,*,#6157,.T.);
#6748 = ORIENTED_EDGE('',*,*,#6208,.T.);
#6749 = ORIENTED_EDGE('',*,*,#6230,.F.);
#6750 = ORIENTED_EDGE('',*,*,#6263,.F.);
#6751 = ORIENTED_EDGE('',*,*,#6287,.T.);
#6752 = ORIENTED_EDGE('',*,*,#6338,.T.);
#6753 = PLANE('',#6754);
#6754 = AXIS2_PLACEMENT_3D('',#6755,#6756,#6757);
#6755 = CARTESIAN_POINT('',(5.,1.6,0.));
#6756 = DIRECTION('',(0.,-1.,0.));
#6757 = DIRECTION('',(-1.,0.,0.));
#6758 = ADVANCED_FACE('',(#6759),#6816,.T.);
#6759 = FACE_BOUND('',#6760,.T.);
#6760 = EDGE_LOOP('',(#6761,#6771,#6779,#6787,#6793,#6794,#6802,#6810));
#6761 = ORIENTED_EDGE('',*,*,#6762,.T.);
#6762 = EDGE_CURVE('',#6763,#6765,#6767,.T.);
#6763 = VERTEX_POINT('',#6764);
#6764 = CARTESIAN_POINT('',(0.32,-0.351578947368,-3.));
#6765 = VERTEX_POINT('',#6766);
#6766 = CARTESIAN_POINT('',(0.32,0.288421052632,-3.));
#6767 = LINE('',#6768,#6769);
#6768 = CARTESIAN_POINT('',(0.32,-0.32,-3.));
#6769 = VECTOR('',#6770,1.);
#6770 = DIRECTION('',(0.,1.,0.));
#6771 = ORIENTED_EDGE('',*,*,#6772,.T.);
#6772 = EDGE_CURVE('',#6765,#6773,#6775,.T.);
#6773 = VERTEX_POINT('',#6774);
#6774 = CARTESIAN_POINT('',(0.32,2.E-02,-1.3));
#6775 = LINE('',#6776,#6777);
#6776 = CARTESIAN_POINT('',(0.32,0.32,-3.2));
#6777 = VECTOR('',#6778,1.);
#6778 = DIRECTION('',(0.,-0.155962573473,0.987762965329));
#6779 = ORIENTED_EDGE('',*,*,#6780,.T.);
#6780 = EDGE_CURVE('',#6773,#6781,#6783,.T.);
#6781 = VERTEX_POINT('',#6782);
#6782 = CARTESIAN_POINT('',(0.32,0.32,-0.7));
#6783 = LINE('',#6784,#6785);
#6784 = CARTESIAN_POINT('',(0.32,2.E-02,-1.3));
#6785 = VECTOR('',#6786,1.);
#6786 = DIRECTION('',(0.,0.4472135955,0.894427191));
#6787 = ORIENTED_EDGE('',*,*,#6788,.T.);
#6788 = EDGE_CURVE('',#6781,#6169,#6789,.T.);
#6789 = LINE('',#6790,#6791);
#6790 = CARTESIAN_POINT('',(0.32,0.32,-0.7));
#6791 = VECTOR('',#6792,1.);
#6792 = DIRECTION('',(0.,0.,1.));
#6793 = ORIENTED_EDGE('',*,*,#6166,.F.);
#6794 = ORIENTED_EDGE('',*,*,#6795,.T.);
#6795 = EDGE_CURVE('',#6167,#6796,#6798,.T.);
#6796 = VERTEX_POINT('',#6797);
#6797 = CARTESIAN_POINT('',(0.32,-0.32,-0.7));
#6798 = LINE('',#6799,#6800);
#6799 = CARTESIAN_POINT('',(0.32,-0.32,5.1));
#6800 = VECTOR('',#6801,1.);
#6801 = DIRECTION('',(0.,0.,-1.));
#6802 = ORIENTED_EDGE('',*,*,#6803,.T.);
#6803 = EDGE_CURVE('',#6796,#6804,#6806,.T.);
#6804 = VERTEX_POINT('',#6805);
#6805 = CARTESIAN_POINT('',(0.32,-0.62,-1.3));
#6806 = LINE('',#6807,#6808);
#6807 = CARTESIAN_POINT('',(0.32,-0.32,-0.7));
#6808 = VECTOR('',#6809,1.);
#6809 = DIRECTION('',(0.,-0.4472135955,-0.894427191));
#6810 = ORIENTED_EDGE('',*,*,#6811,.T.);
#6811 = EDGE_CURVE('',#6804,#6763,#6812,.T.);
#6812 = LINE('',#6813,#6814);
#6813 = CARTESIAN_POINT('',(0.32,-0.62,-1.3));
#6814 = VECTOR('',#6815,1.);
#6815 = DIRECTION('',(0.,0.155962573473,-0.987762965329));
#6816 = PLANE('',#6817);
#6817 = AXIS2_PLACEMENT_3D('',#6818,#6819,#6820);
#6818 = CARTESIAN_POINT('',(0.32,-4.307486879287E-02,0.926376556288));
#6819 = DIRECTION('',(1.,0.,0.));
#6820 = DIRECTION('',(0.,0.,1.));
#6821 = ADVANCED_FACE('',(#6822),#6840,.F.);
#6822 = FACE_BOUND('',#6823,.F.);
#6823 = EDGE_LOOP('',(#6824,#6832,#6838,#6839));
#6824 = ORIENTED_EDGE('',*,*,#6825,.F.);
#6825 = EDGE_CURVE('',#6826,#6185,#6828,.T.);
#6826 = VERTEX_POINT('',#6827);
#6827 = CARTESIAN_POINT('',(-0.32,0.32,-0.7));
#6828 = LINE('',#6829,#6830);
#6829 = CARTESIAN_POINT('',(-0.32,0.32,-0.7));
#6830 = VECTOR('',#6831,1.);
#6831 = DIRECTION('',(0.,0.,1.));
#6832 = ORIENTED_EDGE('',*,*,#6833,.T.);
#6833 = EDGE_CURVE('',#6826,#6781,#6834,.T.);
#6834 = LINE('',#6835,#6836);
#6835 = CARTESIAN_POINT('',(-0.32,0.32,-0.7));
#6836 = VECTOR('',#6837,1.);
#6837 = DIRECTION('',(1.,0.,0.));
#6838 = ORIENTED_EDGE('',*,*,#6788,.T.);
#6839 = ORIENTED_EDGE('',*,*,#6192,.F.);
#6840 = PLANE('',#6841);
#6841 = AXIS2_PLACEMENT_3D('',#6842,#6843,#6844);
#6842 = CARTESIAN_POINT('',(-0.32,0.32,-0.7));
#6843 = DIRECTION('',(0.,-1.,0.));
#6844 = DIRECTION('',(0.,0.,1.));
#6845 = ADVANCED_FACE('',(#6846),#6896,.F.);
#6846 = FACE_BOUND('',#6847,.F.);
#6847 = EDGE_LOOP('',(#6848,#6858,#6866,#6872,#6873,#6874,#6882,#6890));
#6848 = ORIENTED_EDGE('',*,*,#6849,.T.);
#6849 = EDGE_CURVE('',#6850,#6852,#6854,.T.);
#6850 = VERTEX_POINT('',#6851);
#6851 = CARTESIAN_POINT('',(-0.32,-0.351578947368,-3.));
#6852 = VERTEX_POINT('',#6853);
#6853 = CARTESIAN_POINT('',(-0.32,0.288421052632,-3.));
#6854 = LINE('',#6855,#6856);
#6855 = CARTESIAN_POINT('',(-0.32,-0.32,-3.));
#6856 = VECTOR('',#6857,1.);
#6857 = DIRECTION('',(0.,1.,0.));
#6858 = ORIENTED_EDGE('',*,*,#6859,.T.);
#6859 = EDGE_CURVE('',#6852,#6860,#6862,.T.);
#6860 = VERTEX_POINT('',#6861);
#6861 = CARTESIAN_POINT('',(-0.32,2.E-02,-1.3));
#6862 = LINE('',#6863,#6864);
#6863 = CARTESIAN_POINT('',(-0.32,0.32,-3.2));
#6864 = VECTOR('',#6865,1.);
#6865 = DIRECTION('',(0.,-0.155962573473,0.987762965329));
#6866 = ORIENTED_EDGE('',*,*,#6867,.T.);
#6867 = EDGE_CURVE('',#6860,#6826,#6868,.T.);
#6868 = LINE('',#6869,#6870);
#6869 = CARTESIAN_POINT('',(-0.32,2.E-02,-1.3));
#6870 = VECTOR('',#6871,1.);
#6871 = DIRECTION('',(0.,0.4472135955,0.894427191));
#6872 = ORIENTED_EDGE('',*,*,#6825,.T.);
#6873 = ORIENTED_EDGE('',*,*,#6184,.F.);
#6874 = ORIENTED_EDGE('',*,*,#6875,.T.);
#6875 = EDGE_CURVE('',#6177,#6876,#6878,.T.);
#6876 = VERTEX_POINT('',#6877);
#6877 = CARTESIAN_POINT('',(-0.32,-0.32,-0.7));
#6878 = LINE('',#6879,#6880);
#6879 = CARTESIAN_POINT('',(-0.32,-0.32,5.1));
#6880 = VECTOR('',#6881,1.);
#6881 = DIRECTION('',(0.,0.,-1.));
#6882 = ORIENTED_EDGE('',*,*,#6883,.T.);
#6883 = EDGE_CURVE('',#6876,#6884,#6886,.T.);
#6884 = VERTEX_POINT('',#6885);
#6885 = CARTESIAN_POINT('',(-0.32,-0.62,-1.3));
#6886 = LINE('',#6887,#6888);
#6887 = CARTESIAN_POINT('',(-0.32,-0.32,-0.7));
#6888 = VECTOR('',#6889,1.);
#6889 = DIRECTION('',(0.,-0.4472135955,-0.894427191));
#6890 = ORIENTED_EDGE('',*,*,#6891,.T.);
#6891 = EDGE_CURVE('',#6884,#6850,#6892,.T.);
#6892 = LINE('',#6893,#6894);
#6893 = CARTESIAN_POINT('',(-0.32,-0.62,-1.3));
#6894 = VECTOR('',#6895,1.);
#6895 = DIRECTION('',(0.,0.155962573473,-0.987762965329));
#6896 = PLANE('',#6897);
#6897 = AXIS2_PLACEMENT_3D('',#6898,#6899,#6900);
#6898 = CARTESIAN_POINT('',(-0.32,-4.307486879287E-02,0.926376556288));
#6899 = DIRECTION('',(1.,0.,0.));
#6900 = DIRECTION('',(0.,0.,1.));
#6901 = ADVANCED_FACE('',(#6902),#6913,.F.);
#6902 = FACE_BOUND('',#6903,.F.);
#6903 = EDGE_LOOP('',(#6904,#6905,#6906,#6907));
#6904 = ORIENTED_EDGE('',*,*,#6875,.F.);
#6905 = ORIENTED_EDGE('',*,*,#6176,.F.);
#6906 = ORIENTED_EDGE('',*,*,#6795,.T.);
#6907 = ORIENTED_EDGE('',*,*,#6908,.F.);
#6908 = EDGE_CURVE('',#6876,#6796,#6909,.T.);
#6909 = LINE('',#6910,#6911);
#6910 = CARTESIAN_POINT('',(-0.32,-0.32,-0.7));
#6911 = VECTOR('',#6912,1.);
#6912 = DIRECTION('',(1.,0.,0.));
#6913 = PLANE('',#6914);
#6914 = AXIS2_PLACEMENT_3D('',#6915,#6916,#6917);
#6915 = CARTESIAN_POINT('',(-0.32,-0.32,5.1));
#6916 = DIRECTION('',(0.,1.,0.));
#6917 = DIRECTION('',(0.,0.,-1.));
#6918 = ADVANCED_FACE('',(#6919),#6976,.F.);
#6919 = FACE_BOUND('',#6920,.F.);
#6920 = EDGE_LOOP('',(#6921,#6931,#6939,#6947,#6953,#6954,#6962,#6970));
#6921 = ORIENTED_EDGE('',*,*,#6922,.T.);
#6922 = EDGE_CURVE('',#6923,#6925,#6927,.T.);
#6923 = VERTEX_POINT('',#6924);
#6924 = CARTESIAN_POINT('',(2.18,-0.351578947368,-3.));
#6925 = VERTEX_POINT('',#6926);
#6926 = CARTESIAN_POINT('',(2.18,0.288421052632,-3.));
#6927 = LINE('',#6928,#6929);
#6928 = CARTESIAN_POINT('',(2.18,-0.32,-3.));
#6929 = VECTOR('',#6930,1.);
#6930 = DIRECTION('',(0.,1.,0.));
#6931 = ORIENTED_EDGE('',*,*,#6932,.T.);
#6932 = EDGE_CURVE('',#6925,#6933,#6935,.T.);
#6933 = VERTEX_POINT('',#6934);
#6934 = CARTESIAN_POINT('',(2.18,2.E-02,-1.3));
#6935 = LINE('',#6936,#6937);
#6936 = CARTESIAN_POINT('',(2.18,0.32,-3.2));
#6937 = VECTOR('',#6938,1.);
#6938 = DIRECTION('',(0.,-0.155962573473,0.987762965329));
#6939 = ORIENTED_EDGE('',*,*,#6940,.T.);
#6940 = EDGE_CURVE('',#6933,#6941,#6943,.T.);
#6941 = VERTEX_POINT('',#6942);
#6942 = CARTESIAN_POINT('',(2.18,0.32,-0.7));
#6943 = LINE('',#6944,#6945);
#6944 = CARTESIAN_POINT('',(2.18,2.E-02,-1.3));
#6945 = VECTOR('',#6946,1.);
#6946 = DIRECTION('',(0.,0.4472135955,0.894427191));
#6947 = ORIENTED_EDGE('',*,*,#6948,.T.);
#6948 = EDGE_CURVE('',#6941,#6299,#6949,.T.);
#6949 = LINE('',#6950,#6951);
#6950 = CARTESIAN_POINT('',(2.18,0.32,-0.7));
#6951 = VECTOR('',#6952,1.);
#6952 = DIRECTION('',(0.,0.,1.));
#6953 = ORIENTED_EDGE('',*,*,#6296,.F.);
#6954 = ORIENTED_EDGE('',*,*,#6955,.T.);
#6955 = EDGE_CURVE('',#6297,#6956,#6958,.T.);
#6956 = VERTEX_POINT('',#6957);
#6957 = CARTESIAN_POINT('',(2.18,-0.32,-0.7));
#6958 = LINE('',#6959,#6960);
#6959 = CARTESIAN_POINT('',(2.18,-0.32,5.1));
#6960 = VECTOR('',#6961,1.);
#6961 = DIRECTION('',(0.,0.,-1.));
#6962 = ORIENTED_EDGE('',*,*,#6963,.T.);
#6963 = EDGE_CURVE('',#6956,#6964,#6966,.T.);
#6964 = VERTEX_POINT('',#6965);
#6965 = CARTESIAN_POINT('',(2.18,-0.62,-1.3));
#6966 = LINE('',#6967,#6968);
#6967 = CARTESIAN_POINT('',(2.18,-0.32,-0.7));
#6968 = VECTOR('',#6969,1.);
#6969 = DIRECTION('',(0.,-0.4472135955,-0.894427191));
#6970 = ORIENTED_EDGE('',*,*,#6971,.T.);
#6971 = EDGE_CURVE('',#6964,#6923,#6972,.T.);
#6972 = LINE('',#6973,#6974);
#6973 = CARTESIAN_POINT('',(2.18,-0.62,-1.3));
#6974 = VECTOR('',#6975,1.);
#6975 = DIRECTION('',(0.,0.155962573473,-0.987762965329));
#6976 = PLANE('',#6977);
#6977 = AXIS2_PLACEMENT_3D('',#6978,#6979,#6980);
#6978 = CARTESIAN_POINT('',(2.18,-4.307486879287E-02,0.926376556288));
#6979 = DIRECTION('',(1.,0.,0.));
#6980 = DIRECTION('',(0.,0.,1.));
#6981 = ADVANCED_FACE('',(#6982),#7000,.F.);
#6982 = FACE_BOUND('',#6983,.F.);
#6983 = EDGE_LOOP('',(#6984,#6985,#6986,#6994));
#6984 = ORIENTED_EDGE('',*,*,#6955,.F.);
#6985 = ORIENTED_EDGE('',*,*,#6322,.F.);
#6986 = ORIENTED_EDGE('',*,*,#6987,.T.);
#6987 = EDGE_CURVE('',#6315,#6988,#6990,.T.);
#6988 = VERTEX_POINT('',#6989);
#6989 = CARTESIAN_POINT('',(2.82,-0.32,-0.7));
#6990 = LINE('',#6991,#6992);
#6991 = CARTESIAN_POINT('',(2.82,-0.32,5.1));
#6992 = VECTOR('',#6993,1.);
#6993 = DIRECTION('',(0.,0.,-1.));
#6994 = ORIENTED_EDGE('',*,*,#6995,.F.);
#6995 = EDGE_CURVE('',#6956,#6988,#6996,.T.);
#6996 = LINE('',#6997,#6998);
#6997 = CARTESIAN_POINT('',(2.18,-0.32,-0.7));
#6998 = VECTOR('',#6999,1.);
#6999 = DIRECTION('',(1.,0.,0.));
#7000 = PLANE('',#7001);
#7001 = AXIS2_PLACEMENT_3D('',#7002,#7003,#7004);
#7002 = CARTESIAN_POINT('',(2.18,-0.32,5.1));
#7003 = DIRECTION('',(0.,1.,0.));
#7004 = DIRECTION('',(0.,0.,-1.));
#7005 = ADVANCED_FACE('',(#7006),#7056,.T.);
#7006 = FACE_BOUND('',#7007,.T.);
#7007 = EDGE_LOOP('',(#7008,#7018,#7026,#7034,#7040,#7041,#7042,#7050));
#7008 = ORIENTED_EDGE('',*,*,#7009,.T.);
#7009 = EDGE_CURVE('',#7010,#7012,#7014,.T.);
#7010 = VERTEX_POINT('',#7011);
#7011 = CARTESIAN_POINT('',(2.82,-0.351578947368,-3.));
#7012 = VERTEX_POINT('',#7013);
#7013 = CARTESIAN_POINT('',(2.82,0.288421052632,-3.));
#7014 = LINE('',#7015,#7016);
#7015 = CARTESIAN_POINT('',(2.82,-0.32,-3.));
#7016 = VECTOR('',#7017,1.);
#7017 = DIRECTION('',(0.,1.,0.));
#7018 = ORIENTED_EDGE('',*,*,#7019,.T.);
#7019 = EDGE_CURVE('',#7012,#7020,#7022,.T.);
#7020 = VERTEX_POINT('',#7021);
#7021 = CARTESIAN_POINT('',(2.82,2.E-02,-1.3));
#7022 = LINE('',#7023,#7024);
#7023 = CARTESIAN_POINT('',(2.82,0.32,-3.2));
#7024 = VECTOR('',#7025,1.);
#7025 = DIRECTION('',(0.,-0.155962573473,0.987762965329));
#7026 = ORIENTED_EDGE('',*,*,#7027,.T.);
#7027 = EDGE_CURVE('',#7020,#7028,#7030,.T.);
#7028 = VERTEX_POINT('',#7029);
#7029 = CARTESIAN_POINT('',(2.82,0.32,-0.7));
#7030 = LINE('',#7031,#7032);
#7031 = CARTESIAN_POINT('',(2.82,2.E-02,-1.3));
#7032 = VECTOR('',#7033,1.);
#7033 = DIRECTION('',(0.,0.4472135955,0.894427191));
#7034 = ORIENTED_EDGE('',*,*,#7035,.T.);
#7035 = EDGE_CURVE('',#7028,#6307,#7036,.T.);
#7036 = LINE('',#7037,#7038);
#7037 = CARTESIAN_POINT('',(2.82,0.32,-0.7));
#7038 = VECTOR('',#7039,1.);
#7039 = DIRECTION('',(0.,0.,1.));
#7040 = ORIENTED_EDGE('',*,*,#6314,.F.);
#7041 = ORIENTED_EDGE('',*,*,#6987,.T.);
#7042 = ORIENTED_EDGE('',*,*,#7043,.T.);
#7043 = EDGE_CURVE('',#6988,#7044,#7046,.T.);
#7044 = VERTEX_POINT('',#7045);
#7045 = CARTESIAN_POINT('',(2.82,-0.62,-1.3));
#7046 = LINE('',#7047,#7048);
#7047 = CARTESIAN_POINT('',(2.82,-0.32,-0.7));
#7048 = VECTOR('',#7049,1.);
#7049 = DIRECTION('',(0.,-0.4472135955,-0.894427191));
#7050 = ORIENTED_EDGE('',*,*,#7051,.T.);
#7051 = EDGE_CURVE('',#7044,#7010,#7052,.T.);
#7052 = LINE('',#7053,#7054);
#7053 = CARTESIAN_POINT('',(2.82,-0.62,-1.3));
#7054 = VECTOR('',#7055,1.);
#7055 = DIRECTION('',(0.,0.155962573473,-0.987762965329));
#7056 = PLANE('',#7057);
#7057 = AXIS2_PLACEMENT_3D('',#7058,#7059,#7060);
#7058 = CARTESIAN_POINT('',(2.82,-4.307486879287E-02,0.926376556288));
#7059 = DIRECTION('',(1.,0.,0.));
#7060 = DIRECTION('',(0.,0.,1.));
#7061 = ADVANCED_FACE('',(#7062),#7073,.F.);
#7062 = FACE_BOUND('',#7063,.F.);
#7063 = EDGE_LOOP('',(#7064,#7065,#7071,#7072));
#7064 = ORIENTED_EDGE('',*,*,#6948,.F.);
#7065 = ORIENTED_EDGE('',*,*,#7066,.T.);
#7066 = EDGE_CURVE('',#6941,#7028,#7067,.T.);
#7067 = LINE('',#7068,#7069);
#7068 = CARTESIAN_POINT('',(2.18,0.32,-0.7));
#7069 = VECTOR('',#7070,1.);
#7070 = DIRECTION('',(1.,0.,0.));
#7071 = ORIENTED_EDGE('',*,*,#7035,.T.);
#7072 = ORIENTED_EDGE('',*,*,#6306,.F.);
#7073 = PLANE('',#7074);
#7074 = AXIS2_PLACEMENT_3D('',#7075,#7076,#7077);
#7075 = CARTESIAN_POINT('',(2.18,0.32,-0.7));
#7076 = DIRECTION('',(0.,-1.,0.));
#7077 = DIRECTION('',(0.,0.,1.));
#7078 = ADVANCED_FACE('',(#7079),#7154,.T.);
#7079 = FACE_BOUND('',#7080,.T.);
#7080 = EDGE_LOOP('',(#7081,#7082,#7083,#7091,#7099,#7107,#7115,#7123,
    #7131,#7139,#7147,#7153));
#7081 = ORIENTED_EDGE('',*,*,#6739,.T.);
#7082 = ORIENTED_EDGE('',*,*,#6673,.T.);
#7083 = ORIENTED_EDGE('',*,*,#7084,.T.);
#7084 = EDGE_CURVE('',#6674,#7085,#7087,.T.);
#7085 = VERTEX_POINT('',#7086);
#7086 = CARTESIAN_POINT('',(-1.5,-0.2,6.));
#7087 = LINE('',#7088,#7089);
#7088 = CARTESIAN_POINT('',(-2.5,-0.2,6.));
#7089 = VECTOR('',#7090,1.);
#7090 = DIRECTION('',(1.,0.,0.));
#7091 = ORIENTED_EDGE('',*,*,#7092,.F.);
#7092 = EDGE_CURVE('',#7093,#7085,#7095,.T.);
#7093 = VERTEX_POINT('',#7094);
#7094 = CARTESIAN_POINT('',(-1.5,0.65,6.));
#7095 = LINE('',#7096,#7097);
#7096 = CARTESIAN_POINT('',(-1.5,0.65,6.));
#7097 = VECTOR('',#7098,1.);
#7098 = DIRECTION('',(0.,-1.,0.));
#7099 = ORIENTED_EDGE('',*,*,#7100,.F.);
#7100 = EDGE_CURVE('',#7101,#7093,#7103,.T.);
#7101 = VERTEX_POINT('',#7102);
#7102 = CARTESIAN_POINT('',(-2.05,0.65,6.));
#7103 = LINE('',#7104,#7105);
#7104 = CARTESIAN_POINT('',(-2.05,0.65,6.));
#7105 = VECTOR('',#7106,1.);
#7106 = DIRECTION('',(1.,0.,0.));
#7107 = ORIENTED_EDGE('',*,*,#7108,.F.);
#7108 = EDGE_CURVE('',#7109,#7101,#7111,.T.);
#7109 = VERTEX_POINT('',#7110);
#7110 = CARTESIAN_POINT('',(-2.05,1.15,6.));
#7111 = LINE('',#7112,#7113);
#7112 = CARTESIAN_POINT('',(-2.05,1.15,6.));
#7113 = VECTOR('',#7114,1.);
#7114 = DIRECTION('',(0.,-1.,0.));
#7115 = ORIENTED_EDGE('',*,*,#7116,.F.);
#7116 = EDGE_CURVE('',#7117,#7109,#7119,.T.);
#7117 = VERTEX_POINT('',#7118);
#7118 = CARTESIAN_POINT('',(4.55,1.15,6.));
#7119 = LINE('',#7120,#7121);
#7120 = CARTESIAN_POINT('',(4.55,1.15,6.));
#7121 = VECTOR('',#7122,1.);
#7122 = DIRECTION('',(-1.,0.,0.));
#7123 = ORIENTED_EDGE('',*,*,#7124,.F.);
#7124 = EDGE_CURVE('',#7125,#7117,#7127,.T.);
#7125 = VERTEX_POINT('',#7126);
#7126 = CARTESIAN_POINT('',(4.55,0.65,6.));
#7127 = LINE('',#7128,#7129);
#7128 = CARTESIAN_POINT('',(4.55,0.65,6.));
#7129 = VECTOR('',#7130,1.);
#7130 = DIRECTION('',(0.,1.,0.));
#7131 = ORIENTED_EDGE('',*,*,#7132,.F.);
#7132 = EDGE_CURVE('',#7133,#7125,#7135,.T.);
#7133 = VERTEX_POINT('',#7134);
#7134 = CARTESIAN_POINT('',(4.,0.65,6.));
#7135 = LINE('',#7136,#7137);
#7136 = CARTESIAN_POINT('',(4.,0.65,6.));
#7137 = VECTOR('',#7138,1.);
#7138 = DIRECTION('',(1.,0.,0.));
#7139 = ORIENTED_EDGE('',*,*,#7140,.F.);
#7140 = EDGE_CURVE('',#7141,#7133,#7143,.T.);
#7141 = VERTEX_POINT('',#7142);
#7142 = CARTESIAN_POINT('',(4.,-0.2,6.));
#7143 = LINE('',#7144,#7145);
#7144 = CARTESIAN_POINT('',(4.,-2.2,6.));
#7145 = VECTOR('',#7146,1.);
#7146 = DIRECTION('',(0.,1.,0.));
#7147 = ORIENTED_EDGE('',*,*,#7148,.T.);
#7148 = EDGE_CURVE('',#7141,#6435,#7149,.T.);
#7149 = LINE('',#7150,#7151);
#7150 = CARTESIAN_POINT('',(-2.5,-0.2,6.));
#7151 = VECTOR('',#7152,1.);
#7152 = DIRECTION('',(1.,0.,0.));
#7153 = ORIENTED_EDGE('',*,*,#6442,.T.);
#7154 = PLANE('',#7155);
#7155 = AXIS2_PLACEMENT_3D('',#7156,#7157,#7158);
#7156 = CARTESIAN_POINT('',(1.25,-0.3,6.));
#7157 = DIRECTION('',(0.,0.,1.));
#7158 = DIRECTION('',(1.,0.,-0.));
#7159 = ADVANCED_FACE('',(#7160),#7178,.F.);
#7160 = FACE_BOUND('',#7161,.F.);
#7161 = EDGE_LOOP('',(#7162,#7170,#7171,#7172));
#7162 = ORIENTED_EDGE('',*,*,#7163,.F.);
#7163 = EDGE_CURVE('',#7141,#7164,#7166,.T.);
#7164 = VERTEX_POINT('',#7165);
#7165 = CARTESIAN_POINT('',(4.,-0.2,1.5));
#7166 = LINE('',#7167,#7168);
#7167 = CARTESIAN_POINT('',(4.,-0.2,4.813884850592));
#7168 = VECTOR('',#7169,1.);
#7169 = DIRECTION('',(0.,0.,-1.));
#7170 = ORIENTED_EDGE('',*,*,#7148,.T.);
#7171 = ORIENTED_EDGE('',*,*,#6434,.T.);
#7172 = ORIENTED_EDGE('',*,*,#7173,.F.);
#7173 = EDGE_CURVE('',#7164,#6427,#7174,.T.);
#7174 = LINE('',#7175,#7176);
#7175 = CARTESIAN_POINT('',(-2.5,-0.2,1.5));
#7176 = VECTOR('',#7177,1.);
#7177 = DIRECTION('',(1.,0.,0.));
#7178 = PLANE('',#7179);
#7179 = AXIS2_PLACEMENT_3D('',#7180,#7181,#7182);
#7180 = CARTESIAN_POINT('',(-2.5,-0.2,6.));
#7181 = DIRECTION('',(0.,1.,0.));
#7182 = DIRECTION('',(0.,0.,-1.));
#7183 = ADVANCED_FACE('',(#7184,#7271,#7305),#7339,.T.);
#7184 = FACE_BOUND('',#7185,.T.);
#7185 = EDGE_LOOP('',(#7186,#7192,#7193,#7194,#7202,#7210,#7218,#7226,
    #7234,#7242,#7250,#7256,#7257,#7263,#7264,#7270));
#7186 = ORIENTED_EDGE('',*,*,#7187,.T.);
#7187 = EDGE_CURVE('',#6515,#6419,#7188,.T.);
#7188 = LINE('',#7189,#7190);
#7189 = CARTESIAN_POINT('',(-2.5,-0.6,1.5));
#7190 = VECTOR('',#7191,1.);
#7191 = DIRECTION('',(1.,0.,0.));
#7192 = ORIENTED_EDGE('',*,*,#6426,.F.);
#7193 = ORIENTED_EDGE('',*,*,#7173,.F.);
#7194 = ORIENTED_EDGE('',*,*,#7195,.T.);
#7195 = EDGE_CURVE('',#7164,#7196,#7198,.T.);
#7196 = VERTEX_POINT('',#7197);
#7197 = CARTESIAN_POINT('',(4.,0.65,1.5));
#7198 = LINE('',#7199,#7200);
#7199 = CARTESIAN_POINT('',(4.,-2.2,1.5));
#7200 = VECTOR('',#7201,1.);
#7201 = DIRECTION('',(0.,1.,0.));
#7202 = ORIENTED_EDGE('',*,*,#7203,.T.);
#7203 = EDGE_CURVE('',#7196,#7204,#7206,.T.);
#7204 = VERTEX_POINT('',#7205);
#7205 = CARTESIAN_POINT('',(4.55,0.65,1.5));
#7206 = LINE('',#7207,#7208);
#7207 = CARTESIAN_POINT('',(4.,0.65,1.5));
#7208 = VECTOR('',#7209,1.);
#7209 = DIRECTION('',(1.,0.,0.));
#7210 = ORIENTED_EDGE('',*,*,#7211,.T.);
#7211 = EDGE_CURVE('',#7204,#7212,#7214,.T.);
#7212 = VERTEX_POINT('',#7213);
#7213 = CARTESIAN_POINT('',(4.55,1.15,1.5));
#7214 = LINE('',#7215,#7216);
#7215 = CARTESIAN_POINT('',(4.55,0.65,1.5));
#7216 = VECTOR('',#7217,1.);
#7217 = DIRECTION('',(0.,1.,0.));
#7218 = ORIENTED_EDGE('',*,*,#7219,.T.);
#7219 = EDGE_CURVE('',#7212,#7220,#7222,.T.);
#7220 = VERTEX_POINT('',#7221);
#7221 = CARTESIAN_POINT('',(-2.05,1.15,1.5));
#7222 = LINE('',#7223,#7224);
#7223 = CARTESIAN_POINT('',(4.55,1.15,1.5));
#7224 = VECTOR('',#7225,1.);
#7225 = DIRECTION('',(-1.,0.,0.));
#7226 = ORIENTED_EDGE('',*,*,#7227,.T.);
#7227 = EDGE_CURVE('',#7220,#7228,#7230,.T.);
#7228 = VERTEX_POINT('',#7229);
#7229 = CARTESIAN_POINT('',(-2.05,0.65,1.5));
#7230 = LINE('',#7231,#7232);
#7231 = CARTESIAN_POINT('',(-2.05,1.15,1.5));
#7232 = VECTOR('',#7233,1.);
#7233 = DIRECTION('',(0.,-1.,0.));
#7234 = ORIENTED_EDGE('',*,*,#7235,.T.);
#7235 = EDGE_CURVE('',#7228,#7236,#7238,.T.);
#7236 = VERTEX_POINT('',#7237);
#7237 = CARTESIAN_POINT('',(-1.5,0.65,1.5));
#7238 = LINE('',#7239,#7240);
#7239 = CARTESIAN_POINT('',(-2.05,0.65,1.5));
#7240 = VECTOR('',#7241,1.);
#7241 = DIRECTION('',(1.,0.,0.));
#7242 = ORIENTED_EDGE('',*,*,#7243,.T.);
#7243 = EDGE_CURVE('',#7236,#7244,#7246,.T.);
#7244 = VERTEX_POINT('',#7245);
#7245 = CARTESIAN_POINT('',(-1.5,-0.2,1.5));
#7246 = LINE('',#7247,#7248);
#7247 = CARTESIAN_POINT('',(-1.5,0.65,1.5));
#7248 = VECTOR('',#7249,1.);
#7249 = DIRECTION('',(0.,-1.,0.));
#7250 = ORIENTED_EDGE('',*,*,#7251,.F.);
#7251 = EDGE_CURVE('',#6682,#7244,#7252,.T.);
#7252 = LINE('',#7253,#7254);
#7253 = CARTESIAN_POINT('',(-2.5,-0.2,1.5));
#7254 = VECTOR('',#7255,1.);
#7255 = DIRECTION('',(1.,0.,0.));
#7256 = ORIENTED_EDGE('',*,*,#6689,.T.);
#7257 = ORIENTED_EDGE('',*,*,#7258,.T.);
#7258 = EDGE_CURVE('',#6690,#6587,#7259,.T.);
#7259 = LINE('',#7260,#7261);
#7260 = CARTESIAN_POINT('',(-2.5,-0.6,1.5));
#7261 = VECTOR('',#7262,1.);
#7262 = DIRECTION('',(1.,0.,0.));
#7263 = ORIENTED_EDGE('',*,*,#6586,.T.);
#7264 = ORIENTED_EDGE('',*,*,#7265,.T.);
#7265 = EDGE_CURVE('',#6579,#6523,#7266,.T.);
#7266 = LINE('',#7267,#7268);
#7267 = CARTESIAN_POINT('',(-1.5,-0.8,1.5));
#7268 = VECTOR('',#7269,1.);
#7269 = DIRECTION('',(1.,0.,0.));
#7270 = ORIENTED_EDGE('',*,*,#6522,.T.);
#7271 = FACE_BOUND('',#7272,.T.);
#7272 = EDGE_LOOP('',(#7273,#7283,#7291,#7299));
#7273 = ORIENTED_EDGE('',*,*,#7274,.F.);
#7274 = EDGE_CURVE('',#7275,#7277,#7279,.T.);
#7275 = VERTEX_POINT('',#7276);
#7276 = CARTESIAN_POINT('',(0.32,-0.32,1.5));
#7277 = VERTEX_POINT('',#7278);
#7278 = CARTESIAN_POINT('',(0.32,0.32,1.5));
#7279 = LINE('',#7280,#7281);
#7280 = CARTESIAN_POINT('',(0.32,4.925640446613E-02,1.5));
#7281 = VECTOR('',#7282,1.);
#7282 = DIRECTION('',(0.,1.,-4.284299334657E-32));
#7283 = ORIENTED_EDGE('',*,*,#7284,.T.);
#7284 = EDGE_CURVE('',#7275,#7285,#7287,.T.);
#7285 = VERTEX_POINT('',#7286);
#7286 = CARTESIAN_POINT('',(-0.32,-0.32,1.5));
#7287 = LINE('',#7288,#7289);
#7288 = CARTESIAN_POINT('',(0.465,-0.32,1.5));
#7289 = VECTOR('',#7290,1.);
#7290 = DIRECTION('',(-1.,0.,3.970526847961E-34));
#7291 = ORIENTED_EDGE('',*,*,#7292,.T.);
#7292 = EDGE_CURVE('',#7285,#7293,#7295,.T.);
#7293 = VERTEX_POINT('',#7294);
#7294 = CARTESIAN_POINT('',(-0.32,0.32,1.5));
#7295 = LINE('',#7296,#7297);
#7296 = CARTESIAN_POINT('',(-0.32,4.925640446613E-02,1.5));
#7297 = VECTOR('',#7298,1.);
#7298 = DIRECTION('',(0.,1.,-4.284299334657E-32));
#7299 = ORIENTED_EDGE('',*,*,#7300,.T.);
#7300 = EDGE_CURVE('',#7293,#7277,#7301,.T.);
#7301 = LINE('',#7302,#7303);
#7302 = CARTESIAN_POINT('',(0.465,0.32,1.5));
#7303 = VECTOR('',#7304,1.);
#7304 = DIRECTION('',(1.,0.,-3.970526847961E-34));
#7305 = FACE_BOUND('',#7306,.T.);
#7306 = EDGE_LOOP('',(#7307,#7317,#7325,#7333));
#7307 = ORIENTED_EDGE('',*,*,#7308,.T.);
#7308 = EDGE_CURVE('',#7309,#7311,#7313,.T.);
#7309 = VERTEX_POINT('',#7310);
#7310 = CARTESIAN_POINT('',(2.18,-0.32,1.5));
#7311 = VERTEX_POINT('',#7312);
#7312 = CARTESIAN_POINT('',(2.18,0.32,1.5));
#7313 = LINE('',#7314,#7315);
#7314 = CARTESIAN_POINT('',(2.18,4.925640446613E-02,1.5));
#7315 = VECTOR('',#7316,1.);
#7316 = DIRECTION('',(0.,1.,-4.284299334657E-32));
#7317 = ORIENTED_EDGE('',*,*,#7318,.T.);
#7318 = EDGE_CURVE('',#7311,#7319,#7321,.T.);
#7319 = VERTEX_POINT('',#7320);
#7320 = CARTESIAN_POINT('',(2.82,0.32,1.5));
#7321 = LINE('',#7322,#7323);
#7322 = CARTESIAN_POINT('',(1.715,0.32,1.5));
#7323 = VECTOR('',#7324,1.);
#7324 = DIRECTION('',(1.,0.,-3.970526847961E-34));
#7325 = ORIENTED_EDGE('',*,*,#7326,.F.);
#7326 = EDGE_CURVE('',#7327,#7319,#7329,.T.);
#7327 = VERTEX_POINT('',#7328);
#7328 = CARTESIAN_POINT('',(2.82,-0.32,1.5));
#7329 = LINE('',#7330,#7331);
#7330 = CARTESIAN_POINT('',(2.82,4.925640446613E-02,1.5));
#7331 = VECTOR('',#7332,1.);
#7332 = DIRECTION('',(0.,1.,-4.284299334657E-32));
#7333 = ORIENTED_EDGE('',*,*,#7334,.T.);
#7334 = EDGE_CURVE('',#7327,#7309,#7335,.T.);
#7335 = LINE('',#7336,#7337);
#7336 = CARTESIAN_POINT('',(1.715,-0.32,1.5));
#7337 = VECTOR('',#7338,1.);
#7338 = DIRECTION('',(-1.,0.,3.970526847961E-34));
#7339 = PLANE('',#7340);
#7340 = AXIS2_PLACEMENT_3D('',#7341,#7342,#7343);
#7341 = CARTESIAN_POINT('',(1.25,0.141587677725,1.5));
#7342 = DIRECTION('',(3.970526847961E-34,4.284299334657E-32,1.));
#7343 = DIRECTION('',(4.636785119881E-82,1.,-4.284299334657E-32));
#7344 = ADVANCED_FACE('',(#7345),#7356,.F.);
#7345 = FACE_BOUND('',#7346,.F.);
#7346 = EDGE_LOOP('',(#7347,#7348,#7349,#7350));
#7347 = ORIENTED_EDGE('',*,*,#6514,.F.);
#7348 = ORIENTED_EDGE('',*,*,#7187,.T.);
#7349 = ORIENTED_EDGE('',*,*,#6418,.T.);
#7350 = ORIENTED_EDGE('',*,*,#7351,.F.);
#7351 = EDGE_CURVE('',#6507,#6411,#7352,.T.);
#7352 = LINE('',#7353,#7354);
#7353 = CARTESIAN_POINT('',(-2.5,-0.9,4.1));
#7354 = VECTOR('',#7355,1.);
#7355 = DIRECTION('',(1.,0.,0.));
#7356 = PLANE('',#7357);
#7357 = AXIS2_PLACEMENT_3D('',#7358,#7359,#7360);
#7358 = CARTESIAN_POINT('',(-2.5,-0.6,1.5));
#7359 = DIRECTION('',(0.,-0.993408935871,-0.114624107985));
#7360 = DIRECTION('',(0.,-0.114624107985,0.993408935871));
#7361 = ADVANCED_FACE('',(#7362),#7373,.F.);
#7362 = FACE_BOUND('',#7363,.F.);
#7363 = EDGE_LOOP('',(#7364,#7365,#7366,#7367));
#7364 = ORIENTED_EDGE('',*,*,#6506,.F.);
#7365 = ORIENTED_EDGE('',*,*,#7351,.T.);
#7366 = ORIENTED_EDGE('',*,*,#6410,.T.);
#7367 = ORIENTED_EDGE('',*,*,#7368,.F.);
#7368 = EDGE_CURVE('',#6499,#6403,#7369,.T.);
#7369 = LINE('',#7370,#7371);
#7370 = CARTESIAN_POINT('',(-2.5,-0.6,4.3));
#7371 = VECTOR('',#7372,1.);
#7372 = DIRECTION('',(1.,0.,0.));
#7373 = PLANE('',#7374);
#7374 = AXIS2_PLACEMENT_3D('',#7375,#7376,#7377);
#7375 = CARTESIAN_POINT('',(-2.5,-0.9,4.1));
#7376 = DIRECTION('',(0.,-0.554700196225,0.832050294338));
#7377 = DIRECTION('',(0.,0.832050294338,0.554700196225));
#7378 = ADVANCED_FACE('',(#7379),#7390,.F.);
#7379 = FACE_BOUND('',#7380,.F.);
#7380 = EDGE_LOOP('',(#7381,#7382,#7383,#7384));
#7381 = ORIENTED_EDGE('',*,*,#6498,.F.);
#7382 = ORIENTED_EDGE('',*,*,#7368,.T.);
#7383 = ORIENTED_EDGE('',*,*,#6402,.T.);
#7384 = ORIENTED_EDGE('',*,*,#7385,.F.);
#7385 = EDGE_CURVE('',#6491,#6395,#7386,.T.);
#7386 = LINE('',#7387,#7388);
#7387 = CARTESIAN_POINT('',(-2.5,-0.6,4.5));
#7388 = VECTOR('',#7389,1.);
#7389 = DIRECTION('',(1.,0.,0.));
#7390 = PLANE('',#7391);
#7391 = AXIS2_PLACEMENT_3D('',#7392,#7393,#7394);
#7392 = CARTESIAN_POINT('',(-2.5,-0.6,4.3));
#7393 = DIRECTION('',(0.,-1.,0.));
#7394 = DIRECTION('',(0.,0.,1.));
#7395 = ADVANCED_FACE('',(#7396),#7402,.F.);
#7396 = FACE_BOUND('',#7397,.F.);
#7397 = EDGE_LOOP('',(#7398,#7399,#7400,#7401));
#7398 = ORIENTED_EDGE('',*,*,#6490,.F.);
#7399 = ORIENTED_EDGE('',*,*,#7385,.T.);
#7400 = ORIENTED_EDGE('',*,*,#6394,.T.);
#7401 = ORIENTED_EDGE('',*,*,#6472,.F.);
#7402 = PLANE('',#7403);
#7403 = AXIS2_PLACEMENT_3D('',#7404,#7405,#7406);
#7404 = CARTESIAN_POINT('',(-2.5,-0.6,4.5));
#7405 = DIRECTION('',(0.,-0.759256602365,-0.650791373456));
#7406 = DIRECTION('',(0.,-0.650791373456,0.759256602365));
#7407 = ADVANCED_FACE('',(#7408),#7414,.T.);
#7408 = FACE_BOUND('',#7409,.T.);
#7409 = EDGE_LOOP('',(#7410,#7411,#7412,#7413));
#7410 = ORIENTED_EDGE('',*,*,#6554,.T.);
#7411 = ORIENTED_EDGE('',*,*,#6530,.T.);
#7412 = ORIENTED_EDGE('',*,*,#7265,.F.);
#7413 = ORIENTED_EDGE('',*,*,#6578,.F.);
#7414 = PLANE('',#7415);
#7415 = AXIS2_PLACEMENT_3D('',#7416,#7417,#7418);
#7416 = CARTESIAN_POINT('',(-1.5,-1.2,1.1));
#7417 = DIRECTION('',(0.,-0.707106781187,0.707106781187));
#7418 = DIRECTION('',(0.,0.707106781187,0.707106781187));
#7419 = ADVANCED_FACE('',(#7420),#7431,.F.);
#7420 = FACE_BOUND('',#7421,.F.);
#7421 = EDGE_LOOP('',(#7422,#7423,#7429,#7430));
#7422 = ORIENTED_EDGE('',*,*,#6721,.F.);
#7423 = ORIENTED_EDGE('',*,*,#7424,.T.);
#7424 = EDGE_CURVE('',#6714,#6611,#7425,.T.);
#7425 = LINE('',#7426,#7427);
#7426 = CARTESIAN_POINT('',(-2.5,-0.6,4.5));
#7427 = VECTOR('',#7428,1.);
#7428 = DIRECTION('',(1.,0.,0.));
#7429 = ORIENTED_EDGE('',*,*,#6618,.F.);
#7430 = ORIENTED_EDGE('',*,*,#6648,.F.);
#7431 = PLANE('',#7432);
#7432 = AXIS2_PLACEMENT_3D('',#7433,#7434,#7435);
#7433 = CARTESIAN_POINT('',(-2.5,-0.6,4.5));
#7434 = DIRECTION('',(0.,-0.759256602365,-0.650791373456));
#7435 = DIRECTION('',(0.,-0.650791373456,0.759256602365));
#7436 = ADVANCED_FACE('',(#7437),#7448,.F.);
#7437 = FACE_BOUND('',#7438,.F.);
#7438 = EDGE_LOOP('',(#7439,#7440,#7446,#7447));
#7439 = ORIENTED_EDGE('',*,*,#6713,.F.);
#7440 = ORIENTED_EDGE('',*,*,#7441,.T.);
#7441 = EDGE_CURVE('',#6706,#6603,#7442,.T.);
#7442 = LINE('',#7443,#7444);
#7443 = CARTESIAN_POINT('',(-2.5,-0.6,4.3));
#7444 = VECTOR('',#7445,1.);
#7445 = DIRECTION('',(1.,0.,0.));
#7446 = ORIENTED_EDGE('',*,*,#6610,.F.);
#7447 = ORIENTED_EDGE('',*,*,#7424,.F.);
#7448 = PLANE('',#7449);
#7449 = AXIS2_PLACEMENT_3D('',#7450,#7451,#7452);
#7450 = CARTESIAN_POINT('',(-2.5,-0.6,4.3));
#7451 = DIRECTION('',(0.,-1.,0.));
#7452 = DIRECTION('',(0.,0.,1.));
#7453 = ADVANCED_FACE('',(#7454),#7465,.F.);
#7454 = FACE_BOUND('',#7455,.F.);
#7455 = EDGE_LOOP('',(#7456,#7457,#7463,#7464));
#7456 = ORIENTED_EDGE('',*,*,#6705,.F.);
#7457 = ORIENTED_EDGE('',*,*,#7458,.T.);
#7458 = EDGE_CURVE('',#6698,#6595,#7459,.T.);
#7459 = LINE('',#7460,#7461);
#7460 = CARTESIAN_POINT('',(-2.5,-0.9,4.1));
#7461 = VECTOR('',#7462,1.);
#7462 = DIRECTION('',(1.,0.,0.));
#7463 = ORIENTED_EDGE('',*,*,#6602,.F.);
#7464 = ORIENTED_EDGE('',*,*,#7441,.F.);
#7465 = PLANE('',#7466);
#7466 = AXIS2_PLACEMENT_3D('',#7467,#7468,#7469);
#7467 = CARTESIAN_POINT('',(-2.5,-0.9,4.1));
#7468 = DIRECTION('',(0.,-0.554700196225,0.832050294338));
#7469 = DIRECTION('',(0.,0.832050294338,0.554700196225));
#7470 = ADVANCED_FACE('',(#7471),#7477,.F.);
#7471 = FACE_BOUND('',#7472,.F.);
#7472 = EDGE_LOOP('',(#7473,#7474,#7475,#7476));
#7473 = ORIENTED_EDGE('',*,*,#6697,.F.);
#7474 = ORIENTED_EDGE('',*,*,#7258,.T.);
#7475 = ORIENTED_EDGE('',*,*,#6594,.F.);
#7476 = ORIENTED_EDGE('',*,*,#7458,.F.);
#7477 = PLANE('',#7478);
#7478 = AXIS2_PLACEMENT_3D('',#7479,#7480,#7481);
#7479 = CARTESIAN_POINT('',(-2.5,-0.6,1.5));
#7480 = DIRECTION('',(0.,-0.993408935871,-0.114624107985));
#7481 = DIRECTION('',(0.,-0.114624107985,0.993408935871));
#7482 = ADVANCED_FACE('',(#7483),#7494,.F.);
#7483 = FACE_BOUND('',#7484,.F.);
#7484 = EDGE_LOOP('',(#7485,#7486,#7487,#7493));
#7485 = ORIENTED_EDGE('',*,*,#6681,.F.);
#7486 = ORIENTED_EDGE('',*,*,#7084,.T.);
#7487 = ORIENTED_EDGE('',*,*,#7488,.F.);
#7488 = EDGE_CURVE('',#7244,#7085,#7489,.T.);
#7489 = LINE('',#7490,#7491);
#7490 = CARTESIAN_POINT('',(-1.5,-0.2,4.813884850592));
#7491 = VECTOR('',#7492,1.);
#7492 = DIRECTION('',(1.299666824138E-17,0.,1.));
#7493 = ORIENTED_EDGE('',*,*,#7251,.F.);
#7494 = PLANE('',#7495);
#7495 = AXIS2_PLACEMENT_3D('',#7496,#7497,#7498);
#7496 = CARTESIAN_POINT('',(-2.5,-0.2,6.));
#7497 = DIRECTION('',(0.,1.,0.));
#7498 = DIRECTION('',(0.,0.,-1.));
#7499 = ADVANCED_FACE('',(#7500),#7541,.F.);
#7500 = FACE_BOUND('',#7501,.T.);
#7501 = EDGE_LOOP('',(#7502,#7512,#7520,#7528,#7534,#7535));
#7502 = ORIENTED_EDGE('',*,*,#7503,.F.);
#7503 = EDGE_CURVE('',#7504,#7506,#7508,.T.);
#7504 = VERTEX_POINT('',#7505);
#7505 = CARTESIAN_POINT('',(0.12,-0.12,-3.2));
#7506 = VERTEX_POINT('',#7507);
#7507 = CARTESIAN_POINT('',(0.317552593066,-0.351192514695,
    -3.002447406934));
#7508 = LINE('',#7509,#7510);
#7509 = CARTESIAN_POINT('',(0.153849098111,-0.159613036666,
    -3.166150901889));
#7510 = VECTOR('',#7511,1.);
#7511 = DIRECTION('',(0.544770019249,-0.63753529491,0.544770019249));
#7512 = ORIENTED_EDGE('',*,*,#7513,.T.);
#7513 = EDGE_CURVE('',#7504,#7514,#7516,.T.);
#7514 = VERTEX_POINT('',#7515);
#7515 = CARTESIAN_POINT('',(0.12,0.12,-3.2));
#7516 = LINE('',#7517,#7518);
#7517 = CARTESIAN_POINT('',(0.12,-0.32,-3.2));
#7518 = VECTOR('',#7519,1.);
#7519 = DIRECTION('',(0.,1.,0.));
#7520 = ORIENTED_EDGE('',*,*,#7521,.T.);
#7521 = EDGE_CURVE('',#7514,#7522,#7524,.T.);
#7522 = VERTEX_POINT('',#7523);
#7523 = CARTESIAN_POINT('',(0.317552593066,0.288807485305,
    -3.002447406934));
#7524 = LINE('',#7525,#7526);
#7525 = CARTESIAN_POINT('',(3.848855660758E-02,5.034896900541E-02,
    -3.281511443392));
#7526 = VECTOR('',#7527,1.);
#7527 = DIRECTION('',(0.605209817607,0.517148096144,0.605209817607));
#7528 = ORIENTED_EDGE('',*,*,#7529,.T.);
#7529 = EDGE_CURVE('',#7522,#6765,#7530,.T.);
#7530 = LINE('',#7531,#7532);
#7531 = CARTESIAN_POINT('',(8.569083447332E-02,0.325417236662,
    -3.234309165527));
#7532 = VECTOR('',#7533,1.);
#7533 = DIRECTION('',(0.702740385383,-0.110959008218,0.702740385383));
#7534 = ORIENTED_EDGE('',*,*,#6762,.F.);
#7535 = ORIENTED_EDGE('',*,*,#7536,.F.);
#7536 = EDGE_CURVE('',#7506,#6763,#7537,.T.);
#7537 = LINE('',#7538,#7539);
#7538 = CARTESIAN_POINT('',(0.541586867305,-0.386566347469,
    -2.778413132695));
#7539 = VECTOR('',#7540,1.);
#7540 = DIRECTION('',(0.702740385383,-0.110959008218,0.702740385383));
#7541 = PLANE('',#7542);
#7542 = AXIS2_PLACEMENT_3D('',#7543,#7544,#7545);
#7543 = CARTESIAN_POINT('',(0.22,-0.32,-3.1));
#7544 = DIRECTION('',(-0.707106781187,1.735417226644E-18,0.707106781187)
  );
#7545 = DIRECTION('',(-1.227125289148E-18,-1.,1.227125289148E-18));
#7546 = ADVANCED_FACE('',(#7547),#7572,.F.);
#7547 = FACE_BOUND('',#7548,.F.);
#7548 = EDGE_LOOP('',(#7549,#7550,#7556,#7557,#7558,#7566));
#7549 = ORIENTED_EDGE('',*,*,#6891,.F.);
#7550 = ORIENTED_EDGE('',*,*,#7551,.T.);
#7551 = EDGE_CURVE('',#6884,#6804,#7552,.T.);
#7552 = LINE('',#7553,#7554);
#7553 = CARTESIAN_POINT('',(-0.32,-0.62,-1.3));
#7554 = VECTOR('',#7555,1.);
#7555 = DIRECTION('',(1.,0.,0.));
#7556 = ORIENTED_EDGE('',*,*,#6811,.T.);
#7557 = ORIENTED_EDGE('',*,*,#7536,.F.);
#7558 = ORIENTED_EDGE('',*,*,#7559,.F.);
#7559 = EDGE_CURVE('',#7560,#7506,#7562,.T.);
#7560 = VERTEX_POINT('',#7561);
#7561 = CARTESIAN_POINT('',(-0.317552593066,-0.351192514695,
    -3.002447406934));
#7562 = LINE('',#7563,#7564);
#7563 = CARTESIAN_POINT('',(-0.32,-0.351192514695,-3.002447406934));
#7564 = VECTOR('',#7565,1.);
#7565 = DIRECTION('',(1.,0.,0.));
#7566 = ORIENTED_EDGE('',*,*,#7567,.T.);
#7567 = EDGE_CURVE('',#7560,#6850,#7568,.T.);
#7568 = LINE('',#7569,#7570);
#7569 = CARTESIAN_POINT('',(-0.699616963064,-0.411518467852,
    -2.620383036936));
#7570 = VECTOR('',#7571,1.);
#7571 = DIRECTION('',(-0.702740385383,-0.110959008218,0.702740385383));
#7572 = PLANE('',#7573);
#7573 = AXIS2_PLACEMENT_3D('',#7574,#7575,#7576);
#7574 = CARTESIAN_POINT('',(-0.32,-0.62,-1.3));
#7575 = DIRECTION('',(0.,0.987762965329,0.155962573473));
#7576 = DIRECTION('',(0.,0.155962573473,-0.987762965329));
#7577 = ADVANCED_FACE('',(#7578),#7584,.F.);
#7578 = FACE_BOUND('',#7579,.F.);
#7579 = EDGE_LOOP('',(#7580,#7581,#7582,#7583));
#7580 = ORIENTED_EDGE('',*,*,#6908,.T.);
#7581 = ORIENTED_EDGE('',*,*,#6803,.T.);
#7582 = ORIENTED_EDGE('',*,*,#7551,.F.);
#7583 = ORIENTED_EDGE('',*,*,#6883,.F.);
#7584 = PLANE('',#7585);
#7585 = AXIS2_PLACEMENT_3D('',#7586,#7587,#7588);
#7586 = CARTESIAN_POINT('',(-0.32,-0.32,-0.7));
#7587 = DIRECTION('',(0.,0.894427191,-0.4472135955));
#7588 = DIRECTION('',(0.,-0.4472135955,-0.894427191));
#7589 = ADVANCED_FACE('',(#7590),#7601,.F.);
#7590 = FACE_BOUND('',#7591,.F.);
#7591 = EDGE_LOOP('',(#7592,#7598,#7599,#7600));
#7592 = ORIENTED_EDGE('',*,*,#7593,.T.);
#7593 = EDGE_CURVE('',#6860,#6773,#7594,.T.);
#7594 = LINE('',#7595,#7596);
#7595 = CARTESIAN_POINT('',(-0.32,2.E-02,-1.3));
#7596 = VECTOR('',#7597,1.);
#7597 = DIRECTION('',(1.,0.,0.));
#7598 = ORIENTED_EDGE('',*,*,#6780,.T.);
#7599 = ORIENTED_EDGE('',*,*,#6833,.F.);
#7600 = ORIENTED_EDGE('',*,*,#6867,.F.);
#7601 = PLANE('',#7602);
#7602 = AXIS2_PLACEMENT_3D('',#7603,#7604,#7605);
#7603 = CARTESIAN_POINT('',(-0.32,2.E-02,-1.3));
#7604 = DIRECTION('',(0.,-0.894427191,0.4472135955));
#7605 = DIRECTION('',(0.,0.4472135955,0.894427191));
#7606 = ADVANCED_FACE('',(#7607),#7627,.F.);
#7607 = FACE_BOUND('',#7608,.F.);
#7608 = EDGE_LOOP('',(#7609,#7610,#7618,#7624,#7625,#7626));
#7609 = ORIENTED_EDGE('',*,*,#6859,.F.);
#7610 = ORIENTED_EDGE('',*,*,#7611,.F.);
#7611 = EDGE_CURVE('',#7612,#6852,#7614,.T.);
#7612 = VERTEX_POINT('',#7613);
#7613 = CARTESIAN_POINT('',(-0.317552593066,0.288807485305,
    -3.002447406934));
#7614 = LINE('',#7615,#7616);
#7615 = CARTESIAN_POINT('',(-0.243720930233,0.300465116279,
    -3.076279069767));
#7616 = VECTOR('',#7617,1.);
#7617 = DIRECTION('',(-0.702740385383,-0.110959008218,0.702740385383));
#7618 = ORIENTED_EDGE('',*,*,#7619,.T.);
#7619 = EDGE_CURVE('',#7612,#7522,#7620,.T.);
#7620 = LINE('',#7621,#7622);
#7621 = CARTESIAN_POINT('',(-0.32,0.288807485305,-3.002447406934));
#7622 = VECTOR('',#7623,1.);
#7623 = DIRECTION('',(1.,0.,0.));
#7624 = ORIENTED_EDGE('',*,*,#7529,.T.);
#7625 = ORIENTED_EDGE('',*,*,#6772,.T.);
#7626 = ORIENTED_EDGE('',*,*,#7593,.F.);
#7627 = PLANE('',#7628);
#7628 = AXIS2_PLACEMENT_3D('',#7629,#7630,#7631);
#7629 = CARTESIAN_POINT('',(-0.32,0.32,-3.2));
#7630 = DIRECTION('',(0.,-0.987762965329,-0.155962573473));
#7631 = DIRECTION('',(0.,-0.155962573473,0.987762965329));
#7632 = ADVANCED_FACE('',(#7633),#7660,.T.);
#7633 = FACE_BOUND('',#7634,.F.);
#7634 = EDGE_LOOP('',(#7635,#7643,#7651,#7657,#7658,#7659));
#7635 = ORIENTED_EDGE('',*,*,#7636,.F.);
#7636 = EDGE_CURVE('',#7637,#7560,#7639,.T.);
#7637 = VERTEX_POINT('',#7638);
#7638 = CARTESIAN_POINT('',(-0.12,-0.12,-3.2));
#7639 = LINE('',#7640,#7641);
#7640 = CARTESIAN_POINT('',(-0.24881689775,-0.270752273427,
    -3.07118310225));
#7641 = VECTOR('',#7642,1.);
#7642 = DIRECTION('',(-0.544770019249,-0.63753529491,0.544770019249));
#7643 = ORIENTED_EDGE('',*,*,#7644,.T.);
#7644 = EDGE_CURVE('',#7637,#7645,#7647,.T.);
#7645 = VERTEX_POINT('',#7646);
#7646 = CARTESIAN_POINT('',(-0.12,0.12,-3.2));
#7647 = LINE('',#7648,#7649);
#7648 = CARTESIAN_POINT('',(-0.12,-0.32,-3.2));
#7649 = VECTOR('',#7650,1.);
#7650 = DIRECTION('',(0.,1.,0.));
#7651 = ORIENTED_EDGE('',*,*,#7652,.T.);
#7652 = EDGE_CURVE('',#7645,#7612,#7653,.T.);
#7653 = LINE('',#7654,#7655);
#7654 = CARTESIAN_POINT('',(-0.155697812072,0.150503562587,
    -3.164302187928));
#7655 = VECTOR('',#7656,1.);
#7656 = DIRECTION('',(-0.605209817607,0.517148096144,0.605209817607));
#7657 = ORIENTED_EDGE('',*,*,#7611,.T.);
#7658 = ORIENTED_EDGE('',*,*,#6849,.F.);
#7659 = ORIENTED_EDGE('',*,*,#7567,.F.);
#7660 = PLANE('',#7661);
#7661 = AXIS2_PLACEMENT_3D('',#7662,#7663,#7664);
#7662 = CARTESIAN_POINT('',(-0.22,-0.32,-3.1));
#7663 = DIRECTION('',(-0.707106781187,-1.735417226644E-18,
    -0.707106781187));
#7664 = DIRECTION('',(1.227125289148E-18,-1.,1.227125289148E-18));
#7665 = ADVANCED_FACE('',(#7666),#7707,.T.);
#7666 = FACE_BOUND('',#7667,.F.);
#7667 = EDGE_LOOP('',(#7668,#7678,#7686,#7694,#7700,#7701));
#7668 = ORIENTED_EDGE('',*,*,#7669,.F.);
#7669 = EDGE_CURVE('',#7670,#7672,#7674,.T.);
#7670 = VERTEX_POINT('',#7671);
#7671 = CARTESIAN_POINT('',(2.38,-0.12,-3.2));
#7672 = VERTEX_POINT('',#7673);
#7673 = CARTESIAN_POINT('',(2.182447406934,-0.351192514695,
    -3.002447406934));
#7674 = LINE('',#7675,#7676);
#7675 = CARTESIAN_POINT('',(2.25118310225,-0.270752273427,-3.07118310225
    ));
#7676 = VECTOR('',#7677,1.);
#7677 = DIRECTION('',(-0.544770019249,-0.63753529491,0.544770019249));
#7678 = ORIENTED_EDGE('',*,*,#7679,.T.);
#7679 = EDGE_CURVE('',#7670,#7680,#7682,.T.);
#7680 = VERTEX_POINT('',#7681);
#7681 = CARTESIAN_POINT('',(2.38,0.12,-3.2));
#7682 = LINE('',#7683,#7684);
#7683 = CARTESIAN_POINT('',(2.38,-0.32,-3.2));
#7684 = VECTOR('',#7685,1.);
#7685 = DIRECTION('',(0.,1.,0.));
#7686 = ORIENTED_EDGE('',*,*,#7687,.T.);
#7687 = EDGE_CURVE('',#7680,#7688,#7690,.T.);
#7688 = VERTEX_POINT('',#7689);
#7689 = CARTESIAN_POINT('',(2.182447406934,0.288807485305,
    -3.002447406934));
#7690 = LINE('',#7691,#7692);
#7691 = CARTESIAN_POINT('',(2.344302187928,0.150503562587,
    -3.164302187928));
#7692 = VECTOR('',#7693,1.);
#7693 = DIRECTION('',(-0.605209817607,0.517148096144,0.605209817607));
#7694 = ORIENTED_EDGE('',*,*,#7695,.T.);
#7695 = EDGE_CURVE('',#7688,#6925,#7696,.T.);
#7696 = LINE('',#7697,#7698);
#7697 = CARTESIAN_POINT('',(2.256279069767,0.300465116279,
    -3.076279069767));
#7698 = VECTOR('',#7699,1.);
#7699 = DIRECTION('',(-0.702740385383,-0.110959008218,0.702740385383));
#7700 = ORIENTED_EDGE('',*,*,#6922,.F.);
#7701 = ORIENTED_EDGE('',*,*,#7702,.F.);
#7702 = EDGE_CURVE('',#7672,#6923,#7703,.T.);
#7703 = LINE('',#7704,#7705);
#7704 = CARTESIAN_POINT('',(1.800383036936,-0.411518467852,
    -2.620383036936));
#7705 = VECTOR('',#7706,1.);
#7706 = DIRECTION('',(-0.702740385383,-0.110959008218,0.702740385383));
#7707 = PLANE('',#7708);
#7708 = AXIS2_PLACEMENT_3D('',#7709,#7710,#7711);
#7709 = CARTESIAN_POINT('',(2.28,-0.32,-3.1));
#7710 = DIRECTION('',(-0.707106781187,-1.735417226644E-18,
    -0.707106781187));
#7711 = DIRECTION('',(1.227125289148E-18,-1.,1.227125289148E-18));
#7712 = ADVANCED_FACE('',(#7713),#7738,.F.);
#7713 = FACE_BOUND('',#7714,.F.);
#7714 = EDGE_LOOP('',(#7715,#7716,#7722,#7723,#7731,#7737));
#7715 = ORIENTED_EDGE('',*,*,#6971,.F.);
#7716 = ORIENTED_EDGE('',*,*,#7717,.T.);
#7717 = EDGE_CURVE('',#6964,#7044,#7718,.T.);
#7718 = LINE('',#7719,#7720);
#7719 = CARTESIAN_POINT('',(2.18,-0.62,-1.3));
#7720 = VECTOR('',#7721,1.);
#7721 = DIRECTION('',(1.,0.,0.));
#7722 = ORIENTED_EDGE('',*,*,#7051,.T.);
#7723 = ORIENTED_EDGE('',*,*,#7724,.F.);
#7724 = EDGE_CURVE('',#7725,#7010,#7727,.T.);
#7725 = VERTEX_POINT('',#7726);
#7726 = CARTESIAN_POINT('',(2.817552593066,-0.351192514695,
    -3.002447406934));
#7727 = LINE('',#7728,#7729);
#7728 = CARTESIAN_POINT('',(3.041586867305,-0.386566347469,
    -2.778413132695));
#7729 = VECTOR('',#7730,1.);
#7730 = DIRECTION('',(0.702740385383,-0.110959008218,0.702740385383));
#7731 = ORIENTED_EDGE('',*,*,#7732,.F.);
#7732 = EDGE_CURVE('',#7672,#7725,#7733,.T.);
#7733 = LINE('',#7734,#7735);
#7734 = CARTESIAN_POINT('',(2.18,-0.351192514695,-3.002447406934));
#7735 = VECTOR('',#7736,1.);
#7736 = DIRECTION('',(1.,0.,0.));
#7737 = ORIENTED_EDGE('',*,*,#7702,.T.);
#7738 = PLANE('',#7739);
#7739 = AXIS2_PLACEMENT_3D('',#7740,#7741,#7742);
#7740 = CARTESIAN_POINT('',(2.18,-0.62,-1.3));
#7741 = DIRECTION('',(0.,0.987762965329,0.155962573473));
#7742 = DIRECTION('',(0.,0.155962573473,-0.987762965329));
#7743 = ADVANCED_FACE('',(#7744),#7750,.F.);
#7744 = FACE_BOUND('',#7745,.F.);
#7745 = EDGE_LOOP('',(#7746,#7747,#7748,#7749));
#7746 = ORIENTED_EDGE('',*,*,#6995,.T.);
#7747 = ORIENTED_EDGE('',*,*,#7043,.T.);
#7748 = ORIENTED_EDGE('',*,*,#7717,.F.);
#7749 = ORIENTED_EDGE('',*,*,#6963,.F.);
#7750 = PLANE('',#7751);
#7751 = AXIS2_PLACEMENT_3D('',#7752,#7753,#7754);
#7752 = CARTESIAN_POINT('',(2.18,-0.32,-0.7));
#7753 = DIRECTION('',(0.,0.894427191,-0.4472135955));
#7754 = DIRECTION('',(0.,-0.4472135955,-0.894427191));
#7755 = ADVANCED_FACE('',(#7756),#7767,.F.);
#7756 = FACE_BOUND('',#7757,.F.);
#7757 = EDGE_LOOP('',(#7758,#7764,#7765,#7766));
#7758 = ORIENTED_EDGE('',*,*,#7759,.T.);
#7759 = EDGE_CURVE('',#6933,#7020,#7760,.T.);
#7760 = LINE('',#7761,#7762);
#7761 = CARTESIAN_POINT('',(2.18,2.E-02,-1.3));
#7762 = VECTOR('',#7763,1.);
#7763 = DIRECTION('',(1.,0.,0.));
#7764 = ORIENTED_EDGE('',*,*,#7027,.T.);
#7765 = ORIENTED_EDGE('',*,*,#7066,.F.);
#7766 = ORIENTED_EDGE('',*,*,#6940,.F.);
#7767 = PLANE('',#7768);
#7768 = AXIS2_PLACEMENT_3D('',#7769,#7770,#7771);
#7769 = CARTESIAN_POINT('',(2.18,2.E-02,-1.3));
#7770 = DIRECTION('',(0.,-0.894427191,0.4472135955));
#7771 = DIRECTION('',(0.,0.4472135955,0.894427191));
#7772 = ADVANCED_FACE('',(#7773),#7793,.F.);
#7773 = FACE_BOUND('',#7774,.F.);
#7774 = EDGE_LOOP('',(#7775,#7776,#7777,#7785,#7791,#7792));
#7775 = ORIENTED_EDGE('',*,*,#6932,.F.);
#7776 = ORIENTED_EDGE('',*,*,#7695,.F.);
#7777 = ORIENTED_EDGE('',*,*,#7778,.T.);
#7778 = EDGE_CURVE('',#7688,#7779,#7781,.T.);
#7779 = VERTEX_POINT('',#7780);
#7780 = CARTESIAN_POINT('',(2.817552593066,0.288807485305,
    -3.002447406934));
#7781 = LINE('',#7782,#7783);
#7782 = CARTESIAN_POINT('',(2.18,0.288807485305,-3.002447406934));
#7783 = VECTOR('',#7784,1.);
#7784 = DIRECTION('',(1.,0.,0.));
#7785 = ORIENTED_EDGE('',*,*,#7786,.T.);
#7786 = EDGE_CURVE('',#7779,#7012,#7787,.T.);
#7787 = LINE('',#7788,#7789);
#7788 = CARTESIAN_POINT('',(2.585690834473,0.325417236662,
    -3.234309165527));
#7789 = VECTOR('',#7790,1.);
#7790 = DIRECTION('',(0.702740385383,-0.110959008218,0.702740385383));
#7791 = ORIENTED_EDGE('',*,*,#7019,.T.);
#7792 = ORIENTED_EDGE('',*,*,#7759,.F.);
#7793 = PLANE('',#7794);
#7794 = AXIS2_PLACEMENT_3D('',#7795,#7796,#7797);
#7795 = CARTESIAN_POINT('',(2.18,0.32,-3.2));
#7796 = DIRECTION('',(0.,-0.987762965329,-0.155962573473));
#7797 = DIRECTION('',(0.,-0.155962573473,0.987762965329));
#7798 = ADVANCED_FACE('',(#7799),#7826,.F.);
#7799 = FACE_BOUND('',#7800,.T.);
#7800 = EDGE_LOOP('',(#7801,#7809,#7817,#7823,#7824,#7825));
#7801 = ORIENTED_EDGE('',*,*,#7802,.F.);
#7802 = EDGE_CURVE('',#7803,#7725,#7805,.T.);
#7803 = VERTEX_POINT('',#7804);
#7804 = CARTESIAN_POINT('',(2.62,-0.12,-3.2));
#7805 = LINE('',#7806,#7807);
#7806 = CARTESIAN_POINT('',(2.653849098111,-0.159613036666,
    -3.166150901889));
#7807 = VECTOR('',#7808,1.);
#7808 = DIRECTION('',(0.544770019249,-0.63753529491,0.544770019249));
#7809 = ORIENTED_EDGE('',*,*,#7810,.T.);
#7810 = EDGE_CURVE('',#7803,#7811,#7813,.T.);
#7811 = VERTEX_POINT('',#7812);
#7812 = CARTESIAN_POINT('',(2.62,0.12,-3.2));
#7813 = LINE('',#7814,#7815);
#7814 = CARTESIAN_POINT('',(2.62,-0.32,-3.2));
#7815 = VECTOR('',#7816,1.);
#7816 = DIRECTION('',(0.,1.,0.));
#7817 = ORIENTED_EDGE('',*,*,#7818,.T.);
#7818 = EDGE_CURVE('',#7811,#7779,#7819,.T.);
#7819 = LINE('',#7820,#7821);
#7820 = CARTESIAN_POINT('',(2.538488556608,5.034896900541E-02,
    -3.281511443392));
#7821 = VECTOR('',#7822,1.);
#7822 = DIRECTION('',(0.605209817607,0.517148096144,0.605209817607));
#7823 = ORIENTED_EDGE('',*,*,#7786,.T.);
#7824 = ORIENTED_EDGE('',*,*,#7009,.F.);
#7825 = ORIENTED_EDGE('',*,*,#7724,.F.);
#7826 = PLANE('',#7827);
#7827 = AXIS2_PLACEMENT_3D('',#7828,#7829,#7830);
#7828 = CARTESIAN_POINT('',(2.72,-0.32,-3.1));
#7829 = DIRECTION('',(-0.707106781187,1.735417226644E-18,0.707106781187)
  );
#7830 = DIRECTION('',(-1.227125289148E-18,-1.,1.227125289148E-18));
#7831 = ADVANCED_FACE('',(#7832),#7843,.T.);
#7832 = FACE_BOUND('',#7833,.T.);
#7833 = EDGE_LOOP('',(#7834,#7835,#7836,#7842));
#7834 = ORIENTED_EDGE('',*,*,#7163,.F.);
#7835 = ORIENTED_EDGE('',*,*,#7140,.T.);
#7836 = ORIENTED_EDGE('',*,*,#7837,.T.);
#7837 = EDGE_CURVE('',#7133,#7196,#7838,.T.);
#7838 = LINE('',#7839,#7840);
#7839 = CARTESIAN_POINT('',(4.,0.65,6.));
#7840 = VECTOR('',#7841,1.);
#7841 = DIRECTION('',(-0.,-0.,-1.));
#7842 = ORIENTED_EDGE('',*,*,#7195,.F.);
#7843 = PLANE('',#7844);
#7844 = AXIS2_PLACEMENT_3D('',#7845,#7846,#7847);
#7845 = CARTESIAN_POINT('',(4.,-0.814780671729,3.627769701184));
#7846 = DIRECTION('',(-1.,-0.,-0.));
#7847 = DIRECTION('',(0.,0.,-1.));
#7848 = ADVANCED_FACE('',(#7849),#7860,.F.);
#7849 = FACE_BOUND('',#7850,.F.);
#7850 = EDGE_LOOP('',(#7851,#7852,#7853,#7859));
#7851 = ORIENTED_EDGE('',*,*,#7837,.T.);
#7852 = ORIENTED_EDGE('',*,*,#7203,.T.);
#7853 = ORIENTED_EDGE('',*,*,#7854,.F.);
#7854 = EDGE_CURVE('',#7125,#7204,#7855,.T.);
#7855 = LINE('',#7856,#7857);
#7856 = CARTESIAN_POINT('',(4.55,0.65,6.));
#7857 = VECTOR('',#7858,1.);
#7858 = DIRECTION('',(-0.,-0.,-1.));
#7859 = ORIENTED_EDGE('',*,*,#7132,.F.);
#7860 = PLANE('',#7861);
#7861 = AXIS2_PLACEMENT_3D('',#7862,#7863,#7864);
#7862 = CARTESIAN_POINT('',(4.,0.65,6.));
#7863 = DIRECTION('',(0.,-1.,0.));
#7864 = DIRECTION('',(1.,0.,0.));
#7865 = ADVANCED_FACE('',(#7866),#7877,.F.);
#7866 = FACE_BOUND('',#7867,.F.);
#7867 = EDGE_LOOP('',(#7868,#7869,#7870,#7876));
#7868 = ORIENTED_EDGE('',*,*,#7854,.T.);
#7869 = ORIENTED_EDGE('',*,*,#7211,.T.);
#7870 = ORIENTED_EDGE('',*,*,#7871,.F.);
#7871 = EDGE_CURVE('',#7117,#7212,#7872,.T.);
#7872 = LINE('',#7873,#7874);
#7873 = CARTESIAN_POINT('',(4.55,1.15,6.));
#7874 = VECTOR('',#7875,1.);
#7875 = DIRECTION('',(-0.,-0.,-1.));
#7876 = ORIENTED_EDGE('',*,*,#7124,.F.);
#7877 = PLANE('',#7878);
#7878 = AXIS2_PLACEMENT_3D('',#7879,#7880,#7881);
#7879 = CARTESIAN_POINT('',(4.55,0.65,6.));
#7880 = DIRECTION('',(1.,0.,0.));
#7881 = DIRECTION('',(-0.,1.,0.));
#7882 = ADVANCED_FACE('',(#7883),#7894,.F.);
#7883 = FACE_BOUND('',#7884,.F.);
#7884 = EDGE_LOOP('',(#7885,#7886,#7887,#7893));
#7885 = ORIENTED_EDGE('',*,*,#7871,.T.);
#7886 = ORIENTED_EDGE('',*,*,#7219,.T.);
#7887 = ORIENTED_EDGE('',*,*,#7888,.F.);
#7888 = EDGE_CURVE('',#7109,#7220,#7889,.T.);
#7889 = LINE('',#7890,#7891);
#7890 = CARTESIAN_POINT('',(-2.05,1.15,6.));
#7891 = VECTOR('',#7892,1.);
#7892 = DIRECTION('',(-0.,-0.,-1.));
#7893 = ORIENTED_EDGE('',*,*,#7116,.F.);
#7894 = PLANE('',#7895);
#7895 = AXIS2_PLACEMENT_3D('',#7896,#7897,#7898);
#7896 = CARTESIAN_POINT('',(4.55,1.15,6.));
#7897 = DIRECTION('',(0.,1.,0.));
#7898 = DIRECTION('',(-1.,0.,0.));
#7899 = ADVANCED_FACE('',(#7900),#7911,.F.);
#7900 = FACE_BOUND('',#7901,.F.);
#7901 = EDGE_LOOP('',(#7902,#7903,#7904,#7910));
#7902 = ORIENTED_EDGE('',*,*,#7888,.T.);
#7903 = ORIENTED_EDGE('',*,*,#7227,.T.);
#7904 = ORIENTED_EDGE('',*,*,#7905,.F.);
#7905 = EDGE_CURVE('',#7101,#7228,#7906,.T.);
#7906 = LINE('',#7907,#7908);
#7907 = CARTESIAN_POINT('',(-2.05,0.65,6.));
#7908 = VECTOR('',#7909,1.);
#7909 = DIRECTION('',(-0.,-0.,-1.));
#7910 = ORIENTED_EDGE('',*,*,#7108,.F.);
#7911 = PLANE('',#7912);
#7912 = AXIS2_PLACEMENT_3D('',#7913,#7914,#7915);
#7913 = CARTESIAN_POINT('',(-2.05,1.15,6.));
#7914 = DIRECTION('',(-1.,0.,0.));
#7915 = DIRECTION('',(0.,-1.,0.));
#7916 = ADVANCED_FACE('',(#7917),#7928,.F.);
#7917 = FACE_BOUND('',#7918,.F.);
#7918 = EDGE_LOOP('',(#7919,#7920,#7921,#7927));
#7919 = ORIENTED_EDGE('',*,*,#7905,.T.);
#7920 = ORIENTED_EDGE('',*,*,#7235,.T.);
#7921 = ORIENTED_EDGE('',*,*,#7922,.F.);
#7922 = EDGE_CURVE('',#7093,#7236,#7923,.T.);
#7923 = LINE('',#7924,#7925);
#7924 = CARTESIAN_POINT('',(-1.5,0.65,6.));
#7925 = VECTOR('',#7926,1.);
#7926 = DIRECTION('',(-0.,-0.,-1.));
#7927 = ORIENTED_EDGE('',*,*,#7100,.F.);
#7928 = PLANE('',#7929);
#7929 = AXIS2_PLACEMENT_3D('',#7930,#7931,#7932);
#7930 = CARTESIAN_POINT('',(-2.05,0.65,6.));
#7931 = DIRECTION('',(0.,-1.,0.));
#7932 = DIRECTION('',(1.,0.,0.));
#7933 = ADVANCED_FACE('',(#7934),#7940,.T.);
#7934 = FACE_BOUND('',#7935,.T.);
#7935 = EDGE_LOOP('',(#7936,#7937,#7938,#7939));
#7936 = ORIENTED_EDGE('',*,*,#7092,.T.);
#7937 = ORIENTED_EDGE('',*,*,#7488,.F.);
#7938 = ORIENTED_EDGE('',*,*,#7243,.F.);
#7939 = ORIENTED_EDGE('',*,*,#7922,.F.);
#7940 = PLANE('',#7941);
#7941 = AXIS2_PLACEMENT_3D('',#7942,#7943,#7944);
#7942 = CARTESIAN_POINT('',(-1.5,-0.814780671729,3.627769701184));
#7943 = DIRECTION('',(1.,-1.161353710568E-17,-1.299666824138E-17));
#7944 = DIRECTION('',(1.299666824138E-17,8.16181691586E-51,1.));
#7945 = ADVANCED_FACE('',(#7946),#7971,.T.);
#7946 = FACE_BOUND('',#7947,.T.);
#7947 = EDGE_LOOP('',(#7948,#7949,#7957,#7965));
#7948 = ORIENTED_EDGE('',*,*,#7274,.T.);
#7949 = ORIENTED_EDGE('',*,*,#7950,.T.);
#7950 = EDGE_CURVE('',#7277,#7951,#7953,.T.);
#7951 = VERTEX_POINT('',#7952);
#7952 = CARTESIAN_POINT('',(0.32,0.32,4.9));
#7953 = LINE('',#7954,#7955);
#7954 = CARTESIAN_POINT('',(0.32,0.32,-0.7));
#7955 = VECTOR('',#7956,1.);
#7956 = DIRECTION('',(0.,0.,1.));
#7957 = ORIENTED_EDGE('',*,*,#7958,.T.);
#7958 = EDGE_CURVE('',#7951,#7959,#7961,.T.);
#7959 = VERTEX_POINT('',#7960);
#7960 = CARTESIAN_POINT('',(0.32,-0.32,4.9));
#7961 = LINE('',#7962,#7963);
#7962 = CARTESIAN_POINT('',(0.32,0.32,4.9));
#7963 = VECTOR('',#7964,1.);
#7964 = DIRECTION('',(0.,-1.,0.));
#7965 = ORIENTED_EDGE('',*,*,#7966,.T.);
#7966 = EDGE_CURVE('',#7959,#7275,#7967,.T.);
#7967 = LINE('',#7968,#7969);
#7968 = CARTESIAN_POINT('',(0.32,-0.32,5.1));
#7969 = VECTOR('',#7970,1.);
#7970 = DIRECTION('',(0.,0.,-1.));
#7971 = PLANE('',#7972);
#7972 = AXIS2_PLACEMENT_3D('',#7973,#7974,#7975);
#7973 = CARTESIAN_POINT('',(0.32,-4.307486879287E-02,0.926376556288));
#7974 = DIRECTION('',(1.,0.,0.));
#7975 = DIRECTION('',(0.,0.,1.));
#7976 = ADVANCED_FACE('',(#7977),#7995,.F.);
#7977 = FACE_BOUND('',#7978,.F.);
#7978 = EDGE_LOOP('',(#7979,#7987,#7988,#7989));
#7979 = ORIENTED_EDGE('',*,*,#7980,.F.);
#7980 = EDGE_CURVE('',#7293,#7981,#7983,.T.);
#7981 = VERTEX_POINT('',#7982);
#7982 = CARTESIAN_POINT('',(-0.32,0.32,4.9));
#7983 = LINE('',#7984,#7985);
#7984 = CARTESIAN_POINT('',(-0.32,0.32,-0.7));
#7985 = VECTOR('',#7986,1.);
#7986 = DIRECTION('',(0.,0.,1.));
#7987 = ORIENTED_EDGE('',*,*,#7300,.T.);
#7988 = ORIENTED_EDGE('',*,*,#7950,.T.);
#7989 = ORIENTED_EDGE('',*,*,#7990,.F.);
#7990 = EDGE_CURVE('',#7981,#7951,#7991,.T.);
#7991 = LINE('',#7992,#7993);
#7992 = CARTESIAN_POINT('',(-0.32,0.32,4.9));
#7993 = VECTOR('',#7994,1.);
#7994 = DIRECTION('',(1.,0.,0.));
#7995 = PLANE('',#7996);
#7996 = AXIS2_PLACEMENT_3D('',#7997,#7998,#7999);
#7997 = CARTESIAN_POINT('',(-0.32,0.32,-0.7));
#7998 = DIRECTION('',(0.,-1.,0.));
#7999 = DIRECTION('',(0.,0.,1.));
#8000 = ADVANCED_FACE('',(#8001),#8019,.F.);
#8001 = FACE_BOUND('',#8002,.F.);
#8002 = EDGE_LOOP('',(#8003,#8004,#8005,#8013));
#8003 = ORIENTED_EDGE('',*,*,#7292,.T.);
#8004 = ORIENTED_EDGE('',*,*,#7980,.T.);
#8005 = ORIENTED_EDGE('',*,*,#8006,.T.);
#8006 = EDGE_CURVE('',#7981,#8007,#8009,.T.);
#8007 = VERTEX_POINT('',#8008);
#8008 = CARTESIAN_POINT('',(-0.32,-0.32,4.9));
#8009 = LINE('',#8010,#8011);
#8010 = CARTESIAN_POINT('',(-0.32,0.32,4.9));
#8011 = VECTOR('',#8012,1.);
#8012 = DIRECTION('',(0.,-1.,0.));
#8013 = ORIENTED_EDGE('',*,*,#8014,.T.);
#8014 = EDGE_CURVE('',#8007,#7285,#8015,.T.);
#8015 = LINE('',#8016,#8017);
#8016 = CARTESIAN_POINT('',(-0.32,-0.32,5.1));
#8017 = VECTOR('',#8018,1.);
#8018 = DIRECTION('',(0.,0.,-1.));
#8019 = PLANE('',#8020);
#8020 = AXIS2_PLACEMENT_3D('',#8021,#8022,#8023);
#8021 = CARTESIAN_POINT('',(-0.32,-4.307486879287E-02,0.926376556288));
#8022 = DIRECTION('',(1.,0.,0.));
#8023 = DIRECTION('',(0.,0.,1.));
#8024 = ADVANCED_FACE('',(#8025),#8036,.F.);
#8025 = FACE_BOUND('',#8026,.F.);
#8026 = EDGE_LOOP('',(#8027,#8028,#8034,#8035));
#8027 = ORIENTED_EDGE('',*,*,#8014,.F.);
#8028 = ORIENTED_EDGE('',*,*,#8029,.T.);
#8029 = EDGE_CURVE('',#8007,#7959,#8030,.T.);
#8030 = LINE('',#8031,#8032);
#8031 = CARTESIAN_POINT('',(-0.32,-0.32,4.9));
#8032 = VECTOR('',#8033,1.);
#8033 = DIRECTION('',(1.,0.,0.));
#8034 = ORIENTED_EDGE('',*,*,#7966,.T.);
#8035 = ORIENTED_EDGE('',*,*,#7284,.T.);
#8036 = PLANE('',#8037);
#8037 = AXIS2_PLACEMENT_3D('',#8038,#8039,#8040);
#8038 = CARTESIAN_POINT('',(-0.32,-0.32,5.1));
#8039 = DIRECTION('',(0.,1.,0.));
#8040 = DIRECTION('',(0.,0.,-1.));
#8041 = ADVANCED_FACE('',(#8042),#8067,.F.);
#8042 = FACE_BOUND('',#8043,.F.);
#8043 = EDGE_LOOP('',(#8044,#8045,#8053,#8061));
#8044 = ORIENTED_EDGE('',*,*,#7308,.T.);
#8045 = ORIENTED_EDGE('',*,*,#8046,.T.);
#8046 = EDGE_CURVE('',#7311,#8047,#8049,.T.);
#8047 = VERTEX_POINT('',#8048);
#8048 = CARTESIAN_POINT('',(2.18,0.32,4.9));
#8049 = LINE('',#8050,#8051);
#8050 = CARTESIAN_POINT('',(2.18,0.32,-0.7));
#8051 = VECTOR('',#8052,1.);
#8052 = DIRECTION('',(0.,0.,1.));
#8053 = ORIENTED_EDGE('',*,*,#8054,.T.);
#8054 = EDGE_CURVE('',#8047,#8055,#8057,.T.);
#8055 = VERTEX_POINT('',#8056);
#8056 = CARTESIAN_POINT('',(2.18,-0.32,4.9));
#8057 = LINE('',#8058,#8059);
#8058 = CARTESIAN_POINT('',(2.18,0.32,4.9));
#8059 = VECTOR('',#8060,1.);
#8060 = DIRECTION('',(0.,-1.,0.));
#8061 = ORIENTED_EDGE('',*,*,#8062,.T.);
#8062 = EDGE_CURVE('',#8055,#7309,#8063,.T.);
#8063 = LINE('',#8064,#8065);
#8064 = CARTESIAN_POINT('',(2.18,-0.32,5.1));
#8065 = VECTOR('',#8066,1.);
#8066 = DIRECTION('',(0.,0.,-1.));
#8067 = PLANE('',#8068);
#8068 = AXIS2_PLACEMENT_3D('',#8069,#8070,#8071);
#8069 = CARTESIAN_POINT('',(2.18,-4.307486879287E-02,0.926376556288));
#8070 = DIRECTION('',(1.,0.,0.));
#8071 = DIRECTION('',(0.,0.,1.));
#8072 = ADVANCED_FACE('',(#8073),#8091,.F.);
#8073 = FACE_BOUND('',#8074,.F.);
#8074 = EDGE_LOOP('',(#8075,#8076,#8084,#8090));
#8075 = ORIENTED_EDGE('',*,*,#8062,.F.);
#8076 = ORIENTED_EDGE('',*,*,#8077,.T.);
#8077 = EDGE_CURVE('',#8055,#8078,#8080,.T.);
#8078 = VERTEX_POINT('',#8079);
#8079 = CARTESIAN_POINT('',(2.82,-0.32,4.9));
#8080 = LINE('',#8081,#8082);
#8081 = CARTESIAN_POINT('',(2.18,-0.32,4.9));
#8082 = VECTOR('',#8083,1.);
#8083 = DIRECTION('',(1.,0.,0.));
#8084 = ORIENTED_EDGE('',*,*,#8085,.T.);
#8085 = EDGE_CURVE('',#8078,#7327,#8086,.T.);
#8086 = LINE('',#8087,#8088);
#8087 = CARTESIAN_POINT('',(2.82,-0.32,5.1));
#8088 = VECTOR('',#8089,1.);
#8089 = DIRECTION('',(0.,0.,-1.));
#8090 = ORIENTED_EDGE('',*,*,#7334,.T.);
#8091 = PLANE('',#8092);
#8092 = AXIS2_PLACEMENT_3D('',#8093,#8094,#8095);
#8093 = CARTESIAN_POINT('',(2.18,-0.32,5.1));
#8094 = DIRECTION('',(0.,1.,0.));
#8095 = DIRECTION('',(0.,0.,-1.));
#8096 = ADVANCED_FACE('',(#8097),#8115,.T.);
#8097 = FACE_BOUND('',#8098,.T.);
#8098 = EDGE_LOOP('',(#8099,#8100,#8108,#8114));
#8099 = ORIENTED_EDGE('',*,*,#7326,.T.);
#8100 = ORIENTED_EDGE('',*,*,#8101,.T.);
#8101 = EDGE_CURVE('',#7319,#8102,#8104,.T.);
#8102 = VERTEX_POINT('',#8103);
#8103 = CARTESIAN_POINT('',(2.82,0.32,4.9));
#8104 = LINE('',#8105,#8106);
#8105 = CARTESIAN_POINT('',(2.82,0.32,-0.7));
#8106 = VECTOR('',#8107,1.);
#8107 = DIRECTION('',(0.,0.,1.));
#8108 = ORIENTED_EDGE('',*,*,#8109,.T.);
#8109 = EDGE_CURVE('',#8102,#8078,#8110,.T.);
#8110 = LINE('',#8111,#8112);
#8111 = CARTESIAN_POINT('',(2.82,0.32,4.9));
#8112 = VECTOR('',#8113,1.);
#8113 = DIRECTION('',(0.,-1.,0.));
#8114 = ORIENTED_EDGE('',*,*,#8085,.T.);
#8115 = PLANE('',#8116);
#8116 = AXIS2_PLACEMENT_3D('',#8117,#8118,#8119);
#8117 = CARTESIAN_POINT('',(2.82,-4.307486879287E-02,0.926376556288));
#8118 = DIRECTION('',(1.,0.,0.));
#8119 = DIRECTION('',(0.,0.,1.));
#8120 = ADVANCED_FACE('',(#8121),#8132,.F.);
#8121 = FACE_BOUND('',#8122,.F.);
#8122 = EDGE_LOOP('',(#8123,#8124,#8125,#8126));
#8123 = ORIENTED_EDGE('',*,*,#8046,.F.);
#8124 = ORIENTED_EDGE('',*,*,#7318,.T.);
#8125 = ORIENTED_EDGE('',*,*,#8101,.T.);
#8126 = ORIENTED_EDGE('',*,*,#8127,.F.);
#8127 = EDGE_CURVE('',#8047,#8102,#8128,.T.);
#8128 = LINE('',#8129,#8130);
#8129 = CARTESIAN_POINT('',(2.18,0.32,4.9));
#8130 = VECTOR('',#8131,1.);
#8131 = DIRECTION('',(1.,0.,0.));
#8132 = PLANE('',#8133);
#8133 = AXIS2_PLACEMENT_3D('',#8134,#8135,#8136);
#8134 = CARTESIAN_POINT('',(2.18,0.32,-0.7));
#8135 = DIRECTION('',(0.,-1.,0.));
#8136 = DIRECTION('',(0.,0.,1.));
#8137 = ADVANCED_FACE('',(#8138),#8149,.T.);
#8138 = FACE_BOUND('',#8139,.T.);
#8139 = EDGE_LOOP('',(#8140,#8141,#8147,#8148));
#8140 = ORIENTED_EDGE('',*,*,#7636,.F.);
#8141 = ORIENTED_EDGE('',*,*,#8142,.T.);
#8142 = EDGE_CURVE('',#7637,#7504,#8143,.T.);
#8143 = LINE('',#8144,#8145);
#8144 = CARTESIAN_POINT('',(-0.32,-0.12,-3.2));
#8145 = VECTOR('',#8146,1.);
#8146 = DIRECTION('',(1.,0.,0.));
#8147 = ORIENTED_EDGE('',*,*,#7503,.T.);
#8148 = ORIENTED_EDGE('',*,*,#7559,.F.);
#8149 = PLANE('',#8150);
#8150 = AXIS2_PLACEMENT_3D('',#8151,#8152,#8153);
#8151 = CARTESIAN_POINT('',(-0.32,-0.235596257347,-3.101223703467));
#8152 = DIRECTION('',(-3.471050801573E-18,-0.64962967394,-0.760250805153
    ));
#8153 = DIRECTION('',(1.,-2.254897600456E-18,-2.638869166625E-18));
#8154 = ADVANCED_FACE('',(#8155),#8166,.F.);
#8155 = FACE_BOUND('',#8156,.F.);
#8156 = EDGE_LOOP('',(#8157,#8158,#8159,#8160));
#8157 = ORIENTED_EDGE('',*,*,#7644,.F.);
#8158 = ORIENTED_EDGE('',*,*,#8142,.T.);
#8159 = ORIENTED_EDGE('',*,*,#7513,.T.);
#8160 = ORIENTED_EDGE('',*,*,#8161,.F.);
#8161 = EDGE_CURVE('',#7645,#7514,#8162,.T.);
#8162 = LINE('',#8163,#8164);
#8163 = CARTESIAN_POINT('',(-0.32,0.12,-3.2));
#8164 = VECTOR('',#8165,1.);
#8165 = DIRECTION('',(1.,0.,0.));
#8166 = PLANE('',#8167);
#8167 = AXIS2_PLACEMENT_3D('',#8168,#8169,#8170);
#8168 = CARTESIAN_POINT('',(-0.32,-0.32,-3.2));
#8169 = DIRECTION('',(0.,0.,1.));
#8170 = DIRECTION('',(0.,1.,0.));
#8171 = ADVANCED_FACE('',(#8172),#8178,.T.);
#8172 = FACE_BOUND('',#8173,.F.);
#8173 = EDGE_LOOP('',(#8174,#8175,#8176,#8177));
#8174 = ORIENTED_EDGE('',*,*,#7652,.F.);
#8175 = ORIENTED_EDGE('',*,*,#8161,.T.);
#8176 = ORIENTED_EDGE('',*,*,#7521,.T.);
#8177 = ORIENTED_EDGE('',*,*,#7619,.F.);
#8178 = PLANE('',#8179);
#8179 = AXIS2_PLACEMENT_3D('',#8180,#8181,#8182);
#8180 = CARTESIAN_POINT('',(-0.32,0.204403742653,-3.101223703467));
#8181 = DIRECTION('',(0.,0.760250805153,-0.64962967394));
#8182 = DIRECTION('',(-1.,0.,-0.));
#8183 = ADVANCED_FACE('',(#8184),#8195,.T.);
#8184 = FACE_BOUND('',#8185,.T.);
#8185 = EDGE_LOOP('',(#8186,#8187,#8193,#8194));
#8186 = ORIENTED_EDGE('',*,*,#7669,.F.);
#8187 = ORIENTED_EDGE('',*,*,#8188,.T.);
#8188 = EDGE_CURVE('',#7670,#7803,#8189,.T.);
#8189 = LINE('',#8190,#8191);
#8190 = CARTESIAN_POINT('',(2.18,-0.12,-3.2));
#8191 = VECTOR('',#8192,1.);
#8192 = DIRECTION('',(1.,0.,0.));
#8193 = ORIENTED_EDGE('',*,*,#7802,.T.);
#8194 = ORIENTED_EDGE('',*,*,#7732,.F.);
#8195 = PLANE('',#8196);
#8196 = AXIS2_PLACEMENT_3D('',#8197,#8198,#8199);
#8197 = CARTESIAN_POINT('',(2.18,-0.235596257347,-3.101223703467));
#8198 = DIRECTION('',(-3.471050801573E-18,-0.64962967394,-0.760250805153
    ));
#8199 = DIRECTION('',(1.,-2.254897600456E-18,-2.638869166625E-18));
#8200 = ADVANCED_FACE('',(#8201),#8212,.F.);
#8201 = FACE_BOUND('',#8202,.F.);
#8202 = EDGE_LOOP('',(#8203,#8204,#8205,#8206));
#8203 = ORIENTED_EDGE('',*,*,#7679,.F.);
#8204 = ORIENTED_EDGE('',*,*,#8188,.T.);
#8205 = ORIENTED_EDGE('',*,*,#7810,.T.);
#8206 = ORIENTED_EDGE('',*,*,#8207,.F.);
#8207 = EDGE_CURVE('',#7680,#7811,#8208,.T.);
#8208 = LINE('',#8209,#8210);
#8209 = CARTESIAN_POINT('',(2.18,0.12,-3.2));
#8210 = VECTOR('',#8211,1.);
#8211 = DIRECTION('',(1.,0.,0.));
#8212 = PLANE('',#8213);
#8213 = AXIS2_PLACEMENT_3D('',#8214,#8215,#8216);
#8214 = CARTESIAN_POINT('',(2.18,-0.32,-3.2));
#8215 = DIRECTION('',(0.,0.,1.));
#8216 = DIRECTION('',(0.,1.,0.));
#8217 = ADVANCED_FACE('',(#8218),#8224,.T.);
#8218 = FACE_BOUND('',#8219,.F.);
#8219 = EDGE_LOOP('',(#8220,#8221,#8222,#8223));
#8220 = ORIENTED_EDGE('',*,*,#7687,.F.);
#8221 = ORIENTED_EDGE('',*,*,#8207,.T.);
#8222 = ORIENTED_EDGE('',*,*,#7818,.T.);
#8223 = ORIENTED_EDGE('',*,*,#7778,.F.);
#8224 = PLANE('',#8225);
#8225 = AXIS2_PLACEMENT_3D('',#8226,#8227,#8228);
#8226 = CARTESIAN_POINT('',(2.18,0.204403742653,-3.101223703467));
#8227 = DIRECTION('',(0.,0.760250805153,-0.64962967394));
#8228 = DIRECTION('',(-1.,0.,-0.));
#8229 = ADVANCED_FACE('',(#8230),#8255,.F.);
#8230 = FACE_BOUND('',#8231,.T.);
#8231 = EDGE_LOOP('',(#8232,#8240,#8248,#8254));
#8232 = ORIENTED_EDGE('',*,*,#8233,.T.);
#8233 = EDGE_CURVE('',#7951,#8234,#8236,.T.);
#8234 = VERTEX_POINT('',#8235);
#8235 = CARTESIAN_POINT('',(0.12,0.12,5.1));
#8236 = LINE('',#8237,#8238);
#8237 = CARTESIAN_POINT('',(0.146666666667,0.146666666667,5.073333333333
    ));
#8238 = VECTOR('',#8239,1.);
#8239 = DIRECTION('',(-0.57735026919,-0.57735026919,0.57735026919));
#8240 = ORIENTED_EDGE('',*,*,#8241,.T.);
#8241 = EDGE_CURVE('',#8234,#8242,#8244,.T.);
#8242 = VERTEX_POINT('',#8243);
#8243 = CARTESIAN_POINT('',(0.12,-0.12,5.1));
#8244 = LINE('',#8245,#8246);
#8245 = CARTESIAN_POINT('',(0.12,0.32,5.1));
#8246 = VECTOR('',#8247,1.);
#8247 = DIRECTION('',(0.,-1.,0.));
#8248 = ORIENTED_EDGE('',*,*,#8249,.T.);
#8249 = EDGE_CURVE('',#8242,#7959,#8250,.T.);
#8250 = LINE('',#8251,#8252);
#8251 = CARTESIAN_POINT('',(4.E-02,-4.E-02,5.18));
#8252 = VECTOR('',#8253,1.);
#8253 = DIRECTION('',(0.57735026919,-0.57735026919,-0.57735026919));
#8254 = ORIENTED_EDGE('',*,*,#7958,.F.);
#8255 = PLANE('',#8256);
#8256 = AXIS2_PLACEMENT_3D('',#8257,#8258,#8259);
#8257 = CARTESIAN_POINT('',(0.22,0.32,5.));
#8258 = DIRECTION('',(-0.707106781187,-1.735417226644E-18,
    -0.707106781187));
#8259 = DIRECTION('',(-1.227125289148E-18,1.,-1.227125289148E-18));
#8260 = ADVANCED_FACE('',(#8261),#8279,.T.);
#8261 = FACE_BOUND('',#8262,.F.);
#8262 = EDGE_LOOP('',(#8263,#8271,#8272,#8273));
#8263 = ORIENTED_EDGE('',*,*,#8264,.F.);
#8264 = EDGE_CURVE('',#7981,#8265,#8267,.T.);
#8265 = VERTEX_POINT('',#8266);
#8266 = CARTESIAN_POINT('',(-0.12,0.12,5.1));
#8267 = LINE('',#8268,#8269);
#8268 = CARTESIAN_POINT('',(-0.253333333333,0.253333333333,
    4.966666666667));
#8269 = VECTOR('',#8270,1.);
#8270 = DIRECTION('',(0.57735026919,-0.57735026919,0.57735026919));
#8271 = ORIENTED_EDGE('',*,*,#7990,.T.);
#8272 = ORIENTED_EDGE('',*,*,#8233,.T.);
#8273 = ORIENTED_EDGE('',*,*,#8274,.F.);
#8274 = EDGE_CURVE('',#8265,#8234,#8275,.T.);
#8275 = LINE('',#8276,#8277);
#8276 = CARTESIAN_POINT('',(-0.32,0.12,5.1));
#8277 = VECTOR('',#8278,1.);
#8278 = DIRECTION('',(1.,0.,0.));
#8279 = PLANE('',#8280);
#8280 = AXIS2_PLACEMENT_3D('',#8281,#8282,#8283);
#8281 = CARTESIAN_POINT('',(-0.32,0.22,5.));
#8282 = DIRECTION('',(1.735417226644E-18,0.707106781187,0.707106781187)
  );
#8283 = DIRECTION('',(-1.,1.227125289148E-18,1.227125289148E-18));
#8284 = ADVANCED_FACE('',(#8285),#8303,.T.);
#8285 = FACE_BOUND('',#8286,.F.);
#8286 = EDGE_LOOP('',(#8287,#8288,#8296,#8302));
#8287 = ORIENTED_EDGE('',*,*,#8264,.T.);
#8288 = ORIENTED_EDGE('',*,*,#8289,.T.);
#8289 = EDGE_CURVE('',#8265,#8290,#8292,.T.);
#8290 = VERTEX_POINT('',#8291);
#8291 = CARTESIAN_POINT('',(-0.12,-0.12,5.1));
#8292 = LINE('',#8293,#8294);
#8293 = CARTESIAN_POINT('',(-0.12,0.32,5.1));
#8294 = VECTOR('',#8295,1.);
#8295 = DIRECTION('',(0.,-1.,0.));
#8296 = ORIENTED_EDGE('',*,*,#8297,.T.);
#8297 = EDGE_CURVE('',#8290,#8007,#8298,.T.);
#8298 = LINE('',#8299,#8300);
#8299 = CARTESIAN_POINT('',(-0.146666666667,-0.146666666667,
    5.073333333333));
#8300 = VECTOR('',#8301,1.);
#8301 = DIRECTION('',(-0.57735026919,-0.57735026919,-0.57735026919));
#8302 = ORIENTED_EDGE('',*,*,#8006,.F.);
#8303 = PLANE('',#8304);
#8304 = AXIS2_PLACEMENT_3D('',#8305,#8306,#8307);
#8305 = CARTESIAN_POINT('',(-0.22,0.32,5.));
#8306 = DIRECTION('',(-0.707106781187,1.735417226644E-18,0.707106781187)
  );
#8307 = DIRECTION('',(1.227125289148E-18,1.,-1.227125289148E-18));
#8308 = ADVANCED_FACE('',(#8309),#8320,.T.);
#8309 = FACE_BOUND('',#8310,.F.);
#8310 = EDGE_LOOP('',(#8311,#8312,#8318,#8319));
#8311 = ORIENTED_EDGE('',*,*,#8297,.F.);
#8312 = ORIENTED_EDGE('',*,*,#8313,.T.);
#8313 = EDGE_CURVE('',#8290,#8242,#8314,.T.);
#8314 = LINE('',#8315,#8316);
#8315 = CARTESIAN_POINT('',(-0.32,-0.12,5.1));
#8316 = VECTOR('',#8317,1.);
#8317 = DIRECTION('',(1.,0.,0.));
#8318 = ORIENTED_EDGE('',*,*,#8249,.T.);
#8319 = ORIENTED_EDGE('',*,*,#8029,.F.);
#8320 = PLANE('',#8321);
#8321 = AXIS2_PLACEMENT_3D('',#8322,#8323,#8324);
#8322 = CARTESIAN_POINT('',(-0.32,-0.22,5.));
#8323 = DIRECTION('',(-1.735417226644E-18,-0.707106781187,0.707106781187
    ));
#8324 = DIRECTION('',(-1.,1.227125289148E-18,-1.227125289148E-18));
#8325 = ADVANCED_FACE('',(#8326),#8351,.T.);
#8326 = FACE_BOUND('',#8327,.F.);
#8327 = EDGE_LOOP('',(#8328,#8336,#8344,#8350));
#8328 = ORIENTED_EDGE('',*,*,#8329,.T.);
#8329 = EDGE_CURVE('',#8047,#8330,#8332,.T.);
#8330 = VERTEX_POINT('',#8331);
#8331 = CARTESIAN_POINT('',(2.38,0.12,5.1));
#8332 = LINE('',#8333,#8334);
#8333 = CARTESIAN_POINT('',(2.246666666667,0.253333333333,4.966666666667
    ));
#8334 = VECTOR('',#8335,1.);
#8335 = DIRECTION('',(0.57735026919,-0.57735026919,0.57735026919));
#8336 = ORIENTED_EDGE('',*,*,#8337,.T.);
#8337 = EDGE_CURVE('',#8330,#8338,#8340,.T.);
#8338 = VERTEX_POINT('',#8339);
#8339 = CARTESIAN_POINT('',(2.38,-0.12,5.1));
#8340 = LINE('',#8341,#8342);
#8341 = CARTESIAN_POINT('',(2.38,0.32,5.1));
#8342 = VECTOR('',#8343,1.);
#8343 = DIRECTION('',(0.,-1.,0.));
#8344 = ORIENTED_EDGE('',*,*,#8345,.T.);
#8345 = EDGE_CURVE('',#8338,#8055,#8346,.T.);
#8346 = LINE('',#8347,#8348);
#8347 = CARTESIAN_POINT('',(2.353333333333,-0.146666666667,
    5.073333333333));
#8348 = VECTOR('',#8349,1.);
#8349 = DIRECTION('',(-0.57735026919,-0.57735026919,-0.57735026919));
#8350 = ORIENTED_EDGE('',*,*,#8054,.F.);
#8351 = PLANE('',#8352);
#8352 = AXIS2_PLACEMENT_3D('',#8353,#8354,#8355);
#8353 = CARTESIAN_POINT('',(2.28,0.32,5.));
#8354 = DIRECTION('',(-0.707106781187,1.735417226644E-18,0.707106781187)
  );
#8355 = DIRECTION('',(1.227125289148E-18,1.,-1.227125289148E-18));
#8356 = ADVANCED_FACE('',(#8357),#8375,.T.);
#8357 = FACE_BOUND('',#8358,.F.);
#8358 = EDGE_LOOP('',(#8359,#8360,#8368,#8374));
#8359 = ORIENTED_EDGE('',*,*,#8345,.F.);
#8360 = ORIENTED_EDGE('',*,*,#8361,.T.);
#8361 = EDGE_CURVE('',#8338,#8362,#8364,.T.);
#8362 = VERTEX_POINT('',#8363);
#8363 = CARTESIAN_POINT('',(2.62,-0.12,5.1));
#8364 = LINE('',#8365,#8366);
#8365 = CARTESIAN_POINT('',(2.18,-0.12,5.1));
#8366 = VECTOR('',#8367,1.);
#8367 = DIRECTION('',(1.,0.,0.));
#8368 = ORIENTED_EDGE('',*,*,#8369,.T.);
#8369 = EDGE_CURVE('',#8362,#8078,#8370,.T.);
#8370 = LINE('',#8371,#8372);
#8371 = CARTESIAN_POINT('',(2.54,-4.E-02,5.18));
#8372 = VECTOR('',#8373,1.);
#8373 = DIRECTION('',(0.57735026919,-0.57735026919,-0.57735026919));
#8374 = ORIENTED_EDGE('',*,*,#8077,.F.);
#8375 = PLANE('',#8376);
#8376 = AXIS2_PLACEMENT_3D('',#8377,#8378,#8379);
#8377 = CARTESIAN_POINT('',(2.18,-0.22,5.));
#8378 = DIRECTION('',(-1.735417226644E-18,-0.707106781187,0.707106781187
    ));
#8379 = DIRECTION('',(-1.,1.227125289148E-18,-1.227125289148E-18));
#8380 = ADVANCED_FACE('',(#8381),#8399,.F.);
#8381 = FACE_BOUND('',#8382,.T.);
#8382 = EDGE_LOOP('',(#8383,#8391,#8397,#8398));
#8383 = ORIENTED_EDGE('',*,*,#8384,.T.);
#8384 = EDGE_CURVE('',#8102,#8385,#8387,.T.);
#8385 = VERTEX_POINT('',#8386);
#8386 = CARTESIAN_POINT('',(2.62,0.12,5.1));
#8387 = LINE('',#8388,#8389);
#8388 = CARTESIAN_POINT('',(2.646666666667,0.146666666667,5.073333333333
    ));
#8389 = VECTOR('',#8390,1.);
#8390 = DIRECTION('',(-0.57735026919,-0.57735026919,0.57735026919));
#8391 = ORIENTED_EDGE('',*,*,#8392,.T.);
#8392 = EDGE_CURVE('',#8385,#8362,#8393,.T.);
#8393 = LINE('',#8394,#8395);
#8394 = CARTESIAN_POINT('',(2.62,0.32,5.1));
#8395 = VECTOR('',#8396,1.);
#8396 = DIRECTION('',(0.,-1.,0.));
#8397 = ORIENTED_EDGE('',*,*,#8369,.T.);
#8398 = ORIENTED_EDGE('',*,*,#8109,.F.);
#8399 = PLANE('',#8400);
#8400 = AXIS2_PLACEMENT_3D('',#8401,#8402,#8403);
#8401 = CARTESIAN_POINT('',(2.72,0.32,5.));
#8402 = DIRECTION('',(-0.707106781187,-1.735417226644E-18,
    -0.707106781187));
#8403 = DIRECTION('',(-1.227125289148E-18,1.,-1.227125289148E-18));
#8404 = ADVANCED_FACE('',(#8405),#8416,.T.);
#8405 = FACE_BOUND('',#8406,.F.);
#8406 = EDGE_LOOP('',(#8407,#8408,#8409,#8410));
#8407 = ORIENTED_EDGE('',*,*,#8329,.F.);
#8408 = ORIENTED_EDGE('',*,*,#8127,.T.);
#8409 = ORIENTED_EDGE('',*,*,#8384,.T.);
#8410 = ORIENTED_EDGE('',*,*,#8411,.F.);
#8411 = EDGE_CURVE('',#8330,#8385,#8412,.T.);
#8412 = LINE('',#8413,#8414);
#8413 = CARTESIAN_POINT('',(2.18,0.12,5.1));
#8414 = VECTOR('',#8415,1.);
#8415 = DIRECTION('',(1.,0.,0.));
#8416 = PLANE('',#8417);
#8417 = AXIS2_PLACEMENT_3D('',#8418,#8419,#8420);
#8418 = CARTESIAN_POINT('',(2.18,0.22,5.));
#8419 = DIRECTION('',(1.735417226644E-18,0.707106781187,0.707106781187)
  );
#8420 = DIRECTION('',(-1.,1.227125289148E-18,1.227125289148E-18));
#8421 = ADVANCED_FACE('',(#8422),#8428,.F.);
#8422 = FACE_BOUND('',#8423,.F.);
#8423 = EDGE_LOOP('',(#8424,#8425,#8426,#8427));
#8424 = ORIENTED_EDGE('',*,*,#8274,.T.);
#8425 = ORIENTED_EDGE('',*,*,#8241,.T.);
#8426 = ORIENTED_EDGE('',*,*,#8313,.F.);
#8427 = ORIENTED_EDGE('',*,*,#8289,.F.);
#8428 = PLANE('',#8429);
#8429 = AXIS2_PLACEMENT_3D('',#8430,#8431,#8432);
#8430 = CARTESIAN_POINT('',(-0.32,0.32,5.1));
#8431 = DIRECTION('',(0.,0.,-1.));
#8432 = DIRECTION('',(0.,-1.,0.));
#8433 = ADVANCED_FACE('',(#8434),#8440,.F.);
#8434 = FACE_BOUND('',#8435,.F.);
#8435 = EDGE_LOOP('',(#8436,#8437,#8438,#8439));
#8436 = ORIENTED_EDGE('',*,*,#8411,.T.);
#8437 = ORIENTED_EDGE('',*,*,#8392,.T.);
#8438 = ORIENTED_EDGE('',*,*,#8361,.F.);
#8439 = ORIENTED_EDGE('',*,*,#8337,.F.);
#8440 = PLANE('',#8441);
#8441 = AXIS2_PLACEMENT_3D('',#8442,#8443,#8444);
#8442 = CARTESIAN_POINT('',(2.18,0.32,5.1));
#8443 = DIRECTION('',(0.,0.,-1.));
#8444 = DIRECTION('',(0.,-1.,0.));
#8445 = ( GEOMETRIC_REPRESENTATION_CONTEXT(3) 
GLOBAL_UNCERTAINTY_ASSIGNED_CONTEXT((#8449)) 
GLOBAL_UNIT_ASSIGNED_CONTEXT((#8446,#8447,#8448)) REPRESENTATION_CONTEXT
('Context #1','3D Context with UNIT and UNCERTAINTY') );
#8446 = ( LENGTH_UNIT() NAMED_UNIT(*) SI_UNIT(.MILLI.,.METRE.) );
#8447 = ( NAMED_UNIT(*) PLANE_ANGLE_UNIT() SI_UNIT($,.RADIAN.) );
#8448 = ( NAMED_UNIT(*) SI_UNIT($,.STERADIAN.) SOLID_ANGLE_UNIT() );
#8449 = UNCERTAINTY_MEASURE_WITH_UNIT(LENGTH_MEASURE(1.E-07),#8446,
  'distance_accuracy_value','confusion accuracy');
#8450 = CONTEXT_DEPENDENT_SHAPE_REPRESENTATION(#8451,#8453);
#8451 = ( REPRESENTATION_RELATIONSHIP('','',#5950,#10) 
REPRESENTATION_RELATIONSHIP_WITH_TRANSFORMATION(#8452) 
SHAPE_REPRESENTATION_RELATIONSHIP() );
#8452 = ITEM_DEFINED_TRANSFORMATION('','',#11,#23);
#8453 = PRODUCT_DEFINITION_SHAPE('Placement','Placement of an item',
  #8454);
#8454 = NEXT_ASSEMBLY_USAGE_OCCURRENCE('3','J1','',#5,#5945,$);
#8455 = PRODUCT_RELATED_PRODUCT_CATEGORY('part',$,(#5947));
#8456 = CONTEXT_DEPENDENT_SHAPE_REPRESENTATION(#8457,#8459);
#8457 = ( REPRESENTATION_RELATIONSHIP('','',#56,#10) 
REPRESENTATION_RELATIONSHIP_WITH_TRANSFORMATION(#8458) 
SHAPE_REPRESENTATION_RELATIONSHIP() );
#8458 = ITEM_DEFINED_TRANSFORMATION('','',#11,#27);
#8459 = PRODUCT_DEFINITION_SHAPE('Placement','Placement of an item',
  #8460);
#8460 = NEXT_ASSEMBLY_USAGE_OCCURRENCE('4','D1','',#5,#51,$);
#8461 = SHAPE_DEFINITION_REPRESENTATION(#8462,#8468);
#8462 = PRODUCT_DEFINITION_SHAPE('','',#8463);
#8463 = PRODUCT_DEFINITION('design','',#8464,#8467);
#8464 = PRODUCT_DEFINITION_FORMATION('','',#8465);
#8465 = PRODUCT('JST_PH_B2B-PH-K_1x02_P2.00mm_Vertical',
  'JST_PH_B2B-PH-K_1x02_P2.00mm_Vertical','',(#8466));
#8466 = PRODUCT_CONTEXT('',#2,'mechanical');
#8467 = PRODUCT_DEFINITION_CONTEXT('part definition',#2,'design');
#8468 = ADVANCED_BREP_SHAPE_REPRESENTATION('',(#11,#8469),#11361);
#8469 = MANIFOLD_SOLID_BREP('',#8470);
#8470 = CLOSED_SHELL('',(#8471,#8511,#8575,#8663,#8703,#8914,#8954,#8978
    ,#9003,#9027,#9076,#9098,#9131,#9155,#9186,#9203,#9236,#9253,#9296,
    #9313,#9359,#9376,#9439,#9463,#9510,#9534,#9558,#9575,#9592,#9616,
    #9640,#9657,#9688,#9712,#9736,#9753,#9788,#9828,#9852,#9893,#9942,
    #9988,#10005,#10017,#10048,#10104,#10128,#10177,#10189,#10292,#10316
    ,#10340,#10357,#10388,#10444,#10468,#10517,#10534,#10581,#10607,
    #10624,#10650,#10683,#10695,#10726,#10750,#10774,#10791,#10822,
    #10846,#10870,#10887,#10904,#10951,#10977,#10994,#11020,#11053,
    #11070,#11087,#11099,#11130,#11154,#11178,#11195,#11226,#11250,
    #11274,#11291,#11308,#11325,#11337,#11349));
#8471 = ADVANCED_FACE('',(#8472),#8506,.F.);
#8472 = FACE_BOUND('',#8473,.F.);
#8473 = EDGE_LOOP('',(#8474,#8484,#8492,#8500));
#8474 = ORIENTED_EDGE('',*,*,#8475,.T.);
#8475 = EDGE_CURVE('',#8476,#8478,#8480,.T.);
#8476 = VERTEX_POINT('',#8477);
#8477 = CARTESIAN_POINT('',(3.95,-2.8,0.));
#8478 = VERTEX_POINT('',#8479);
#8479 = CARTESIAN_POINT('',(3.95,1.7,0.));
#8480 = LINE('',#8481,#8482);
#8481 = CARTESIAN_POINT('',(3.95,-2.8,0.));
#8482 = VECTOR('',#8483,1.);
#8483 = DIRECTION('',(1.224646799147E-16,1.,0.));
#8484 = ORIENTED_EDGE('',*,*,#8485,.T.);
#8485 = EDGE_CURVE('',#8478,#8486,#8488,.T.);
#8486 = VERTEX_POINT('',#8487);
#8487 = CARTESIAN_POINT('',(2.75,1.7,0.));
#8488 = LINE('',#8489,#8490);
#8489 = CARTESIAN_POINT('',(3.95,1.7,0.));
#8490 = VECTOR('',#8491,1.);
#8491 = DIRECTION('',(-1.,1.224646799147E-16,0.));
#8492 = ORIENTED_EDGE('',*,*,#8493,.F.);
#8493 = EDGE_CURVE('',#8494,#8486,#8496,.T.);
#8494 = VERTEX_POINT('',#8495);
#8495 = CARTESIAN_POINT('',(2.75,-2.8,0.));
#8496 = LINE('',#8497,#8498);
#8497 = CARTESIAN_POINT('',(2.75,-2.8,0.));
#8498 = VECTOR('',#8499,1.);
#8499 = DIRECTION('',(1.224646799147E-16,1.,0.));
#8500 = ORIENTED_EDGE('',*,*,#8501,.T.);
#8501 = EDGE_CURVE('',#8494,#8476,#8502,.T.);
#8502 = LINE('',#8503,#8504);
#8503 = CARTESIAN_POINT('',(-1.95,-2.8,0.));
#8504 = VECTOR('',#8505,1.);
#8505 = DIRECTION('',(1.,-1.224646799147E-16,0.));
#8506 = PLANE('',#8507);
#8507 = AXIS2_PLACEMENT_3D('',#8508,#8509,#8510);
#8508 = CARTESIAN_POINT('',(1.,-0.55,0.));
#8509 = DIRECTION('',(0.,0.,1.));
#8510 = DIRECTION('',(-1.,1.224646799147E-16,0.));
#8511 = ADVANCED_FACE('',(#8512),#8570,.F.);
#8512 = FACE_BOUND('',#8513,.F.);
#8513 = EDGE_LOOP('',(#8514,#8515,#8523,#8531,#8539,#8548,#8556,#8564));
#8514 = ORIENTED_EDGE('',*,*,#8475,.F.);
#8515 = ORIENTED_EDGE('',*,*,#8516,.T.);
#8516 = EDGE_CURVE('',#8476,#8517,#8519,.T.);
#8517 = VERTEX_POINT('',#8518);
#8518 = CARTESIAN_POINT('',(3.95,-2.8,6.));
#8519 = LINE('',#8520,#8521);
#8520 = CARTESIAN_POINT('',(3.95,-2.8,0.));
#8521 = VECTOR('',#8522,1.);
#8522 = DIRECTION('',(0.,0.,1.));
#8523 = ORIENTED_EDGE('',*,*,#8524,.T.);
#8524 = EDGE_CURVE('',#8517,#8525,#8527,.T.);
#8525 = VERTEX_POINT('',#8526);
#8526 = CARTESIAN_POINT('',(3.95,-0.6,6.));
#8527 = LINE('',#8528,#8529);
#8528 = CARTESIAN_POINT('',(3.95,-2.8,6.));
#8529 = VECTOR('',#8530,1.);
#8530 = DIRECTION('',(1.224646799147E-16,1.,0.));
#8531 = ORIENTED_EDGE('',*,*,#8532,.F.);
#8532 = EDGE_CURVE('',#8533,#8525,#8535,.T.);
#8533 = VERTEX_POINT('',#8534);
#8534 = CARTESIAN_POINT('',(3.95,-0.6,4.4));
#8535 = LINE('',#8536,#8537);
#8536 = CARTESIAN_POINT('',(3.95,-0.6,4.4));
#8537 = VECTOR('',#8538,1.);
#8538 = DIRECTION('',(0.,0.,1.));
#8539 = ORIENTED_EDGE('',*,*,#8540,.F.);
#8540 = EDGE_CURVE('',#8541,#8533,#8543,.T.);
#8541 = VERTEX_POINT('',#8542);
#8542 = CARTESIAN_POINT('',(3.95,0.2,4.4));
#8543 = CIRCLE('',#8544,0.4);
#8544 = AXIS2_PLACEMENT_3D('',#8545,#8546,#8547);
#8545 = CARTESIAN_POINT('',(3.95,-0.2,4.4));
#8546 = DIRECTION('',(-1.,1.224646799147E-16,0.));
#8547 = DIRECTION('',(1.224646799147E-16,1.,0.));
#8548 = ORIENTED_EDGE('',*,*,#8549,.F.);
#8549 = EDGE_CURVE('',#8550,#8541,#8552,.T.);
#8550 = VERTEX_POINT('',#8551);
#8551 = CARTESIAN_POINT('',(3.95,0.2,6.));
#8552 = LINE('',#8553,#8554);
#8553 = CARTESIAN_POINT('',(3.95,0.2,6.));
#8554 = VECTOR('',#8555,1.);
#8555 = DIRECTION('',(-0.,0.,-1.));
#8556 = ORIENTED_EDGE('',*,*,#8557,.T.);
#8557 = EDGE_CURVE('',#8550,#8558,#8560,.T.);
#8558 = VERTEX_POINT('',#8559);
#8559 = CARTESIAN_POINT('',(3.95,1.7,6.));
#8560 = LINE('',#8561,#8562);
#8561 = CARTESIAN_POINT('',(3.95,-2.8,6.));
#8562 = VECTOR('',#8563,1.);
#8563 = DIRECTION('',(1.224646799147E-16,1.,0.));
#8564 = ORIENTED_EDGE('',*,*,#8565,.F.);
#8565 = EDGE_CURVE('',#8478,#8558,#8566,.T.);
#8566 = LINE('',#8567,#8568);
#8567 = CARTESIAN_POINT('',(3.95,1.7,0.));
#8568 = VECTOR('',#8569,1.);
#8569 = DIRECTION('',(0.,0.,1.));
#8570 = PLANE('',#8571);
#8571 = AXIS2_PLACEMENT_3D('',#8572,#8573,#8574);
#8572 = CARTESIAN_POINT('',(3.95,-2.8,0.));
#8573 = DIRECTION('',(-1.,1.224646799147E-16,0.));
#8574 = DIRECTION('',(1.224646799147E-16,1.,0.));
#8575 = ADVANCED_FACE('',(#8576),#8658,.F.);
#8576 = FACE_BOUND('',#8577,.F.);
#8577 = EDGE_LOOP('',(#8578,#8588,#8596,#8602,#8603,#8604,#8612,#8620,
    #8628,#8636,#8644,#8652));
#8578 = ORIENTED_EDGE('',*,*,#8579,.F.);
#8579 = EDGE_CURVE('',#8580,#8582,#8584,.T.);
#8580 = VERTEX_POINT('',#8581);
#8581 = CARTESIAN_POINT('',(-1.95,-2.8,0.));
#8582 = VERTEX_POINT('',#8583);
#8583 = CARTESIAN_POINT('',(-0.75,-2.8,0.));
#8584 = LINE('',#8585,#8586);
#8585 = CARTESIAN_POINT('',(-1.95,-2.8,0.));
#8586 = VECTOR('',#8587,1.);
#8587 = DIRECTION('',(1.,-1.224646799147E-16,0.));
#8588 = ORIENTED_EDGE('',*,*,#8589,.T.);
#8589 = EDGE_CURVE('',#8580,#8590,#8592,.T.);
#8590 = VERTEX_POINT('',#8591);
#8591 = CARTESIAN_POINT('',(-1.95,-2.8,6.));
#8592 = LINE('',#8593,#8594);
#8593 = CARTESIAN_POINT('',(-1.95,-2.8,0.));
#8594 = VECTOR('',#8595,1.);
#8595 = DIRECTION('',(0.,0.,1.));
#8596 = ORIENTED_EDGE('',*,*,#8597,.T.);
#8597 = EDGE_CURVE('',#8590,#8517,#8598,.T.);
#8598 = LINE('',#8599,#8600);
#8599 = CARTESIAN_POINT('',(-1.95,-2.8,6.));
#8600 = VECTOR('',#8601,1.);
#8601 = DIRECTION('',(1.,-1.224646799147E-16,0.));
#8602 = ORIENTED_EDGE('',*,*,#8516,.F.);
#8603 = ORIENTED_EDGE('',*,*,#8501,.F.);
#8604 = ORIENTED_EDGE('',*,*,#8605,.F.);
#8605 = EDGE_CURVE('',#8606,#8494,#8608,.T.);
#8606 = VERTEX_POINT('',#8607);
#8607 = CARTESIAN_POINT('',(2.75,-2.8,0.2));
#8608 = LINE('',#8609,#8610);
#8609 = CARTESIAN_POINT('',(2.75,-2.8,0.2));
#8610 = VECTOR('',#8611,1.);
#8611 = DIRECTION('',(-0.,0.,-1.));
#8612 = ORIENTED_EDGE('',*,*,#8613,.T.);
#8613 = EDGE_CURVE('',#8606,#8614,#8616,.T.);
#8614 = VERTEX_POINT('',#8615);
#8615 = CARTESIAN_POINT('',(1.25,-2.8,0.2));
#8616 = LINE('',#8617,#8618);
#8617 = CARTESIAN_POINT('',(2.75,-2.8,0.2));
#8618 = VECTOR('',#8619,1.);
#8619 = DIRECTION('',(-1.,1.224646799147E-16,0.));
#8620 = ORIENTED_EDGE('',*,*,#8621,.T.);
#8621 = EDGE_CURVE('',#8614,#8622,#8624,.T.);
#8622 = VERTEX_POINT('',#8623);
#8623 = CARTESIAN_POINT('',(1.25,-2.8,0.));
#8624 = LINE('',#8625,#8626);
#8625 = CARTESIAN_POINT('',(1.25,-2.8,0.2));
#8626 = VECTOR('',#8627,1.);
#8627 = DIRECTION('',(-0.,0.,-1.));
#8628 = ORIENTED_EDGE('',*,*,#8629,.F.);
#8629 = EDGE_CURVE('',#8630,#8622,#8632,.T.);
#8630 = VERTEX_POINT('',#8631);
#8631 = CARTESIAN_POINT('',(0.75,-2.8,0.));
#8632 = LINE('',#8633,#8634);
#8633 = CARTESIAN_POINT('',(-1.95,-2.8,0.));
#8634 = VECTOR('',#8635,1.);
#8635 = DIRECTION('',(1.,-1.224646799147E-16,0.));
#8636 = ORIENTED_EDGE('',*,*,#8637,.F.);
#8637 = EDGE_CURVE('',#8638,#8630,#8640,.T.);
#8638 = VERTEX_POINT('',#8639);
#8639 = CARTESIAN_POINT('',(0.75,-2.8,0.2));
#8640 = LINE('',#8641,#8642);
#8641 = CARTESIAN_POINT('',(0.75,-2.8,0.2));
#8642 = VECTOR('',#8643,1.);
#8643 = DIRECTION('',(-0.,0.,-1.));
#8644 = ORIENTED_EDGE('',*,*,#8645,.T.);
#8645 = EDGE_CURVE('',#8638,#8646,#8648,.T.);
#8646 = VERTEX_POINT('',#8647);
#8647 = CARTESIAN_POINT('',(-0.75,-2.8,0.2));
#8648 = LINE('',#8649,#8650);
#8649 = CARTESIAN_POINT('',(0.75,-2.8,0.2));
#8650 = VECTOR('',#8651,1.);
#8651 = DIRECTION('',(-1.,1.224646799147E-16,0.));
#8652 = ORIENTED_EDGE('',*,*,#8653,.T.);
#8653 = EDGE_CURVE('',#8646,#8582,#8654,.T.);
#8654 = LINE('',#8655,#8656);
#8655 = CARTESIAN_POINT('',(-0.75,-2.8,0.2));
#8656 = VECTOR('',#8657,1.);
#8657 = DIRECTION('',(-0.,0.,-1.));
#8658 = PLANE('',#8659);
#8659 = AXIS2_PLACEMENT_3D('',#8660,#8661,#8662);
#8660 = CARTESIAN_POINT('',(-1.95,-2.8,0.));
#8661 = DIRECTION('',(1.224646799147E-16,1.,0.));
#8662 = DIRECTION('',(1.,-1.224646799147E-16,0.));
#8663 = ADVANCED_FACE('',(#8664),#8698,.F.);
#8664 = FACE_BOUND('',#8665,.F.);
#8665 = EDGE_LOOP('',(#8666,#8674,#8682,#8690,#8696,#8697));
#8666 = ORIENTED_EDGE('',*,*,#8667,.T.);
#8667 = EDGE_CURVE('',#8486,#8668,#8670,.T.);
#8668 = VERTEX_POINT('',#8669);
#8669 = CARTESIAN_POINT('',(2.75,1.7,0.2));
#8670 = LINE('',#8671,#8672);
#8671 = CARTESIAN_POINT('',(2.75,1.7,0.));
#8672 = VECTOR('',#8673,1.);
#8673 = DIRECTION('',(0.,0.,1.));
#8674 = ORIENTED_EDGE('',*,*,#8675,.T.);
#8675 = EDGE_CURVE('',#8668,#8676,#8678,.T.);
#8676 = VERTEX_POINT('',#8677);
#8677 = CARTESIAN_POINT('',(2.75,0.5,0.1));
#8678 = LINE('',#8679,#8680);
#8679 = CARTESIAN_POINT('',(2.75,1.7,0.2));
#8680 = VECTOR('',#8681,1.);
#8681 = DIRECTION('',(-1.220416573038E-16,-0.996545758245,
    -8.304547985373E-02));
#8682 = ORIENTED_EDGE('',*,*,#8683,.T.);
#8683 = EDGE_CURVE('',#8676,#8684,#8686,.T.);
#8684 = VERTEX_POINT('',#8685);
#8685 = CARTESIAN_POINT('',(2.75,-0.5,0.1));
#8686 = LINE('',#8687,#8688);
#8687 = CARTESIAN_POINT('',(2.75,0.5,0.1));
#8688 = VECTOR('',#8689,1.);
#8689 = DIRECTION('',(-1.224646799147E-16,-1.,0.));
#8690 = ORIENTED_EDGE('',*,*,#8691,.T.);
#8691 = EDGE_CURVE('',#8684,#8606,#8692,.T.);
#8692 = LINE('',#8693,#8694);
#8693 = CARTESIAN_POINT('',(2.75,-0.5,0.1));
#8694 = VECTOR('',#8695,1.);
#8695 = DIRECTION('',(-1.223490926498E-16,-0.999056158355,
    4.343722427631E-02));
#8696 = ORIENTED_EDGE('',*,*,#8605,.T.);
#8697 = ORIENTED_EDGE('',*,*,#8493,.T.);
#8698 = PLANE('',#8699);
#8699 = AXIS2_PLACEMENT_3D('',#8700,#8701,#8702);
#8700 = CARTESIAN_POINT('',(2.75,-0.549524476701,7.07980355453E-02));
#8701 = DIRECTION('',(1.,-1.224646799147E-16,-0.));
#8702 = DIRECTION('',(-0.,0.,-1.));
#8703 = ADVANCED_FACE('',(#8704,#8875),#8909,.F.);
#8704 = FACE_BOUND('',#8705,.F.);
#8705 = EDGE_LOOP('',(#8706,#8707,#8708,#8716,#8724,#8732,#8740,#8748,
    #8756,#8764,#8772,#8780,#8788,#8796,#8804,#8812,#8820,#8828,#8836,
    #8844,#8852,#8860,#8868,#8874));
#8706 = ORIENTED_EDGE('',*,*,#8485,.F.);
#8707 = ORIENTED_EDGE('',*,*,#8565,.T.);
#8708 = ORIENTED_EDGE('',*,*,#8709,.T.);
#8709 = EDGE_CURVE('',#8558,#8710,#8712,.T.);
#8710 = VERTEX_POINT('',#8711);
#8711 = CARTESIAN_POINT('',(1.45,1.7,6.));
#8712 = LINE('',#8713,#8714);
#8713 = CARTESIAN_POINT('',(3.95,1.7,6.));
#8714 = VECTOR('',#8715,1.);
#8715 = DIRECTION('',(-1.,1.224646799147E-16,0.));
#8716 = ORIENTED_EDGE('',*,*,#8717,.T.);
#8717 = EDGE_CURVE('',#8710,#8718,#8720,.T.);
#8718 = VERTEX_POINT('',#8719);
#8719 = CARTESIAN_POINT('',(1.45,1.7,2.1));
#8720 = LINE('',#8721,#8722);
#8721 = CARTESIAN_POINT('',(1.45,1.7,6.));
#8722 = VECTOR('',#8723,1.);
#8723 = DIRECTION('',(-0.,0.,-1.));
#8724 = ORIENTED_EDGE('',*,*,#8725,.T.);
#8725 = EDGE_CURVE('',#8718,#8726,#8728,.T.);
#8726 = VERTEX_POINT('',#8727);
#8727 = CARTESIAN_POINT('',(0.55,1.7,2.1));
#8728 = LINE('',#8729,#8730);
#8729 = CARTESIAN_POINT('',(1.45,1.7,2.1));
#8730 = VECTOR('',#8731,1.);
#8731 = DIRECTION('',(-1.,1.224646799147E-16,0.));
#8732 = ORIENTED_EDGE('',*,*,#8733,.T.);
#8733 = EDGE_CURVE('',#8726,#8734,#8736,.T.);
#8734 = VERTEX_POINT('',#8735);
#8735 = CARTESIAN_POINT('',(0.55,1.7,6.));
#8736 = LINE('',#8737,#8738);
#8737 = CARTESIAN_POINT('',(0.55,1.7,2.1));
#8738 = VECTOR('',#8739,1.);
#8739 = DIRECTION('',(0.,0.,1.));
#8740 = ORIENTED_EDGE('',*,*,#8741,.T.);
#8741 = EDGE_CURVE('',#8734,#8742,#8744,.T.);
#8742 = VERTEX_POINT('',#8743);
#8743 = CARTESIAN_POINT('',(-0.45,1.7,6.));
#8744 = LINE('',#8745,#8746);
#8745 = CARTESIAN_POINT('',(3.95,1.7,6.));
#8746 = VECTOR('',#8747,1.);
#8747 = DIRECTION('',(-1.,1.224646799147E-16,0.));
#8748 = ORIENTED_EDGE('',*,*,#8749,.F.);
#8749 = EDGE_CURVE('',#8750,#8742,#8752,.T.);
#8750 = VERTEX_POINT('',#8751);
#8751 = CARTESIAN_POINT('',(-0.45,1.7,4.2));
#8752 = LINE('',#8753,#8754);
#8753 = CARTESIAN_POINT('',(-0.45,1.7,4.2));
#8754 = VECTOR('',#8755,1.);
#8755 = DIRECTION('',(0.,0.,1.));
#8756 = ORIENTED_EDGE('',*,*,#8757,.F.);
#8757 = EDGE_CURVE('',#8758,#8750,#8760,.T.);
#8758 = VERTEX_POINT('',#8759);
#8759 = CARTESIAN_POINT('',(-0.4,1.7,4.2));
#8760 = LINE('',#8761,#8762);
#8761 = CARTESIAN_POINT('',(-0.4,1.7,4.2));
#8762 = VECTOR('',#8763,1.);
#8763 = DIRECTION('',(-1.,1.224646799147E-16,0.));
#8764 = ORIENTED_EDGE('',*,*,#8765,.F.);
#8765 = EDGE_CURVE('',#8766,#8758,#8768,.T.);
#8766 = VERTEX_POINT('',#8767);
#8767 = CARTESIAN_POINT('',(-0.4,1.7,2.4));
#8768 = LINE('',#8769,#8770);
#8769 = CARTESIAN_POINT('',(-0.4,1.7,2.4));
#8770 = VECTOR('',#8771,1.);
#8771 = DIRECTION('',(0.,0.,1.));
#8772 = ORIENTED_EDGE('',*,*,#8773,.F.);
#8773 = EDGE_CURVE('',#8774,#8766,#8776,.T.);
#8774 = VERTEX_POINT('',#8775);
#8775 = CARTESIAN_POINT('',(-1.4,1.7,2.4));
#8776 = LINE('',#8777,#8778);
#8777 = CARTESIAN_POINT('',(-1.4,1.7,2.4));
#8778 = VECTOR('',#8779,1.);
#8779 = DIRECTION('',(1.,-1.224646799147E-16,0.));
#8780 = ORIENTED_EDGE('',*,*,#8781,.F.);
#8781 = EDGE_CURVE('',#8782,#8774,#8784,.T.);
#8782 = VERTEX_POINT('',#8783);
#8783 = CARTESIAN_POINT('',(-1.4,1.7,4.2));
#8784 = LINE('',#8785,#8786);
#8785 = CARTESIAN_POINT('',(-1.4,1.7,4.2));
#8786 = VECTOR('',#8787,1.);
#8787 = DIRECTION('',(-0.,0.,-1.));
#8788 = ORIENTED_EDGE('',*,*,#8789,.F.);
#8789 = EDGE_CURVE('',#8790,#8782,#8792,.T.);
#8790 = VERTEX_POINT('',#8791);
#8791 = CARTESIAN_POINT('',(-0.95,1.7,4.2));
#8792 = LINE('',#8793,#8794);
#8793 = CARTESIAN_POINT('',(-0.4,1.7,4.2));
#8794 = VECTOR('',#8795,1.);
#8795 = DIRECTION('',(-1.,1.224646799147E-16,0.));
#8796 = ORIENTED_EDGE('',*,*,#8797,.T.);
#8797 = EDGE_CURVE('',#8790,#8798,#8800,.T.);
#8798 = VERTEX_POINT('',#8799);
#8799 = CARTESIAN_POINT('',(-0.95,1.7,6.));
#8800 = LINE('',#8801,#8802);
#8801 = CARTESIAN_POINT('',(-0.95,1.7,4.2));
#8802 = VECTOR('',#8803,1.);
#8803 = DIRECTION('',(0.,0.,1.));
#8804 = ORIENTED_EDGE('',*,*,#8805,.T.);
#8805 = EDGE_CURVE('',#8798,#8806,#8808,.T.);
#8806 = VERTEX_POINT('',#8807);
#8807 = CARTESIAN_POINT('',(-1.95,1.7,6.));
#8808 = LINE('',#8809,#8810);
#8809 = CARTESIAN_POINT('',(3.95,1.7,6.));
#8810 = VECTOR('',#8811,1.);
#8811 = DIRECTION('',(-1.,1.224646799147E-16,0.));
#8812 = ORIENTED_EDGE('',*,*,#8813,.F.);
#8813 = EDGE_CURVE('',#8814,#8806,#8816,.T.);
#8814 = VERTEX_POINT('',#8815);
#8815 = CARTESIAN_POINT('',(-1.95,1.7,0.));
#8816 = LINE('',#8817,#8818);
#8817 = CARTESIAN_POINT('',(-1.95,1.7,0.));
#8818 = VECTOR('',#8819,1.);
#8819 = DIRECTION('',(0.,0.,1.));
#8820 = ORIENTED_EDGE('',*,*,#8821,.F.);
#8821 = EDGE_CURVE('',#8822,#8814,#8824,.T.);
#8822 = VERTEX_POINT('',#8823);
#8823 = CARTESIAN_POINT('',(-0.75,1.7,0.));
#8824 = LINE('',#8825,#8826);
#8825 = CARTESIAN_POINT('',(3.95,1.7,0.));
#8826 = VECTOR('',#8827,1.);
#8827 = DIRECTION('',(-1.,1.224646799147E-16,0.));
#8828 = ORIENTED_EDGE('',*,*,#8829,.T.);
#8829 = EDGE_CURVE('',#8822,#8830,#8832,.T.);
#8830 = VERTEX_POINT('',#8831);
#8831 = CARTESIAN_POINT('',(-0.75,1.7,0.2));
#8832 = LINE('',#8833,#8834);
#8833 = CARTESIAN_POINT('',(-0.75,1.7,0.));
#8834 = VECTOR('',#8835,1.);
#8835 = DIRECTION('',(0.,0.,1.));
#8836 = ORIENTED_EDGE('',*,*,#8837,.F.);
#8837 = EDGE_CURVE('',#8838,#8830,#8840,.T.);
#8838 = VERTEX_POINT('',#8839);
#8839 = CARTESIAN_POINT('',(0.75,1.7,0.2));
#8840 = LINE('',#8841,#8842);
#8841 = CARTESIAN_POINT('',(0.75,1.7,0.2));
#8842 = VECTOR('',#8843,1.);
#8843 = DIRECTION('',(-1.,1.224646799147E-16,0.));
#8844 = ORIENTED_EDGE('',*,*,#8845,.F.);
#8845 = EDGE_CURVE('',#8846,#8838,#8848,.T.);
#8846 = VERTEX_POINT('',#8847);
#8847 = CARTESIAN_POINT('',(0.75,1.7,0.));
#8848 = LINE('',#8849,#8850);
#8849 = CARTESIAN_POINT('',(0.75,1.7,0.));
#8850 = VECTOR('',#8851,1.);
#8851 = DIRECTION('',(0.,0.,1.));
#8852 = ORIENTED_EDGE('',*,*,#8853,.F.);
#8853 = EDGE_CURVE('',#8854,#8846,#8856,.T.);
#8854 = VERTEX_POINT('',#8855);
#8855 = CARTESIAN_POINT('',(1.25,1.7,0.));
#8856 = LINE('',#8857,#8858);
#8857 = CARTESIAN_POINT('',(3.95,1.7,0.));
#8858 = VECTOR('',#8859,1.);
#8859 = DIRECTION('',(-1.,1.224646799147E-16,0.));
#8860 = ORIENTED_EDGE('',*,*,#8861,.T.);
#8861 = EDGE_CURVE('',#8854,#8862,#8864,.T.);
#8862 = VERTEX_POINT('',#8863);
#8863 = CARTESIAN_POINT('',(1.25,1.7,0.2));
#8864 = LINE('',#8865,#8866);
#8865 = CARTESIAN_POINT('',(1.25,1.7,0.));
#8866 = VECTOR('',#8867,1.);
#8867 = DIRECTION('',(0.,0.,1.));
#8868 = ORIENTED_EDGE('',*,*,#8869,.F.);
#8869 = EDGE_CURVE('',#8668,#8862,#8870,.T.);
#8870 = LINE('',#8871,#8872);
#8871 = CARTESIAN_POINT('',(2.75,1.7,0.2));
#8872 = VECTOR('',#8873,1.);
#8873 = DIRECTION('',(-1.,1.224646799147E-16,0.));
#8874 = ORIENTED_EDGE('',*,*,#8667,.F.);
#8875 = FACE_BOUND('',#8876,.F.);
#8876 = EDGE_LOOP('',(#8877,#8887,#8895,#8903));
#8877 = ORIENTED_EDGE('',*,*,#8878,.T.);
#8878 = EDGE_CURVE('',#8879,#8881,#8883,.T.);
#8879 = VERTEX_POINT('',#8880);
#8880 = CARTESIAN_POINT('',(2.4,1.7,4.2));
#8881 = VERTEX_POINT('',#8882);
#8882 = CARTESIAN_POINT('',(3.4,1.7,4.2));
#8883 = LINE('',#8884,#8885);
#8884 = CARTESIAN_POINT('',(2.4,1.7,4.2));
#8885 = VECTOR('',#8886,1.);
#8886 = DIRECTION('',(1.,-1.224646799147E-16,0.));
#8887 = ORIENTED_EDGE('',*,*,#8888,.T.);
#8888 = EDGE_CURVE('',#8881,#8889,#8891,.T.);
#8889 = VERTEX_POINT('',#8890);
#8890 = CARTESIAN_POINT('',(3.4,1.7,2.4));
#8891 = LINE('',#8892,#8893);
#8892 = CARTESIAN_POINT('',(3.4,1.7,4.2));
#8893 = VECTOR('',#8894,1.);
#8894 = DIRECTION('',(-0.,0.,-1.));
#8895 = ORIENTED_EDGE('',*,*,#8896,.T.);
#8896 = EDGE_CURVE('',#8889,#8897,#8899,.T.);
#8897 = VERTEX_POINT('',#8898);
#8898 = CARTESIAN_POINT('',(2.4,1.7,2.4));
#8899 = LINE('',#8900,#8901);
#8900 = CARTESIAN_POINT('',(3.4,1.7,2.4));
#8901 = VECTOR('',#8902,1.);
#8902 = DIRECTION('',(-1.,1.224646799147E-16,0.));
#8903 = ORIENTED_EDGE('',*,*,#8904,.T.);
#8904 = EDGE_CURVE('',#8897,#8879,#8905,.T.);
#8905 = LINE('',#8906,#8907);
#8906 = CARTESIAN_POINT('',(2.4,1.7,2.4));
#8907 = VECTOR('',#8908,1.);
#8908 = DIRECTION('',(0.,0.,1.));
#8909 = PLANE('',#8910);
#8910 = AXIS2_PLACEMENT_3D('',#8911,#8912,#8913);
#8911 = CARTESIAN_POINT('',(3.95,1.7,0.));
#8912 = DIRECTION('',(-1.224646799147E-16,-1.,0.));
#8913 = DIRECTION('',(-1.,1.224646799147E-16,0.));
#8914 = ADVANCED_FACE('',(#8915),#8949,.T.);
#8915 = FACE_BOUND('',#8916,.T.);
#8916 = EDGE_LOOP('',(#8917,#8925,#8926,#8927,#8935,#8943));
#8917 = ORIENTED_EDGE('',*,*,#8918,.F.);
#8918 = EDGE_CURVE('',#8550,#8919,#8921,.T.);
#8919 = VERTEX_POINT('',#8920);
#8920 = CARTESIAN_POINT('',(3.45,0.2,6.));
#8921 = LINE('',#8922,#8923);
#8922 = CARTESIAN_POINT('',(3.95,0.2,6.));
#8923 = VECTOR('',#8924,1.);
#8924 = DIRECTION('',(-1.,1.224646799147E-16,0.));
#8925 = ORIENTED_EDGE('',*,*,#8557,.T.);
#8926 = ORIENTED_EDGE('',*,*,#8709,.T.);
#8927 = ORIENTED_EDGE('',*,*,#8928,.T.);
#8928 = EDGE_CURVE('',#8710,#8929,#8931,.T.);
#8929 = VERTEX_POINT('',#8930);
#8930 = CARTESIAN_POINT('',(1.45,1.1,6.));
#8931 = LINE('',#8932,#8933);
#8932 = CARTESIAN_POINT('',(1.45,1.7,6.));
#8933 = VECTOR('',#8934,1.);
#8934 = DIRECTION('',(-1.224646799147E-16,-1.,0.));
#8935 = ORIENTED_EDGE('',*,*,#8936,.F.);
#8936 = EDGE_CURVE('',#8937,#8929,#8939,.T.);
#8937 = VERTEX_POINT('',#8938);
#8938 = CARTESIAN_POINT('',(3.45,1.1,6.));
#8939 = LINE('',#8940,#8941);
#8940 = CARTESIAN_POINT('',(3.45,1.1,6.));
#8941 = VECTOR('',#8942,1.);
#8942 = DIRECTION('',(-1.,1.224646799147E-16,0.));
#8943 = ORIENTED_EDGE('',*,*,#8944,.F.);
#8944 = EDGE_CURVE('',#8919,#8937,#8945,.T.);
#8945 = LINE('',#8946,#8947);
#8946 = CARTESIAN_POINT('',(3.45,-2.3,6.));
#8947 = VECTOR('',#8948,1.);
#8948 = DIRECTION('',(1.224646799147E-16,1.,0.));
#8949 = PLANE('',#8950);
#8950 = AXIS2_PLACEMENT_3D('',#8951,#8952,#8953);
#8951 = CARTESIAN_POINT('',(1.,-0.55,6.));
#8952 = DIRECTION('',(0.,0.,1.));
#8953 = DIRECTION('',(-1.,1.224646799147E-16,0.));
#8954 = ADVANCED_FACE('',(#8955),#8973,.T.);
#8955 = FACE_BOUND('',#8956,.T.);
#8956 = EDGE_LOOP('',(#8957,#8958,#8959,#8967));
#8957 = ORIENTED_EDGE('',*,*,#8549,.F.);
#8958 = ORIENTED_EDGE('',*,*,#8918,.T.);
#8959 = ORIENTED_EDGE('',*,*,#8960,.T.);
#8960 = EDGE_CURVE('',#8919,#8961,#8963,.T.);
#8961 = VERTEX_POINT('',#8962);
#8962 = CARTESIAN_POINT('',(3.45,0.2,4.4));
#8963 = LINE('',#8964,#8965);
#8964 = CARTESIAN_POINT('',(3.45,0.2,6.));
#8965 = VECTOR('',#8966,1.);
#8966 = DIRECTION('',(-0.,0.,-1.));
#8967 = ORIENTED_EDGE('',*,*,#8968,.F.);
#8968 = EDGE_CURVE('',#8541,#8961,#8969,.T.);
#8969 = LINE('',#8970,#8971);
#8970 = CARTESIAN_POINT('',(3.95,0.2,4.4));
#8971 = VECTOR('',#8972,1.);
#8972 = DIRECTION('',(-1.,1.224646799147E-16,0.));
#8973 = PLANE('',#8974);
#8974 = AXIS2_PLACEMENT_3D('',#8975,#8976,#8977);
#8975 = CARTESIAN_POINT('',(3.95,0.2,6.));
#8976 = DIRECTION('',(-1.224646799147E-16,-1.,0.));
#8977 = DIRECTION('',(-0.,0.,-1.));
#8978 = ADVANCED_FACE('',(#8979),#8998,.F.);
#8979 = FACE_BOUND('',#8980,.F.);
#8980 = EDGE_LOOP('',(#8981,#8989,#8996,#8997));
#8981 = ORIENTED_EDGE('',*,*,#8982,.T.);
#8982 = EDGE_CURVE('',#8533,#8983,#8985,.T.);
#8983 = VERTEX_POINT('',#8984);
#8984 = CARTESIAN_POINT('',(3.45,-0.6,4.4));
#8985 = LINE('',#8986,#8987);
#8986 = CARTESIAN_POINT('',(3.95,-0.6,4.4));
#8987 = VECTOR('',#8988,1.);
#8988 = DIRECTION('',(-1.,1.224646799147E-16,0.));
#8989 = ORIENTED_EDGE('',*,*,#8990,.T.);
#8990 = EDGE_CURVE('',#8983,#8961,#8991,.T.);
#8991 = CIRCLE('',#8992,0.4);
#8992 = AXIS2_PLACEMENT_3D('',#8993,#8994,#8995);
#8993 = CARTESIAN_POINT('',(3.45,-0.2,4.4));
#8994 = DIRECTION('',(1.,-1.224646799147E-16,0.));
#8995 = DIRECTION('',(1.224646799147E-16,1.,0.));
#8996 = ORIENTED_EDGE('',*,*,#8968,.F.);
#8997 = ORIENTED_EDGE('',*,*,#8540,.T.);
#8998 = CYLINDRICAL_SURFACE('',#8999,0.4);
#8999 = AXIS2_PLACEMENT_3D('',#9000,#9001,#9002);
#9000 = CARTESIAN_POINT('',(3.95,-0.2,4.4));
#9001 = DIRECTION('',(1.,-1.224646799147E-16,-0.));
#9002 = DIRECTION('',(1.224646799147E-16,1.,0.));
#9003 = ADVANCED_FACE('',(#9004),#9022,.T.);
#9004 = FACE_BOUND('',#9005,.T.);
#9005 = EDGE_LOOP('',(#9006,#9007,#9008,#9016));
#9006 = ORIENTED_EDGE('',*,*,#8532,.F.);
#9007 = ORIENTED_EDGE('',*,*,#8982,.T.);
#9008 = ORIENTED_EDGE('',*,*,#9009,.T.);
#9009 = EDGE_CURVE('',#8983,#9010,#9012,.T.);
#9010 = VERTEX_POINT('',#9011);
#9011 = CARTESIAN_POINT('',(3.45,-0.6,6.));
#9012 = LINE('',#9013,#9014);
#9013 = CARTESIAN_POINT('',(3.45,-0.6,5.2));
#9014 = VECTOR('',#9015,1.);
#9015 = DIRECTION('',(0.,0.,1.));
#9016 = ORIENTED_EDGE('',*,*,#9017,.F.);
#9017 = EDGE_CURVE('',#8525,#9010,#9018,.T.);
#9018 = LINE('',#9019,#9020);
#9019 = CARTESIAN_POINT('',(3.95,-0.6,6.));
#9020 = VECTOR('',#9021,1.);
#9021 = DIRECTION('',(-1.,1.224646799147E-16,0.));
#9022 = PLANE('',#9023);
#9023 = AXIS2_PLACEMENT_3D('',#9024,#9025,#9026);
#9024 = CARTESIAN_POINT('',(3.95,-0.6,4.4));
#9025 = DIRECTION('',(1.224646799147E-16,1.,0.));
#9026 = DIRECTION('',(0.,-0.,1.));
#9027 = ADVANCED_FACE('',(#9028),#9071,.T.);
#9028 = FACE_BOUND('',#9029,.T.);
#9029 = EDGE_LOOP('',(#9030,#9031,#9032,#9040,#9048,#9056,#9064,#9070));
#9030 = ORIENTED_EDGE('',*,*,#8524,.T.);
#9031 = ORIENTED_EDGE('',*,*,#9017,.T.);
#9032 = ORIENTED_EDGE('',*,*,#9033,.F.);
#9033 = EDGE_CURVE('',#9034,#9010,#9036,.T.);
#9034 = VERTEX_POINT('',#9035);
#9035 = CARTESIAN_POINT('',(3.45,-2.3,6.));
#9036 = LINE('',#9037,#9038);
#9037 = CARTESIAN_POINT('',(3.45,-2.3,6.));
#9038 = VECTOR('',#9039,1.);
#9039 = DIRECTION('',(1.224646799147E-16,1.,0.));
#9040 = ORIENTED_EDGE('',*,*,#9041,.F.);
#9041 = EDGE_CURVE('',#9042,#9034,#9044,.T.);
#9042 = VERTEX_POINT('',#9043);
#9043 = CARTESIAN_POINT('',(-1.45,-2.3,6.));
#9044 = LINE('',#9045,#9046);
#9045 = CARTESIAN_POINT('',(-1.45,-2.3,6.));
#9046 = VECTOR('',#9047,1.);
#9047 = DIRECTION('',(1.,-1.224646799147E-16,0.));
#9048 = ORIENTED_EDGE('',*,*,#9049,.F.);
#9049 = EDGE_CURVE('',#9050,#9042,#9052,.T.);
#9050 = VERTEX_POINT('',#9051);
#9051 = CARTESIAN_POINT('',(-1.45,-0.6,6.));
#9052 = LINE('',#9053,#9054);
#9053 = CARTESIAN_POINT('',(-1.45,1.1,6.));
#9054 = VECTOR('',#9055,1.);
#9055 = DIRECTION('',(-1.224646799147E-16,-1.,0.));
#9056 = ORIENTED_EDGE('',*,*,#9057,.T.);
#9057 = EDGE_CURVE('',#9050,#9058,#9060,.T.);
#9058 = VERTEX_POINT('',#9059);
#9059 = CARTESIAN_POINT('',(-1.95,-0.6,6.));
#9060 = LINE('',#9061,#9062);
#9061 = CARTESIAN_POINT('',(3.95,-0.6,6.));
#9062 = VECTOR('',#9063,1.);
#9063 = DIRECTION('',(-1.,1.224646799147E-16,0.));
#9064 = ORIENTED_EDGE('',*,*,#9065,.T.);
#9065 = EDGE_CURVE('',#9058,#8590,#9066,.T.);
#9066 = LINE('',#9067,#9068);
#9067 = CARTESIAN_POINT('',(-1.95,1.7,6.));
#9068 = VECTOR('',#9069,1.);
#9069 = DIRECTION('',(-1.224646799147E-16,-1.,0.));
#9070 = ORIENTED_EDGE('',*,*,#8597,.T.);
#9071 = PLANE('',#9072);
#9072 = AXIS2_PLACEMENT_3D('',#9073,#9074,#9075);
#9073 = CARTESIAN_POINT('',(1.,-0.55,6.));
#9074 = DIRECTION('',(0.,0.,1.));
#9075 = DIRECTION('',(-1.,1.224646799147E-16,0.));
#9076 = ADVANCED_FACE('',(#9077),#9093,.F.);
#9077 = FACE_BOUND('',#9078,.F.);
#9078 = EDGE_LOOP('',(#9079,#9080,#9086,#9087));
#9079 = ORIENTED_EDGE('',*,*,#8579,.T.);
#9080 = ORIENTED_EDGE('',*,*,#9081,.T.);
#9081 = EDGE_CURVE('',#8582,#8822,#9082,.T.);
#9082 = LINE('',#9083,#9084);
#9083 = CARTESIAN_POINT('',(-0.75,-2.8,0.));
#9084 = VECTOR('',#9085,1.);
#9085 = DIRECTION('',(1.224646799147E-16,1.,0.));
#9086 = ORIENTED_EDGE('',*,*,#8821,.T.);
#9087 = ORIENTED_EDGE('',*,*,#9088,.T.);
#9088 = EDGE_CURVE('',#8814,#8580,#9089,.T.);
#9089 = LINE('',#9090,#9091);
#9090 = CARTESIAN_POINT('',(-1.95,1.7,0.));
#9091 = VECTOR('',#9092,1.);
#9092 = DIRECTION('',(-1.224646799147E-16,-1.,0.));
#9093 = PLANE('',#9094);
#9094 = AXIS2_PLACEMENT_3D('',#9095,#9096,#9097);
#9095 = CARTESIAN_POINT('',(1.,-0.55,0.));
#9096 = DIRECTION('',(0.,0.,1.));
#9097 = DIRECTION('',(-1.,1.224646799147E-16,0.));
#9098 = ADVANCED_FACE('',(#9099),#9126,.T.);
#9099 = FACE_BOUND('',#9100,.T.);
#9100 = EDGE_LOOP('',(#9101,#9102,#9110,#9118,#9124,#9125));
#9101 = ORIENTED_EDGE('',*,*,#8829,.T.);
#9102 = ORIENTED_EDGE('',*,*,#9103,.T.);
#9103 = EDGE_CURVE('',#8830,#9104,#9106,.T.);
#9104 = VERTEX_POINT('',#9105);
#9105 = CARTESIAN_POINT('',(-0.75,0.5,0.1));
#9106 = LINE('',#9107,#9108);
#9107 = CARTESIAN_POINT('',(-0.75,1.7,0.2));
#9108 = VECTOR('',#9109,1.);
#9109 = DIRECTION('',(-1.220416573038E-16,-0.996545758245,
    -8.304547985373E-02));
#9110 = ORIENTED_EDGE('',*,*,#9111,.T.);
#9111 = EDGE_CURVE('',#9104,#9112,#9114,.T.);
#9112 = VERTEX_POINT('',#9113);
#9113 = CARTESIAN_POINT('',(-0.75,-0.5,0.1));
#9114 = LINE('',#9115,#9116);
#9115 = CARTESIAN_POINT('',(-0.75,0.5,0.1));
#9116 = VECTOR('',#9117,1.);
#9117 = DIRECTION('',(-1.224646799147E-16,-1.,0.));
#9118 = ORIENTED_EDGE('',*,*,#9119,.T.);
#9119 = EDGE_CURVE('',#9112,#8646,#9120,.T.);
#9120 = LINE('',#9121,#9122);
#9121 = CARTESIAN_POINT('',(-0.75,-0.5,0.1));
#9122 = VECTOR('',#9123,1.);
#9123 = DIRECTION('',(-1.223490926498E-16,-0.999056158355,
    4.343722427631E-02));
#9124 = ORIENTED_EDGE('',*,*,#8653,.T.);
#9125 = ORIENTED_EDGE('',*,*,#9081,.T.);
#9126 = PLANE('',#9127);
#9127 = AXIS2_PLACEMENT_3D('',#9128,#9129,#9130);
#9128 = CARTESIAN_POINT('',(-0.75,-0.549524476701,7.07980355453E-02));
#9129 = DIRECTION('',(1.,-1.224646799147E-16,-0.));
#9130 = DIRECTION('',(-0.,0.,-1.));
#9131 = ADVANCED_FACE('',(#9132),#9150,.F.);
#9132 = FACE_BOUND('',#9133,.F.);
#9133 = EDGE_LOOP('',(#9134,#9142,#9143,#9144));
#9134 = ORIENTED_EDGE('',*,*,#9135,.T.);
#9135 = EDGE_CURVE('',#9136,#9112,#9138,.T.);
#9136 = VERTEX_POINT('',#9137);
#9137 = CARTESIAN_POINT('',(0.75,-0.5,0.1));
#9138 = LINE('',#9139,#9140);
#9139 = CARTESIAN_POINT('',(0.75,-0.5,0.1));
#9140 = VECTOR('',#9141,1.);
#9141 = DIRECTION('',(-1.,1.224646799147E-16,0.));
#9142 = ORIENTED_EDGE('',*,*,#9119,.T.);
#9143 = ORIENTED_EDGE('',*,*,#8645,.F.);
#9144 = ORIENTED_EDGE('',*,*,#9145,.F.);
#9145 = EDGE_CURVE('',#9136,#8638,#9146,.T.);
#9146 = LINE('',#9147,#9148);
#9147 = CARTESIAN_POINT('',(0.75,-0.5,0.1));
#9148 = VECTOR('',#9149,1.);
#9149 = DIRECTION('',(-1.223490926498E-16,-0.999056158355,
    4.343722427631E-02));
#9150 = PLANE('',#9151);
#9151 = AXIS2_PLACEMENT_3D('',#9152,#9153,#9154);
#9152 = CARTESIAN_POINT('',(0.75,-0.5,0.1));
#9153 = DIRECTION('',(5.319525767383E-18,4.343722427631E-02,
    0.999056158355));
#9154 = DIRECTION('',(-1.223490926498E-16,-0.999056158355,
    4.343722427631E-02));
#9155 = ADVANCED_FACE('',(#9156),#9181,.F.);
#9156 = FACE_BOUND('',#9157,.F.);
#9157 = EDGE_LOOP('',(#9158,#9159,#9167,#9173,#9174,#9175));
#9158 = ORIENTED_EDGE('',*,*,#8845,.T.);
#9159 = ORIENTED_EDGE('',*,*,#9160,.T.);
#9160 = EDGE_CURVE('',#8838,#9161,#9163,.T.);
#9161 = VERTEX_POINT('',#9162);
#9162 = CARTESIAN_POINT('',(0.75,0.5,0.1));
#9163 = LINE('',#9164,#9165);
#9164 = CARTESIAN_POINT('',(0.75,1.7,0.2));
#9165 = VECTOR('',#9166,1.);
#9166 = DIRECTION('',(-1.220416573038E-16,-0.996545758245,
    -8.304547985373E-02));
#9167 = ORIENTED_EDGE('',*,*,#9168,.T.);
#9168 = EDGE_CURVE('',#9161,#9136,#9169,.T.);
#9169 = LINE('',#9170,#9171);
#9170 = CARTESIAN_POINT('',(0.75,0.5,0.1));
#9171 = VECTOR('',#9172,1.);
#9172 = DIRECTION('',(-1.224646799147E-16,-1.,0.));
#9173 = ORIENTED_EDGE('',*,*,#9145,.T.);
#9174 = ORIENTED_EDGE('',*,*,#8637,.T.);
#9175 = ORIENTED_EDGE('',*,*,#9176,.T.);
#9176 = EDGE_CURVE('',#8630,#8846,#9177,.T.);
#9177 = LINE('',#9178,#9179);
#9178 = CARTESIAN_POINT('',(0.75,-2.8,0.));
#9179 = VECTOR('',#9180,1.);
#9180 = DIRECTION('',(1.224646799147E-16,1.,0.));
#9181 = PLANE('',#9182);
#9182 = AXIS2_PLACEMENT_3D('',#9183,#9184,#9185);
#9183 = CARTESIAN_POINT('',(0.75,-0.549524476701,7.07980355453E-02));
#9184 = DIRECTION('',(1.,-1.224646799147E-16,-0.));
#9185 = DIRECTION('',(-0.,0.,-1.));
#9186 = ADVANCED_FACE('',(#9187),#9198,.F.);
#9187 = FACE_BOUND('',#9188,.F.);
#9188 = EDGE_LOOP('',(#9189,#9190,#9196,#9197));
#9189 = ORIENTED_EDGE('',*,*,#8629,.T.);
#9190 = ORIENTED_EDGE('',*,*,#9191,.T.);
#9191 = EDGE_CURVE('',#8622,#8854,#9192,.T.);
#9192 = LINE('',#9193,#9194);
#9193 = CARTESIAN_POINT('',(1.25,-2.8,0.));
#9194 = VECTOR('',#9195,1.);
#9195 = DIRECTION('',(1.224646799147E-16,1.,0.));
#9196 = ORIENTED_EDGE('',*,*,#8853,.T.);
#9197 = ORIENTED_EDGE('',*,*,#9176,.F.);
#9198 = PLANE('',#9199);
#9199 = AXIS2_PLACEMENT_3D('',#9200,#9201,#9202);
#9200 = CARTESIAN_POINT('',(1.,-0.55,0.));
#9201 = DIRECTION('',(0.,0.,1.));
#9202 = DIRECTION('',(-1.,1.224646799147E-16,0.));
#9203 = ADVANCED_FACE('',(#9204),#9231,.T.);
#9204 = FACE_BOUND('',#9205,.T.);
#9205 = EDGE_LOOP('',(#9206,#9207,#9215,#9223,#9229,#9230));
#9206 = ORIENTED_EDGE('',*,*,#8861,.T.);
#9207 = ORIENTED_EDGE('',*,*,#9208,.T.);
#9208 = EDGE_CURVE('',#8862,#9209,#9211,.T.);
#9209 = VERTEX_POINT('',#9210);
#9210 = CARTESIAN_POINT('',(1.25,0.5,0.1));
#9211 = LINE('',#9212,#9213);
#9212 = CARTESIAN_POINT('',(1.25,1.7,0.2));
#9213 = VECTOR('',#9214,1.);
#9214 = DIRECTION('',(-1.220416573038E-16,-0.996545758245,
    -8.304547985373E-02));
#9215 = ORIENTED_EDGE('',*,*,#9216,.T.);
#9216 = EDGE_CURVE('',#9209,#9217,#9219,.T.);
#9217 = VERTEX_POINT('',#9218);
#9218 = CARTESIAN_POINT('',(1.25,-0.5,0.1));
#9219 = LINE('',#9220,#9221);
#9220 = CARTESIAN_POINT('',(1.25,0.5,0.1));
#9221 = VECTOR('',#9222,1.);
#9222 = DIRECTION('',(-1.224646799147E-16,-1.,0.));
#9223 = ORIENTED_EDGE('',*,*,#9224,.T.);
#9224 = EDGE_CURVE('',#9217,#8614,#9225,.T.);
#9225 = LINE('',#9226,#9227);
#9226 = CARTESIAN_POINT('',(1.25,-0.5,0.1));
#9227 = VECTOR('',#9228,1.);
#9228 = DIRECTION('',(-1.223490926498E-16,-0.999056158355,
    4.343722427631E-02));
#9229 = ORIENTED_EDGE('',*,*,#8621,.T.);
#9230 = ORIENTED_EDGE('',*,*,#9191,.T.);
#9231 = PLANE('',#9232);
#9232 = AXIS2_PLACEMENT_3D('',#9233,#9234,#9235);
#9233 = CARTESIAN_POINT('',(1.25,-0.549524476701,7.07980355453E-02));
#9234 = DIRECTION('',(1.,-1.224646799147E-16,-0.));
#9235 = DIRECTION('',(-0.,0.,-1.));
#9236 = ADVANCED_FACE('',(#9237),#9248,.F.);
#9237 = FACE_BOUND('',#9238,.F.);
#9238 = EDGE_LOOP('',(#9239,#9245,#9246,#9247));
#9239 = ORIENTED_EDGE('',*,*,#9240,.T.);
#9240 = EDGE_CURVE('',#8684,#9217,#9241,.T.);
#9241 = LINE('',#9242,#9243);
#9242 = CARTESIAN_POINT('',(2.75,-0.5,0.1));
#9243 = VECTOR('',#9244,1.);
#9244 = DIRECTION('',(-1.,1.224646799147E-16,0.));
#9245 = ORIENTED_EDGE('',*,*,#9224,.T.);
#9246 = ORIENTED_EDGE('',*,*,#8613,.F.);
#9247 = ORIENTED_EDGE('',*,*,#8691,.F.);
#9248 = PLANE('',#9249);
#9249 = AXIS2_PLACEMENT_3D('',#9250,#9251,#9252);
#9250 = CARTESIAN_POINT('',(2.75,-0.5,0.1));
#9251 = DIRECTION('',(5.319525767383E-18,4.343722427631E-02,
    0.999056158355));
#9252 = DIRECTION('',(-1.223490926498E-16,-0.999056158355,
    4.343722427631E-02));
#9253 = ADVANCED_FACE('',(#9254),#9291,.F.);
#9254 = FACE_BOUND('',#9255,.F.);
#9255 = EDGE_LOOP('',(#9256,#9257,#9258,#9266,#9274,#9283,#9289,#9290));
#9256 = ORIENTED_EDGE('',*,*,#9088,.F.);
#9257 = ORIENTED_EDGE('',*,*,#8813,.T.);
#9258 = ORIENTED_EDGE('',*,*,#9259,.T.);
#9259 = EDGE_CURVE('',#8806,#9260,#9262,.T.);
#9260 = VERTEX_POINT('',#9261);
#9261 = CARTESIAN_POINT('',(-1.95,0.2,6.));
#9262 = LINE('',#9263,#9264);
#9263 = CARTESIAN_POINT('',(-1.95,1.7,6.));
#9264 = VECTOR('',#9265,1.);
#9265 = DIRECTION('',(-1.224646799147E-16,-1.,0.));
#9266 = ORIENTED_EDGE('',*,*,#9267,.T.);
#9267 = EDGE_CURVE('',#9260,#9268,#9270,.T.);
#9268 = VERTEX_POINT('',#9269);
#9269 = CARTESIAN_POINT('',(-1.95,0.2,4.4));
#9270 = LINE('',#9271,#9272);
#9271 = CARTESIAN_POINT('',(-1.95,0.2,3.));
#9272 = VECTOR('',#9273,1.);
#9273 = DIRECTION('',(-0.,0.,-1.));
#9274 = ORIENTED_EDGE('',*,*,#9275,.F.);
#9275 = EDGE_CURVE('',#9276,#9268,#9278,.T.);
#9276 = VERTEX_POINT('',#9277);
#9277 = CARTESIAN_POINT('',(-1.95,-0.6,4.4));
#9278 = CIRCLE('',#9279,0.4);
#9279 = AXIS2_PLACEMENT_3D('',#9280,#9281,#9282);
#9280 = CARTESIAN_POINT('',(-1.95,-0.2,4.4));
#9281 = DIRECTION('',(1.,-1.224646799147E-16,0.));
#9282 = DIRECTION('',(1.224646799147E-16,1.,0.));
#9283 = ORIENTED_EDGE('',*,*,#9284,.T.);
#9284 = EDGE_CURVE('',#9276,#9058,#9285,.T.);
#9285 = LINE('',#9286,#9287);
#9286 = CARTESIAN_POINT('',(-1.95,-0.6,2.2));
#9287 = VECTOR('',#9288,1.);
#9288 = DIRECTION('',(0.,0.,1.));
#9289 = ORIENTED_EDGE('',*,*,#9065,.T.);
#9290 = ORIENTED_EDGE('',*,*,#8589,.F.);
#9291 = PLANE('',#9292);
#9292 = AXIS2_PLACEMENT_3D('',#9293,#9294,#9295);
#9293 = CARTESIAN_POINT('',(-1.95,1.7,0.));
#9294 = DIRECTION('',(1.,-1.224646799147E-16,0.));
#9295 = DIRECTION('',(-1.224646799147E-16,-1.,0.));
#9296 = ADVANCED_FACE('',(#9297),#9308,.F.);
#9297 = FACE_BOUND('',#9298,.F.);
#9298 = EDGE_LOOP('',(#9299,#9300,#9301,#9307));
#9299 = ORIENTED_EDGE('',*,*,#8869,.T.);
#9300 = ORIENTED_EDGE('',*,*,#9208,.T.);
#9301 = ORIENTED_EDGE('',*,*,#9302,.F.);
#9302 = EDGE_CURVE('',#8676,#9209,#9303,.T.);
#9303 = LINE('',#9304,#9305);
#9304 = CARTESIAN_POINT('',(2.75,0.5,0.1));
#9305 = VECTOR('',#9306,1.);
#9306 = DIRECTION('',(-1.,1.224646799147E-16,0.));
#9307 = ORIENTED_EDGE('',*,*,#8675,.F.);
#9308 = PLANE('',#9309);
#9309 = AXIS2_PLACEMENT_3D('',#9310,#9311,#9312);
#9310 = CARTESIAN_POINT('',(2.75,1.7,0.2));
#9311 = DIRECTION('',(-1.017013810865E-17,-8.304547985373E-02,
    0.996545758245));
#9312 = DIRECTION('',(-1.220416573038E-16,-0.996545758245,
    -8.304547985373E-02));
#9313 = ADVANCED_FACE('',(#9314,#9320),#9354,.F.);
#9314 = FACE_BOUND('',#9315,.F.);
#9315 = EDGE_LOOP('',(#9316,#9317,#9318,#9319));
#9316 = ORIENTED_EDGE('',*,*,#9302,.T.);
#9317 = ORIENTED_EDGE('',*,*,#9216,.T.);
#9318 = ORIENTED_EDGE('',*,*,#9240,.F.);
#9319 = ORIENTED_EDGE('',*,*,#8683,.F.);
#9320 = FACE_BOUND('',#9321,.F.);
#9321 = EDGE_LOOP('',(#9322,#9332,#9340,#9348));
#9322 = ORIENTED_EDGE('',*,*,#9323,.T.);
#9323 = EDGE_CURVE('',#9324,#9326,#9328,.T.);
#9324 = VERTEX_POINT('',#9325);
#9325 = CARTESIAN_POINT('',(1.75,0.25,0.1));
#9326 = VERTEX_POINT('',#9327);
#9327 = CARTESIAN_POINT('',(2.25,0.25,0.1));
#9328 = LINE('',#9329,#9330);
#9329 = CARTESIAN_POINT('',(2.5,0.25,0.1));
#9330 = VECTOR('',#9331,1.);
#9331 = DIRECTION('',(1.,-1.224646799147E-16,0.));
#9332 = ORIENTED_EDGE('',*,*,#9333,.T.);
#9333 = EDGE_CURVE('',#9326,#9334,#9336,.T.);
#9334 = VERTEX_POINT('',#9335);
#9335 = CARTESIAN_POINT('',(2.25,-0.25,0.1));
#9336 = LINE('',#9337,#9338);
#9337 = CARTESIAN_POINT('',(2.25,0.271633216363,0.1));
#9338 = VECTOR('',#9339,1.);
#9339 = DIRECTION('',(-1.224646799147E-16,-1.,0.));
#9340 = ORIENTED_EDGE('',*,*,#9341,.T.);
#9341 = EDGE_CURVE('',#9334,#9342,#9344,.T.);
#9342 = VERTEX_POINT('',#9343);
#9343 = CARTESIAN_POINT('',(1.75,-0.25,0.1));
#9344 = LINE('',#9345,#9346);
#9345 = CARTESIAN_POINT('',(2.5,-0.25,0.1));
#9346 = VECTOR('',#9347,1.);
#9347 = DIRECTION('',(-1.,1.224646799147E-16,0.));
#9348 = ORIENTED_EDGE('',*,*,#9349,.F.);
#9349 = EDGE_CURVE('',#9324,#9342,#9350,.T.);
#9350 = LINE('',#9351,#9352);
#9351 = CARTESIAN_POINT('',(1.75,0.271633216363,0.1));
#9352 = VECTOR('',#9353,1.);
#9353 = DIRECTION('',(-1.224646799147E-16,-1.,0.));
#9354 = PLANE('',#9355);
#9355 = AXIS2_PLACEMENT_3D('',#9356,#9357,#9358);
#9356 = CARTESIAN_POINT('',(2.75,0.5,0.1));
#9357 = DIRECTION('',(0.,0.,1.));
#9358 = DIRECTION('',(-1.224646799147E-16,-1.,0.));
#9359 = ADVANCED_FACE('',(#9360),#9371,.F.);
#9360 = FACE_BOUND('',#9361,.F.);
#9361 = EDGE_LOOP('',(#9362,#9363,#9364,#9370));
#9362 = ORIENTED_EDGE('',*,*,#8837,.T.);
#9363 = ORIENTED_EDGE('',*,*,#9103,.T.);
#9364 = ORIENTED_EDGE('',*,*,#9365,.F.);
#9365 = EDGE_CURVE('',#9161,#9104,#9366,.T.);
#9366 = LINE('',#9367,#9368);
#9367 = CARTESIAN_POINT('',(0.75,0.5,0.1));
#9368 = VECTOR('',#9369,1.);
#9369 = DIRECTION('',(-1.,1.224646799147E-16,0.));
#9370 = ORIENTED_EDGE('',*,*,#9160,.F.);
#9371 = PLANE('',#9372);
#9372 = AXIS2_PLACEMENT_3D('',#9373,#9374,#9375);
#9373 = CARTESIAN_POINT('',(0.75,1.7,0.2));
#9374 = DIRECTION('',(-1.017013810865E-17,-8.304547985373E-02,
    0.996545758245));
#9375 = DIRECTION('',(-1.220416573038E-16,-0.996545758245,
    -8.304547985373E-02));
#9376 = ADVANCED_FACE('',(#9377),#9434,.T.);
#9377 = FACE_BOUND('',#9378,.T.);
#9378 = EDGE_LOOP('',(#9379,#9387,#9388,#9396,#9404,#9410,#9411,#9412,
    #9420,#9428));
#9379 = ORIENTED_EDGE('',*,*,#9380,.F.);
#9380 = EDGE_CURVE('',#8734,#9381,#9383,.T.);
#9381 = VERTEX_POINT('',#9382);
#9382 = CARTESIAN_POINT('',(0.55,1.1,6.));
#9383 = LINE('',#9384,#9385);
#9384 = CARTESIAN_POINT('',(0.55,1.7,6.));
#9385 = VECTOR('',#9386,1.);
#9386 = DIRECTION('',(-1.224646799147E-16,-1.,0.));
#9387 = ORIENTED_EDGE('',*,*,#8741,.T.);
#9388 = ORIENTED_EDGE('',*,*,#9389,.T.);
#9389 = EDGE_CURVE('',#8742,#9390,#9392,.T.);
#9390 = VERTEX_POINT('',#9391);
#9391 = CARTESIAN_POINT('',(-0.45,1.75,6.));
#9392 = LINE('',#9393,#9394);
#9393 = CARTESIAN_POINT('',(-0.45,1.7,6.));
#9394 = VECTOR('',#9395,1.);
#9395 = DIRECTION('',(1.224646799147E-16,1.,0.));
#9396 = ORIENTED_EDGE('',*,*,#9397,.T.);
#9397 = EDGE_CURVE('',#9390,#9398,#9400,.T.);
#9398 = VERTEX_POINT('',#9399);
#9399 = CARTESIAN_POINT('',(-0.95,1.75,6.));
#9400 = LINE('',#9401,#9402);
#9401 = CARTESIAN_POINT('',(-0.45,1.75,6.));
#9402 = VECTOR('',#9403,1.);
#9403 = DIRECTION('',(-1.,1.224646799147E-16,0.));
#9404 = ORIENTED_EDGE('',*,*,#9405,.T.);
#9405 = EDGE_CURVE('',#9398,#8798,#9406,.T.);
#9406 = LINE('',#9407,#9408);
#9407 = CARTESIAN_POINT('',(-0.95,1.75,6.));
#9408 = VECTOR('',#9409,1.);
#9409 = DIRECTION('',(-1.224646799147E-16,-1.,0.));
#9410 = ORIENTED_EDGE('',*,*,#8805,.T.);
#9411 = ORIENTED_EDGE('',*,*,#9259,.T.);
#9412 = ORIENTED_EDGE('',*,*,#9413,.F.);
#9413 = EDGE_CURVE('',#9414,#9260,#9416,.T.);
#9414 = VERTEX_POINT('',#9415);
#9415 = CARTESIAN_POINT('',(-1.45,0.2,6.));
#9416 = LINE('',#9417,#9418);
#9417 = CARTESIAN_POINT('',(3.95,0.2,6.));
#9418 = VECTOR('',#9419,1.);
#9419 = DIRECTION('',(-1.,1.224646799147E-16,0.));
#9420 = ORIENTED_EDGE('',*,*,#9421,.F.);
#9421 = EDGE_CURVE('',#9422,#9414,#9424,.T.);
#9422 = VERTEX_POINT('',#9423);
#9423 = CARTESIAN_POINT('',(-1.45,1.1,6.));
#9424 = LINE('',#9425,#9426);
#9425 = CARTESIAN_POINT('',(-1.45,1.1,6.));
#9426 = VECTOR('',#9427,1.);
#9427 = DIRECTION('',(-1.224646799147E-16,-1.,0.));
#9428 = ORIENTED_EDGE('',*,*,#9429,.F.);
#9429 = EDGE_CURVE('',#9381,#9422,#9430,.T.);
#9430 = LINE('',#9431,#9432);
#9431 = CARTESIAN_POINT('',(3.45,1.1,6.));
#9432 = VECTOR('',#9433,1.);
#9433 = DIRECTION('',(-1.,1.224646799147E-16,0.));
#9434 = PLANE('',#9435);
#9435 = AXIS2_PLACEMENT_3D('',#9436,#9437,#9438);
#9436 = CARTESIAN_POINT('',(-0.922222222222,1.18487654321,6.));
#9437 = DIRECTION('',(0.,0.,1.));
#9438 = DIRECTION('',(-1.,1.224646799147E-16,0.));
#9439 = ADVANCED_FACE('',(#9440),#9458,.F.);
#9440 = FACE_BOUND('',#9441,.F.);
#9441 = EDGE_LOOP('',(#9442,#9450,#9451,#9452));
#9442 = ORIENTED_EDGE('',*,*,#9443,.T.);
#9443 = EDGE_CURVE('',#9444,#9398,#9446,.T.);
#9444 = VERTEX_POINT('',#9445);
#9445 = CARTESIAN_POINT('',(-0.95,1.75,4.2));
#9446 = LINE('',#9447,#9448);
#9447 = CARTESIAN_POINT('',(-0.95,1.75,4.2));
#9448 = VECTOR('',#9449,1.);
#9449 = DIRECTION('',(0.,0.,1.));
#9450 = ORIENTED_EDGE('',*,*,#9405,.T.);
#9451 = ORIENTED_EDGE('',*,*,#8797,.F.);
#9452 = ORIENTED_EDGE('',*,*,#9453,.F.);
#9453 = EDGE_CURVE('',#9444,#8790,#9454,.T.);
#9454 = LINE('',#9455,#9456);
#9455 = CARTESIAN_POINT('',(-0.95,1.75,4.2));
#9456 = VECTOR('',#9457,1.);
#9457 = DIRECTION('',(-1.224646799147E-16,-1.,0.));
#9458 = PLANE('',#9459);
#9459 = AXIS2_PLACEMENT_3D('',#9460,#9461,#9462);
#9460 = CARTESIAN_POINT('',(-0.95,1.75,4.2));
#9461 = DIRECTION('',(1.,-1.224646799147E-16,0.));
#9462 = DIRECTION('',(-1.224646799147E-16,-1.,0.));
#9463 = ADVANCED_FACE('',(#9464),#9505,.T.);
#9464 = FACE_BOUND('',#9465,.T.);
#9465 = EDGE_LOOP('',(#9466,#9467,#9475,#9483,#9489,#9490,#9491,#9499));
#9466 = ORIENTED_EDGE('',*,*,#8757,.F.);
#9467 = ORIENTED_EDGE('',*,*,#9468,.T.);
#9468 = EDGE_CURVE('',#8758,#9469,#9471,.T.);
#9469 = VERTEX_POINT('',#9470);
#9470 = CARTESIAN_POINT('',(-0.4,1.1,4.2));
#9471 = LINE('',#9472,#9473);
#9472 = CARTESIAN_POINT('',(-0.4,1.7,4.2));
#9473 = VECTOR('',#9474,1.);
#9474 = DIRECTION('',(-1.224646799147E-16,-1.,0.));
#9475 = ORIENTED_EDGE('',*,*,#9476,.T.);
#9476 = EDGE_CURVE('',#9469,#9477,#9479,.T.);
#9477 = VERTEX_POINT('',#9478);
#9478 = CARTESIAN_POINT('',(-1.4,1.1,4.2));
#9479 = LINE('',#9480,#9481);
#9480 = CARTESIAN_POINT('',(1.525,1.1,4.2));
#9481 = VECTOR('',#9482,1.);
#9482 = DIRECTION('',(-1.,1.224646799147E-16,0.));
#9483 = ORIENTED_EDGE('',*,*,#9484,.F.);
#9484 = EDGE_CURVE('',#8782,#9477,#9485,.T.);
#9485 = LINE('',#9486,#9487);
#9486 = CARTESIAN_POINT('',(-1.4,1.7,4.2));
#9487 = VECTOR('',#9488,1.);
#9488 = DIRECTION('',(-1.224646799147E-16,-1.,0.));
#9489 = ORIENTED_EDGE('',*,*,#8789,.F.);
#9490 = ORIENTED_EDGE('',*,*,#9453,.F.);
#9491 = ORIENTED_EDGE('',*,*,#9492,.F.);
#9492 = EDGE_CURVE('',#9493,#9444,#9495,.T.);
#9493 = VERTEX_POINT('',#9494);
#9494 = CARTESIAN_POINT('',(-0.45,1.75,4.2));
#9495 = LINE('',#9496,#9497);
#9496 = CARTESIAN_POINT('',(-0.45,1.75,4.2));
#9497 = VECTOR('',#9498,1.);
#9498 = DIRECTION('',(-1.,1.224646799147E-16,0.));
#9499 = ORIENTED_EDGE('',*,*,#9500,.F.);
#9500 = EDGE_CURVE('',#8750,#9493,#9501,.T.);
#9501 = LINE('',#9502,#9503);
#9502 = CARTESIAN_POINT('',(-0.45,1.7,4.2));
#9503 = VECTOR('',#9504,1.);
#9504 = DIRECTION('',(1.224646799147E-16,1.,0.));
#9505 = PLANE('',#9506);
#9506 = AXIS2_PLACEMENT_3D('',#9507,#9508,#9509);
#9507 = CARTESIAN_POINT('',(-0.893939393939,1.417424242424,4.2));
#9508 = DIRECTION('',(-2.590322521168E-30,-2.221330562073E-31,-1.));
#9509 = DIRECTION('',(1.,-1.224646799147E-16,-2.590322521168E-30));
#9510 = ADVANCED_FACE('',(#9511),#9529,.T.);
#9511 = FACE_BOUND('',#9512,.T.);
#9512 = EDGE_LOOP('',(#9513,#9514,#9515,#9523));
#9513 = ORIENTED_EDGE('',*,*,#8781,.F.);
#9514 = ORIENTED_EDGE('',*,*,#9484,.T.);
#9515 = ORIENTED_EDGE('',*,*,#9516,.T.);
#9516 = EDGE_CURVE('',#9477,#9517,#9519,.T.);
#9517 = VERTEX_POINT('',#9518);
#9518 = CARTESIAN_POINT('',(-1.4,1.1,2.4));
#9519 = LINE('',#9520,#9521);
#9520 = CARTESIAN_POINT('',(-1.4,1.1,5.1));
#9521 = VECTOR('',#9522,1.);
#9522 = DIRECTION('',(-0.,0.,-1.));
#9523 = ORIENTED_EDGE('',*,*,#9524,.F.);
#9524 = EDGE_CURVE('',#8774,#9517,#9525,.T.);
#9525 = LINE('',#9526,#9527);
#9526 = CARTESIAN_POINT('',(-1.4,1.7,2.4));
#9527 = VECTOR('',#9528,1.);
#9528 = DIRECTION('',(-1.224646799147E-16,-1.,0.));
#9529 = PLANE('',#9530);
#9530 = AXIS2_PLACEMENT_3D('',#9531,#9532,#9533);
#9531 = CARTESIAN_POINT('',(-1.4,1.7,4.2));
#9532 = DIRECTION('',(1.,-1.224646799147E-16,-0.));
#9533 = DIRECTION('',(-0.,0.,-1.));
#9534 = ADVANCED_FACE('',(#9535),#9553,.T.);
#9535 = FACE_BOUND('',#9536,.T.);
#9536 = EDGE_LOOP('',(#9537,#9538,#9539,#9547));
#9537 = ORIENTED_EDGE('',*,*,#8773,.F.);
#9538 = ORIENTED_EDGE('',*,*,#9524,.T.);
#9539 = ORIENTED_EDGE('',*,*,#9540,.T.);
#9540 = EDGE_CURVE('',#9517,#9541,#9543,.T.);
#9541 = VERTEX_POINT('',#9542);
#9542 = CARTESIAN_POINT('',(-0.4,1.1,2.4));
#9543 = LINE('',#9544,#9545);
#9544 = CARTESIAN_POINT('',(1.025,1.1,2.4));
#9545 = VECTOR('',#9546,1.);
#9546 = DIRECTION('',(1.,-1.224646799147E-16,0.));
#9547 = ORIENTED_EDGE('',*,*,#9548,.F.);
#9548 = EDGE_CURVE('',#8766,#9541,#9549,.T.);
#9549 = LINE('',#9550,#9551);
#9550 = CARTESIAN_POINT('',(-0.4,1.7,2.4));
#9551 = VECTOR('',#9552,1.);
#9552 = DIRECTION('',(-1.224646799147E-16,-1.,0.));
#9553 = PLANE('',#9554);
#9554 = AXIS2_PLACEMENT_3D('',#9555,#9556,#9557);
#9555 = CARTESIAN_POINT('',(-1.4,1.7,2.4));
#9556 = DIRECTION('',(0.,0.,1.));
#9557 = DIRECTION('',(1.,-1.224646799147E-16,0.));
#9558 = ADVANCED_FACE('',(#9559),#9570,.T.);
#9559 = FACE_BOUND('',#9560,.T.);
#9560 = EDGE_LOOP('',(#9561,#9562,#9563,#9569));
#9561 = ORIENTED_EDGE('',*,*,#8765,.F.);
#9562 = ORIENTED_EDGE('',*,*,#9548,.T.);
#9563 = ORIENTED_EDGE('',*,*,#9564,.T.);
#9564 = EDGE_CURVE('',#9541,#9469,#9565,.T.);
#9565 = LINE('',#9566,#9567);
#9566 = CARTESIAN_POINT('',(-0.4,1.1,4.2));
#9567 = VECTOR('',#9568,1.);
#9568 = DIRECTION('',(0.,0.,1.));
#9569 = ORIENTED_EDGE('',*,*,#9468,.F.);
#9570 = PLANE('',#9571);
#9571 = AXIS2_PLACEMENT_3D('',#9572,#9573,#9574);
#9572 = CARTESIAN_POINT('',(-0.4,1.7,2.4));
#9573 = DIRECTION('',(-1.,1.224646799147E-16,0.));
#9574 = DIRECTION('',(0.,0.,1.));
#9575 = ADVANCED_FACE('',(#9576),#9587,.F.);
#9576 = FACE_BOUND('',#9577,.F.);
#9577 = EDGE_LOOP('',(#9578,#9579,#9580,#9586));
#9578 = ORIENTED_EDGE('',*,*,#8749,.T.);
#9579 = ORIENTED_EDGE('',*,*,#9389,.T.);
#9580 = ORIENTED_EDGE('',*,*,#9581,.F.);
#9581 = EDGE_CURVE('',#9493,#9390,#9582,.T.);
#9582 = LINE('',#9583,#9584);
#9583 = CARTESIAN_POINT('',(-0.45,1.75,4.2));
#9584 = VECTOR('',#9585,1.);
#9585 = DIRECTION('',(0.,0.,1.));
#9586 = ORIENTED_EDGE('',*,*,#9500,.F.);
#9587 = PLANE('',#9588);
#9588 = AXIS2_PLACEMENT_3D('',#9589,#9590,#9591);
#9589 = CARTESIAN_POINT('',(-0.45,1.7,4.2));
#9590 = DIRECTION('',(-1.,1.224646799147E-16,0.));
#9591 = DIRECTION('',(1.224646799147E-16,1.,0.));
#9592 = ADVANCED_FACE('',(#9593),#9611,.F.);
#9593 = FACE_BOUND('',#9594,.F.);
#9594 = EDGE_LOOP('',(#9595,#9596,#9604,#9610));
#9595 = ORIENTED_EDGE('',*,*,#8733,.F.);
#9596 = ORIENTED_EDGE('',*,*,#9597,.T.);
#9597 = EDGE_CURVE('',#8726,#9598,#9600,.T.);
#9598 = VERTEX_POINT('',#9599);
#9599 = CARTESIAN_POINT('',(0.55,1.1,2.1));
#9600 = LINE('',#9601,#9602);
#9601 = CARTESIAN_POINT('',(0.55,1.7,2.1));
#9602 = VECTOR('',#9603,1.);
#9603 = DIRECTION('',(-1.224646799147E-16,-1.,0.));
#9604 = ORIENTED_EDGE('',*,*,#9605,.T.);
#9605 = EDGE_CURVE('',#9598,#9381,#9606,.T.);
#9606 = LINE('',#9607,#9608);
#9607 = CARTESIAN_POINT('',(0.55,1.1,4.05));
#9608 = VECTOR('',#9609,1.);
#9609 = DIRECTION('',(0.,0.,1.));
#9610 = ORIENTED_EDGE('',*,*,#9380,.F.);
#9611 = PLANE('',#9612);
#9612 = AXIS2_PLACEMENT_3D('',#9613,#9614,#9615);
#9613 = CARTESIAN_POINT('',(0.55,1.7,2.1));
#9614 = DIRECTION('',(-1.,1.224646799147E-16,0.));
#9615 = DIRECTION('',(0.,0.,1.));
#9616 = ADVANCED_FACE('',(#9617),#9635,.F.);
#9617 = FACE_BOUND('',#9618,.F.);
#9618 = EDGE_LOOP('',(#9619,#9620,#9628,#9634));
#9619 = ORIENTED_EDGE('',*,*,#8725,.F.);
#9620 = ORIENTED_EDGE('',*,*,#9621,.T.);
#9621 = EDGE_CURVE('',#8718,#9622,#9624,.T.);
#9622 = VERTEX_POINT('',#9623);
#9623 = CARTESIAN_POINT('',(1.45,1.1,2.1));
#9624 = LINE('',#9625,#9626);
#9625 = CARTESIAN_POINT('',(1.45,1.7,2.1));
#9626 = VECTOR('',#9627,1.);
#9627 = DIRECTION('',(-1.224646799147E-16,-1.,0.));
#9628 = ORIENTED_EDGE('',*,*,#9629,.T.);
#9629 = EDGE_CURVE('',#9622,#9598,#9630,.T.);
#9630 = LINE('',#9631,#9632);
#9631 = CARTESIAN_POINT('',(2.45,1.1,2.1));
#9632 = VECTOR('',#9633,1.);
#9633 = DIRECTION('',(-1.,1.224646799147E-16,0.));
#9634 = ORIENTED_EDGE('',*,*,#9597,.F.);
#9635 = PLANE('',#9636);
#9636 = AXIS2_PLACEMENT_3D('',#9637,#9638,#9639);
#9637 = CARTESIAN_POINT('',(1.45,1.7,2.1));
#9638 = DIRECTION('',(-0.,0.,-1.));
#9639 = DIRECTION('',(-1.,1.224646799147E-16,0.));
#9640 = ADVANCED_FACE('',(#9641),#9652,.F.);
#9641 = FACE_BOUND('',#9642,.F.);
#9642 = EDGE_LOOP('',(#9643,#9644,#9645,#9651));
#9643 = ORIENTED_EDGE('',*,*,#8717,.F.);
#9644 = ORIENTED_EDGE('',*,*,#8928,.T.);
#9645 = ORIENTED_EDGE('',*,*,#9646,.T.);
#9646 = EDGE_CURVE('',#8929,#9622,#9647,.T.);
#9647 = LINE('',#9648,#9649);
#9648 = CARTESIAN_POINT('',(1.45,1.1,6.));
#9649 = VECTOR('',#9650,1.);
#9650 = DIRECTION('',(-0.,0.,-1.));
#9651 = ORIENTED_EDGE('',*,*,#9621,.F.);
#9652 = PLANE('',#9653);
#9653 = AXIS2_PLACEMENT_3D('',#9654,#9655,#9656);
#9654 = CARTESIAN_POINT('',(1.45,1.7,6.));
#9655 = DIRECTION('',(1.,-1.224646799147E-16,0.));
#9656 = DIRECTION('',(0.,-0.,-1.));
#9657 = ADVANCED_FACE('',(#9658),#9683,.F.);
#9658 = FACE_BOUND('',#9659,.F.);
#9659 = EDGE_LOOP('',(#9660,#9661,#9669,#9677));
#9660 = ORIENTED_EDGE('',*,*,#8878,.F.);
#9661 = ORIENTED_EDGE('',*,*,#9662,.T.);
#9662 = EDGE_CURVE('',#8879,#9663,#9665,.T.);
#9663 = VERTEX_POINT('',#9664);
#9664 = CARTESIAN_POINT('',(2.4,1.1,4.2));
#9665 = LINE('',#9666,#9667);
#9666 = CARTESIAN_POINT('',(2.4,1.7,4.2));
#9667 = VECTOR('',#9668,1.);
#9668 = DIRECTION('',(-1.224646799147E-16,-1.,0.));
#9669 = ORIENTED_EDGE('',*,*,#9670,.T.);
#9670 = EDGE_CURVE('',#9663,#9671,#9673,.T.);
#9671 = VERTEX_POINT('',#9672);
#9672 = CARTESIAN_POINT('',(3.4,1.1,4.2));
#9673 = LINE('',#9674,#9675);
#9674 = CARTESIAN_POINT('',(2.925,1.1,4.2));
#9675 = VECTOR('',#9676,1.);
#9676 = DIRECTION('',(1.,-1.224646799147E-16,0.));
#9677 = ORIENTED_EDGE('',*,*,#9678,.F.);
#9678 = EDGE_CURVE('',#8881,#9671,#9679,.T.);
#9679 = LINE('',#9680,#9681);
#9680 = CARTESIAN_POINT('',(3.4,1.7,4.2));
#9681 = VECTOR('',#9682,1.);
#9682 = DIRECTION('',(-1.224646799147E-16,-1.,0.));
#9683 = PLANE('',#9684);
#9684 = AXIS2_PLACEMENT_3D('',#9685,#9686,#9687);
#9685 = CARTESIAN_POINT('',(2.4,1.7,4.2));
#9686 = DIRECTION('',(0.,0.,1.));
#9687 = DIRECTION('',(1.,-1.224646799147E-16,0.));
#9688 = ADVANCED_FACE('',(#9689),#9707,.F.);
#9689 = FACE_BOUND('',#9690,.F.);
#9690 = EDGE_LOOP('',(#9691,#9692,#9700,#9706));
#9691 = ORIENTED_EDGE('',*,*,#8904,.F.);
#9692 = ORIENTED_EDGE('',*,*,#9693,.T.);
#9693 = EDGE_CURVE('',#8897,#9694,#9696,.T.);
#9694 = VERTEX_POINT('',#9695);
#9695 = CARTESIAN_POINT('',(2.4,1.1,2.4));
#9696 = LINE('',#9697,#9698);
#9697 = CARTESIAN_POINT('',(2.4,1.7,2.4));
#9698 = VECTOR('',#9699,1.);
#9699 = DIRECTION('',(-1.224646799147E-16,-1.,0.));
#9700 = ORIENTED_EDGE('',*,*,#9701,.T.);
#9701 = EDGE_CURVE('',#9694,#9663,#9702,.T.);
#9702 = LINE('',#9703,#9704);
#9703 = CARTESIAN_POINT('',(2.4,1.1,4.2));
#9704 = VECTOR('',#9705,1.);
#9705 = DIRECTION('',(0.,0.,1.));
#9706 = ORIENTED_EDGE('',*,*,#9662,.F.);
#9707 = PLANE('',#9708);
#9708 = AXIS2_PLACEMENT_3D('',#9709,#9710,#9711);
#9709 = CARTESIAN_POINT('',(2.4,1.7,2.4));
#9710 = DIRECTION('',(-1.,1.224646799147E-16,0.));
#9711 = DIRECTION('',(0.,0.,1.));
#9712 = ADVANCED_FACE('',(#9713),#9731,.F.);
#9713 = FACE_BOUND('',#9714,.F.);
#9714 = EDGE_LOOP('',(#9715,#9716,#9717,#9725));
#9715 = ORIENTED_EDGE('',*,*,#8888,.F.);
#9716 = ORIENTED_EDGE('',*,*,#9678,.T.);
#9717 = ORIENTED_EDGE('',*,*,#9718,.T.);
#9718 = EDGE_CURVE('',#9671,#9719,#9721,.T.);
#9719 = VERTEX_POINT('',#9720);
#9720 = CARTESIAN_POINT('',(3.4,1.1,2.4));
#9721 = LINE('',#9722,#9723);
#9722 = CARTESIAN_POINT('',(3.4,1.1,5.1));
#9723 = VECTOR('',#9724,1.);
#9724 = DIRECTION('',(-0.,0.,-1.));
#9725 = ORIENTED_EDGE('',*,*,#9726,.F.);
#9726 = EDGE_CURVE('',#8889,#9719,#9727,.T.);
#9727 = LINE('',#9728,#9729);
#9728 = CARTESIAN_POINT('',(3.4,1.7,2.4));
#9729 = VECTOR('',#9730,1.);
#9730 = DIRECTION('',(-1.224646799147E-16,-1.,0.));
#9731 = PLANE('',#9732);
#9732 = AXIS2_PLACEMENT_3D('',#9733,#9734,#9735);
#9733 = CARTESIAN_POINT('',(3.4,1.7,4.2));
#9734 = DIRECTION('',(1.,-1.224646799147E-16,-0.));
#9735 = DIRECTION('',(-0.,0.,-1.));
#9736 = ADVANCED_FACE('',(#9737),#9748,.F.);
#9737 = FACE_BOUND('',#9738,.F.);
#9738 = EDGE_LOOP('',(#9739,#9740,#9741,#9747));
#9739 = ORIENTED_EDGE('',*,*,#8896,.F.);
#9740 = ORIENTED_EDGE('',*,*,#9726,.T.);
#9741 = ORIENTED_EDGE('',*,*,#9742,.T.);
#9742 = EDGE_CURVE('',#9719,#9694,#9743,.T.);
#9743 = LINE('',#9744,#9745);
#9744 = CARTESIAN_POINT('',(3.425,1.1,2.4));
#9745 = VECTOR('',#9746,1.);
#9746 = DIRECTION('',(-1.,1.224646799147E-16,0.));
#9747 = ORIENTED_EDGE('',*,*,#9693,.F.);
#9748 = PLANE('',#9749);
#9749 = AXIS2_PLACEMENT_3D('',#9750,#9751,#9752);
#9750 = CARTESIAN_POINT('',(3.4,1.7,2.4));
#9751 = DIRECTION('',(-0.,0.,-1.));
#9752 = DIRECTION('',(-1.,1.224646799147E-16,0.));
#9753 = ADVANCED_FACE('',(#9754),#9783,.F.);
#9754 = FACE_BOUND('',#9755,.F.);
#9755 = EDGE_LOOP('',(#9756,#9757,#9765,#9773,#9779,#9780,#9781,#9782));
#9756 = ORIENTED_EDGE('',*,*,#9033,.F.);
#9757 = ORIENTED_EDGE('',*,*,#9758,.T.);
#9758 = EDGE_CURVE('',#9034,#9759,#9761,.T.);
#9759 = VERTEX_POINT('',#9760);
#9760 = CARTESIAN_POINT('',(3.45,-2.3,1.8));
#9761 = LINE('',#9762,#9763);
#9762 = CARTESIAN_POINT('',(3.45,-2.3,6.));
#9763 = VECTOR('',#9764,1.);
#9764 = DIRECTION('',(0.,0.,-1.));
#9765 = ORIENTED_EDGE('',*,*,#9766,.T.);
#9766 = EDGE_CURVE('',#9759,#9767,#9769,.T.);
#9767 = VERTEX_POINT('',#9768);
#9768 = CARTESIAN_POINT('',(3.45,1.1,1.8));
#9769 = LINE('',#9770,#9771);
#9770 = CARTESIAN_POINT('',(3.45,-2.3,1.8));
#9771 = VECTOR('',#9772,1.);
#9772 = DIRECTION('',(1.224646799147E-16,1.,0.));
#9773 = ORIENTED_EDGE('',*,*,#9774,.F.);
#9774 = EDGE_CURVE('',#8937,#9767,#9775,.T.);
#9775 = LINE('',#9776,#9777);
#9776 = CARTESIAN_POINT('',(3.45,1.1,6.));
#9777 = VECTOR('',#9778,1.);
#9778 = DIRECTION('',(0.,0.,-1.));
#9779 = ORIENTED_EDGE('',*,*,#8944,.F.);
#9780 = ORIENTED_EDGE('',*,*,#8960,.T.);
#9781 = ORIENTED_EDGE('',*,*,#8990,.F.);
#9782 = ORIENTED_EDGE('',*,*,#9009,.T.);
#9783 = PLANE('',#9784);
#9784 = AXIS2_PLACEMENT_3D('',#9785,#9786,#9787);
#9785 = CARTESIAN_POINT('',(3.45,-2.3,6.));
#9786 = DIRECTION('',(1.,-1.224646799147E-16,0.));
#9787 = DIRECTION('',(1.224646799147E-16,1.,0.));
#9788 = ADVANCED_FACE('',(#9789,#9811,#9817),#9823,.F.);
#9789 = FACE_BOUND('',#9790,.F.);
#9790 = EDGE_LOOP('',(#9791,#9792,#9793,#9801,#9807,#9808,#9809,#9810));
#9791 = ORIENTED_EDGE('',*,*,#8936,.F.);
#9792 = ORIENTED_EDGE('',*,*,#9774,.T.);
#9793 = ORIENTED_EDGE('',*,*,#9794,.T.);
#9794 = EDGE_CURVE('',#9767,#9795,#9797,.T.);
#9795 = VERTEX_POINT('',#9796);
#9796 = CARTESIAN_POINT('',(-1.45,1.1,1.8));
#9797 = LINE('',#9798,#9799);
#9798 = CARTESIAN_POINT('',(3.45,1.1,1.8));
#9799 = VECTOR('',#9800,1.);
#9800 = DIRECTION('',(-1.,1.224646799147E-16,0.));
#9801 = ORIENTED_EDGE('',*,*,#9802,.F.);
#9802 = EDGE_CURVE('',#9422,#9795,#9803,.T.);
#9803 = LINE('',#9804,#9805);
#9804 = CARTESIAN_POINT('',(-1.45,1.1,6.));
#9805 = VECTOR('',#9806,1.);
#9806 = DIRECTION('',(0.,0.,-1.));
#9807 = ORIENTED_EDGE('',*,*,#9429,.F.);
#9808 = ORIENTED_EDGE('',*,*,#9605,.F.);
#9809 = ORIENTED_EDGE('',*,*,#9629,.F.);
#9810 = ORIENTED_EDGE('',*,*,#9646,.F.);
#9811 = FACE_BOUND('',#9812,.F.);
#9812 = EDGE_LOOP('',(#9813,#9814,#9815,#9816));
#9813 = ORIENTED_EDGE('',*,*,#9476,.T.);
#9814 = ORIENTED_EDGE('',*,*,#9516,.T.);
#9815 = ORIENTED_EDGE('',*,*,#9540,.T.);
#9816 = ORIENTED_EDGE('',*,*,#9564,.T.);
#9817 = FACE_BOUND('',#9818,.F.);
#9818 = EDGE_LOOP('',(#9819,#9820,#9821,#9822));
#9819 = ORIENTED_EDGE('',*,*,#9742,.F.);
#9820 = ORIENTED_EDGE('',*,*,#9718,.F.);
#9821 = ORIENTED_EDGE('',*,*,#9670,.F.);
#9822 = ORIENTED_EDGE('',*,*,#9701,.F.);
#9823 = PLANE('',#9824);
#9824 = AXIS2_PLACEMENT_3D('',#9825,#9826,#9827);
#9825 = CARTESIAN_POINT('',(3.45,1.1,6.));
#9826 = DIRECTION('',(1.224646799147E-16,1.,0.));
#9827 = DIRECTION('',(-1.,1.224646799147E-16,0.));
#9828 = ADVANCED_FACE('',(#9829),#9847,.T.);
#9829 = FACE_BOUND('',#9830,.T.);
#9830 = EDGE_LOOP('',(#9831,#9839,#9845,#9846));
#9831 = ORIENTED_EDGE('',*,*,#9832,.T.);
#9832 = EDGE_CURVE('',#9050,#9833,#9835,.T.);
#9833 = VERTEX_POINT('',#9834);
#9834 = CARTESIAN_POINT('',(-1.45,-0.6,4.4));
#9835 = LINE('',#9836,#9837);
#9836 = CARTESIAN_POINT('',(-1.45,-0.6,5.2));
#9837 = VECTOR('',#9838,1.);
#9838 = DIRECTION('',(-0.,0.,-1.));
#9839 = ORIENTED_EDGE('',*,*,#9840,.T.);
#9840 = EDGE_CURVE('',#9833,#9276,#9841,.T.);
#9841 = LINE('',#9842,#9843);
#9842 = CARTESIAN_POINT('',(3.95,-0.6,4.4));
#9843 = VECTOR('',#9844,1.);
#9844 = DIRECTION('',(-1.,1.224646799147E-16,0.));
#9845 = ORIENTED_EDGE('',*,*,#9284,.T.);
#9846 = ORIENTED_EDGE('',*,*,#9057,.F.);
#9847 = PLANE('',#9848);
#9848 = AXIS2_PLACEMENT_3D('',#9849,#9850,#9851);
#9849 = CARTESIAN_POINT('',(3.95,-0.6,4.4));
#9850 = DIRECTION('',(1.224646799147E-16,1.,0.));
#9851 = DIRECTION('',(0.,-0.,1.));
#9852 = ADVANCED_FACE('',(#9853),#9888,.F.);
#9853 = FACE_BOUND('',#9854,.F.);
#9854 = EDGE_LOOP('',(#9855,#9856,#9857,#9865,#9871,#9872,#9873,#9882));
#9855 = ORIENTED_EDGE('',*,*,#9421,.F.);
#9856 = ORIENTED_EDGE('',*,*,#9802,.T.);
#9857 = ORIENTED_EDGE('',*,*,#9858,.T.);
#9858 = EDGE_CURVE('',#9795,#9859,#9861,.T.);
#9859 = VERTEX_POINT('',#9860);
#9860 = CARTESIAN_POINT('',(-1.45,-2.3,1.8));
#9861 = LINE('',#9862,#9863);
#9862 = CARTESIAN_POINT('',(-1.45,1.1,1.8));
#9863 = VECTOR('',#9864,1.);
#9864 = DIRECTION('',(-1.224646799147E-16,-1.,0.));
#9865 = ORIENTED_EDGE('',*,*,#9866,.F.);
#9866 = EDGE_CURVE('',#9042,#9859,#9867,.T.);
#9867 = LINE('',#9868,#9869);
#9868 = CARTESIAN_POINT('',(-1.45,-2.3,6.));
#9869 = VECTOR('',#9870,1.);
#9870 = DIRECTION('',(0.,0.,-1.));
#9871 = ORIENTED_EDGE('',*,*,#9049,.F.);
#9872 = ORIENTED_EDGE('',*,*,#9832,.T.);
#9873 = ORIENTED_EDGE('',*,*,#9874,.T.);
#9874 = EDGE_CURVE('',#9833,#9875,#9877,.T.);
#9875 = VERTEX_POINT('',#9876);
#9876 = CARTESIAN_POINT('',(-1.45,0.2,4.4));
#9877 = CIRCLE('',#9878,0.4);
#9878 = AXIS2_PLACEMENT_3D('',#9879,#9880,#9881);
#9879 = CARTESIAN_POINT('',(-1.45,-0.2,4.4));
#9880 = DIRECTION('',(1.,-1.224646799147E-16,0.));
#9881 = DIRECTION('',(1.224646799147E-16,1.,0.));
#9882 = ORIENTED_EDGE('',*,*,#9883,.T.);
#9883 = EDGE_CURVE('',#9875,#9414,#9884,.T.);
#9884 = LINE('',#9885,#9886);
#9885 = CARTESIAN_POINT('',(-1.45,0.2,6.));
#9886 = VECTOR('',#9887,1.);
#9887 = DIRECTION('',(0.,0.,1.));
#9888 = PLANE('',#9889);
#9889 = AXIS2_PLACEMENT_3D('',#9890,#9891,#9892);
#9890 = CARTESIAN_POINT('',(-1.45,1.1,6.));
#9891 = DIRECTION('',(-1.,1.224646799147E-16,0.));
#9892 = DIRECTION('',(-1.224646799147E-16,-1.,0.));
#9893 = ADVANCED_FACE('',(#9894),#9937,.F.);
#9894 = FACE_BOUND('',#9895,.F.);
#9895 = EDGE_LOOP('',(#9896,#9897,#9898,#9906,#9914,#9922,#9930,#9936));
#9896 = ORIENTED_EDGE('',*,*,#9041,.F.);
#9897 = ORIENTED_EDGE('',*,*,#9866,.T.);
#9898 = ORIENTED_EDGE('',*,*,#9899,.T.);
#9899 = EDGE_CURVE('',#9859,#9900,#9902,.T.);
#9900 = VERTEX_POINT('',#9901);
#9901 = CARTESIAN_POINT('',(0.8,-2.3,1.8));
#9902 = LINE('',#9903,#9904);
#9903 = CARTESIAN_POINT('',(-1.45,-2.3,1.8));
#9904 = VECTOR('',#9905,1.);
#9905 = DIRECTION('',(1.,-1.224646799147E-16,0.));
#9906 = ORIENTED_EDGE('',*,*,#9907,.T.);
#9907 = EDGE_CURVE('',#9900,#9908,#9910,.T.);
#9908 = VERTEX_POINT('',#9909);
#9909 = CARTESIAN_POINT('',(0.8,-2.3,3.7));
#9910 = LINE('',#9911,#9912);
#9911 = CARTESIAN_POINT('',(0.8,-2.3,1.8));
#9912 = VECTOR('',#9913,1.);
#9913 = DIRECTION('',(0.,0.,1.));
#9914 = ORIENTED_EDGE('',*,*,#9915,.T.);
#9915 = EDGE_CURVE('',#9908,#9916,#9918,.T.);
#9916 = VERTEX_POINT('',#9917);
#9917 = CARTESIAN_POINT('',(1.2,-2.3,3.7));
#9918 = LINE('',#9919,#9920);
#9919 = CARTESIAN_POINT('',(0.8,-2.3,3.7));
#9920 = VECTOR('',#9921,1.);
#9921 = DIRECTION('',(1.,-1.224646799147E-16,0.));
#9922 = ORIENTED_EDGE('',*,*,#9923,.F.);
#9923 = EDGE_CURVE('',#9924,#9916,#9926,.T.);
#9924 = VERTEX_POINT('',#9925);
#9925 = CARTESIAN_POINT('',(1.2,-2.3,1.8));
#9926 = LINE('',#9927,#9928);
#9927 = CARTESIAN_POINT('',(1.2,-2.3,1.8));
#9928 = VECTOR('',#9929,1.);
#9929 = DIRECTION('',(0.,0.,1.));
#9930 = ORIENTED_EDGE('',*,*,#9931,.T.);
#9931 = EDGE_CURVE('',#9924,#9759,#9932,.T.);
#9932 = LINE('',#9933,#9934);
#9933 = CARTESIAN_POINT('',(-1.45,-2.3,1.8));
#9934 = VECTOR('',#9935,1.);
#9935 = DIRECTION('',(1.,-1.224646799147E-16,0.));
#9936 = ORIENTED_EDGE('',*,*,#9758,.F.);
#9937 = PLANE('',#9938);
#9938 = AXIS2_PLACEMENT_3D('',#9939,#9940,#9941);
#9939 = CARTESIAN_POINT('',(-1.45,-2.3,6.));
#9940 = DIRECTION('',(-1.224646799147E-16,-1.,0.));
#9941 = DIRECTION('',(1.,-1.224646799147E-16,0.));
#9942 = ADVANCED_FACE('',(#9943,#9949),#9983,.F.);
#9943 = FACE_BOUND('',#9944,.F.);
#9944 = EDGE_LOOP('',(#9945,#9946,#9947,#9948));
#9945 = ORIENTED_EDGE('',*,*,#9365,.T.);
#9946 = ORIENTED_EDGE('',*,*,#9111,.T.);
#9947 = ORIENTED_EDGE('',*,*,#9135,.F.);
#9948 = ORIENTED_EDGE('',*,*,#9168,.F.);
#9949 = FACE_BOUND('',#9950,.F.);
#9950 = EDGE_LOOP('',(#9951,#9961,#9969,#9977));
#9951 = ORIENTED_EDGE('',*,*,#9952,.T.);
#9952 = EDGE_CURVE('',#9953,#9955,#9957,.T.);
#9953 = VERTEX_POINT('',#9954);
#9954 = CARTESIAN_POINT('',(-0.25,0.25,0.1));
#9955 = VERTEX_POINT('',#9956);
#9956 = CARTESIAN_POINT('',(0.25,0.25,0.1));
#9957 = LINE('',#9958,#9959);
#9958 = CARTESIAN_POINT('',(0.5,0.25,0.1));
#9959 = VECTOR('',#9960,1.);
#9960 = DIRECTION('',(1.,-1.224646799147E-16,0.));
#9961 = ORIENTED_EDGE('',*,*,#9962,.T.);
#9962 = EDGE_CURVE('',#9955,#9963,#9965,.T.);
#9963 = VERTEX_POINT('',#9964);
#9964 = CARTESIAN_POINT('',(0.25,-0.25,0.1));
#9965 = LINE('',#9966,#9967);
#9966 = CARTESIAN_POINT('',(0.25,0.271633216363,0.1));
#9967 = VECTOR('',#9968,1.);
#9968 = DIRECTION('',(-1.224646799147E-16,-1.,0.));
#9969 = ORIENTED_EDGE('',*,*,#9970,.T.);
#9970 = EDGE_CURVE('',#9963,#9971,#9973,.T.);
#9971 = VERTEX_POINT('',#9972);
#9972 = CARTESIAN_POINT('',(-0.25,-0.25,0.1));
#9973 = LINE('',#9974,#9975);
#9974 = CARTESIAN_POINT('',(0.5,-0.25,0.1));
#9975 = VECTOR('',#9976,1.);
#9976 = DIRECTION('',(-1.,1.224646799147E-16,0.));
#9977 = ORIENTED_EDGE('',*,*,#9978,.F.);
#9978 = EDGE_CURVE('',#9953,#9971,#9979,.T.);
#9979 = LINE('',#9980,#9981);
#9980 = CARTESIAN_POINT('',(-0.25,0.271633216363,0.1));
#9981 = VECTOR('',#9982,1.);
#9982 = DIRECTION('',(-1.224646799147E-16,-1.,0.));
#9983 = PLANE('',#9984);
#9984 = AXIS2_PLACEMENT_3D('',#9985,#9986,#9987);
#9985 = CARTESIAN_POINT('',(0.75,0.5,0.1));
#9986 = DIRECTION('',(0.,0.,1.));
#9987 = DIRECTION('',(-1.224646799147E-16,-1.,0.));
#9988 = ADVANCED_FACE('',(#9989),#10000,.F.);
#9989 = FACE_BOUND('',#9990,.F.);
#9990 = EDGE_LOOP('',(#9991,#9992,#9993,#9999));
#9991 = ORIENTED_EDGE('',*,*,#9840,.T.);
#9992 = ORIENTED_EDGE('',*,*,#9275,.T.);
#9993 = ORIENTED_EDGE('',*,*,#9994,.F.);
#9994 = EDGE_CURVE('',#9875,#9268,#9995,.T.);
#9995 = LINE('',#9996,#9997);
#9996 = CARTESIAN_POINT('',(3.95,0.2,4.4));
#9997 = VECTOR('',#9998,1.);
#9998 = DIRECTION('',(-1.,1.224646799147E-16,0.));
#9999 = ORIENTED_EDGE('',*,*,#9874,.F.);
#10000 = CYLINDRICAL_SURFACE('',#10001,0.4);
#10001 = AXIS2_PLACEMENT_3D('',#10002,#10003,#10004);
#10002 = CARTESIAN_POINT('',(3.95,-0.2,4.4));
#10003 = DIRECTION('',(1.,-1.224646799147E-16,-0.));
#10004 = DIRECTION('',(1.224646799147E-16,1.,0.));
#10005 = ADVANCED_FACE('',(#10006),#10012,.T.);
#10006 = FACE_BOUND('',#10007,.T.);
#10007 = EDGE_LOOP('',(#10008,#10009,#10010,#10011));
#10008 = ORIENTED_EDGE('',*,*,#9883,.T.);
#10009 = ORIENTED_EDGE('',*,*,#9413,.T.);
#10010 = ORIENTED_EDGE('',*,*,#9267,.T.);
#10011 = ORIENTED_EDGE('',*,*,#9994,.F.);
#10012 = PLANE('',#10013);
#10013 = AXIS2_PLACEMENT_3D('',#10014,#10015,#10016);
#10014 = CARTESIAN_POINT('',(3.95,0.2,6.));
#10015 = DIRECTION('',(-1.224646799147E-16,-1.,0.));
#10016 = DIRECTION('',(-0.,0.,-1.));
#10017 = ADVANCED_FACE('',(#10018),#10043,.F.);
#10018 = FACE_BOUND('',#10019,.F.);
#10019 = EDGE_LOOP('',(#10020,#10028,#10029,#10037));
#10020 = ORIENTED_EDGE('',*,*,#10021,.F.);
#10021 = EDGE_CURVE('',#9326,#10022,#10024,.T.);
#10022 = VERTEX_POINT('',#10023);
#10023 = CARTESIAN_POINT('',(2.25,0.25,-0.9));
#10024 = LINE('',#10025,#10026);
#10025 = CARTESIAN_POINT('',(2.25,0.25,5.));
#10026 = VECTOR('',#10027,1.);
#10027 = DIRECTION('',(-0.,0.,-1.));
#10028 = ORIENTED_EDGE('',*,*,#9323,.F.);
#10029 = ORIENTED_EDGE('',*,*,#10030,.T.);
#10030 = EDGE_CURVE('',#9324,#10031,#10033,.T.);
#10031 = VERTEX_POINT('',#10032);
#10032 = CARTESIAN_POINT('',(1.75,0.25,-0.9));
#10033 = LINE('',#10034,#10035);
#10034 = CARTESIAN_POINT('',(1.75,0.25,5.));
#10035 = VECTOR('',#10036,1.);
#10036 = DIRECTION('',(-0.,0.,-1.));
#10037 = ORIENTED_EDGE('',*,*,#10038,.F.);
#10038 = EDGE_CURVE('',#10022,#10031,#10039,.T.);
#10039 = LINE('',#10040,#10041);
#10040 = CARTESIAN_POINT('',(2.25,0.25,-0.9));
#10041 = VECTOR('',#10042,1.);
#10042 = DIRECTION('',(-1.,1.224646799147E-16,0.));
#10043 = PLANE('',#10044);
#10044 = AXIS2_PLACEMENT_3D('',#10045,#10046,#10047);
#10045 = CARTESIAN_POINT('',(2.25,0.25,5.));
#10046 = DIRECTION('',(-1.224646799147E-16,-1.,0.));
#10047 = DIRECTION('',(-0.,0.,-1.));
#10048 = ADVANCED_FACE('',(#10049),#10099,.T.);
#10049 = FACE_BOUND('',#10050,.T.);
#10050 = EDGE_LOOP('',(#10051,#10061,#10069,#10077,#10083,#10084,#10085,
    #10093));
#10051 = ORIENTED_EDGE('',*,*,#10052,.T.);
#10052 = EDGE_CURVE('',#10053,#10055,#10057,.T.);
#10053 = VERTEX_POINT('',#10054);
#10054 = CARTESIAN_POINT('',(1.75,0.281578947368,-3.2));
#10055 = VERTEX_POINT('',#10056);
#10056 = CARTESIAN_POINT('',(1.75,-0.218421052632,-3.2));
#10057 = LINE('',#10058,#10059);
#10058 = CARTESIAN_POINT('',(1.75,0.25,-3.2));
#10059 = VECTOR('',#10060,1.);
#10060 = DIRECTION('',(-1.224646799147E-16,-1.,0.));
#10061 = ORIENTED_EDGE('',*,*,#10062,.T.);
#10062 = EDGE_CURVE('',#10055,#10063,#10065,.T.);
#10063 = VERTEX_POINT('',#10064);
#10064 = CARTESIAN_POINT('',(1.75,5.E-02,-1.5));
#10065 = LINE('',#10066,#10067);
#10066 = CARTESIAN_POINT('',(1.75,-0.25,-3.4));
#10067 = VECTOR('',#10068,1.);
#10068 = DIRECTION('',(1.909990663905E-17,0.155962573473,0.987762965329)
  );
#10069 = ORIENTED_EDGE('',*,*,#10070,.T.);
#10070 = EDGE_CURVE('',#10063,#10071,#10073,.T.);
#10071 = VERTEX_POINT('',#10072);
#10072 = CARTESIAN_POINT('',(1.75,-0.25,-0.9));
#10073 = LINE('',#10074,#10075);
#10074 = CARTESIAN_POINT('',(1.75,5.E-02,-1.5));
#10075 = VECTOR('',#10076,1.);
#10076 = DIRECTION('',(-5.476786982641E-17,-0.4472135955,0.894427191));
#10077 = ORIENTED_EDGE('',*,*,#10078,.T.);
#10078 = EDGE_CURVE('',#10071,#9342,#10079,.T.);
#10079 = LINE('',#10080,#10081);
#10080 = CARTESIAN_POINT('',(1.75,-0.25,-0.9));
#10081 = VECTOR('',#10082,1.);
#10082 = DIRECTION('',(0.,0.,1.));
#10083 = ORIENTED_EDGE('',*,*,#9349,.F.);
#10084 = ORIENTED_EDGE('',*,*,#10030,.T.);
#10085 = ORIENTED_EDGE('',*,*,#10086,.T.);
#10086 = EDGE_CURVE('',#10031,#10087,#10089,.T.);
#10087 = VERTEX_POINT('',#10088);
#10088 = CARTESIAN_POINT('',(1.75,0.55,-1.5));
#10089 = LINE('',#10090,#10091);
#10090 = CARTESIAN_POINT('',(1.75,0.25,-0.9));
#10091 = VECTOR('',#10092,1.);
#10092 = DIRECTION('',(5.476786982641E-17,0.4472135955,-0.894427191));
#10093 = ORIENTED_EDGE('',*,*,#10094,.T.);
#10094 = EDGE_CURVE('',#10087,#10053,#10095,.T.);
#10095 = LINE('',#10096,#10097);
#10096 = CARTESIAN_POINT('',(1.75,0.55,-1.5));
#10097 = VECTOR('',#10098,1.);
#10098 = DIRECTION('',(-1.909990663905E-17,-0.155962573473,
    -0.987762965329));
#10099 = PLANE('',#10100);
#10100 = AXIS2_PLACEMENT_3D('',#10101,#10102,#10103);
#10101 = CARTESIAN_POINT('',(1.75,4.326643272645E-02,0.775746953017));
#10102 = DIRECTION('',(-1.,1.224646799147E-16,0.));
#10103 = DIRECTION('',(0.,0.,1.));
#10104 = ADVANCED_FACE('',(#10105),#10123,.F.);
#10105 = FACE_BOUND('',#10106,.F.);
#10106 = EDGE_LOOP('',(#10107,#10115,#10121,#10122));
#10107 = ORIENTED_EDGE('',*,*,#10108,.F.);
#10108 = EDGE_CURVE('',#10109,#9334,#10111,.T.);
#10109 = VERTEX_POINT('',#10110);
#10110 = CARTESIAN_POINT('',(2.25,-0.25,-0.9));
#10111 = LINE('',#10112,#10113);
#10112 = CARTESIAN_POINT('',(2.25,-0.25,-0.9));
#10113 = VECTOR('',#10114,1.);
#10114 = DIRECTION('',(0.,0.,1.));
#10115 = ORIENTED_EDGE('',*,*,#10116,.T.);
#10116 = EDGE_CURVE('',#10109,#10071,#10117,.T.);
#10117 = LINE('',#10118,#10119);
#10118 = CARTESIAN_POINT('',(2.25,-0.25,-0.9));
#10119 = VECTOR('',#10120,1.);
#10120 = DIRECTION('',(-1.,1.224646799147E-16,0.));
#10121 = ORIENTED_EDGE('',*,*,#10078,.T.);
#10122 = ORIENTED_EDGE('',*,*,#9341,.F.);
#10123 = PLANE('',#10124);
#10124 = AXIS2_PLACEMENT_3D('',#10125,#10126,#10127);
#10125 = CARTESIAN_POINT('',(2.25,-0.25,-0.9));
#10126 = DIRECTION('',(1.224646799147E-16,1.,0.));
#10127 = DIRECTION('',(0.,-0.,1.));
#10128 = ADVANCED_FACE('',(#10129),#10172,.F.);
#10129 = FACE_BOUND('',#10130,.F.);
#10130 = EDGE_LOOP('',(#10131,#10141,#10149,#10155,#10156,#10157,#10158,
    #10166));
#10131 = ORIENTED_EDGE('',*,*,#10132,.T.);
#10132 = EDGE_CURVE('',#10133,#10135,#10137,.T.);
#10133 = VERTEX_POINT('',#10134);
#10134 = CARTESIAN_POINT('',(2.25,0.281578947368,-3.2));
#10135 = VERTEX_POINT('',#10136);
#10136 = CARTESIAN_POINT('',(2.25,-0.218421052632,-3.2));
#10137 = LINE('',#10138,#10139);
#10138 = CARTESIAN_POINT('',(2.25,0.25,-3.2));
#10139 = VECTOR('',#10140,1.);
#10140 = DIRECTION('',(-1.224646799147E-16,-1.,0.));
#10141 = ORIENTED_EDGE('',*,*,#10142,.T.);
#10142 = EDGE_CURVE('',#10135,#10143,#10145,.T.);
#10143 = VERTEX_POINT('',#10144);
#10144 = CARTESIAN_POINT('',(2.25,5.E-02,-1.5));
#10145 = LINE('',#10146,#10147);
#10146 = CARTESIAN_POINT('',(2.25,-0.25,-3.4));
#10147 = VECTOR('',#10148,1.);
#10148 = DIRECTION('',(1.909990663905E-17,0.155962573473,0.987762965329)
  );
#10149 = ORIENTED_EDGE('',*,*,#10150,.T.);
#10150 = EDGE_CURVE('',#10143,#10109,#10151,.T.);
#10151 = LINE('',#10152,#10153);
#10152 = CARTESIAN_POINT('',(2.25,5.E-02,-1.5));
#10153 = VECTOR('',#10154,1.);
#10154 = DIRECTION('',(-5.476786982641E-17,-0.4472135955,0.894427191));
#10155 = ORIENTED_EDGE('',*,*,#10108,.T.);
#10156 = ORIENTED_EDGE('',*,*,#9333,.F.);
#10157 = ORIENTED_EDGE('',*,*,#10021,.T.);
#10158 = ORIENTED_EDGE('',*,*,#10159,.T.);
#10159 = EDGE_CURVE('',#10022,#10160,#10162,.T.);
#10160 = VERTEX_POINT('',#10161);
#10161 = CARTESIAN_POINT('',(2.25,0.55,-1.5));
#10162 = LINE('',#10163,#10164);
#10163 = CARTESIAN_POINT('',(2.25,0.25,-0.9));
#10164 = VECTOR('',#10165,1.);
#10165 = DIRECTION('',(5.476786982641E-17,0.4472135955,-0.894427191));
#10166 = ORIENTED_EDGE('',*,*,#10167,.T.);
#10167 = EDGE_CURVE('',#10160,#10133,#10168,.T.);
#10168 = LINE('',#10169,#10170);
#10169 = CARTESIAN_POINT('',(2.25,0.55,-1.5));
#10170 = VECTOR('',#10171,1.);
#10171 = DIRECTION('',(-1.909990663905E-17,-0.155962573473,
    -0.987762965329));
#10172 = PLANE('',#10173);
#10173 = AXIS2_PLACEMENT_3D('',#10174,#10175,#10176);
#10174 = CARTESIAN_POINT('',(2.25,4.326643272645E-02,0.775746953017));
#10175 = DIRECTION('',(-1.,1.224646799147E-16,0.));
#10176 = DIRECTION('',(0.,0.,1.));
#10177 = ADVANCED_FACE('',(#10178),#10184,.F.);
#10178 = FACE_BOUND('',#10179,.F.);
#10179 = EDGE_LOOP('',(#10180,#10181,#10182,#10183));
#10180 = ORIENTED_EDGE('',*,*,#9581,.T.);
#10181 = ORIENTED_EDGE('',*,*,#9397,.T.);
#10182 = ORIENTED_EDGE('',*,*,#9443,.F.);
#10183 = ORIENTED_EDGE('',*,*,#9492,.F.);
#10184 = PLANE('',#10185);
#10185 = AXIS2_PLACEMENT_3D('',#10186,#10187,#10188);
#10186 = CARTESIAN_POINT('',(-0.45,1.75,4.2));
#10187 = DIRECTION('',(-1.224646799147E-16,-1.,0.));
#10188 = DIRECTION('',(-1.,1.224646799147E-16,0.));
#10189 = ADVANCED_FACE('',(#10190,#10219,#10253),#10287,.T.);
#10190 = FACE_BOUND('',#10191,.T.);
#10191 = EDGE_LOOP('',(#10192,#10193,#10194,#10195,#10196,#10204,#10212,
    #10218));
#10192 = ORIENTED_EDGE('',*,*,#9766,.T.);
#10193 = ORIENTED_EDGE('',*,*,#9794,.T.);
#10194 = ORIENTED_EDGE('',*,*,#9858,.T.);
#10195 = ORIENTED_EDGE('',*,*,#9899,.T.);
#10196 = ORIENTED_EDGE('',*,*,#10197,.F.);
#10197 = EDGE_CURVE('',#10198,#9900,#10200,.T.);
#10198 = VERTEX_POINT('',#10199);
#10199 = CARTESIAN_POINT('',(0.8,-2.,1.8));
#10200 = LINE('',#10201,#10202);
#10201 = CARTESIAN_POINT('',(0.8,-2.,1.8));
#10202 = VECTOR('',#10203,1.);
#10203 = DIRECTION('',(-1.224646799147E-16,-1.,0.));
#10204 = ORIENTED_EDGE('',*,*,#10205,.F.);
#10205 = EDGE_CURVE('',#10206,#10198,#10208,.T.);
#10206 = VERTEX_POINT('',#10207);
#10207 = CARTESIAN_POINT('',(1.2,-2.,1.8));
#10208 = LINE('',#10209,#10210);
#10209 = CARTESIAN_POINT('',(1.2,-2.,1.8));
#10210 = VECTOR('',#10211,1.);
#10211 = DIRECTION('',(-1.,1.224646799147E-16,0.));
#10212 = ORIENTED_EDGE('',*,*,#10213,.F.);
#10213 = EDGE_CURVE('',#9924,#10206,#10214,.T.);
#10214 = LINE('',#10215,#10216);
#10215 = CARTESIAN_POINT('',(1.2,-2.3,1.8));
#10216 = VECTOR('',#10217,1.);
#10217 = DIRECTION('',(1.224646799147E-16,1.,0.));
#10218 = ORIENTED_EDGE('',*,*,#9931,.T.);
#10219 = FACE_BOUND('',#10220,.T.);
#10220 = EDGE_LOOP('',(#10221,#10231,#10239,#10247));
#10221 = ORIENTED_EDGE('',*,*,#10222,.T.);
#10222 = EDGE_CURVE('',#10223,#10225,#10227,.T.);
#10223 = VERTEX_POINT('',#10224);
#10224 = CARTESIAN_POINT('',(1.75,0.25,1.8));
#10225 = VERTEX_POINT('',#10226);
#10226 = CARTESIAN_POINT('',(2.25,0.25,1.8));
#10227 = LINE('',#10228,#10229);
#10228 = CARTESIAN_POINT('',(1.625,0.25,1.8));
#10229 = VECTOR('',#10230,1.);
#10230 = DIRECTION('',(1.,-1.224646799147E-16,0.));
#10231 = ORIENTED_EDGE('',*,*,#10232,.T.);
#10232 = EDGE_CURVE('',#10225,#10233,#10235,.T.);
#10233 = VERTEX_POINT('',#10234);
#10234 = CARTESIAN_POINT('',(2.25,-0.25,1.8));
#10235 = LINE('',#10236,#10237);
#10236 = CARTESIAN_POINT('',(2.25,-0.278366783637,1.8));
#10237 = VECTOR('',#10238,1.);
#10238 = DIRECTION('',(-1.224646799147E-16,-1.,0.));
#10239 = ORIENTED_EDGE('',*,*,#10240,.T.);
#10240 = EDGE_CURVE('',#10233,#10241,#10243,.T.);
#10241 = VERTEX_POINT('',#10242);
#10242 = CARTESIAN_POINT('',(1.75,-0.25,1.8));
#10243 = LINE('',#10244,#10245);
#10244 = CARTESIAN_POINT('',(1.625,-0.25,1.8));
#10245 = VECTOR('',#10246,1.);
#10246 = DIRECTION('',(-1.,1.224646799147E-16,0.));
#10247 = ORIENTED_EDGE('',*,*,#10248,.F.);
#10248 = EDGE_CURVE('',#10223,#10241,#10249,.T.);
#10249 = LINE('',#10250,#10251);
#10250 = CARTESIAN_POINT('',(1.75,-0.278366783637,1.8));
#10251 = VECTOR('',#10252,1.);
#10252 = DIRECTION('',(-1.224646799147E-16,-1.,0.));
#10253 = FACE_BOUND('',#10254,.T.);
#10254 = EDGE_LOOP('',(#10255,#10265,#10273,#10281));
#10255 = ORIENTED_EDGE('',*,*,#10256,.T.);
#10256 = EDGE_CURVE('',#10257,#10259,#10261,.T.);
#10257 = VERTEX_POINT('',#10258);
#10258 = CARTESIAN_POINT('',(-0.25,0.25,1.8));
#10259 = VERTEX_POINT('',#10260);
#10260 = CARTESIAN_POINT('',(0.25,0.25,1.8));
#10261 = LINE('',#10262,#10263);
#10262 = CARTESIAN_POINT('',(0.625,0.25,1.8));
#10263 = VECTOR('',#10264,1.);
#10264 = DIRECTION('',(1.,-1.224646799147E-16,0.));
#10265 = ORIENTED_EDGE('',*,*,#10266,.T.);
#10266 = EDGE_CURVE('',#10259,#10267,#10269,.T.);
#10267 = VERTEX_POINT('',#10268);
#10268 = CARTESIAN_POINT('',(0.25,-0.25,1.8));
#10269 = LINE('',#10270,#10271);
#10270 = CARTESIAN_POINT('',(0.25,-0.278366783637,1.8));
#10271 = VECTOR('',#10272,1.);
#10272 = DIRECTION('',(-1.224646799147E-16,-1.,0.));
#10273 = ORIENTED_EDGE('',*,*,#10274,.T.);
#10274 = EDGE_CURVE('',#10267,#10275,#10277,.T.);
#10275 = VERTEX_POINT('',#10276);
#10276 = CARTESIAN_POINT('',(-0.25,-0.25,1.8));
#10277 = LINE('',#10278,#10279);
#10278 = CARTESIAN_POINT('',(0.625,-0.25,1.8));
#10279 = VECTOR('',#10280,1.);
#10280 = DIRECTION('',(-1.,1.224646799147E-16,0.));
#10281 = ORIENTED_EDGE('',*,*,#10282,.F.);
#10282 = EDGE_CURVE('',#10257,#10275,#10283,.T.);
#10283 = LINE('',#10284,#10285);
#10284 = CARTESIAN_POINT('',(-0.25,-0.278366783637,1.8));
#10285 = VECTOR('',#10286,1.);
#10286 = DIRECTION('',(-1.224646799147E-16,-1.,0.));
#10287 = PLANE('',#10288);
#10288 = AXIS2_PLACEMENT_3D('',#10289,#10290,#10291);
#10289 = CARTESIAN_POINT('',(1.,-0.6,1.8));
#10290 = DIRECTION('',(0.,0.,1.));
#10291 = DIRECTION('',(-1.,1.224646799147E-16,0.));
#10292 = ADVANCED_FACE('',(#10293),#10311,.F.);
#10293 = FACE_BOUND('',#10294,.F.);
#10294 = EDGE_LOOP('',(#10295,#10296,#10304,#10310));
#10295 = ORIENTED_EDGE('',*,*,#9923,.T.);
#10296 = ORIENTED_EDGE('',*,*,#10297,.T.);
#10297 = EDGE_CURVE('',#9916,#10298,#10300,.T.);
#10298 = VERTEX_POINT('',#10299);
#10299 = CARTESIAN_POINT('',(1.2,-2.,3.7));
#10300 = LINE('',#10301,#10302);
#10301 = CARTESIAN_POINT('',(1.2,-2.3,3.7));
#10302 = VECTOR('',#10303,1.);
#10303 = DIRECTION('',(1.224646799147E-16,1.,0.));
#10304 = ORIENTED_EDGE('',*,*,#10305,.F.);
#10305 = EDGE_CURVE('',#10206,#10298,#10306,.T.);
#10306 = LINE('',#10307,#10308);
#10307 = CARTESIAN_POINT('',(1.2,-2.,1.8));
#10308 = VECTOR('',#10309,1.);
#10309 = DIRECTION('',(0.,0.,1.));
#10310 = ORIENTED_EDGE('',*,*,#10213,.F.);
#10311 = PLANE('',#10312);
#10312 = AXIS2_PLACEMENT_3D('',#10313,#10314,#10315);
#10313 = CARTESIAN_POINT('',(1.2,-2.3,1.8));
#10314 = DIRECTION('',(-1.,1.224646799147E-16,0.));
#10315 = DIRECTION('',(1.224646799147E-16,1.,0.));
#10316 = ADVANCED_FACE('',(#10317),#10335,.T.);
#10317 = FACE_BOUND('',#10318,.T.);
#10318 = EDGE_LOOP('',(#10319,#10327,#10333,#10334));
#10319 = ORIENTED_EDGE('',*,*,#10320,.T.);
#10320 = EDGE_CURVE('',#10298,#10321,#10323,.T.);
#10321 = VERTEX_POINT('',#10322);
#10322 = CARTESIAN_POINT('',(0.8,-2.,3.7));
#10323 = LINE('',#10324,#10325);
#10324 = CARTESIAN_POINT('',(1.2,-2.,3.7));
#10325 = VECTOR('',#10326,1.);
#10326 = DIRECTION('',(-1.,1.224646799147E-16,0.));
#10327 = ORIENTED_EDGE('',*,*,#10328,.T.);
#10328 = EDGE_CURVE('',#10321,#9908,#10329,.T.);
#10329 = LINE('',#10330,#10331);
#10330 = CARTESIAN_POINT('',(0.8,-2.,3.7));
#10331 = VECTOR('',#10332,1.);
#10332 = DIRECTION('',(-1.224646799147E-16,-1.,0.));
#10333 = ORIENTED_EDGE('',*,*,#9915,.T.);
#10334 = ORIENTED_EDGE('',*,*,#10297,.T.);
#10335 = PLANE('',#10336);
#10336 = AXIS2_PLACEMENT_3D('',#10337,#10338,#10339);
#10337 = CARTESIAN_POINT('',(1.,-2.15,3.7));
#10338 = DIRECTION('',(0.,0.,1.));
#10339 = DIRECTION('',(-1.,1.224646799147E-16,0.));
#10340 = ADVANCED_FACE('',(#10341),#10352,.F.);
#10341 = FACE_BOUND('',#10342,.F.);
#10342 = EDGE_LOOP('',(#10343,#10349,#10350,#10351));
#10343 = ORIENTED_EDGE('',*,*,#10344,.T.);
#10344 = EDGE_CURVE('',#10198,#10321,#10345,.T.);
#10345 = LINE('',#10346,#10347);
#10346 = CARTESIAN_POINT('',(0.8,-2.,1.8));
#10347 = VECTOR('',#10348,1.);
#10348 = DIRECTION('',(0.,0.,1.));
#10349 = ORIENTED_EDGE('',*,*,#10328,.T.);
#10350 = ORIENTED_EDGE('',*,*,#9907,.F.);
#10351 = ORIENTED_EDGE('',*,*,#10197,.F.);
#10352 = PLANE('',#10353);
#10353 = AXIS2_PLACEMENT_3D('',#10354,#10355,#10356);
#10354 = CARTESIAN_POINT('',(0.8,-2.,1.8));
#10355 = DIRECTION('',(1.,-1.224646799147E-16,0.));
#10356 = DIRECTION('',(-1.224646799147E-16,-1.,0.));
#10357 = ADVANCED_FACE('',(#10358),#10383,.F.);
#10358 = FACE_BOUND('',#10359,.F.);
#10359 = EDGE_LOOP('',(#10360,#10368,#10369,#10377));
#10360 = ORIENTED_EDGE('',*,*,#10361,.F.);
#10361 = EDGE_CURVE('',#9955,#10362,#10364,.T.);
#10362 = VERTEX_POINT('',#10363);
#10363 = CARTESIAN_POINT('',(0.25,0.25,-0.9));
#10364 = LINE('',#10365,#10366);
#10365 = CARTESIAN_POINT('',(0.25,0.25,5.));
#10366 = VECTOR('',#10367,1.);
#10367 = DIRECTION('',(-0.,0.,-1.));
#10368 = ORIENTED_EDGE('',*,*,#9952,.F.);
#10369 = ORIENTED_EDGE('',*,*,#10370,.T.);
#10370 = EDGE_CURVE('',#9953,#10371,#10373,.T.);
#10371 = VERTEX_POINT('',#10372);
#10372 = CARTESIAN_POINT('',(-0.25,0.25,-0.9));
#10373 = LINE('',#10374,#10375);
#10374 = CARTESIAN_POINT('',(-0.25,0.25,5.));
#10375 = VECTOR('',#10376,1.);
#10376 = DIRECTION('',(-0.,0.,-1.));
#10377 = ORIENTED_EDGE('',*,*,#10378,.F.);
#10378 = EDGE_CURVE('',#10362,#10371,#10379,.T.);
#10379 = LINE('',#10380,#10381);
#10380 = CARTESIAN_POINT('',(0.25,0.25,-0.9));
#10381 = VECTOR('',#10382,1.);
#10382 = DIRECTION('',(-1.,1.224646799147E-16,0.));
#10383 = PLANE('',#10384);
#10384 = AXIS2_PLACEMENT_3D('',#10385,#10386,#10387);
#10385 = CARTESIAN_POINT('',(0.25,0.25,5.));
#10386 = DIRECTION('',(-1.224646799147E-16,-1.,0.));
#10387 = DIRECTION('',(-0.,0.,-1.));
#10388 = ADVANCED_FACE('',(#10389),#10439,.T.);
#10389 = FACE_BOUND('',#10390,.T.);
#10390 = EDGE_LOOP('',(#10391,#10401,#10409,#10417,#10423,#10424,#10425,
    #10433));
#10391 = ORIENTED_EDGE('',*,*,#10392,.T.);
#10392 = EDGE_CURVE('',#10393,#10395,#10397,.T.);
#10393 = VERTEX_POINT('',#10394);
#10394 = CARTESIAN_POINT('',(-0.25,0.281578947368,-3.2));
#10395 = VERTEX_POINT('',#10396);
#10396 = CARTESIAN_POINT('',(-0.25,-0.218421052632,-3.2));
#10397 = LINE('',#10398,#10399);
#10398 = CARTESIAN_POINT('',(-0.25,0.25,-3.2));
#10399 = VECTOR('',#10400,1.);
#10400 = DIRECTION('',(-1.224646799147E-16,-1.,0.));
#10401 = ORIENTED_EDGE('',*,*,#10402,.T.);
#10402 = EDGE_CURVE('',#10395,#10403,#10405,.T.);
#10403 = VERTEX_POINT('',#10404);
#10404 = CARTESIAN_POINT('',(-0.25,5.E-02,-1.5));
#10405 = LINE('',#10406,#10407);
#10406 = CARTESIAN_POINT('',(-0.25,-0.25,-3.4));
#10407 = VECTOR('',#10408,1.);
#10408 = DIRECTION('',(1.909990663905E-17,0.155962573473,0.987762965329)
  );
#10409 = ORIENTED_EDGE('',*,*,#10410,.T.);
#10410 = EDGE_CURVE('',#10403,#10411,#10413,.T.);
#10411 = VERTEX_POINT('',#10412);
#10412 = CARTESIAN_POINT('',(-0.25,-0.25,-0.9));
#10413 = LINE('',#10414,#10415);
#10414 = CARTESIAN_POINT('',(-0.25,5.E-02,-1.5));
#10415 = VECTOR('',#10416,1.);
#10416 = DIRECTION('',(-5.476786982641E-17,-0.4472135955,0.894427191));
#10417 = ORIENTED_EDGE('',*,*,#10418,.T.);
#10418 = EDGE_CURVE('',#10411,#9971,#10419,.T.);
#10419 = LINE('',#10420,#10421);
#10420 = CARTESIAN_POINT('',(-0.25,-0.25,-0.9));
#10421 = VECTOR('',#10422,1.);
#10422 = DIRECTION('',(0.,0.,1.));
#10423 = ORIENTED_EDGE('',*,*,#9978,.F.);
#10424 = ORIENTED_EDGE('',*,*,#10370,.T.);
#10425 = ORIENTED_EDGE('',*,*,#10426,.T.);
#10426 = EDGE_CURVE('',#10371,#10427,#10429,.T.);
#10427 = VERTEX_POINT('',#10428);
#10428 = CARTESIAN_POINT('',(-0.25,0.55,-1.5));
#10429 = LINE('',#10430,#10431);
#10430 = CARTESIAN_POINT('',(-0.25,0.25,-0.9));
#10431 = VECTOR('',#10432,1.);
#10432 = DIRECTION('',(5.476786982641E-17,0.4472135955,-0.894427191));
#10433 = ORIENTED_EDGE('',*,*,#10434,.T.);
#10434 = EDGE_CURVE('',#10427,#10393,#10435,.T.);
#10435 = LINE('',#10436,#10437);
#10436 = CARTESIAN_POINT('',(-0.25,0.55,-1.5));
#10437 = VECTOR('',#10438,1.);
#10438 = DIRECTION('',(-1.909990663905E-17,-0.155962573473,
    -0.987762965329));
#10439 = PLANE('',#10440);
#10440 = AXIS2_PLACEMENT_3D('',#10441,#10442,#10443);
#10441 = CARTESIAN_POINT('',(-0.25,4.326643272645E-02,0.775746953017));
#10442 = DIRECTION('',(-1.,1.224646799147E-16,0.));
#10443 = DIRECTION('',(0.,0.,1.));
#10444 = ADVANCED_FACE('',(#10445),#10463,.F.);
#10445 = FACE_BOUND('',#10446,.F.);
#10446 = EDGE_LOOP('',(#10447,#10455,#10461,#10462));
#10447 = ORIENTED_EDGE('',*,*,#10448,.F.);
#10448 = EDGE_CURVE('',#10449,#9963,#10451,.T.);
#10449 = VERTEX_POINT('',#10450);
#10450 = CARTESIAN_POINT('',(0.25,-0.25,-0.9));
#10451 = LINE('',#10452,#10453);
#10452 = CARTESIAN_POINT('',(0.25,-0.25,-0.9));
#10453 = VECTOR('',#10454,1.);
#10454 = DIRECTION('',(0.,0.,1.));
#10455 = ORIENTED_EDGE('',*,*,#10456,.T.);
#10456 = EDGE_CURVE('',#10449,#10411,#10457,.T.);
#10457 = LINE('',#10458,#10459);
#10458 = CARTESIAN_POINT('',(0.25,-0.25,-0.9));
#10459 = VECTOR('',#10460,1.);
#10460 = DIRECTION('',(-1.,1.224646799147E-16,0.));
#10461 = ORIENTED_EDGE('',*,*,#10418,.T.);
#10462 = ORIENTED_EDGE('',*,*,#9970,.F.);
#10463 = PLANE('',#10464);
#10464 = AXIS2_PLACEMENT_3D('',#10465,#10466,#10467);
#10465 = CARTESIAN_POINT('',(0.25,-0.25,-0.9));
#10466 = DIRECTION('',(1.224646799147E-16,1.,0.));
#10467 = DIRECTION('',(0.,-0.,1.));
#10468 = ADVANCED_FACE('',(#10469),#10512,.F.);
#10469 = FACE_BOUND('',#10470,.F.);
#10470 = EDGE_LOOP('',(#10471,#10481,#10489,#10495,#10496,#10497,#10498,
    #10506));
#10471 = ORIENTED_EDGE('',*,*,#10472,.T.);
#10472 = EDGE_CURVE('',#10473,#10475,#10477,.T.);
#10473 = VERTEX_POINT('',#10474);
#10474 = CARTESIAN_POINT('',(0.25,0.281578947368,-3.2));
#10475 = VERTEX_POINT('',#10476);
#10476 = CARTESIAN_POINT('',(0.25,-0.218421052632,-3.2));
#10477 = LINE('',#10478,#10479);
#10478 = CARTESIAN_POINT('',(0.25,0.25,-3.2));
#10479 = VECTOR('',#10480,1.);
#10480 = DIRECTION('',(-1.224646799147E-16,-1.,0.));
#10481 = ORIENTED_EDGE('',*,*,#10482,.T.);
#10482 = EDGE_CURVE('',#10475,#10483,#10485,.T.);
#10483 = VERTEX_POINT('',#10484);
#10484 = CARTESIAN_POINT('',(0.25,5.E-02,-1.5));
#10485 = LINE('',#10486,#10487);
#10486 = CARTESIAN_POINT('',(0.25,-0.25,-3.4));
#10487 = VECTOR('',#10488,1.);
#10488 = DIRECTION('',(1.909990663905E-17,0.155962573473,0.987762965329)
  );
#10489 = ORIENTED_EDGE('',*,*,#10490,.T.);
#10490 = EDGE_CURVE('',#10483,#10449,#10491,.T.);
#10491 = LINE('',#10492,#10493);
#10492 = CARTESIAN_POINT('',(0.25,5.E-02,-1.5));
#10493 = VECTOR('',#10494,1.);
#10494 = DIRECTION('',(-5.476786982641E-17,-0.4472135955,0.894427191));
#10495 = ORIENTED_EDGE('',*,*,#10448,.T.);
#10496 = ORIENTED_EDGE('',*,*,#9962,.F.);
#10497 = ORIENTED_EDGE('',*,*,#10361,.T.);
#10498 = ORIENTED_EDGE('',*,*,#10499,.T.);
#10499 = EDGE_CURVE('',#10362,#10500,#10502,.T.);
#10500 = VERTEX_POINT('',#10501);
#10501 = CARTESIAN_POINT('',(0.25,0.55,-1.5));
#10502 = LINE('',#10503,#10504);
#10503 = CARTESIAN_POINT('',(0.25,0.25,-0.9));
#10504 = VECTOR('',#10505,1.);
#10505 = DIRECTION('',(5.476786982641E-17,0.4472135955,-0.894427191));
#10506 = ORIENTED_EDGE('',*,*,#10507,.T.);
#10507 = EDGE_CURVE('',#10500,#10473,#10508,.T.);
#10508 = LINE('',#10509,#10510);
#10509 = CARTESIAN_POINT('',(0.25,0.55,-1.5));
#10510 = VECTOR('',#10511,1.);
#10511 = DIRECTION('',(-1.909990663905E-17,-0.155962573473,
    -0.987762965329));
#10512 = PLANE('',#10513);
#10513 = AXIS2_PLACEMENT_3D('',#10514,#10515,#10516);
#10514 = CARTESIAN_POINT('',(0.25,4.326643272645E-02,0.775746953017));
#10515 = DIRECTION('',(-1.,1.224646799147E-16,0.));
#10516 = DIRECTION('',(0.,0.,1.));
#10517 = ADVANCED_FACE('',(#10518),#10529,.F.);
#10518 = FACE_BOUND('',#10519,.F.);
#10519 = EDGE_LOOP('',(#10520,#10521,#10522,#10528));
#10520 = ORIENTED_EDGE('',*,*,#10038,.T.);
#10521 = ORIENTED_EDGE('',*,*,#10086,.T.);
#10522 = ORIENTED_EDGE('',*,*,#10523,.F.);
#10523 = EDGE_CURVE('',#10160,#10087,#10524,.T.);
#10524 = LINE('',#10525,#10526);
#10525 = CARTESIAN_POINT('',(2.25,0.55,-1.5));
#10526 = VECTOR('',#10527,1.);
#10527 = DIRECTION('',(-1.,1.224646799147E-16,0.));
#10528 = ORIENTED_EDGE('',*,*,#10159,.F.);
#10529 = PLANE('',#10530);
#10530 = AXIS2_PLACEMENT_3D('',#10531,#10532,#10533);
#10531 = CARTESIAN_POINT('',(2.25,0.25,-0.9));
#10532 = DIRECTION('',(-1.095357396528E-16,-0.894427191,-0.4472135955));
#10533 = DIRECTION('',(5.476786982641E-17,0.4472135955,-0.894427191));
#10534 = ADVANCED_FACE('',(#10535),#10576,.F.);
#10535 = FACE_BOUND('',#10536,.T.);
#10536 = EDGE_LOOP('',(#10537,#10547,#10553,#10554,#10562,#10570));
#10537 = ORIENTED_EDGE('',*,*,#10538,.T.);
#10538 = EDGE_CURVE('',#10539,#10541,#10543,.T.);
#10539 = VERTEX_POINT('',#10540);
#10540 = CARTESIAN_POINT('',(1.95,-5.E-02,-3.4));
#10541 = VERTEX_POINT('',#10542);
#10542 = CARTESIAN_POINT('',(1.752447406934,-0.218807485305,
    -3.202447406934));
#10543 = LINE('',#10544,#10545);
#10544 = CARTESIAN_POINT('',(1.983963101414,-2.097873708559E-02,
    -3.433963101414));
#10545 = VECTOR('',#10546,1.);
#10546 = DIRECTION('',(-0.605209817607,-0.517148096144,0.605209817607));
#10547 = ORIENTED_EDGE('',*,*,#10548,.T.);
#10548 = EDGE_CURVE('',#10541,#10055,#10549,.T.);
#10549 = LINE('',#10550,#10551);
#10550 = CARTESIAN_POINT('',(1.955198358413,-0.250820793434,
    -3.405198358413));
#10551 = VECTOR('',#10552,1.);
#10552 = DIRECTION('',(-0.702740385383,0.110959008218,0.702740385383));
#10553 = ORIENTED_EDGE('',*,*,#10052,.F.);
#10554 = ORIENTED_EDGE('',*,*,#10555,.F.);
#10555 = EDGE_CURVE('',#10556,#10053,#10558,.T.);
#10556 = VERTEX_POINT('',#10557);
#10557 = CARTESIAN_POINT('',(1.752447406934,0.281192514695,
    -3.202447406934));
#10558 = LINE('',#10559,#10560);
#10559 = CARTESIAN_POINT('',(1.493844049248,0.322024623803,
    -2.943844049248));
#10560 = VECTOR('',#10561,1.);
#10561 = DIRECTION('',(-0.702740385383,0.110959008218,0.702740385383));
#10562 = ORIENTED_EDGE('',*,*,#10563,.F.);
#10563 = EDGE_CURVE('',#10564,#10556,#10566,.T.);
#10564 = VERTEX_POINT('',#10565);
#10565 = CARTESIAN_POINT('',(1.95,5.E-02,-3.4));
#10566 = LINE('',#10567,#10568);
#10567 = CARTESIAN_POINT('',(1.895376695718,0.113924744707,
    -3.345376695718));
#10568 = VECTOR('',#10569,1.);
#10569 = DIRECTION('',(-0.544770019249,0.63753529491,0.544770019249));
#10570 = ORIENTED_EDGE('',*,*,#10571,.T.);
#10571 = EDGE_CURVE('',#10564,#10539,#10572,.T.);
#10572 = LINE('',#10573,#10574);
#10573 = CARTESIAN_POINT('',(1.95,0.25,-3.4));
#10574 = VECTOR('',#10575,1.);
#10575 = DIRECTION('',(-1.224646799147E-16,-1.,0.));
#10576 = PLANE('',#10577);
#10577 = AXIS2_PLACEMENT_3D('',#10578,#10579,#10580);
#10578 = CARTESIAN_POINT('',(1.85,0.25,-3.3));
#10579 = DIRECTION('',(0.707106781187,-8.833102285013E-17,0.707106781187
    ));
#10580 = DIRECTION('',(1.236918052038E-16,1.,1.227125289097E-18));
#10581 = ADVANCED_FACE('',(#10582),#10602,.F.);
#10582 = FACE_BOUND('',#10583,.F.);
#10583 = EDGE_LOOP('',(#10584,#10585,#10586,#10587,#10588,#10596));
#10584 = ORIENTED_EDGE('',*,*,#10167,.F.);
#10585 = ORIENTED_EDGE('',*,*,#10523,.T.);
#10586 = ORIENTED_EDGE('',*,*,#10094,.T.);
#10587 = ORIENTED_EDGE('',*,*,#10555,.F.);
#10588 = ORIENTED_EDGE('',*,*,#10589,.F.);
#10589 = EDGE_CURVE('',#10590,#10556,#10592,.T.);
#10590 = VERTEX_POINT('',#10591);
#10591 = CARTESIAN_POINT('',(2.247552593066,0.281192514695,
    -3.202447406934));
#10592 = LINE('',#10593,#10594);
#10593 = CARTESIAN_POINT('',(2.25,0.281192514695,-3.202447406934));
#10594 = VECTOR('',#10595,1.);
#10595 = DIRECTION('',(-1.,1.224646799147E-16,0.));
#10596 = ORIENTED_EDGE('',*,*,#10597,.T.);
#10597 = EDGE_CURVE('',#10590,#10133,#10598,.T.);
#10598 = LINE('',#10599,#10600);
#10599 = CARTESIAN_POINT('',(2.629616963064,0.341518467852,
    -2.820383036936));
#10600 = VECTOR('',#10601,1.);
#10601 = DIRECTION('',(0.702740385383,0.110959008218,0.702740385383));
#10602 = PLANE('',#10603);
#10603 = AXIS2_PLACEMENT_3D('',#10604,#10605,#10606);
#10604 = CARTESIAN_POINT('',(2.25,0.55,-1.5));
#10605 = DIRECTION('',(-1.209660753807E-16,-0.987762965329,
    0.155962573473));
#10606 = DIRECTION('',(-1.909990663905E-17,-0.155962573473,
    -0.987762965329));
#10607 = ADVANCED_FACE('',(#10608),#10619,.F.);
#10608 = FACE_BOUND('',#10609,.F.);
#10609 = EDGE_LOOP('',(#10610,#10616,#10617,#10618));
#10610 = ORIENTED_EDGE('',*,*,#10611,.T.);
#10611 = EDGE_CURVE('',#10143,#10063,#10612,.T.);
#10612 = LINE('',#10613,#10614);
#10613 = CARTESIAN_POINT('',(2.25,5.E-02,-1.5));
#10614 = VECTOR('',#10615,1.);
#10615 = DIRECTION('',(-1.,1.224646799147E-16,0.));
#10616 = ORIENTED_EDGE('',*,*,#10070,.T.);
#10617 = ORIENTED_EDGE('',*,*,#10116,.F.);
#10618 = ORIENTED_EDGE('',*,*,#10150,.F.);
#10619 = PLANE('',#10620);
#10620 = AXIS2_PLACEMENT_3D('',#10621,#10622,#10623);
#10621 = CARTESIAN_POINT('',(2.25,5.E-02,-1.5));
#10622 = DIRECTION('',(1.095357396528E-16,0.894427191,0.4472135955));
#10623 = DIRECTION('',(-5.476786982641E-17,-0.4472135955,0.894427191));
#10624 = ADVANCED_FACE('',(#10625),#10645,.F.);
#10625 = FACE_BOUND('',#10626,.F.);
#10626 = EDGE_LOOP('',(#10627,#10628,#10636,#10642,#10643,#10644));
#10627 = ORIENTED_EDGE('',*,*,#10142,.F.);
#10628 = ORIENTED_EDGE('',*,*,#10629,.F.);
#10629 = EDGE_CURVE('',#10630,#10135,#10632,.T.);
#10630 = VERTEX_POINT('',#10631);
#10631 = CARTESIAN_POINT('',(2.247552593066,-0.218807485305,
    -3.202447406934));
#10632 = LINE('',#10633,#10634);
#10633 = CARTESIAN_POINT('',(2.168262653899,-0.231326949384,
    -3.281737346101));
#10634 = VECTOR('',#10635,1.);
#10635 = DIRECTION('',(0.702740385383,0.110959008218,0.702740385383));
#10636 = ORIENTED_EDGE('',*,*,#10637,.T.);
#10637 = EDGE_CURVE('',#10630,#10541,#10638,.T.);
#10638 = LINE('',#10639,#10640);
#10639 = CARTESIAN_POINT('',(2.25,-0.218807485305,-3.202447406934));
#10640 = VECTOR('',#10641,1.);
#10641 = DIRECTION('',(-1.,1.224646799147E-16,0.));
#10642 = ORIENTED_EDGE('',*,*,#10548,.T.);
#10643 = ORIENTED_EDGE('',*,*,#10062,.T.);
#10644 = ORIENTED_EDGE('',*,*,#10611,.F.);
#10645 = PLANE('',#10646);
#10646 = AXIS2_PLACEMENT_3D('',#10647,#10648,#10649);
#10647 = CARTESIAN_POINT('',(2.25,-0.25,-3.4));
#10648 = DIRECTION('',(1.209660753807E-16,0.987762965329,-0.155962573473
    ));
#10649 = DIRECTION('',(1.909990663905E-17,0.155962573473,0.987762965329)
  );
#10650 = ADVANCED_FACE('',(#10651),#10678,.T.);
#10651 = FACE_BOUND('',#10652,.F.);
#10652 = EDGE_LOOP('',(#10653,#10661,#10662,#10663,#10664,#10672));
#10653 = ORIENTED_EDGE('',*,*,#10654,.T.);
#10654 = EDGE_CURVE('',#10655,#10630,#10657,.T.);
#10655 = VERTEX_POINT('',#10656);
#10656 = CARTESIAN_POINT('',(2.05,-5.E-02,-3.4));
#10657 = LINE('',#10658,#10659);
#10658 = CARTESIAN_POINT('',(2.107606629418,-9.922451332131E-02,
    -3.342393370582));
#10659 = VECTOR('',#10660,1.);
#10660 = DIRECTION('',(0.605209817607,-0.517148096144,0.605209817607));
#10661 = ORIENTED_EDGE('',*,*,#10629,.T.);
#10662 = ORIENTED_EDGE('',*,*,#10132,.F.);
#10663 = ORIENTED_EDGE('',*,*,#10597,.F.);
#10664 = ORIENTED_EDGE('',*,*,#10665,.F.);
#10665 = EDGE_CURVE('',#10666,#10590,#10668,.T.);
#10666 = VERTEX_POINT('',#10667);
#10667 = CARTESIAN_POINT('',(2.05,5.E-02,-3.4));
#10668 = LINE('',#10669,#10670);
#10669 = CARTESIAN_POINT('',(2.17881689775,0.200752273427,-3.27118310225
    ));
#10670 = VECTOR('',#10671,1.);
#10671 = DIRECTION('',(0.544770019249,0.63753529491,0.544770019249));
#10672 = ORIENTED_EDGE('',*,*,#10673,.T.);
#10673 = EDGE_CURVE('',#10666,#10655,#10674,.T.);
#10674 = LINE('',#10675,#10676);
#10675 = CARTESIAN_POINT('',(2.05,0.25,-3.4));
#10676 = VECTOR('',#10677,1.);
#10677 = DIRECTION('',(-1.224646799147E-16,-1.,0.));
#10678 = PLANE('',#10679);
#10679 = AXIS2_PLACEMENT_3D('',#10680,#10681,#10682);
#10680 = CARTESIAN_POINT('',(2.15,0.25,-3.3));
#10681 = DIRECTION('',(0.707106781187,-8.486018839685E-17,
    -0.707106781187));
#10682 = DIRECTION('',(1.212375546256E-16,1.,1.227125289196E-18));
#10683 = ADVANCED_FACE('',(#10684),#10690,.F.);
#10684 = FACE_BOUND('',#10685,.F.);
#10685 = EDGE_LOOP('',(#10686,#10687,#10688,#10689));
#10686 = ORIENTED_EDGE('',*,*,#10305,.T.);
#10687 = ORIENTED_EDGE('',*,*,#10320,.T.);
#10688 = ORIENTED_EDGE('',*,*,#10344,.F.);
#10689 = ORIENTED_EDGE('',*,*,#10205,.F.);
#10690 = PLANE('',#10691);
#10691 = AXIS2_PLACEMENT_3D('',#10692,#10693,#10694);
#10692 = CARTESIAN_POINT('',(1.2,-2.,1.8));
#10693 = DIRECTION('',(-1.224646799147E-16,-1.,0.));
#10694 = DIRECTION('',(-1.,1.224646799147E-16,0.));
#10695 = ADVANCED_FACE('',(#10696),#10721,.F.);
#10696 = FACE_BOUND('',#10697,.F.);
#10697 = EDGE_LOOP('',(#10698,#10706,#10714,#10720));
#10698 = ORIENTED_EDGE('',*,*,#10699,.F.);
#10699 = EDGE_CURVE('',#10700,#10225,#10702,.T.);
#10700 = VERTEX_POINT('',#10701);
#10701 = CARTESIAN_POINT('',(2.25,0.25,4.8));
#10702 = LINE('',#10703,#10704);
#10703 = CARTESIAN_POINT('',(2.25,0.25,5.));
#10704 = VECTOR('',#10705,1.);
#10705 = DIRECTION('',(-0.,0.,-1.));
#10706 = ORIENTED_EDGE('',*,*,#10707,.T.);
#10707 = EDGE_CURVE('',#10700,#10708,#10710,.T.);
#10708 = VERTEX_POINT('',#10709);
#10709 = CARTESIAN_POINT('',(1.75,0.25,4.8));
#10710 = LINE('',#10711,#10712);
#10711 = CARTESIAN_POINT('',(2.25,0.25,4.8));
#10712 = VECTOR('',#10713,1.);
#10713 = DIRECTION('',(-1.,1.224646799147E-16,0.));
#10714 = ORIENTED_EDGE('',*,*,#10715,.T.);
#10715 = EDGE_CURVE('',#10708,#10223,#10716,.T.);
#10716 = LINE('',#10717,#10718);
#10717 = CARTESIAN_POINT('',(1.75,0.25,5.));
#10718 = VECTOR('',#10719,1.);
#10719 = DIRECTION('',(-0.,0.,-1.));
#10720 = ORIENTED_EDGE('',*,*,#10222,.T.);
#10721 = PLANE('',#10722);
#10722 = AXIS2_PLACEMENT_3D('',#10723,#10724,#10725);
#10723 = CARTESIAN_POINT('',(2.25,0.25,5.));
#10724 = DIRECTION('',(-1.224646799147E-16,-1.,0.));
#10725 = DIRECTION('',(-0.,0.,-1.));
#10726 = ADVANCED_FACE('',(#10727),#10745,.T.);
#10727 = FACE_BOUND('',#10728,.T.);
#10728 = EDGE_LOOP('',(#10729,#10730,#10738,#10744));
#10729 = ORIENTED_EDGE('',*,*,#10248,.T.);
#10730 = ORIENTED_EDGE('',*,*,#10731,.T.);
#10731 = EDGE_CURVE('',#10241,#10732,#10734,.T.);
#10732 = VERTEX_POINT('',#10733);
#10733 = CARTESIAN_POINT('',(1.75,-0.25,4.8));
#10734 = LINE('',#10735,#10736);
#10735 = CARTESIAN_POINT('',(1.75,-0.25,-0.9));
#10736 = VECTOR('',#10737,1.);
#10737 = DIRECTION('',(0.,0.,1.));
#10738 = ORIENTED_EDGE('',*,*,#10739,.T.);
#10739 = EDGE_CURVE('',#10732,#10708,#10740,.T.);
#10740 = LINE('',#10741,#10742);
#10741 = CARTESIAN_POINT('',(1.75,-0.25,4.8));
#10742 = VECTOR('',#10743,1.);
#10743 = DIRECTION('',(1.224646799147E-16,1.,0.));
#10744 = ORIENTED_EDGE('',*,*,#10715,.T.);
#10745 = PLANE('',#10746);
#10746 = AXIS2_PLACEMENT_3D('',#10747,#10748,#10749);
#10747 = CARTESIAN_POINT('',(1.75,4.326643272645E-02,0.775746953017));
#10748 = DIRECTION('',(-1.,1.224646799147E-16,0.));
#10749 = DIRECTION('',(0.,0.,1.));
#10750 = ADVANCED_FACE('',(#10751),#10769,.F.);
#10751 = FACE_BOUND('',#10752,.F.);
#10752 = EDGE_LOOP('',(#10753,#10761,#10762,#10763));
#10753 = ORIENTED_EDGE('',*,*,#10754,.F.);
#10754 = EDGE_CURVE('',#10233,#10755,#10757,.T.);
#10755 = VERTEX_POINT('',#10756);
#10756 = CARTESIAN_POINT('',(2.25,-0.25,4.8));
#10757 = LINE('',#10758,#10759);
#10758 = CARTESIAN_POINT('',(2.25,-0.25,-0.9));
#10759 = VECTOR('',#10760,1.);
#10760 = DIRECTION('',(0.,0.,1.));
#10761 = ORIENTED_EDGE('',*,*,#10240,.T.);
#10762 = ORIENTED_EDGE('',*,*,#10731,.T.);
#10763 = ORIENTED_EDGE('',*,*,#10764,.F.);
#10764 = EDGE_CURVE('',#10755,#10732,#10765,.T.);
#10765 = LINE('',#10766,#10767);
#10766 = CARTESIAN_POINT('',(2.25,-0.25,4.8));
#10767 = VECTOR('',#10768,1.);
#10768 = DIRECTION('',(-1.,1.224646799147E-16,0.));
#10769 = PLANE('',#10770);
#10770 = AXIS2_PLACEMENT_3D('',#10771,#10772,#10773);
#10771 = CARTESIAN_POINT('',(2.25,-0.25,-0.9));
#10772 = DIRECTION('',(1.224646799147E-16,1.,0.));
#10773 = DIRECTION('',(0.,-0.,1.));
#10774 = ADVANCED_FACE('',(#10775),#10786,.F.);
#10775 = FACE_BOUND('',#10776,.F.);
#10776 = EDGE_LOOP('',(#10777,#10778,#10779,#10785));
#10777 = ORIENTED_EDGE('',*,*,#10232,.T.);
#10778 = ORIENTED_EDGE('',*,*,#10754,.T.);
#10779 = ORIENTED_EDGE('',*,*,#10780,.T.);
#10780 = EDGE_CURVE('',#10755,#10700,#10781,.T.);
#10781 = LINE('',#10782,#10783);
#10782 = CARTESIAN_POINT('',(2.25,-0.25,4.8));
#10783 = VECTOR('',#10784,1.);
#10784 = DIRECTION('',(1.224646799147E-16,1.,0.));
#10785 = ORIENTED_EDGE('',*,*,#10699,.T.);
#10786 = PLANE('',#10787);
#10787 = AXIS2_PLACEMENT_3D('',#10788,#10789,#10790);
#10788 = CARTESIAN_POINT('',(2.25,4.326643272645E-02,0.775746953017));
#10789 = DIRECTION('',(-1.,1.224646799147E-16,0.));
#10790 = DIRECTION('',(0.,0.,1.));
#10791 = ADVANCED_FACE('',(#10792),#10817,.F.);
#10792 = FACE_BOUND('',#10793,.F.);
#10793 = EDGE_LOOP('',(#10794,#10802,#10810,#10816));
#10794 = ORIENTED_EDGE('',*,*,#10795,.F.);
#10795 = EDGE_CURVE('',#10796,#10259,#10798,.T.);
#10796 = VERTEX_POINT('',#10797);
#10797 = CARTESIAN_POINT('',(0.25,0.25,4.8));
#10798 = LINE('',#10799,#10800);
#10799 = CARTESIAN_POINT('',(0.25,0.25,5.));
#10800 = VECTOR('',#10801,1.);
#10801 = DIRECTION('',(-0.,0.,-1.));
#10802 = ORIENTED_EDGE('',*,*,#10803,.T.);
#10803 = EDGE_CURVE('',#10796,#10804,#10806,.T.);
#10804 = VERTEX_POINT('',#10805);
#10805 = CARTESIAN_POINT('',(-0.25,0.25,4.8));
#10806 = LINE('',#10807,#10808);
#10807 = CARTESIAN_POINT('',(0.25,0.25,4.8));
#10808 = VECTOR('',#10809,1.);
#10809 = DIRECTION('',(-1.,1.224646799147E-16,0.));
#10810 = ORIENTED_EDGE('',*,*,#10811,.T.);
#10811 = EDGE_CURVE('',#10804,#10257,#10812,.T.);
#10812 = LINE('',#10813,#10814);
#10813 = CARTESIAN_POINT('',(-0.25,0.25,5.));
#10814 = VECTOR('',#10815,1.);
#10815 = DIRECTION('',(-0.,0.,-1.));
#10816 = ORIENTED_EDGE('',*,*,#10256,.T.);
#10817 = PLANE('',#10818);
#10818 = AXIS2_PLACEMENT_3D('',#10819,#10820,#10821);
#10819 = CARTESIAN_POINT('',(0.25,0.25,5.));
#10820 = DIRECTION('',(-1.224646799147E-16,-1.,0.));
#10821 = DIRECTION('',(-0.,0.,-1.));
#10822 = ADVANCED_FACE('',(#10823),#10841,.T.);
#10823 = FACE_BOUND('',#10824,.T.);
#10824 = EDGE_LOOP('',(#10825,#10826,#10834,#10840));
#10825 = ORIENTED_EDGE('',*,*,#10282,.T.);
#10826 = ORIENTED_EDGE('',*,*,#10827,.T.);
#10827 = EDGE_CURVE('',#10275,#10828,#10830,.T.);
#10828 = VERTEX_POINT('',#10829);
#10829 = CARTESIAN_POINT('',(-0.25,-0.25,4.8));
#10830 = LINE('',#10831,#10832);
#10831 = CARTESIAN_POINT('',(-0.25,-0.25,-0.9));
#10832 = VECTOR('',#10833,1.);
#10833 = DIRECTION('',(0.,0.,1.));
#10834 = ORIENTED_EDGE('',*,*,#10835,.T.);
#10835 = EDGE_CURVE('',#10828,#10804,#10836,.T.);
#10836 = LINE('',#10837,#10838);
#10837 = CARTESIAN_POINT('',(-0.25,-0.25,4.8));
#10838 = VECTOR('',#10839,1.);
#10839 = DIRECTION('',(1.224646799147E-16,1.,0.));
#10840 = ORIENTED_EDGE('',*,*,#10811,.T.);
#10841 = PLANE('',#10842);
#10842 = AXIS2_PLACEMENT_3D('',#10843,#10844,#10845);
#10843 = CARTESIAN_POINT('',(-0.25,4.326643272645E-02,0.775746953017));
#10844 = DIRECTION('',(-1.,1.224646799147E-16,0.));
#10845 = DIRECTION('',(0.,0.,1.));
#10846 = ADVANCED_FACE('',(#10847),#10865,.F.);
#10847 = FACE_BOUND('',#10848,.F.);
#10848 = EDGE_LOOP('',(#10849,#10857,#10858,#10859));
#10849 = ORIENTED_EDGE('',*,*,#10850,.F.);
#10850 = EDGE_CURVE('',#10267,#10851,#10853,.T.);
#10851 = VERTEX_POINT('',#10852);
#10852 = CARTESIAN_POINT('',(0.25,-0.25,4.8));
#10853 = LINE('',#10854,#10855);
#10854 = CARTESIAN_POINT('',(0.25,-0.25,-0.9));
#10855 = VECTOR('',#10856,1.);
#10856 = DIRECTION('',(0.,0.,1.));
#10857 = ORIENTED_EDGE('',*,*,#10274,.T.);
#10858 = ORIENTED_EDGE('',*,*,#10827,.T.);
#10859 = ORIENTED_EDGE('',*,*,#10860,.F.);
#10860 = EDGE_CURVE('',#10851,#10828,#10861,.T.);
#10861 = LINE('',#10862,#10863);
#10862 = CARTESIAN_POINT('',(0.25,-0.25,4.8));
#10863 = VECTOR('',#10864,1.);
#10864 = DIRECTION('',(-1.,1.224646799147E-16,0.));
#10865 = PLANE('',#10866);
#10866 = AXIS2_PLACEMENT_3D('',#10867,#10868,#10869);
#10867 = CARTESIAN_POINT('',(0.25,-0.25,-0.9));
#10868 = DIRECTION('',(1.224646799147E-16,1.,0.));
#10869 = DIRECTION('',(0.,-0.,1.));
#10870 = ADVANCED_FACE('',(#10871),#10882,.F.);
#10871 = FACE_BOUND('',#10872,.F.);
#10872 = EDGE_LOOP('',(#10873,#10874,#10875,#10881));
#10873 = ORIENTED_EDGE('',*,*,#10266,.T.);
#10874 = ORIENTED_EDGE('',*,*,#10850,.T.);
#10875 = ORIENTED_EDGE('',*,*,#10876,.T.);
#10876 = EDGE_CURVE('',#10851,#10796,#10877,.T.);
#10877 = LINE('',#10878,#10879);
#10878 = CARTESIAN_POINT('',(0.25,-0.25,4.8));
#10879 = VECTOR('',#10880,1.);
#10880 = DIRECTION('',(1.224646799147E-16,1.,0.));
#10881 = ORIENTED_EDGE('',*,*,#10795,.T.);
#10882 = PLANE('',#10883);
#10883 = AXIS2_PLACEMENT_3D('',#10884,#10885,#10886);
#10884 = CARTESIAN_POINT('',(0.25,4.326643272645E-02,0.775746953017));
#10885 = DIRECTION('',(-1.,1.224646799147E-16,0.));
#10886 = DIRECTION('',(0.,0.,1.));
#10887 = ADVANCED_FACE('',(#10888),#10899,.F.);
#10888 = FACE_BOUND('',#10889,.F.);
#10889 = EDGE_LOOP('',(#10890,#10891,#10892,#10898));
#10890 = ORIENTED_EDGE('',*,*,#10378,.T.);
#10891 = ORIENTED_EDGE('',*,*,#10426,.T.);
#10892 = ORIENTED_EDGE('',*,*,#10893,.F.);
#10893 = EDGE_CURVE('',#10500,#10427,#10894,.T.);
#10894 = LINE('',#10895,#10896);
#10895 = CARTESIAN_POINT('',(0.25,0.55,-1.5));
#10896 = VECTOR('',#10897,1.);
#10897 = DIRECTION('',(-1.,1.224646799147E-16,0.));
#10898 = ORIENTED_EDGE('',*,*,#10499,.F.);
#10899 = PLANE('',#10900);
#10900 = AXIS2_PLACEMENT_3D('',#10901,#10902,#10903);
#10901 = CARTESIAN_POINT('',(0.25,0.25,-0.9));
#10902 = DIRECTION('',(-1.095357396528E-16,-0.894427191,-0.4472135955));
#10903 = DIRECTION('',(5.476786982641E-17,0.4472135955,-0.894427191));
#10904 = ADVANCED_FACE('',(#10905),#10946,.F.);
#10905 = FACE_BOUND('',#10906,.T.);
#10906 = EDGE_LOOP('',(#10907,#10917,#10923,#10924,#10932,#10940));
#10907 = ORIENTED_EDGE('',*,*,#10908,.T.);
#10908 = EDGE_CURVE('',#10909,#10911,#10913,.T.);
#10909 = VERTEX_POINT('',#10910);
#10910 = CARTESIAN_POINT('',(-5.E-02,-5.E-02,-3.4));
#10911 = VERTEX_POINT('',#10912);
#10912 = CARTESIAN_POINT('',(-0.247552593066,-0.218807485305,
    -3.202447406934));
#10913 = LINE('',#10914,#10915);
#10914 = CARTESIAN_POINT('',(-1.603689858649E-02,-2.097873708559E-02,
    -3.433963101414));
#10915 = VECTOR('',#10916,1.);
#10916 = DIRECTION('',(-0.605209817607,-0.517148096144,0.605209817607));
#10917 = ORIENTED_EDGE('',*,*,#10918,.T.);
#10918 = EDGE_CURVE('',#10911,#10395,#10919,.T.);
#10919 = LINE('',#10920,#10921);
#10920 = CARTESIAN_POINT('',(-4.480164158687E-02,-0.250820793434,
    -3.405198358413));
#10921 = VECTOR('',#10922,1.);
#10922 = DIRECTION('',(-0.702740385383,0.110959008218,0.702740385383));
#10923 = ORIENTED_EDGE('',*,*,#10392,.F.);
#10924 = ORIENTED_EDGE('',*,*,#10925,.F.);
#10925 = EDGE_CURVE('',#10926,#10393,#10928,.T.);
#10926 = VERTEX_POINT('',#10927);
#10927 = CARTESIAN_POINT('',(-0.247552593066,0.281192514695,
    -3.202447406934));
#10928 = LINE('',#10929,#10930);
#10929 = CARTESIAN_POINT('',(-0.506155950752,0.322024623803,
    -2.943844049248));
#10930 = VECTOR('',#10931,1.);
#10931 = DIRECTION('',(-0.702740385383,0.110959008218,0.702740385383));
#10932 = ORIENTED_EDGE('',*,*,#10933,.F.);
#10933 = EDGE_CURVE('',#10934,#10926,#10936,.T.);
#10934 = VERTEX_POINT('',#10935);
#10935 = CARTESIAN_POINT('',(-5.E-02,5.E-02,-3.4));
#10936 = LINE('',#10937,#10938);
#10937 = CARTESIAN_POINT('',(-0.104623304282,0.113924744707,
    -3.345376695718));
#10938 = VECTOR('',#10939,1.);
#10939 = DIRECTION('',(-0.544770019249,0.63753529491,0.544770019249));
#10940 = ORIENTED_EDGE('',*,*,#10941,.T.);
#10941 = EDGE_CURVE('',#10934,#10909,#10942,.T.);
#10942 = LINE('',#10943,#10944);
#10943 = CARTESIAN_POINT('',(-5.E-02,0.25,-3.4));
#10944 = VECTOR('',#10945,1.);
#10945 = DIRECTION('',(-1.224646799147E-16,-1.,0.));
#10946 = PLANE('',#10947);
#10947 = AXIS2_PLACEMENT_3D('',#10948,#10949,#10950);
#10948 = CARTESIAN_POINT('',(-0.15,0.25,-3.3));
#10949 = DIRECTION('',(0.707106781187,-8.833102285013E-17,0.707106781187
    ));
#10950 = DIRECTION('',(1.236918052038E-16,1.,1.227125289097E-18));
#10951 = ADVANCED_FACE('',(#10952),#10972,.F.);
#10952 = FACE_BOUND('',#10953,.F.);
#10953 = EDGE_LOOP('',(#10954,#10955,#10956,#10957,#10958,#10966));
#10954 = ORIENTED_EDGE('',*,*,#10507,.F.);
#10955 = ORIENTED_EDGE('',*,*,#10893,.T.);
#10956 = ORIENTED_EDGE('',*,*,#10434,.T.);
#10957 = ORIENTED_EDGE('',*,*,#10925,.F.);
#10958 = ORIENTED_EDGE('',*,*,#10959,.F.);
#10959 = EDGE_CURVE('',#10960,#10926,#10962,.T.);
#10960 = VERTEX_POINT('',#10961);
#10961 = CARTESIAN_POINT('',(0.247552593066,0.281192514695,
    -3.202447406934));
#10962 = LINE('',#10963,#10964);
#10963 = CARTESIAN_POINT('',(0.25,0.281192514695,-3.202447406934));
#10964 = VECTOR('',#10965,1.);
#10965 = DIRECTION('',(-1.,1.224646799147E-16,0.));
#10966 = ORIENTED_EDGE('',*,*,#10967,.T.);
#10967 = EDGE_CURVE('',#10960,#10473,#10968,.T.);
#10968 = LINE('',#10969,#10970);
#10969 = CARTESIAN_POINT('',(0.629616963064,0.341518467852,
    -2.820383036936));
#10970 = VECTOR('',#10971,1.);
#10971 = DIRECTION('',(0.702740385383,0.110959008218,0.702740385383));
#10972 = PLANE('',#10973);
#10973 = AXIS2_PLACEMENT_3D('',#10974,#10975,#10976);
#10974 = CARTESIAN_POINT('',(0.25,0.55,-1.5));
#10975 = DIRECTION('',(-1.209660753807E-16,-0.987762965329,
    0.155962573473));
#10976 = DIRECTION('',(-1.909990663905E-17,-0.155962573473,
    -0.987762965329));
#10977 = ADVANCED_FACE('',(#10978),#10989,.F.);
#10978 = FACE_BOUND('',#10979,.F.);
#10979 = EDGE_LOOP('',(#10980,#10986,#10987,#10988));
#10980 = ORIENTED_EDGE('',*,*,#10981,.T.);
#10981 = EDGE_CURVE('',#10483,#10403,#10982,.T.);
#10982 = LINE('',#10983,#10984);
#10983 = CARTESIAN_POINT('',(0.25,5.E-02,-1.5));
#10984 = VECTOR('',#10985,1.);
#10985 = DIRECTION('',(-1.,1.224646799147E-16,0.));
#10986 = ORIENTED_EDGE('',*,*,#10410,.T.);
#10987 = ORIENTED_EDGE('',*,*,#10456,.F.);
#10988 = ORIENTED_EDGE('',*,*,#10490,.F.);
#10989 = PLANE('',#10990);
#10990 = AXIS2_PLACEMENT_3D('',#10991,#10992,#10993);
#10991 = CARTESIAN_POINT('',(0.25,5.E-02,-1.5));
#10992 = DIRECTION('',(1.095357396528E-16,0.894427191,0.4472135955));
#10993 = DIRECTION('',(-5.476786982641E-17,-0.4472135955,0.894427191));
#10994 = ADVANCED_FACE('',(#10995),#11015,.F.);
#10995 = FACE_BOUND('',#10996,.F.);
#10996 = EDGE_LOOP('',(#10997,#10998,#11006,#11012,#11013,#11014));
#10997 = ORIENTED_EDGE('',*,*,#10482,.F.);
#10998 = ORIENTED_EDGE('',*,*,#10999,.F.);
#10999 = EDGE_CURVE('',#11000,#10475,#11002,.T.);
#11000 = VERTEX_POINT('',#11001);
#11001 = CARTESIAN_POINT('',(0.247552593066,-0.218807485305,
    -3.202447406934));
#11002 = LINE('',#11003,#11004);
#11003 = CARTESIAN_POINT('',(0.168262653899,-0.231326949384,
    -3.281737346101));
#11004 = VECTOR('',#11005,1.);
#11005 = DIRECTION('',(0.702740385383,0.110959008218,0.702740385383));
#11006 = ORIENTED_EDGE('',*,*,#11007,.T.);
#11007 = EDGE_CURVE('',#11000,#10911,#11008,.T.);
#11008 = LINE('',#11009,#11010);
#11009 = CARTESIAN_POINT('',(0.25,-0.218807485305,-3.202447406934));
#11010 = VECTOR('',#11011,1.);
#11011 = DIRECTION('',(-1.,1.224646799147E-16,0.));
#11012 = ORIENTED_EDGE('',*,*,#10918,.T.);
#11013 = ORIENTED_EDGE('',*,*,#10402,.T.);
#11014 = ORIENTED_EDGE('',*,*,#10981,.F.);
#11015 = PLANE('',#11016);
#11016 = AXIS2_PLACEMENT_3D('',#11017,#11018,#11019);
#11017 = CARTESIAN_POINT('',(0.25,-0.25,-3.4));
#11018 = DIRECTION('',(1.209660753807E-16,0.987762965329,-0.155962573473
    ));
#11019 = DIRECTION('',(1.909990663905E-17,0.155962573473,0.987762965329)
  );
#11020 = ADVANCED_FACE('',(#11021),#11048,.T.);
#11021 = FACE_BOUND('',#11022,.F.);
#11022 = EDGE_LOOP('',(#11023,#11031,#11032,#11033,#11034,#11042));
#11023 = ORIENTED_EDGE('',*,*,#11024,.T.);
#11024 = EDGE_CURVE('',#11025,#11000,#11027,.T.);
#11025 = VERTEX_POINT('',#11026);
#11026 = CARTESIAN_POINT('',(5.E-02,-5.E-02,-3.4));
#11027 = LINE('',#11028,#11029);
#11028 = CARTESIAN_POINT('',(0.107606629418,-9.922451332131E-02,
    -3.342393370582));
#11029 = VECTOR('',#11030,1.);
#11030 = DIRECTION('',(0.605209817607,-0.517148096144,0.605209817607));
#11031 = ORIENTED_EDGE('',*,*,#10999,.T.);
#11032 = ORIENTED_EDGE('',*,*,#10472,.F.);
#11033 = ORIENTED_EDGE('',*,*,#10967,.F.);
#11034 = ORIENTED_EDGE('',*,*,#11035,.F.);
#11035 = EDGE_CURVE('',#11036,#10960,#11038,.T.);
#11036 = VERTEX_POINT('',#11037);
#11037 = CARTESIAN_POINT('',(5.E-02,5.E-02,-3.4));
#11038 = LINE('',#11039,#11040);
#11039 = CARTESIAN_POINT('',(0.17881689775,0.200752273427,-3.27118310225
    ));
#11040 = VECTOR('',#11041,1.);
#11041 = DIRECTION('',(0.544770019249,0.63753529491,0.544770019249));
#11042 = ORIENTED_EDGE('',*,*,#11043,.T.);
#11043 = EDGE_CURVE('',#11036,#11025,#11044,.T.);
#11044 = LINE('',#11045,#11046);
#11045 = CARTESIAN_POINT('',(5.E-02,0.25,-3.4));
#11046 = VECTOR('',#11047,1.);
#11047 = DIRECTION('',(-1.224646799147E-16,-1.,0.));
#11048 = PLANE('',#11049);
#11049 = AXIS2_PLACEMENT_3D('',#11050,#11051,#11052);
#11050 = CARTESIAN_POINT('',(0.15,0.25,-3.3));
#11051 = DIRECTION('',(0.707106781187,-8.486018839685E-17,
    -0.707106781187));
#11052 = DIRECTION('',(1.212375546256E-16,1.,1.227125289196E-18));
#11053 = ADVANCED_FACE('',(#11054),#11065,.T.);
#11054 = FACE_BOUND('',#11055,.F.);
#11055 = EDGE_LOOP('',(#11056,#11057,#11063,#11064));
#11056 = ORIENTED_EDGE('',*,*,#10654,.F.);
#11057 = ORIENTED_EDGE('',*,*,#11058,.T.);
#11058 = EDGE_CURVE('',#10655,#10539,#11059,.T.);
#11059 = LINE('',#11060,#11061);
#11060 = CARTESIAN_POINT('',(2.25,-5.E-02,-3.4));
#11061 = VECTOR('',#11062,1.);
#11062 = DIRECTION('',(-1.,1.224646799147E-16,0.));
#11063 = ORIENTED_EDGE('',*,*,#10538,.T.);
#11064 = ORIENTED_EDGE('',*,*,#10637,.F.);
#11065 = PLANE('',#11066);
#11066 = AXIS2_PLACEMENT_3D('',#11067,#11068,#11069);
#11067 = CARTESIAN_POINT('',(2.25,-0.134403742653,-3.301223703467));
#11068 = DIRECTION('',(-9.136856246232E-17,-0.760250805153,
    -0.64962967394));
#11069 = DIRECTION('',(1.,-1.211454098155E-16,1.127308249542E-18));
#11070 = ADVANCED_FACE('',(#11071),#11082,.F.);
#11071 = FACE_BOUND('',#11072,.F.);
#11072 = EDGE_LOOP('',(#11073,#11074,#11075,#11081));
#11073 = ORIENTED_EDGE('',*,*,#11058,.F.);
#11074 = ORIENTED_EDGE('',*,*,#10673,.F.);
#11075 = ORIENTED_EDGE('',*,*,#11076,.T.);
#11076 = EDGE_CURVE('',#10666,#10564,#11077,.T.);
#11077 = LINE('',#11078,#11079);
#11078 = CARTESIAN_POINT('',(2.25,5.E-02,-3.4));
#11079 = VECTOR('',#11080,1.);
#11080 = DIRECTION('',(-1.,1.224646799147E-16,0.));
#11081 = ORIENTED_EDGE('',*,*,#10571,.T.);
#11082 = PLANE('',#11083);
#11083 = AXIS2_PLACEMENT_3D('',#11084,#11085,#11086);
#11084 = CARTESIAN_POINT('',(2.25,0.25,-3.4));
#11085 = DIRECTION('',(0.,0.,1.));
#11086 = DIRECTION('',(-1.224646799147E-16,-1.,0.));
#11087 = ADVANCED_FACE('',(#11088),#11094,.T.);
#11088 = FACE_BOUND('',#11089,.T.);
#11089 = EDGE_LOOP('',(#11090,#11091,#11092,#11093));
#11090 = ORIENTED_EDGE('',*,*,#10665,.F.);
#11091 = ORIENTED_EDGE('',*,*,#11076,.T.);
#11092 = ORIENTED_EDGE('',*,*,#10563,.T.);
#11093 = ORIENTED_EDGE('',*,*,#10589,.F.);
#11094 = PLANE('',#11095);
#11095 = AXIS2_PLACEMENT_3D('',#11096,#11097,#11098);
#11096 = CARTESIAN_POINT('',(2.25,0.165596257347,-3.301223703467));
#11097 = DIRECTION('',(8.302774088379E-17,0.64962967394,-0.760250805153)
  );
#11098 = DIRECTION('',(-1.,1.247195775152E-16,-2.638869166629E-18));
#11099 = ADVANCED_FACE('',(#11100),#11125,.T.);
#11100 = FACE_BOUND('',#11101,.F.);
#11101 = EDGE_LOOP('',(#11102,#11110,#11118,#11124));
#11102 = ORIENTED_EDGE('',*,*,#11103,.F.);
#11103 = EDGE_CURVE('',#11104,#10700,#11106,.T.);
#11104 = VERTEX_POINT('',#11105);
#11105 = CARTESIAN_POINT('',(2.05,5.E-02,5.));
#11106 = LINE('',#11107,#11108);
#11107 = CARTESIAN_POINT('',(2.1,0.1,4.95));
#11108 = VECTOR('',#11109,1.);
#11109 = DIRECTION('',(0.57735026919,0.57735026919,-0.57735026919));
#11110 = ORIENTED_EDGE('',*,*,#11111,.T.);
#11111 = EDGE_CURVE('',#11104,#11112,#11114,.T.);
#11112 = VERTEX_POINT('',#11113);
#11113 = CARTESIAN_POINT('',(1.95,5.E-02,5.));
#11114 = LINE('',#11115,#11116);
#11115 = CARTESIAN_POINT('',(2.25,5.E-02,5.));
#11116 = VECTOR('',#11117,1.);
#11117 = DIRECTION('',(-1.,1.224646799147E-16,0.));
#11118 = ORIENTED_EDGE('',*,*,#11119,.T.);
#11119 = EDGE_CURVE('',#11112,#10708,#11120,.T.);
#11120 = LINE('',#11121,#11122);
#11121 = CARTESIAN_POINT('',(1.983333333333,1.666666666667E-02,
    5.033333333333));
#11122 = VECTOR('',#11123,1.);
#11123 = DIRECTION('',(-0.57735026919,0.57735026919,-0.57735026919));
#11124 = ORIENTED_EDGE('',*,*,#10707,.F.);
#11125 = PLANE('',#11126);
#11126 = AXIS2_PLACEMENT_3D('',#11127,#11128,#11129);
#11127 = CARTESIAN_POINT('',(2.25,0.15,4.9));
#11128 = DIRECTION('',(8.833102285013E-17,0.707106781187,0.707106781187)
  );
#11129 = DIRECTION('',(1.,-1.236918052038E-16,-1.227125289097E-18));
#11130 = ADVANCED_FACE('',(#11131),#11149,.F.);
#11131 = FACE_BOUND('',#11132,.T.);
#11132 = EDGE_LOOP('',(#11133,#11141,#11147,#11148));
#11133 = ORIENTED_EDGE('',*,*,#11134,.F.);
#11134 = EDGE_CURVE('',#11135,#10732,#11137,.T.);
#11135 = VERTEX_POINT('',#11136);
#11136 = CARTESIAN_POINT('',(1.95,-5.E-02,5.));
#11137 = LINE('',#11138,#11139);
#11138 = CARTESIAN_POINT('',(1.9,-0.1,4.95));
#11139 = VECTOR('',#11140,1.);
#11140 = DIRECTION('',(-0.57735026919,-0.57735026919,-0.57735026919));
#11141 = ORIENTED_EDGE('',*,*,#11142,.T.);
#11142 = EDGE_CURVE('',#11135,#11112,#11143,.T.);
#11143 = LINE('',#11144,#11145);
#11144 = CARTESIAN_POINT('',(1.95,-0.25,5.));
#11145 = VECTOR('',#11146,1.);
#11146 = DIRECTION('',(1.224646799147E-16,1.,0.));
#11147 = ORIENTED_EDGE('',*,*,#11119,.T.);
#11148 = ORIENTED_EDGE('',*,*,#10739,.F.);
#11149 = PLANE('',#11150);
#11150 = AXIS2_PLACEMENT_3D('',#11151,#11152,#11153);
#11151 = CARTESIAN_POINT('',(1.85,-0.25,4.9));
#11152 = DIRECTION('',(0.707106781187,-8.486018839685E-17,
    -0.707106781187));
#11153 = DIRECTION('',(-1.212375546256E-16,-1.,-1.227125289196E-18));
#11154 = ADVANCED_FACE('',(#11155),#11173,.T.);
#11155 = FACE_BOUND('',#11156,.F.);
#11156 = EDGE_LOOP('',(#11157,#11165,#11166,#11167));
#11157 = ORIENTED_EDGE('',*,*,#11158,.F.);
#11158 = EDGE_CURVE('',#10755,#11159,#11161,.T.);
#11159 = VERTEX_POINT('',#11160);
#11160 = CARTESIAN_POINT('',(2.05,-5.E-02,5.));
#11161 = LINE('',#11162,#11163);
#11162 = CARTESIAN_POINT('',(2.183333333333,-0.183333333333,
    4.866666666667));
#11163 = VECTOR('',#11164,1.);
#11164 = DIRECTION('',(-0.57735026919,0.57735026919,0.57735026919));
#11165 = ORIENTED_EDGE('',*,*,#10764,.T.);
#11166 = ORIENTED_EDGE('',*,*,#11134,.F.);
#11167 = ORIENTED_EDGE('',*,*,#11168,.F.);
#11168 = EDGE_CURVE('',#11159,#11135,#11169,.T.);
#11169 = LINE('',#11170,#11171);
#11170 = CARTESIAN_POINT('',(2.25,-5.E-02,5.));
#11171 = VECTOR('',#11172,1.);
#11172 = DIRECTION('',(-1.,1.224646799147E-16,0.));
#11173 = PLANE('',#11174);
#11174 = AXIS2_PLACEMENT_3D('',#11175,#11176,#11177);
#11175 = CARTESIAN_POINT('',(2.25,-0.15,4.9));
#11176 = DIRECTION('',(-8.833102285013E-17,-0.707106781187,
    0.707106781187));
#11177 = DIRECTION('',(1.,-1.236918052038E-16,1.227125289097E-18));
#11178 = ADVANCED_FACE('',(#11179),#11190,.T.);
#11179 = FACE_BOUND('',#11180,.F.);
#11180 = EDGE_LOOP('',(#11181,#11182,#11188,#11189));
#11181 = ORIENTED_EDGE('',*,*,#11158,.T.);
#11182 = ORIENTED_EDGE('',*,*,#11183,.T.);
#11183 = EDGE_CURVE('',#11159,#11104,#11184,.T.);
#11184 = LINE('',#11185,#11186);
#11185 = CARTESIAN_POINT('',(2.05,-0.25,5.));
#11186 = VECTOR('',#11187,1.);
#11187 = DIRECTION('',(1.224646799147E-16,1.,0.));
#11188 = ORIENTED_EDGE('',*,*,#11103,.T.);
#11189 = ORIENTED_EDGE('',*,*,#10780,.F.);
#11190 = PLANE('',#11191);
#11191 = AXIS2_PLACEMENT_3D('',#11192,#11193,#11194);
#11192 = CARTESIAN_POINT('',(2.15,-0.25,4.9));
#11193 = DIRECTION('',(0.707106781187,-8.833102285013E-17,0.707106781187
    ));
#11194 = DIRECTION('',(-1.236918052038E-16,-1.,-1.227125289097E-18));
#11195 = ADVANCED_FACE('',(#11196),#11221,.T.);
#11196 = FACE_BOUND('',#11197,.F.);
#11197 = EDGE_LOOP('',(#11198,#11206,#11214,#11220));
#11198 = ORIENTED_EDGE('',*,*,#11199,.F.);
#11199 = EDGE_CURVE('',#11200,#10796,#11202,.T.);
#11200 = VERTEX_POINT('',#11201);
#11201 = CARTESIAN_POINT('',(5.E-02,5.E-02,5.));
#11202 = LINE('',#11203,#11204);
#11203 = CARTESIAN_POINT('',(0.1,0.1,4.95));
#11204 = VECTOR('',#11205,1.);
#11205 = DIRECTION('',(0.57735026919,0.57735026919,-0.57735026919));
#11206 = ORIENTED_EDGE('',*,*,#11207,.T.);
#11207 = EDGE_CURVE('',#11200,#11208,#11210,.T.);
#11208 = VERTEX_POINT('',#11209);
#11209 = CARTESIAN_POINT('',(-5.E-02,5.E-02,5.));
#11210 = LINE('',#11211,#11212);
#11211 = CARTESIAN_POINT('',(0.25,5.E-02,5.));
#11212 = VECTOR('',#11213,1.);
#11213 = DIRECTION('',(-1.,1.224646799147E-16,0.));
#11214 = ORIENTED_EDGE('',*,*,#11215,.T.);
#11215 = EDGE_CURVE('',#11208,#10804,#11216,.T.);
#11216 = LINE('',#11217,#11218);
#11217 = CARTESIAN_POINT('',(-1.666666666667E-02,1.666666666667E-02,
    5.033333333333));
#11218 = VECTOR('',#11219,1.);
#11219 = DIRECTION('',(-0.57735026919,0.57735026919,-0.57735026919));
#11220 = ORIENTED_EDGE('',*,*,#10803,.F.);
#11221 = PLANE('',#11222);
#11222 = AXIS2_PLACEMENT_3D('',#11223,#11224,#11225);
#11223 = CARTESIAN_POINT('',(0.25,0.15,4.9));
#11224 = DIRECTION('',(8.833102285013E-17,0.707106781187,0.707106781187)
  );
#11225 = DIRECTION('',(1.,-1.236918052038E-16,-1.227125289097E-18));
#11226 = ADVANCED_FACE('',(#11227),#11245,.F.);
#11227 = FACE_BOUND('',#11228,.T.);
#11228 = EDGE_LOOP('',(#11229,#11237,#11243,#11244));
#11229 = ORIENTED_EDGE('',*,*,#11230,.F.);
#11230 = EDGE_CURVE('',#11231,#10828,#11233,.T.);
#11231 = VERTEX_POINT('',#11232);
#11232 = CARTESIAN_POINT('',(-5.E-02,-5.E-02,5.));
#11233 = LINE('',#11234,#11235);
#11234 = CARTESIAN_POINT('',(-0.1,-0.1,4.95));
#11235 = VECTOR('',#11236,1.);
#11236 = DIRECTION('',(-0.57735026919,-0.57735026919,-0.57735026919));
#11237 = ORIENTED_EDGE('',*,*,#11238,.T.);
#11238 = EDGE_CURVE('',#11231,#11208,#11239,.T.);
#11239 = LINE('',#11240,#11241);
#11240 = CARTESIAN_POINT('',(-5.E-02,-0.25,5.));
#11241 = VECTOR('',#11242,1.);
#11242 = DIRECTION('',(1.224646799147E-16,1.,0.));
#11243 = ORIENTED_EDGE('',*,*,#11215,.T.);
#11244 = ORIENTED_EDGE('',*,*,#10835,.F.);
#11245 = PLANE('',#11246);
#11246 = AXIS2_PLACEMENT_3D('',#11247,#11248,#11249);
#11247 = CARTESIAN_POINT('',(-0.15,-0.25,4.9));
#11248 = DIRECTION('',(0.707106781187,-8.486018839685E-17,
    -0.707106781187));
#11249 = DIRECTION('',(-1.212375546256E-16,-1.,-1.227125289196E-18));
#11250 = ADVANCED_FACE('',(#11251),#11269,.T.);
#11251 = FACE_BOUND('',#11252,.F.);
#11252 = EDGE_LOOP('',(#11253,#11261,#11262,#11263));
#11253 = ORIENTED_EDGE('',*,*,#11254,.F.);
#11254 = EDGE_CURVE('',#10851,#11255,#11257,.T.);
#11255 = VERTEX_POINT('',#11256);
#11256 = CARTESIAN_POINT('',(5.E-02,-5.E-02,5.));
#11257 = LINE('',#11258,#11259);
#11258 = CARTESIAN_POINT('',(0.183333333333,-0.183333333333,
    4.866666666667));
#11259 = VECTOR('',#11260,1.);
#11260 = DIRECTION('',(-0.57735026919,0.57735026919,0.57735026919));
#11261 = ORIENTED_EDGE('',*,*,#10860,.T.);
#11262 = ORIENTED_EDGE('',*,*,#11230,.F.);
#11263 = ORIENTED_EDGE('',*,*,#11264,.F.);
#11264 = EDGE_CURVE('',#11255,#11231,#11265,.T.);
#11265 = LINE('',#11266,#11267);
#11266 = CARTESIAN_POINT('',(0.25,-5.E-02,5.));
#11267 = VECTOR('',#11268,1.);
#11268 = DIRECTION('',(-1.,1.224646799147E-16,0.));
#11269 = PLANE('',#11270);
#11270 = AXIS2_PLACEMENT_3D('',#11271,#11272,#11273);
#11271 = CARTESIAN_POINT('',(0.25,-0.15,4.9));
#11272 = DIRECTION('',(-8.833102285013E-17,-0.707106781187,
    0.707106781187));
#11273 = DIRECTION('',(1.,-1.236918052038E-16,1.227125289097E-18));
#11274 = ADVANCED_FACE('',(#11275),#11286,.T.);
#11275 = FACE_BOUND('',#11276,.F.);
#11276 = EDGE_LOOP('',(#11277,#11278,#11284,#11285));
#11277 = ORIENTED_EDGE('',*,*,#11254,.T.);
#11278 = ORIENTED_EDGE('',*,*,#11279,.T.);
#11279 = EDGE_CURVE('',#11255,#11200,#11280,.T.);
#11280 = LINE('',#11281,#11282);
#11281 = CARTESIAN_POINT('',(5.E-02,-0.25,5.));
#11282 = VECTOR('',#11283,1.);
#11283 = DIRECTION('',(1.224646799147E-16,1.,0.));
#11284 = ORIENTED_EDGE('',*,*,#11199,.T.);
#11285 = ORIENTED_EDGE('',*,*,#10876,.F.);
#11286 = PLANE('',#11287);
#11287 = AXIS2_PLACEMENT_3D('',#11288,#11289,#11290);
#11288 = CARTESIAN_POINT('',(0.15,-0.25,4.9));
#11289 = DIRECTION('',(0.707106781187,-8.833102285013E-17,0.707106781187
    ));
#11290 = DIRECTION('',(-1.236918052038E-16,-1.,-1.227125289097E-18));
#11291 = ADVANCED_FACE('',(#11292),#11303,.T.);
#11292 = FACE_BOUND('',#11293,.F.);
#11293 = EDGE_LOOP('',(#11294,#11295,#11301,#11302));
#11294 = ORIENTED_EDGE('',*,*,#11024,.F.);
#11295 = ORIENTED_EDGE('',*,*,#11296,.T.);
#11296 = EDGE_CURVE('',#11025,#10909,#11297,.T.);
#11297 = LINE('',#11298,#11299);
#11298 = CARTESIAN_POINT('',(0.25,-5.E-02,-3.4));
#11299 = VECTOR('',#11300,1.);
#11300 = DIRECTION('',(-1.,1.224646799147E-16,0.));
#11301 = ORIENTED_EDGE('',*,*,#10908,.T.);
#11302 = ORIENTED_EDGE('',*,*,#11007,.F.);
#11303 = PLANE('',#11304);
#11304 = AXIS2_PLACEMENT_3D('',#11305,#11306,#11307);
#11305 = CARTESIAN_POINT('',(0.25,-0.134403742653,-3.301223703467));
#11306 = DIRECTION('',(-9.136856246232E-17,-0.760250805153,
    -0.64962967394));
#11307 = DIRECTION('',(1.,-1.211454098155E-16,1.127308249542E-18));
#11308 = ADVANCED_FACE('',(#11309),#11320,.F.);
#11309 = FACE_BOUND('',#11310,.F.);
#11310 = EDGE_LOOP('',(#11311,#11312,#11313,#11319));
#11311 = ORIENTED_EDGE('',*,*,#11296,.F.);
#11312 = ORIENTED_EDGE('',*,*,#11043,.F.);
#11313 = ORIENTED_EDGE('',*,*,#11314,.T.);
#11314 = EDGE_CURVE('',#11036,#10934,#11315,.T.);
#11315 = LINE('',#11316,#11317);
#11316 = CARTESIAN_POINT('',(0.25,5.E-02,-3.4));
#11317 = VECTOR('',#11318,1.);
#11318 = DIRECTION('',(-1.,1.224646799147E-16,0.));
#11319 = ORIENTED_EDGE('',*,*,#10941,.T.);
#11320 = PLANE('',#11321);
#11321 = AXIS2_PLACEMENT_3D('',#11322,#11323,#11324);
#11322 = CARTESIAN_POINT('',(0.25,0.25,-3.4));
#11323 = DIRECTION('',(0.,0.,1.));
#11324 = DIRECTION('',(-1.224646799147E-16,-1.,0.));
#11325 = ADVANCED_FACE('',(#11326),#11332,.T.);
#11326 = FACE_BOUND('',#11327,.T.);
#11327 = EDGE_LOOP('',(#11328,#11329,#11330,#11331));
#11328 = ORIENTED_EDGE('',*,*,#11035,.F.);
#11329 = ORIENTED_EDGE('',*,*,#11314,.T.);
#11330 = ORIENTED_EDGE('',*,*,#10933,.T.);
#11331 = ORIENTED_EDGE('',*,*,#10959,.F.);
#11332 = PLANE('',#11333);
#11333 = AXIS2_PLACEMENT_3D('',#11334,#11335,#11336);
#11334 = CARTESIAN_POINT('',(0.25,0.165596257347,-3.301223703467));
#11335 = DIRECTION('',(8.302774088379E-17,0.64962967394,-0.760250805153)
  );
#11336 = DIRECTION('',(-1.,1.247195775152E-16,-2.638869166629E-18));
#11337 = ADVANCED_FACE('',(#11338),#11344,.F.);
#11338 = FACE_BOUND('',#11339,.F.);
#11339 = EDGE_LOOP('',(#11340,#11341,#11342,#11343));
#11340 = ORIENTED_EDGE('',*,*,#11142,.T.);
#11341 = ORIENTED_EDGE('',*,*,#11111,.F.);
#11342 = ORIENTED_EDGE('',*,*,#11183,.F.);
#11343 = ORIENTED_EDGE('',*,*,#11168,.T.);
#11344 = PLANE('',#11345);
#11345 = AXIS2_PLACEMENT_3D('',#11346,#11347,#11348);
#11346 = CARTESIAN_POINT('',(2.25,-0.25,5.));
#11347 = DIRECTION('',(-0.,0.,-1.));
#11348 = DIRECTION('',(1.224646799147E-16,1.,0.));
#11349 = ADVANCED_FACE('',(#11350),#11356,.F.);
#11350 = FACE_BOUND('',#11351,.F.);
#11351 = EDGE_LOOP('',(#11352,#11353,#11354,#11355));
#11352 = ORIENTED_EDGE('',*,*,#11238,.T.);
#11353 = ORIENTED_EDGE('',*,*,#11207,.F.);
#11354 = ORIENTED_EDGE('',*,*,#11279,.F.);
#11355 = ORIENTED_EDGE('',*,*,#11264,.T.);
#11356 = PLANE('',#11357);
#11357 = AXIS2_PLACEMENT_3D('',#11358,#11359,#11360);
#11358 = CARTESIAN_POINT('',(0.25,-0.25,5.));
#11359 = DIRECTION('',(-0.,0.,-1.));
#11360 = DIRECTION('',(1.224646799147E-16,1.,0.));
#11361 = ( GEOMETRIC_REPRESENTATION_CONTEXT(3) 
GLOBAL_UNCERTAINTY_ASSIGNED_CONTEXT((#11365)) 
GLOBAL_UNIT_ASSIGNED_CONTEXT((#11362,#11363,#11364)) 
REPRESENTATION_CONTEXT('Context #1',
  '3D Context with UNIT and UNCERTAINTY') );
#11362 = ( LENGTH_UNIT() NAMED_UNIT(*) SI_UNIT(.MILLI.,.METRE.) );
#11363 = ( NAMED_UNIT(*) PLANE_ANGLE_UNIT() SI_UNIT($,.RADIAN.) );
#11364 = ( NAMED_UNIT(*) SI_UNIT($,.STERADIAN.) SOLID_ANGLE_UNIT() );
#11365 = UNCERTAINTY_MEASURE_WITH_UNIT(LENGTH_MEASURE(1.E-07),#11362,
  'distance_accuracy_value','confusion accuracy');
#11366 = CONTEXT_DEPENDENT_SHAPE_REPRESENTATION(#11367,#11369);
#11367 = ( REPRESENTATION_RELATIONSHIP('','',#8468,#10) 
REPRESENTATION_RELATIONSHIP_WITH_TRANSFORMATION(#11368) 
SHAPE_REPRESENTATION_RELATIONSHIP() );
#11368 = ITEM_DEFINED_TRANSFORMATION('','',#11,#31);
#11369 = PRODUCT_DEFINITION_SHAPE('Placement','Placement of an item',
  #11370);
#11370 = NEXT_ASSEMBLY_USAGE_OCCURRENCE('5','J3','',#5,#8463,$);
#11371 = PRODUCT_RELATED_PRODUCT_CATEGORY('part',$,(#8465));
#11372 = CONTEXT_DEPENDENT_SHAPE_REPRESENTATION(#11373,#11375);
#11373 = ( REPRESENTATION_RELATIONSHIP('','',#8468,#10) 
REPRESENTATION_RELATIONSHIP_WITH_TRANSFORMATION(#11374) 
SHAPE_REPRESENTATION_RELATIONSHIP() );
#11374 = ITEM_DEFINED_TRANSFORMATION('','',#11,#35);
#11375 = PRODUCT_DEFINITION_SHAPE('Placement','Placement of an item',
  #11376);
#11376 = NEXT_ASSEMBLY_USAGE_OCCURRENCE('6','J2','',#5,#8463,$);
#11377 = SHAPE_DEFINITION_REPRESENTATION(#11378,#11384);
#11378 = PRODUCT_DEFINITION_SHAPE('','',#11379);
#11379 = PRODUCT_DEFINITION('design','',#11380,#11383);
#11380 = PRODUCT_DEFINITION_FORMATION('','',#11381);
#11381 = PRODUCT('v2 mouse_PCB','v2 mouse_PCB','',(#11382));
#11382 = PRODUCT_CONTEXT('',#2,'mechanical');
#11383 = PRODUCT_DEFINITION_CONTEXT('part definition',#2,'design');
#11384 = ADVANCED_BREP_SHAPE_REPRESENTATION('',(#11,#11385),#17803);
#11385 = MANIFOLD_SOLID_BREP('',#11386);
#11386 = CLOSED_SHELL('',(#11387,#11429,#11460,#11491,#13247,#15003,
    #15020,#15037,#15054,#15071,#15088,#15105,#15122,#15139,#15156,
    #15173,#15190,#15207,#15224,#15236,#15253,#15270,#15287,#15304,
    #15321,#15338,#15355,#15372,#15389,#15406,#15423,#15440,#15457,
    #15474,#15491,#15508,#15525,#15542,#15559,#15576,#15593,#15610,
    #15627,#15644,#15661,#15678,#15695,#15712,#15729,#15746,#15763,
    #15780,#15797,#15814,#15836,#15853,#15870,#15882,#15899,#15916,
    #15933,#15950,#15967,#15984,#16001,#16018,#16035,#16052,#16069,
    #16086,#16103,#16120,#16137,#16154,#16171,#16188,#16205,#16222,
    #16239,#16256,#16273,#16290,#16307,#16324,#16341,#16358,#16375,
    #16392,#16409,#16426,#16443,#16460,#16477,#16494,#16511,#16528,
    #16545,#16562,#16579,#16596,#16613,#16630,#16647,#16664,#16681,
    #16698,#16715,#16732,#16749,#16766,#16783,#16800,#16817,#16834,
    #16851,#16868,#16885,#16902,#16919,#16936,#16953,#16970,#16987,
    #17004,#17026,#17043,#17060,#17072,#17089,#17106,#17123,#17140,
    #17157,#17174,#17191,#17208,#17225,#17242,#17259,#17276,#17293,
    #17310,#17327,#17344,#17361,#17378,#17395,#17412,#17429,#17446,
    #17463,#17480,#17497,#17514,#17531,#17548,#17565,#17582,#17599,
    #17616,#17638,#17655,#17672,#17684,#17701,#17718,#17735,#17752,
    #17769,#17786));
#11387 = ADVANCED_FACE('',(#11388),#11424,.T.);
#11388 = FACE_BOUND('',#11389,.T.);
#11389 = EDGE_LOOP('',(#11390,#11400,#11409,#11417));
#11390 = ORIENTED_EDGE('',*,*,#11391,.T.);
#11391 = EDGE_CURVE('',#11392,#11394,#11396,.T.);
#11392 = VERTEX_POINT('',#11393);
#11393 = CARTESIAN_POINT('',(70.5,-93.,0.));
#11394 = VERTEX_POINT('',#11395);
#11395 = CARTESIAN_POINT('',(70.5,-93.,1.6));
#11396 = LINE('',#11397,#11398);
#11397 = CARTESIAN_POINT('',(70.5,-93.,0.));
#11398 = VECTOR('',#11399,1.);
#11399 = DIRECTION('',(0.,0.,1.));
#11400 = ORIENTED_EDGE('',*,*,#11401,.T.);
#11401 = EDGE_CURVE('',#11394,#11402,#11404,.T.);
#11402 = VERTEX_POINT('',#11403);
#11403 = CARTESIAN_POINT('',(170.5,-93.,1.6));
#11404 = CIRCLE('',#11405,50.);
#11405 = AXIS2_PLACEMENT_3D('',#11406,#11407,#11408);
#11406 = CARTESIAN_POINT('',(120.5,-93.,1.6));
#11407 = DIRECTION('',(0.,0.,-1.));
#11408 = DIRECTION('',(-1.,0.,0.));
#11409 = ORIENTED_EDGE('',*,*,#11410,.F.);
#11410 = EDGE_CURVE('',#11411,#11402,#11413,.T.);
#11411 = VERTEX_POINT('',#11412);
#11412 = CARTESIAN_POINT('',(170.5,-93.,0.));
#11413 = LINE('',#11414,#11415);
#11414 = CARTESIAN_POINT('',(170.5,-93.,0.));
#11415 = VECTOR('',#11416,1.);
#11416 = DIRECTION('',(0.,0.,1.));
#11417 = ORIENTED_EDGE('',*,*,#11418,.F.);
#11418 = EDGE_CURVE('',#11392,#11411,#11419,.T.);
#11419 = CIRCLE('',#11420,50.);
#11420 = AXIS2_PLACEMENT_3D('',#11421,#11422,#11423);
#11421 = CARTESIAN_POINT('',(120.5,-93.,0.));
#11422 = DIRECTION('',(0.,0.,-1.));
#11423 = DIRECTION('',(-1.,0.,0.));
#11424 = CYLINDRICAL_SURFACE('',#11425,50.);
#11425 = AXIS2_PLACEMENT_3D('',#11426,#11427,#11428);
#11426 = CARTESIAN_POINT('',(120.5,-93.,0.));
#11427 = DIRECTION('',(0.,0.,-1.));
#11428 = DIRECTION('',(-1.,0.,0.));
#11429 = ADVANCED_FACE('',(#11430),#11455,.T.);
#11430 = FACE_BOUND('',#11431,.T.);
#11431 = EDGE_LOOP('',(#11432,#11442,#11448,#11449));
#11432 = ORIENTED_EDGE('',*,*,#11433,.T.);
#11433 = EDGE_CURVE('',#11434,#11436,#11438,.T.);
#11434 = VERTEX_POINT('',#11435);
#11435 = CARTESIAN_POINT('',(70.5,-100.,0.));
#11436 = VERTEX_POINT('',#11437);
#11437 = CARTESIAN_POINT('',(70.5,-100.,1.6));
#11438 = LINE('',#11439,#11440);
#11439 = CARTESIAN_POINT('',(70.5,-100.,0.));
#11440 = VECTOR('',#11441,1.);
#11441 = DIRECTION('',(0.,0.,1.));
#11442 = ORIENTED_EDGE('',*,*,#11443,.T.);
#11443 = EDGE_CURVE('',#11436,#11394,#11444,.T.);
#11444 = LINE('',#11445,#11446);
#11445 = CARTESIAN_POINT('',(70.5,-100.,1.6));
#11446 = VECTOR('',#11447,1.);
#11447 = DIRECTION('',(0.,1.,0.));
#11448 = ORIENTED_EDGE('',*,*,#11391,.F.);
#11449 = ORIENTED_EDGE('',*,*,#11450,.F.);
#11450 = EDGE_CURVE('',#11434,#11392,#11451,.T.);
#11451 = LINE('',#11452,#11453);
#11452 = CARTESIAN_POINT('',(70.5,-100.,0.));
#11453 = VECTOR('',#11454,1.);
#11454 = DIRECTION('',(0.,1.,0.));
#11455 = PLANE('',#11456);
#11456 = AXIS2_PLACEMENT_3D('',#11457,#11458,#11459);
#11457 = CARTESIAN_POINT('',(70.5,-100.,0.));
#11458 = DIRECTION('',(-1.,0.,0.));
#11459 = DIRECTION('',(0.,1.,0.));
#11460 = ADVANCED_FACE('',(#11461),#11486,.T.);
#11461 = FACE_BOUND('',#11462,.T.);
#11462 = EDGE_LOOP('',(#11463,#11464,#11472,#11480));
#11463 = ORIENTED_EDGE('',*,*,#11410,.T.);
#11464 = ORIENTED_EDGE('',*,*,#11465,.T.);
#11465 = EDGE_CURVE('',#11402,#11466,#11468,.T.);
#11466 = VERTEX_POINT('',#11467);
#11467 = CARTESIAN_POINT('',(170.5,-100.,1.6));
#11468 = LINE('',#11469,#11470);
#11469 = CARTESIAN_POINT('',(170.5,-93.,1.6));
#11470 = VECTOR('',#11471,1.);
#11471 = DIRECTION('',(0.,-1.,0.));
#11472 = ORIENTED_EDGE('',*,*,#11473,.F.);
#11473 = EDGE_CURVE('',#11474,#11466,#11476,.T.);
#11474 = VERTEX_POINT('',#11475);
#11475 = CARTESIAN_POINT('',(170.5,-100.,0.));
#11476 = LINE('',#11477,#11478);
#11477 = CARTESIAN_POINT('',(170.5,-100.,0.));
#11478 = VECTOR('',#11479,1.);
#11479 = DIRECTION('',(0.,0.,1.));
#11480 = ORIENTED_EDGE('',*,*,#11481,.F.);
#11481 = EDGE_CURVE('',#11411,#11474,#11482,.T.);
#11482 = LINE('',#11483,#11484);
#11483 = CARTESIAN_POINT('',(170.5,-93.,0.));
#11484 = VECTOR('',#11485,1.);
#11485 = DIRECTION('',(0.,-1.,0.));
#11486 = PLANE('',#11487);
#11487 = AXIS2_PLACEMENT_3D('',#11488,#11489,#11490);
#11488 = CARTESIAN_POINT('',(170.5,-93.,0.));
#11489 = DIRECTION('',(1.,0.,-0.));
#11490 = DIRECTION('',(0.,-1.,0.));
#11491 = ADVANCED_FACE('',(#11492,#11607,#11618,#11629,#11640,#11651,
    #11662,#11673,#11684,#11695,#11706,#11717,#11728,#11739,#11750,
    #11761,#11772,#11783,#11794,#11805,#11816,#11827,#11838,#11849,
    #11860,#11871,#11882,#11893,#11904,#11915,#11926,#11937,#11948,
    #11959,#11970,#11981,#12015,#12026,#12037,#12048,#12059,#12070,
    #12081,#12092,#12103,#12114,#12125,#12136,#12147,#12158,#12169,
    #12180,#12191,#12202,#12213,#12224,#12235,#12246,#12257,#12268,
    #12279,#12290,#12301,#12312,#12323,#12334,#12345,#12356,#12367,
    #12378,#12389,#12400,#12411,#12422,#12433,#12444,#12455,#12466,
    #12477,#12488,#12499,#12510,#12521,#12532,#12543,#12554,#12565,
    #12576,#12587,#12598,#12609,#12620,#12631,#12642,#12653,#12664,
    #12675,#12686,#12697,#12708,#12719,#12730,#12741,#12777,#12788,
    #12799,#12810,#12821,#12832,#12843,#12854,#12865,#12876,#12887,
    #12898,#12909,#12920,#12931,#12942,#12953,#12964,#12975,#12986,
    #12997,#13008,#13019,#13030,#13041,#13052,#13063,#13074,#13085,
    #13096,#13107,#13118,#13129,#13165,#13176,#13187,#13198,#13209,
    #13220,#13231),#13242,.F.);
#11492 = FACE_BOUND('',#11493,.F.);
#11493 = EDGE_LOOP('',(#11494,#11495,#11496,#11504,#11512,#11520,#11528,
    #11536,#11544,#11552,#11560,#11568,#11576,#11584,#11592,#11600,
    #11606));
#11494 = ORIENTED_EDGE('',*,*,#11418,.F.);
#11495 = ORIENTED_EDGE('',*,*,#11450,.F.);
#11496 = ORIENTED_EDGE('',*,*,#11497,.F.);
#11497 = EDGE_CURVE('',#11498,#11434,#11500,.T.);
#11498 = VERTEX_POINT('',#11499);
#11499 = CARTESIAN_POINT('',(89.,-100.,0.));
#11500 = LINE('',#11501,#11502);
#11501 = CARTESIAN_POINT('',(89.,-100.,0.));
#11502 = VECTOR('',#11503,1.);
#11503 = DIRECTION('',(-1.,0.,0.));
#11504 = ORIENTED_EDGE('',*,*,#11505,.F.);
#11505 = EDGE_CURVE('',#11506,#11498,#11508,.T.);
#11506 = VERTEX_POINT('',#11507);
#11507 = CARTESIAN_POINT('',(89.,-146.,0.));
#11508 = LINE('',#11509,#11510);
#11509 = CARTESIAN_POINT('',(89.,-146.,0.));
#11510 = VECTOR('',#11511,1.);
#11511 = DIRECTION('',(0.,1.,0.));
#11512 = ORIENTED_EDGE('',*,*,#11513,.F.);
#11513 = EDGE_CURVE('',#11514,#11506,#11516,.T.);
#11514 = VERTEX_POINT('',#11515);
#11515 = CARTESIAN_POINT('',(71.5,-146.,0.));
#11516 = LINE('',#11517,#11518);
#11517 = CARTESIAN_POINT('',(71.5,-146.,0.));
#11518 = VECTOR('',#11519,1.);
#11519 = DIRECTION('',(1.,0.,0.));
#11520 = ORIENTED_EDGE('',*,*,#11521,.F.);
#11521 = EDGE_CURVE('',#11522,#11514,#11524,.T.);
#11522 = VERTEX_POINT('',#11523);
#11523 = CARTESIAN_POINT('',(71.5,-152.5,0.));
#11524 = LINE('',#11525,#11526);
#11525 = CARTESIAN_POINT('',(71.5,-152.5,0.));
#11526 = VECTOR('',#11527,1.);
#11527 = DIRECTION('',(0.,1.,0.));
#11528 = ORIENTED_EDGE('',*,*,#11529,.F.);
#11529 = EDGE_CURVE('',#11530,#11522,#11532,.T.);
#11530 = VERTEX_POINT('',#11531);
#11531 = CARTESIAN_POINT('',(89.,-152.5,0.));
#11532 = LINE('',#11533,#11534);
#11533 = CARTESIAN_POINT('',(89.,-152.5,0.));
#11534 = VECTOR('',#11535,1.);
#11535 = DIRECTION('',(-1.,0.,0.));
#11536 = ORIENTED_EDGE('',*,*,#11537,.F.);
#11537 = EDGE_CURVE('',#11538,#11530,#11540,.T.);
#11538 = VERTEX_POINT('',#11539);
#11539 = CARTESIAN_POINT('',(89.,-156.,0.));
#11540 = LINE('',#11541,#11542);
#11541 = CARTESIAN_POINT('',(89.,-156.,0.));
#11542 = VECTOR('',#11543,1.);
#11543 = DIRECTION('',(0.,1.,0.));
#11544 = ORIENTED_EDGE('',*,*,#11545,.F.);
#11545 = EDGE_CURVE('',#11546,#11538,#11548,.T.);
#11546 = VERTEX_POINT('',#11547);
#11547 = CARTESIAN_POINT('',(152.,-156.,0.));
#11548 = LINE('',#11549,#11550);
#11549 = CARTESIAN_POINT('',(152.,-156.,0.));
#11550 = VECTOR('',#11551,1.);
#11551 = DIRECTION('',(-1.,0.,0.));
#11552 = ORIENTED_EDGE('',*,*,#11553,.F.);
#11553 = EDGE_CURVE('',#11554,#11546,#11556,.T.);
#11554 = VERTEX_POINT('',#11555);
#11555 = CARTESIAN_POINT('',(152.,-152.5,0.));
#11556 = LINE('',#11557,#11558);
#11557 = CARTESIAN_POINT('',(152.,-152.5,0.));
#11558 = VECTOR('',#11559,1.);
#11559 = DIRECTION('',(0.,-1.,0.));
#11560 = ORIENTED_EDGE('',*,*,#11561,.F.);
#11561 = EDGE_CURVE('',#11562,#11554,#11564,.T.);
#11562 = VERTEX_POINT('',#11563);
#11563 = CARTESIAN_POINT('',(169.5,-152.5,0.));
#11564 = LINE('',#11565,#11566);
#11565 = CARTESIAN_POINT('',(169.5,-152.5,0.));
#11566 = VECTOR('',#11567,1.);
#11567 = DIRECTION('',(-1.,0.,0.));
#11568 = ORIENTED_EDGE('',*,*,#11569,.F.);
#11569 = EDGE_CURVE('',#11570,#11562,#11572,.T.);
#11570 = VERTEX_POINT('',#11571);
#11571 = CARTESIAN_POINT('',(169.5,-146.,0.));
#11572 = LINE('',#11573,#11574);
#11573 = CARTESIAN_POINT('',(169.5,-146.,0.));
#11574 = VECTOR('',#11575,1.);
#11575 = DIRECTION('',(0.,-1.,0.));
#11576 = ORIENTED_EDGE('',*,*,#11577,.F.);
#11577 = EDGE_CURVE('',#11578,#11570,#11580,.T.);
#11578 = VERTEX_POINT('',#11579);
#11579 = CARTESIAN_POINT('',(152.,-146.,0.));
#11580 = LINE('',#11581,#11582);
#11581 = CARTESIAN_POINT('',(152.,-146.,0.));
#11582 = VECTOR('',#11583,1.);
#11583 = DIRECTION('',(1.,0.,0.));
#11584 = ORIENTED_EDGE('',*,*,#11585,.F.);
#11585 = EDGE_CURVE('',#11586,#11578,#11588,.T.);
#11586 = VERTEX_POINT('',#11587);
#11587 = CARTESIAN_POINT('',(152.,-123.,0.));
#11588 = LINE('',#11589,#11590);
#11589 = CARTESIAN_POINT('',(152.,-123.,0.));
#11590 = VECTOR('',#11591,1.);
#11591 = DIRECTION('',(0.,-1.,0.));
#11592 = ORIENTED_EDGE('',*,*,#11593,.F.);
#11593 = EDGE_CURVE('',#11594,#11586,#11596,.T.);
#11594 = VERTEX_POINT('',#11595);
#11595 = CARTESIAN_POINT('',(152.,-100.,0.));
#11596 = LINE('',#11597,#11598);
#11597 = CARTESIAN_POINT('',(152.,-100.,0.));
#11598 = VECTOR('',#11599,1.);
#11599 = DIRECTION('',(0.,-1.,0.));
#11600 = ORIENTED_EDGE('',*,*,#11601,.F.);
#11601 = EDGE_CURVE('',#11474,#11594,#11602,.T.);
#11602 = LINE('',#11603,#11604);
#11603 = CARTESIAN_POINT('',(170.5,-100.,0.));
#11604 = VECTOR('',#11605,1.);
#11605 = DIRECTION('',(-1.,0.,0.));
#11606 = ORIENTED_EDGE('',*,*,#11481,.F.);
#11607 = FACE_BOUND('',#11608,.F.);
#11608 = EDGE_LOOP('',(#11609));
#11609 = ORIENTED_EDGE('',*,*,#11610,.T.);
#11610 = EDGE_CURVE('',#11611,#11611,#11613,.T.);
#11611 = VERTEX_POINT('',#11612);
#11612 = CARTESIAN_POINT('',(80.335,-150.72,0.));
#11613 = CIRCLE('',#11614,0.45);
#11614 = AXIS2_PLACEMENT_3D('',#11615,#11616,#11617);
#11615 = CARTESIAN_POINT('',(80.335,-150.27,0.));
#11616 = DIRECTION('',(-0.,0.,-1.));
#11617 = DIRECTION('',(-3.157967714489E-14,-1.,0.));
#11618 = FACE_BOUND('',#11619,.F.);
#11619 = EDGE_LOOP('',(#11620));
#11620 = ORIENTED_EDGE('',*,*,#11621,.T.);
#11621 = EDGE_CURVE('',#11622,#11622,#11624,.T.);
#11622 = VERTEX_POINT('',#11623);
#11623 = CARTESIAN_POINT('',(80.335,-148.18,0.));
#11624 = CIRCLE('',#11625,0.45);
#11625 = AXIS2_PLACEMENT_3D('',#11626,#11627,#11628);
#11626 = CARTESIAN_POINT('',(80.335,-147.73,0.));
#11627 = DIRECTION('',(-0.,0.,-1.));
#11628 = DIRECTION('',(-3.157967714489E-14,-1.,0.));
#11629 = FACE_BOUND('',#11630,.F.);
#11630 = EDGE_LOOP('',(#11631));
#11631 = ORIENTED_EDGE('',*,*,#11632,.F.);
#11632 = EDGE_CURVE('',#11633,#11633,#11635,.T.);
#11633 = VERTEX_POINT('',#11634);
#11634 = CARTESIAN_POINT('',(96.55,-152.5,0.));
#11635 = CIRCLE('',#11636,2.55);
#11636 = AXIS2_PLACEMENT_3D('',#11637,#11638,#11639);
#11637 = CARTESIAN_POINT('',(94.,-152.5,0.));
#11638 = DIRECTION('',(0.,0.,1.));
#11639 = DIRECTION('',(1.,0.,-0.));
#11640 = FACE_BOUND('',#11641,.F.);
#11641 = EDGE_LOOP('',(#11642));
#11642 = ORIENTED_EDGE('',*,*,#11643,.T.);
#11643 = EDGE_CURVE('',#11644,#11644,#11646,.T.);
#11644 = VERTEX_POINT('',#11645);
#11645 = CARTESIAN_POINT('',(93.,-146.495,0.));
#11646 = CIRCLE('',#11647,0.495);
#11647 = AXIS2_PLACEMENT_3D('',#11648,#11649,#11650);
#11648 = CARTESIAN_POINT('',(93.,-146.,0.));
#11649 = DIRECTION('',(-0.,0.,-1.));
#11650 = DIRECTION('',(-0.,-1.,0.));
#11651 = FACE_BOUND('',#11652,.F.);
#11652 = EDGE_LOOP('',(#11653));
#11653 = ORIENTED_EDGE('',*,*,#11654,.T.);
#11654 = EDGE_CURVE('',#11655,#11655,#11657,.T.);
#11655 = VERTEX_POINT('',#11656);
#11656 = CARTESIAN_POINT('',(93.,-141.995,0.));
#11657 = CIRCLE('',#11658,0.495);
#11658 = AXIS2_PLACEMENT_3D('',#11659,#11660,#11661);
#11659 = CARTESIAN_POINT('',(93.,-141.5,0.));
#11660 = DIRECTION('',(-0.,0.,-1.));
#11661 = DIRECTION('',(-0.,-1.,0.));
#11662 = FACE_BOUND('',#11663,.F.);
#11663 = EDGE_LOOP('',(#11664));
#11664 = ORIENTED_EDGE('',*,*,#11665,.T.);
#11665 = EDGE_CURVE('',#11666,#11666,#11668,.T.);
#11666 = VERTEX_POINT('',#11667);
#11667 = CARTESIAN_POINT('',(103.5,-151.5,0.));
#11668 = CIRCLE('',#11669,0.5);
#11669 = AXIS2_PLACEMENT_3D('',#11670,#11671,#11672);
#11670 = CARTESIAN_POINT('',(103.5,-151.,0.));
#11671 = DIRECTION('',(-0.,0.,-1.));
#11672 = DIRECTION('',(-0.,-1.,0.));
#11673 = FACE_BOUND('',#11674,.F.);
#11674 = EDGE_LOOP('',(#11675));
#11675 = ORIENTED_EDGE('',*,*,#11676,.T.);
#11676 = EDGE_CURVE('',#11677,#11677,#11679,.T.);
#11677 = VERTEX_POINT('',#11678);
#11678 = CARTESIAN_POINT('',(106.,-151.5,0.));
#11679 = CIRCLE('',#11680,0.5);
#11680 = AXIS2_PLACEMENT_3D('',#11681,#11682,#11683);
#11681 = CARTESIAN_POINT('',(106.,-151.,0.));
#11682 = DIRECTION('',(-0.,0.,-1.));
#11683 = DIRECTION('',(-0.,-1.,0.));
#11684 = FACE_BOUND('',#11685,.F.);
#11685 = EDGE_LOOP('',(#11686));
#11686 = ORIENTED_EDGE('',*,*,#11687,.T.);
#11687 = EDGE_CURVE('',#11688,#11688,#11690,.T.);
#11688 = VERTEX_POINT('',#11689);
#11689 = CARTESIAN_POINT('',(99.5,-146.495,0.));
#11690 = CIRCLE('',#11691,0.495);
#11691 = AXIS2_PLACEMENT_3D('',#11692,#11693,#11694);
#11692 = CARTESIAN_POINT('',(99.5,-146.,0.));
#11693 = DIRECTION('',(-0.,0.,-1.));
#11694 = DIRECTION('',(-0.,-1.,0.));
#11695 = FACE_BOUND('',#11696,.F.);
#11696 = EDGE_LOOP('',(#11697));
#11697 = ORIENTED_EDGE('',*,*,#11698,.T.);
#11698 = EDGE_CURVE('',#11699,#11699,#11701,.T.);
#11699 = VERTEX_POINT('',#11700);
#11700 = CARTESIAN_POINT('',(99.5,-141.995,0.));
#11701 = CIRCLE('',#11702,0.495);
#11702 = AXIS2_PLACEMENT_3D('',#11703,#11704,#11705);
#11703 = CARTESIAN_POINT('',(99.5,-141.5,0.));
#11704 = DIRECTION('',(-0.,0.,-1.));
#11705 = DIRECTION('',(-0.,-1.,0.));
#11706 = FACE_BOUND('',#11707,.F.);
#11707 = EDGE_LOOP('',(#11708));
#11708 = ORIENTED_EDGE('',*,*,#11709,.T.);
#11709 = EDGE_CURVE('',#11710,#11710,#11712,.T.);
#11710 = VERTEX_POINT('',#11711);
#11711 = CARTESIAN_POINT('',(113.38,-144.05,0.));
#11712 = CIRCLE('',#11713,0.66);
#11713 = AXIS2_PLACEMENT_3D('',#11714,#11715,#11716);
#11714 = CARTESIAN_POINT('',(113.38,-143.39,0.));
#11715 = DIRECTION('',(-0.,0.,-1.));
#11716 = DIRECTION('',(-0.,-1.,0.));
#11717 = FACE_BOUND('',#11718,.F.);
#11718 = EDGE_LOOP('',(#11719));
#11719 = ORIENTED_EDGE('',*,*,#11720,.F.);
#11720 = EDGE_CURVE('',#11721,#11721,#11723,.T.);
#11721 = VERTEX_POINT('',#11722);
#11722 = CARTESIAN_POINT('',(98.05,-135.,0.));
#11723 = CIRCLE('',#11724,1.55);
#11724 = AXIS2_PLACEMENT_3D('',#11725,#11726,#11727);
#11725 = CARTESIAN_POINT('',(96.5,-135.,0.));
#11726 = DIRECTION('',(0.,0.,1.));
#11727 = DIRECTION('',(1.,0.,-0.));
#11728 = FACE_BOUND('',#11729,.F.);
#11729 = EDGE_LOOP('',(#11730));
#11730 = ORIENTED_EDGE('',*,*,#11731,.F.);
#11731 = EDGE_CURVE('',#11732,#11732,#11734,.T.);
#11732 = VERTEX_POINT('',#11733);
#11733 = CARTESIAN_POINT('',(106.05,-135.,0.));
#11734 = CIRCLE('',#11735,1.55);
#11735 = AXIS2_PLACEMENT_3D('',#11736,#11737,#11738);
#11736 = CARTESIAN_POINT('',(104.5,-135.,0.));
#11737 = DIRECTION('',(0.,0.,1.));
#11738 = DIRECTION('',(1.,0.,-0.));
#11739 = FACE_BOUND('',#11740,.F.);
#11740 = EDGE_LOOP('',(#11741));
#11741 = ORIENTED_EDGE('',*,*,#11742,.T.);
#11742 = EDGE_CURVE('',#11743,#11743,#11745,.T.);
#11743 = VERTEX_POINT('',#11744);
#11744 = CARTESIAN_POINT('',(113.38,-141.51,0.));
#11745 = CIRCLE('',#11746,0.66);
#11746 = AXIS2_PLACEMENT_3D('',#11747,#11748,#11749);
#11747 = CARTESIAN_POINT('',(113.38,-140.85,0.));
#11748 = DIRECTION('',(-0.,0.,-1.));
#11749 = DIRECTION('',(-0.,-1.,0.));
#11750 = FACE_BOUND('',#11751,.F.);
#11751 = EDGE_LOOP('',(#11752));
#11752 = ORIENTED_EDGE('',*,*,#11753,.T.);
#11753 = EDGE_CURVE('',#11754,#11754,#11756,.T.);
#11754 = VERTEX_POINT('',#11755);
#11755 = CARTESIAN_POINT('',(113.38,-138.97,0.));
#11756 = CIRCLE('',#11757,0.66);
#11757 = AXIS2_PLACEMENT_3D('',#11758,#11759,#11760);
#11758 = CARTESIAN_POINT('',(113.38,-138.31,0.));
#11759 = DIRECTION('',(-0.,0.,-1.));
#11760 = DIRECTION('',(-0.,-1.,0.));
#11761 = FACE_BOUND('',#11762,.F.);
#11762 = EDGE_LOOP('',(#11763));
#11763 = ORIENTED_EDGE('',*,*,#11764,.T.);
#11764 = EDGE_CURVE('',#11765,#11765,#11767,.T.);
#11765 = VERTEX_POINT('',#11766);
#11766 = CARTESIAN_POINT('',(113.38,-136.43,0.));
#11767 = CIRCLE('',#11768,0.66);
#11768 = AXIS2_PLACEMENT_3D('',#11769,#11770,#11771);
#11769 = CARTESIAN_POINT('',(113.38,-135.77,0.));
#11770 = DIRECTION('',(-0.,0.,-1.));
#11771 = DIRECTION('',(-0.,-1.,0.));
#11772 = FACE_BOUND('',#11773,.F.);
#11773 = EDGE_LOOP('',(#11774));
#11774 = ORIENTED_EDGE('',*,*,#11775,.T.);
#11775 = EDGE_CURVE('',#11776,#11776,#11778,.T.);
#11776 = VERTEX_POINT('',#11777);
#11777 = CARTESIAN_POINT('',(113.38,-133.89,0.));
#11778 = CIRCLE('',#11779,0.66);
#11779 = AXIS2_PLACEMENT_3D('',#11780,#11781,#11782);
#11780 = CARTESIAN_POINT('',(113.38,-133.23,0.));
#11781 = DIRECTION('',(-0.,0.,-1.));
#11782 = DIRECTION('',(-0.,-1.,0.));
#11783 = FACE_BOUND('',#11784,.F.);
#11784 = EDGE_LOOP('',(#11785));
#11785 = ORIENTED_EDGE('',*,*,#11786,.T.);
#11786 = EDGE_CURVE('',#11787,#11787,#11789,.T.);
#11787 = VERTEX_POINT('',#11788);
#11788 = CARTESIAN_POINT('',(113.38,-131.35,0.));
#11789 = CIRCLE('',#11790,0.66);
#11790 = AXIS2_PLACEMENT_3D('',#11791,#11792,#11793);
#11791 = CARTESIAN_POINT('',(113.38,-130.69,0.));
#11792 = DIRECTION('',(-0.,0.,-1.));
#11793 = DIRECTION('',(-0.,-1.,0.));
#11794 = FACE_BOUND('',#11795,.F.);
#11795 = EDGE_LOOP('',(#11796));
#11796 = ORIENTED_EDGE('',*,*,#11797,.T.);
#11797 = EDGE_CURVE('',#11798,#11798,#11800,.T.);
#11798 = VERTEX_POINT('',#11799);
#11799 = CARTESIAN_POINT('',(113.38,-128.81,0.));
#11800 = CIRCLE('',#11801,0.66);
#11801 = AXIS2_PLACEMENT_3D('',#11802,#11803,#11804);
#11802 = CARTESIAN_POINT('',(113.38,-128.15,0.));
#11803 = DIRECTION('',(-0.,0.,-1.));
#11804 = DIRECTION('',(-0.,-1.,0.));
#11805 = FACE_BOUND('',#11806,.F.);
#11806 = EDGE_LOOP('',(#11807));
#11807 = ORIENTED_EDGE('',*,*,#11808,.T.);
#11808 = EDGE_CURVE('',#11809,#11809,#11811,.T.);
#11809 = VERTEX_POINT('',#11810);
#11810 = CARTESIAN_POINT('',(93.5,-104.875,0.));
#11811 = CIRCLE('',#11812,0.375);
#11812 = AXIS2_PLACEMENT_3D('',#11813,#11814,#11815);
#11813 = CARTESIAN_POINT('',(93.5,-104.5,0.));
#11814 = DIRECTION('',(-0.,0.,-1.));
#11815 = DIRECTION('',(-0.,-1.,0.));
#11816 = FACE_BOUND('',#11817,.F.);
#11817 = EDGE_LOOP('',(#11818));
#11818 = ORIENTED_EDGE('',*,*,#11819,.T.);
#11819 = EDGE_CURVE('',#11820,#11820,#11822,.T.);
#11820 = VERTEX_POINT('',#11821);
#11821 = CARTESIAN_POINT('',(93.5,-102.875,0.));
#11822 = CIRCLE('',#11823,0.375);
#11823 = AXIS2_PLACEMENT_3D('',#11824,#11825,#11826);
#11824 = CARTESIAN_POINT('',(93.5,-102.5,0.));
#11825 = DIRECTION('',(-0.,0.,-1.));
#11826 = DIRECTION('',(-0.,-1.,0.));
#11827 = FACE_BOUND('',#11828,.F.);
#11828 = EDGE_LOOP('',(#11829));
#11829 = ORIENTED_EDGE('',*,*,#11830,.T.);
#11830 = EDGE_CURVE('',#11831,#11831,#11833,.T.);
#11831 = VERTEX_POINT('',#11832);
#11832 = CARTESIAN_POINT('',(113.38,-126.27,0.));
#11833 = CIRCLE('',#11834,0.66);
#11834 = AXIS2_PLACEMENT_3D('',#11835,#11836,#11837);
#11835 = CARTESIAN_POINT('',(113.38,-125.61,0.));
#11836 = DIRECTION('',(-0.,0.,-1.));
#11837 = DIRECTION('',(-0.,-1.,0.));
#11838 = FACE_BOUND('',#11839,.F.);
#11839 = EDGE_LOOP('',(#11840));
#11840 = ORIENTED_EDGE('',*,*,#11841,.T.);
#11841 = EDGE_CURVE('',#11842,#11842,#11844,.T.);
#11842 = VERTEX_POINT('',#11843);
#11843 = CARTESIAN_POINT('',(112.88,-117.02,0.));
#11844 = CIRCLE('',#11845,0.51);
#11845 = AXIS2_PLACEMENT_3D('',#11846,#11847,#11848);
#11846 = CARTESIAN_POINT('',(112.88,-116.51,0.));
#11847 = DIRECTION('',(-0.,0.,-1.));
#11848 = DIRECTION('',(-0.,-1.,0.));
#11849 = FACE_BOUND('',#11850,.F.);
#11850 = EDGE_LOOP('',(#11851));
#11851 = ORIENTED_EDGE('',*,*,#11852,.T.);
#11852 = EDGE_CURVE('',#11853,#11853,#11855,.T.);
#11853 = VERTEX_POINT('',#11854);
#11854 = CARTESIAN_POINT('',(115.42,-117.02,0.));
#11855 = CIRCLE('',#11856,0.51);
#11856 = AXIS2_PLACEMENT_3D('',#11857,#11858,#11859);
#11857 = CARTESIAN_POINT('',(115.42,-116.51,0.));
#11858 = DIRECTION('',(-0.,0.,-1.));
#11859 = DIRECTION('',(-0.,-1.,0.));
#11860 = FACE_BOUND('',#11861,.F.);
#11861 = EDGE_LOOP('',(#11862));
#11862 = ORIENTED_EDGE('',*,*,#11863,.T.);
#11863 = EDGE_CURVE('',#11864,#11864,#11866,.T.);
#11864 = VERTEX_POINT('',#11865);
#11865 = CARTESIAN_POINT('',(117.96,-117.02,0.));
#11866 = CIRCLE('',#11867,0.51);
#11867 = AXIS2_PLACEMENT_3D('',#11868,#11869,#11870);
#11868 = CARTESIAN_POINT('',(117.96,-116.51,0.));
#11869 = DIRECTION('',(-0.,0.,-1.));
#11870 = DIRECTION('',(-2.78644210102E-14,-1.,0.));
#11871 = FACE_BOUND('',#11872,.F.);
#11872 = EDGE_LOOP('',(#11873));
#11873 = ORIENTED_EDGE('',*,*,#11874,.F.);
#11874 = EDGE_CURVE('',#11875,#11875,#11877,.T.);
#11875 = VERTEX_POINT('',#11876);
#11876 = CARTESIAN_POINT('',(98.05,-111.,0.));
#11877 = CIRCLE('',#11878,1.55);
#11878 = AXIS2_PLACEMENT_3D('',#11879,#11880,#11881);
#11879 = CARTESIAN_POINT('',(96.5,-111.,0.));
#11880 = DIRECTION('',(0.,0.,1.));
#11881 = DIRECTION('',(1.,0.,-0.));
#11882 = FACE_BOUND('',#11883,.F.);
#11883 = EDGE_LOOP('',(#11884));
#11884 = ORIENTED_EDGE('',*,*,#11885,.F.);
#11885 = EDGE_CURVE('',#11886,#11886,#11888,.T.);
#11886 = VERTEX_POINT('',#11887);
#11887 = CARTESIAN_POINT('',(106.05,-111.,0.));
#11888 = CIRCLE('',#11889,1.55);
#11889 = AXIS2_PLACEMENT_3D('',#11890,#11891,#11892);
#11890 = CARTESIAN_POINT('',(104.5,-111.,0.));
#11891 = DIRECTION('',(0.,0.,1.));
#11892 = DIRECTION('',(1.,0.,-0.));
#11893 = FACE_BOUND('',#11894,.F.);
#11894 = EDGE_LOOP('',(#11895));
#11895 = ORIENTED_EDGE('',*,*,#11896,.T.);
#11896 = EDGE_CURVE('',#11897,#11897,#11899,.T.);
#11897 = VERTEX_POINT('',#11898);
#11898 = CARTESIAN_POINT('',(101.,-101.375,0.));
#11899 = CIRCLE('',#11900,0.375);
#11900 = AXIS2_PLACEMENT_3D('',#11901,#11902,#11903);
#11901 = CARTESIAN_POINT('',(101.,-101.,0.));
#11902 = DIRECTION('',(-0.,0.,-1.));
#11903 = DIRECTION('',(-0.,-1.,0.));
#11904 = FACE_BOUND('',#11905,.F.);
#11905 = EDGE_LOOP('',(#11906));
#11906 = ORIENTED_EDGE('',*,*,#11907,.T.);
#11907 = EDGE_CURVE('',#11908,#11908,#11910,.T.);
#11908 = VERTEX_POINT('',#11909);
#11909 = CARTESIAN_POINT('',(103.5,-101.375,0.));
#11910 = CIRCLE('',#11911,0.375);
#11911 = AXIS2_PLACEMENT_3D('',#11912,#11913,#11914);
#11912 = CARTESIAN_POINT('',(103.5,-101.,0.));
#11913 = DIRECTION('',(-0.,0.,-1.));
#11914 = DIRECTION('',(-0.,-1.,0.));
#11915 = FACE_BOUND('',#11916,.F.);
#11916 = EDGE_LOOP('',(#11917));
#11917 = ORIENTED_EDGE('',*,*,#11918,.T.);
#11918 = EDGE_CURVE('',#11919,#11919,#11921,.T.);
#11919 = VERTEX_POINT('',#11920);
#11920 = CARTESIAN_POINT('',(112.88,-114.48,0.));
#11921 = CIRCLE('',#11922,0.51);
#11922 = AXIS2_PLACEMENT_3D('',#11923,#11924,#11925);
#11923 = CARTESIAN_POINT('',(112.88,-113.97,0.));
#11924 = DIRECTION('',(-0.,0.,-1.));
#11925 = DIRECTION('',(-0.,-1.,0.));
#11926 = FACE_BOUND('',#11927,.F.);
#11927 = EDGE_LOOP('',(#11928));
#11928 = ORIENTED_EDGE('',*,*,#11929,.T.);
#11929 = EDGE_CURVE('',#11930,#11930,#11932,.T.);
#11930 = VERTEX_POINT('',#11931);
#11931 = CARTESIAN_POINT('',(112.88,-111.94,0.));
#11932 = CIRCLE('',#11933,0.51);
#11933 = AXIS2_PLACEMENT_3D('',#11934,#11935,#11936);
#11934 = CARTESIAN_POINT('',(112.88,-111.43,0.));
#11935 = DIRECTION('',(-0.,0.,-1.));
#11936 = DIRECTION('',(-0.,-1.,0.));
#11937 = FACE_BOUND('',#11938,.F.);
#11938 = EDGE_LOOP('',(#11939));
#11939 = ORIENTED_EDGE('',*,*,#11940,.T.);
#11940 = EDGE_CURVE('',#11941,#11941,#11943,.T.);
#11941 = VERTEX_POINT('',#11942);
#11942 = CARTESIAN_POINT('',(112.88,-109.4,0.));
#11943 = CIRCLE('',#11944,0.51);
#11944 = AXIS2_PLACEMENT_3D('',#11945,#11946,#11947);
#11945 = CARTESIAN_POINT('',(112.88,-108.89,0.));
#11946 = DIRECTION('',(-0.,0.,-1.));
#11947 = DIRECTION('',(-0.,-1.,0.));
#11948 = FACE_BOUND('',#11949,.F.);
#11949 = EDGE_LOOP('',(#11950));
#11950 = ORIENTED_EDGE('',*,*,#11951,.T.);
#11951 = EDGE_CURVE('',#11952,#11952,#11954,.T.);
#11952 = VERTEX_POINT('',#11953);
#11953 = CARTESIAN_POINT('',(112.88,-106.86,0.));
#11954 = CIRCLE('',#11955,0.51);
#11955 = AXIS2_PLACEMENT_3D('',#11956,#11957,#11958);
#11956 = CARTESIAN_POINT('',(112.88,-106.35,0.));
#11957 = DIRECTION('',(-0.,0.,-1.));
#11958 = DIRECTION('',(-0.,-1.,0.));
#11959 = FACE_BOUND('',#11960,.F.);
#11960 = EDGE_LOOP('',(#11961));
#11961 = ORIENTED_EDGE('',*,*,#11962,.T.);
#11962 = EDGE_CURVE('',#11963,#11963,#11965,.T.);
#11963 = VERTEX_POINT('',#11964);
#11964 = CARTESIAN_POINT('',(112.88,-104.32,0.));
#11965 = CIRCLE('',#11966,0.51);
#11966 = AXIS2_PLACEMENT_3D('',#11967,#11968,#11969);
#11967 = CARTESIAN_POINT('',(112.88,-103.81,0.));
#11968 = DIRECTION('',(-0.,0.,-1.));
#11969 = DIRECTION('',(-0.,-1.,0.));
#11970 = FACE_BOUND('',#11971,.F.);
#11971 = EDGE_LOOP('',(#11972));
#11972 = ORIENTED_EDGE('',*,*,#11973,.T.);
#11973 = EDGE_CURVE('',#11974,#11974,#11976,.T.);
#11974 = VERTEX_POINT('',#11975);
#11975 = CARTESIAN_POINT('',(112.88,-101.78,0.));
#11976 = CIRCLE('',#11977,0.51);
#11977 = AXIS2_PLACEMENT_3D('',#11978,#11979,#11980);
#11978 = CARTESIAN_POINT('',(112.88,-101.27,0.));
#11979 = DIRECTION('',(-0.,0.,-1.));
#11980 = DIRECTION('',(-0.,-1.,0.));
#11981 = FACE_BOUND('',#11982,.F.);
#11982 = EDGE_LOOP('',(#11983,#11993,#12001,#12009));
#11983 = ORIENTED_EDGE('',*,*,#11984,.F.);
#11984 = EDGE_CURVE('',#11985,#11987,#11989,.T.);
#11985 = VERTEX_POINT('',#11986);
#11986 = CARTESIAN_POINT('',(111.,-153.5,0.));
#11987 = VERTEX_POINT('',#11988);
#11988 = CARTESIAN_POINT('',(132.,-153.5,0.));
#11989 = LINE('',#11990,#11991);
#11990 = CARTESIAN_POINT('',(111.,-153.5,0.));
#11991 = VECTOR('',#11992,1.);
#11992 = DIRECTION('',(1.,0.,0.));
#11993 = ORIENTED_EDGE('',*,*,#11994,.F.);
#11994 = EDGE_CURVE('',#11995,#11985,#11997,.T.);
#11995 = VERTEX_POINT('',#11996);
#11996 = CARTESIAN_POINT('',(111.,-150.,0.));
#11997 = LINE('',#11998,#11999);
#11998 = CARTESIAN_POINT('',(111.,-150.,0.));
#11999 = VECTOR('',#12000,1.);
#12000 = DIRECTION('',(0.,-1.,0.));
#12001 = ORIENTED_EDGE('',*,*,#12002,.F.);
#12002 = EDGE_CURVE('',#12003,#11995,#12005,.T.);
#12003 = VERTEX_POINT('',#12004);
#12004 = CARTESIAN_POINT('',(132.,-150.,0.));
#12005 = LINE('',#12006,#12007);
#12006 = CARTESIAN_POINT('',(132.,-150.,0.));
#12007 = VECTOR('',#12008,1.);
#12008 = DIRECTION('',(-1.,0.,0.));
#12009 = ORIENTED_EDGE('',*,*,#12010,.F.);
#12010 = EDGE_CURVE('',#11987,#12003,#12011,.T.);
#12011 = LINE('',#12012,#12013);
#12012 = CARTESIAN_POINT('',(132.,-153.5,0.));
#12013 = VECTOR('',#12014,1.);
#12014 = DIRECTION('',(0.,1.,0.));
#12015 = FACE_BOUND('',#12016,.F.);
#12016 = EDGE_LOOP('',(#12017));
#12017 = ORIENTED_EDGE('',*,*,#12018,.T.);
#12018 = EDGE_CURVE('',#12019,#12019,#12021,.T.);
#12019 = VERTEX_POINT('',#12020);
#12020 = CARTESIAN_POINT('',(128.62,-144.05,0.));
#12021 = CIRCLE('',#12022,0.66);
#12022 = AXIS2_PLACEMENT_3D('',#12023,#12024,#12025);
#12023 = CARTESIAN_POINT('',(128.62,-143.39,0.));
#12024 = DIRECTION('',(-0.,0.,-1.));
#12025 = DIRECTION('',(-0.,-1.,0.));
#12026 = FACE_BOUND('',#12027,.F.);
#12027 = EDGE_LOOP('',(#12028));
#12028 = ORIENTED_EDGE('',*,*,#12029,.T.);
#12029 = EDGE_CURVE('',#12030,#12030,#12032,.T.);
#12030 = VERTEX_POINT('',#12031);
#12031 = CARTESIAN_POINT('',(139.25,-148.745,0.));
#12032 = CIRCLE('',#12033,0.495);
#12033 = AXIS2_PLACEMENT_3D('',#12034,#12035,#12036);
#12034 = CARTESIAN_POINT('',(139.25,-148.25,0.));
#12035 = DIRECTION('',(-0.,0.,-1.));
#12036 = DIRECTION('',(-0.,-1.,0.));
#12037 = FACE_BOUND('',#12038,.F.);
#12038 = EDGE_LOOP('',(#12039));
#12039 = ORIENTED_EDGE('',*,*,#12040,.T.);
#12040 = EDGE_CURVE('',#12041,#12041,#12043,.T.);
#12041 = VERTEX_POINT('',#12042);
#12042 = CARTESIAN_POINT('',(143.75,-148.745,0.));
#12043 = CIRCLE('',#12044,0.495);
#12044 = AXIS2_PLACEMENT_3D('',#12045,#12046,#12047);
#12045 = CARTESIAN_POINT('',(143.75,-148.25,0.));
#12046 = DIRECTION('',(-0.,0.,-1.));
#12047 = DIRECTION('',(-0.,-1.,0.));
#12048 = FACE_BOUND('',#12049,.F.);
#12049 = EDGE_LOOP('',(#12050));
#12050 = ORIENTED_EDGE('',*,*,#12051,.T.);
#12051 = EDGE_CURVE('',#12052,#12052,#12054,.T.);
#12052 = VERTEX_POINT('',#12053);
#12053 = CARTESIAN_POINT('',(139.25,-142.245,0.));
#12054 = CIRCLE('',#12055,0.495);
#12055 = AXIS2_PLACEMENT_3D('',#12056,#12057,#12058);
#12056 = CARTESIAN_POINT('',(139.25,-141.75,0.));
#12057 = DIRECTION('',(-0.,0.,-1.));
#12058 = DIRECTION('',(-0.,-1.,0.));
#12059 = FACE_BOUND('',#12060,.F.);
#12060 = EDGE_LOOP('',(#12061));
#12061 = ORIENTED_EDGE('',*,*,#12062,.T.);
#12062 = EDGE_CURVE('',#12063,#12063,#12065,.T.);
#12063 = VERTEX_POINT('',#12064);
#12064 = CARTESIAN_POINT('',(143.75,-142.245,0.));
#12065 = CIRCLE('',#12066,0.495);
#12066 = AXIS2_PLACEMENT_3D('',#12067,#12068,#12069);
#12067 = CARTESIAN_POINT('',(143.75,-141.75,0.));
#12068 = DIRECTION('',(-0.,0.,-1.));
#12069 = DIRECTION('',(-0.,-1.,0.));
#12070 = FACE_BOUND('',#12071,.F.);
#12071 = EDGE_LOOP('',(#12072));
#12072 = ORIENTED_EDGE('',*,*,#12073,.T.);
#12073 = EDGE_CURVE('',#12074,#12074,#12076,.T.);
#12074 = VERTEX_POINT('',#12075);
#12075 = CARTESIAN_POINT('',(128.62,-141.51,0.));
#12076 = CIRCLE('',#12077,0.66);
#12077 = AXIS2_PLACEMENT_3D('',#12078,#12079,#12080);
#12078 = CARTESIAN_POINT('',(128.62,-140.85,0.));
#12079 = DIRECTION('',(-0.,0.,-1.));
#12080 = DIRECTION('',(-0.,-1.,0.));
#12081 = FACE_BOUND('',#12082,.F.);
#12082 = EDGE_LOOP('',(#12083));
#12083 = ORIENTED_EDGE('',*,*,#12084,.T.);
#12084 = EDGE_CURVE('',#12085,#12085,#12087,.T.);
#12085 = VERTEX_POINT('',#12086);
#12086 = CARTESIAN_POINT('',(128.62,-138.97,0.));
#12087 = CIRCLE('',#12088,0.66);
#12088 = AXIS2_PLACEMENT_3D('',#12089,#12090,#12091);
#12089 = CARTESIAN_POINT('',(128.62,-138.31,0.));
#12090 = DIRECTION('',(-0.,0.,-1.));
#12091 = DIRECTION('',(-0.,-1.,0.));
#12092 = FACE_BOUND('',#12093,.F.);
#12093 = EDGE_LOOP('',(#12094));
#12094 = ORIENTED_EDGE('',*,*,#12095,.T.);
#12095 = EDGE_CURVE('',#12096,#12096,#12098,.T.);
#12096 = VERTEX_POINT('',#12097);
#12097 = CARTESIAN_POINT('',(128.62,-136.43,0.));
#12098 = CIRCLE('',#12099,0.66);
#12099 = AXIS2_PLACEMENT_3D('',#12100,#12101,#12102);
#12100 = CARTESIAN_POINT('',(128.62,-135.77,0.));
#12101 = DIRECTION('',(-0.,0.,-1.));
#12102 = DIRECTION('',(-0.,-1.,0.));
#12103 = FACE_BOUND('',#12104,.F.);
#12104 = EDGE_LOOP('',(#12105));
#12105 = ORIENTED_EDGE('',*,*,#12106,.T.);
#12106 = EDGE_CURVE('',#12107,#12107,#12109,.T.);
#12107 = VERTEX_POINT('',#12108);
#12108 = CARTESIAN_POINT('',(128.62,-133.89,0.));
#12109 = CIRCLE('',#12110,0.66);
#12110 = AXIS2_PLACEMENT_3D('',#12111,#12112,#12113);
#12111 = CARTESIAN_POINT('',(128.62,-133.23,0.));
#12112 = DIRECTION('',(-0.,0.,-1.));
#12113 = DIRECTION('',(-0.,-1.,0.));
#12114 = FACE_BOUND('',#12115,.F.);
#12115 = EDGE_LOOP('',(#12116));
#12116 = ORIENTED_EDGE('',*,*,#12117,.T.);
#12117 = EDGE_CURVE('',#12118,#12118,#12120,.T.);
#12118 = VERTEX_POINT('',#12119);
#12119 = CARTESIAN_POINT('',(128.62,-131.35,0.));
#12120 = CIRCLE('',#12121,0.66);
#12121 = AXIS2_PLACEMENT_3D('',#12122,#12123,#12124);
#12122 = CARTESIAN_POINT('',(128.62,-130.69,0.));
#12123 = DIRECTION('',(-0.,0.,-1.));
#12124 = DIRECTION('',(-0.,-1.,0.));
#12125 = FACE_BOUND('',#12126,.F.);
#12126 = EDGE_LOOP('',(#12127));
#12127 = ORIENTED_EDGE('',*,*,#12128,.T.);
#12128 = EDGE_CURVE('',#12129,#12129,#12131,.T.);
#12129 = VERTEX_POINT('',#12130);
#12130 = CARTESIAN_POINT('',(128.62,-128.81,0.));
#12131 = CIRCLE('',#12132,0.66);
#12132 = AXIS2_PLACEMENT_3D('',#12133,#12134,#12135);
#12133 = CARTESIAN_POINT('',(128.62,-128.15,0.));
#12134 = DIRECTION('',(-0.,0.,-1.));
#12135 = DIRECTION('',(-0.,-1.,0.));
#12136 = FACE_BOUND('',#12137,.F.);
#12137 = EDGE_LOOP('',(#12138));
#12138 = ORIENTED_EDGE('',*,*,#12139,.F.);
#12139 = EDGE_CURVE('',#12140,#12140,#12142,.T.);
#12140 = VERTEX_POINT('',#12141);
#12141 = CARTESIAN_POINT('',(138.05,-135.,0.));
#12142 = CIRCLE('',#12143,1.55);
#12143 = AXIS2_PLACEMENT_3D('',#12144,#12145,#12146);
#12144 = CARTESIAN_POINT('',(136.5,-135.,0.));
#12145 = DIRECTION('',(0.,0.,1.));
#12146 = DIRECTION('',(1.,0.,-0.));
#12147 = FACE_BOUND('',#12148,.F.);
#12148 = EDGE_LOOP('',(#12149));
#12149 = ORIENTED_EDGE('',*,*,#12150,.F.);
#12150 = EDGE_CURVE('',#12151,#12151,#12153,.T.);
#12151 = VERTEX_POINT('',#12152);
#12152 = CARTESIAN_POINT('',(149.55,-152.5,0.));
#12153 = CIRCLE('',#12154,2.55);
#12154 = AXIS2_PLACEMENT_3D('',#12155,#12156,#12157);
#12155 = CARTESIAN_POINT('',(147.,-152.5,0.));
#12156 = DIRECTION('',(0.,0.,1.));
#12157 = DIRECTION('',(1.,0.,-0.));
#12158 = FACE_BOUND('',#12159,.F.);
#12159 = EDGE_LOOP('',(#12160));
#12160 = ORIENTED_EDGE('',*,*,#12161,.T.);
#12161 = EDGE_CURVE('',#12162,#12162,#12164,.T.);
#12162 = VERTEX_POINT('',#12163);
#12163 = CARTESIAN_POINT('',(162.165,-151.22,0.));
#12164 = CIRCLE('',#12165,0.45);
#12165 = AXIS2_PLACEMENT_3D('',#12166,#12167,#12168);
#12166 = CARTESIAN_POINT('',(162.165,-150.77,0.));
#12167 = DIRECTION('',(-0.,0.,-1.));
#12168 = DIRECTION('',(-6.315935428979E-14,-1.,0.));
#12169 = FACE_BOUND('',#12170,.F.);
#12170 = EDGE_LOOP('',(#12171));
#12171 = ORIENTED_EDGE('',*,*,#12172,.T.);
#12172 = EDGE_CURVE('',#12173,#12173,#12175,.T.);
#12173 = VERTEX_POINT('',#12174);
#12174 = CARTESIAN_POINT('',(162.165,-148.68,0.));
#12175 = CIRCLE('',#12176,0.45);
#12176 = AXIS2_PLACEMENT_3D('',#12177,#12178,#12179);
#12177 = CARTESIAN_POINT('',(162.165,-148.23,0.));
#12178 = DIRECTION('',(-0.,0.,-1.));
#12179 = DIRECTION('',(-6.315935428979E-14,-1.,0.));
#12180 = FACE_BOUND('',#12181,.F.);
#12181 = EDGE_LOOP('',(#12182));
#12182 = ORIENTED_EDGE('',*,*,#12183,.F.);
#12183 = EDGE_CURVE('',#12184,#12184,#12186,.T.);
#12184 = VERTEX_POINT('',#12185);
#12185 = CARTESIAN_POINT('',(146.05,-135.,0.));
#12186 = CIRCLE('',#12187,1.55);
#12187 = AXIS2_PLACEMENT_3D('',#12188,#12189,#12190);
#12188 = CARTESIAN_POINT('',(144.5,-135.,0.));
#12189 = DIRECTION('',(0.,0.,1.));
#12190 = DIRECTION('',(1.,0.,-0.));
#12191 = FACE_BOUND('',#12192,.F.);
#12192 = EDGE_LOOP('',(#12193));
#12193 = ORIENTED_EDGE('',*,*,#12194,.T.);
#12194 = EDGE_CURVE('',#12195,#12195,#12197,.T.);
#12195 = VERTEX_POINT('',#12196);
#12196 = CARTESIAN_POINT('',(128.62,-126.27,0.));
#12197 = CIRCLE('',#12198,0.66);
#12198 = AXIS2_PLACEMENT_3D('',#12199,#12200,#12201);
#12199 = CARTESIAN_POINT('',(128.62,-125.61,0.));
#12200 = DIRECTION('',(-0.,0.,-1.));
#12201 = DIRECTION('',(-0.,-1.,0.));
#12202 = FACE_BOUND('',#12203,.F.);
#12203 = EDGE_LOOP('',(#12204));
#12204 = ORIENTED_EDGE('',*,*,#12205,.T.);
#12205 = EDGE_CURVE('',#12206,#12206,#12208,.T.);
#12206 = VERTEX_POINT('',#12207);
#12207 = CARTESIAN_POINT('',(120.5,-117.02,0.));
#12208 = CIRCLE('',#12209,0.51);
#12209 = AXIS2_PLACEMENT_3D('',#12210,#12211,#12212);
#12210 = CARTESIAN_POINT('',(120.5,-116.51,0.));
#12211 = DIRECTION('',(-0.,0.,-1.));
#12212 = DIRECTION('',(-0.,-1.,0.));
#12213 = FACE_BOUND('',#12214,.F.);
#12214 = EDGE_LOOP('',(#12215));
#12215 = ORIENTED_EDGE('',*,*,#12216,.T.);
#12216 = EDGE_CURVE('',#12217,#12217,#12219,.T.);
#12217 = VERTEX_POINT('',#12218);
#12218 = CARTESIAN_POINT('',(123.04,-117.02,0.));
#12219 = CIRCLE('',#12220,0.51);
#12220 = AXIS2_PLACEMENT_3D('',#12221,#12222,#12223);
#12221 = CARTESIAN_POINT('',(123.04,-116.51,0.));
#12222 = DIRECTION('',(-0.,0.,-1.));
#12223 = DIRECTION('',(2.78644210102E-14,-1.,-0.));
#12224 = FACE_BOUND('',#12225,.F.);
#12225 = EDGE_LOOP('',(#12226));
#12226 = ORIENTED_EDGE('',*,*,#12227,.T.);
#12227 = EDGE_CURVE('',#12228,#12228,#12230,.T.);
#12228 = VERTEX_POINT('',#12229);
#12229 = CARTESIAN_POINT('',(125.58,-117.02,0.));
#12230 = CIRCLE('',#12231,0.51);
#12231 = AXIS2_PLACEMENT_3D('',#12232,#12233,#12234);
#12232 = CARTESIAN_POINT('',(125.58,-116.51,0.));
#12233 = DIRECTION('',(-0.,0.,-1.));
#12234 = DIRECTION('',(-0.,-1.,0.));
#12235 = FACE_BOUND('',#12236,.F.);
#12236 = EDGE_LOOP('',(#12237));
#12237 = ORIENTED_EDGE('',*,*,#12238,.T.);
#12238 = EDGE_CURVE('',#12239,#12239,#12241,.T.);
#12239 = VERTEX_POINT('',#12240);
#12240 = CARTESIAN_POINT('',(128.12,-117.02,0.));
#12241 = CIRCLE('',#12242,0.51);
#12242 = AXIS2_PLACEMENT_3D('',#12243,#12244,#12245);
#12243 = CARTESIAN_POINT('',(128.12,-116.51,0.));
#12244 = DIRECTION('',(-0.,0.,-1.));
#12245 = DIRECTION('',(-0.,-1.,0.));
#12246 = FACE_BOUND('',#12247,.F.);
#12247 = EDGE_LOOP('',(#12248));
#12248 = ORIENTED_EDGE('',*,*,#12249,.T.);
#12249 = EDGE_CURVE('',#12250,#12250,#12252,.T.);
#12250 = VERTEX_POINT('',#12251);
#12251 = CARTESIAN_POINT('',(128.12,-114.48,0.));
#12252 = CIRCLE('',#12253,0.51);
#12253 = AXIS2_PLACEMENT_3D('',#12254,#12255,#12256);
#12254 = CARTESIAN_POINT('',(128.12,-113.97,0.));
#12255 = DIRECTION('',(-0.,0.,-1.));
#12256 = DIRECTION('',(-0.,-1.,0.));
#12257 = FACE_BOUND('',#12258,.F.);
#12258 = EDGE_LOOP('',(#12259));
#12259 = ORIENTED_EDGE('',*,*,#12260,.T.);
#12260 = EDGE_CURVE('',#12261,#12261,#12263,.T.);
#12261 = VERTEX_POINT('',#12262);
#12262 = CARTESIAN_POINT('',(128.12,-111.94,0.));
#12263 = CIRCLE('',#12264,0.51);
#12264 = AXIS2_PLACEMENT_3D('',#12265,#12266,#12267);
#12265 = CARTESIAN_POINT('',(128.12,-111.43,0.));
#12266 = DIRECTION('',(-0.,0.,-1.));
#12267 = DIRECTION('',(-0.,-1.,0.));
#12268 = FACE_BOUND('',#12269,.F.);
#12269 = EDGE_LOOP('',(#12270));
#12270 = ORIENTED_EDGE('',*,*,#12271,.T.);
#12271 = EDGE_CURVE('',#12272,#12272,#12274,.T.);
#12272 = VERTEX_POINT('',#12273);
#12273 = CARTESIAN_POINT('',(128.12,-109.4,0.));
#12274 = CIRCLE('',#12275,0.51);
#12275 = AXIS2_PLACEMENT_3D('',#12276,#12277,#12278);
#12276 = CARTESIAN_POINT('',(128.12,-108.89,0.));
#12277 = DIRECTION('',(-0.,0.,-1.));
#12278 = DIRECTION('',(-0.,-1.,0.));
#12279 = FACE_BOUND('',#12280,.F.);
#12280 = EDGE_LOOP('',(#12281));
#12281 = ORIENTED_EDGE('',*,*,#12282,.T.);
#12282 = EDGE_CURVE('',#12283,#12283,#12285,.T.);
#12283 = VERTEX_POINT('',#12284);
#12284 = CARTESIAN_POINT('',(128.12,-106.86,0.));
#12285 = CIRCLE('',#12286,0.51);
#12286 = AXIS2_PLACEMENT_3D('',#12287,#12288,#12289);
#12287 = CARTESIAN_POINT('',(128.12,-106.35,0.));
#12288 = DIRECTION('',(-0.,0.,-1.));
#12289 = DIRECTION('',(-0.,-1.,0.));
#12290 = FACE_BOUND('',#12291,.F.);
#12291 = EDGE_LOOP('',(#12292));
#12292 = ORIENTED_EDGE('',*,*,#12293,.T.);
#12293 = EDGE_CURVE('',#12294,#12294,#12296,.T.);
#12294 = VERTEX_POINT('',#12295);
#12295 = CARTESIAN_POINT('',(128.12,-104.32,0.));
#12296 = CIRCLE('',#12297,0.51);
#12297 = AXIS2_PLACEMENT_3D('',#12298,#12299,#12300);
#12298 = CARTESIAN_POINT('',(128.12,-103.81,0.));
#12299 = DIRECTION('',(-0.,0.,-1.));
#12300 = DIRECTION('',(-0.,-1.,0.));
#12301 = FACE_BOUND('',#12302,.F.);
#12302 = EDGE_LOOP('',(#12303));
#12303 = ORIENTED_EDGE('',*,*,#12304,.T.);
#12304 = EDGE_CURVE('',#12305,#12305,#12307,.T.);
#12305 = VERTEX_POINT('',#12306);
#12306 = CARTESIAN_POINT('',(128.12,-101.78,0.));
#12307 = CIRCLE('',#12308,0.51);
#12308 = AXIS2_PLACEMENT_3D('',#12309,#12310,#12311);
#12309 = CARTESIAN_POINT('',(128.12,-101.27,0.));
#12310 = DIRECTION('',(-0.,0.,-1.));
#12311 = DIRECTION('',(-0.,-1.,0.));
#12312 = FACE_BOUND('',#12313,.F.);
#12313 = EDGE_LOOP('',(#12314));
#12314 = ORIENTED_EDGE('',*,*,#12315,.F.);
#12315 = EDGE_CURVE('',#12316,#12316,#12318,.T.);
#12316 = VERTEX_POINT('',#12317);
#12317 = CARTESIAN_POINT('',(138.05,-111.,0.));
#12318 = CIRCLE('',#12319,1.55);
#12319 = AXIS2_PLACEMENT_3D('',#12320,#12321,#12322);
#12320 = CARTESIAN_POINT('',(136.5,-111.,0.));
#12321 = DIRECTION('',(0.,0.,1.));
#12322 = DIRECTION('',(1.,0.,-0.));
#12323 = FACE_BOUND('',#12324,.F.);
#12324 = EDGE_LOOP('',(#12325));
#12325 = ORIENTED_EDGE('',*,*,#12326,.T.);
#12326 = EDGE_CURVE('',#12327,#12327,#12329,.T.);
#12327 = VERTEX_POINT('',#12328);
#12328 = CARTESIAN_POINT('',(136.,-101.375,0.));
#12329 = CIRCLE('',#12330,0.375);
#12330 = AXIS2_PLACEMENT_3D('',#12331,#12332,#12333);
#12331 = CARTESIAN_POINT('',(136.,-101.,0.));
#12332 = DIRECTION('',(-0.,0.,-1.));
#12333 = DIRECTION('',(-0.,-1.,0.));
#12334 = FACE_BOUND('',#12335,.F.);
#12335 = EDGE_LOOP('',(#12336));
#12336 = ORIENTED_EDGE('',*,*,#12337,.T.);
#12337 = EDGE_CURVE('',#12338,#12338,#12340,.T.);
#12338 = VERTEX_POINT('',#12339);
#12339 = CARTESIAN_POINT('',(138.5,-101.375,0.));
#12340 = CIRCLE('',#12341,0.375);
#12341 = AXIS2_PLACEMENT_3D('',#12342,#12343,#12344);
#12342 = CARTESIAN_POINT('',(138.5,-101.,0.));
#12343 = DIRECTION('',(-0.,0.,-1.));
#12344 = DIRECTION('',(-0.,-1.,0.));
#12345 = FACE_BOUND('',#12346,.F.);
#12346 = EDGE_LOOP('',(#12347));
#12347 = ORIENTED_EDGE('',*,*,#12348,.F.);
#12348 = EDGE_CURVE('',#12349,#12349,#12351,.T.);
#12349 = VERTEX_POINT('',#12350);
#12350 = CARTESIAN_POINT('',(146.05,-111.,0.));
#12351 = CIRCLE('',#12352,1.55);
#12352 = AXIS2_PLACEMENT_3D('',#12353,#12354,#12355);
#12353 = CARTESIAN_POINT('',(144.5,-111.,0.));
#12354 = DIRECTION('',(0.,0.,1.));
#12355 = DIRECTION('',(1.,0.,-0.));
#12356 = FACE_BOUND('',#12357,.F.);
#12357 = EDGE_LOOP('',(#12358));
#12358 = ORIENTED_EDGE('',*,*,#12359,.T.);
#12359 = EDGE_CURVE('',#12360,#12360,#12362,.T.);
#12360 = VERTEX_POINT('',#12361);
#12361 = CARTESIAN_POINT('',(147.,-104.875,0.));
#12362 = CIRCLE('',#12363,0.375);
#12363 = AXIS2_PLACEMENT_3D('',#12364,#12365,#12366);
#12364 = CARTESIAN_POINT('',(147.,-104.5,0.));
#12365 = DIRECTION('',(-0.,0.,-1.));
#12366 = DIRECTION('',(-0.,-1.,0.));
#12367 = FACE_BOUND('',#12368,.F.);
#12368 = EDGE_LOOP('',(#12369));
#12369 = ORIENTED_EDGE('',*,*,#12370,.T.);
#12370 = EDGE_CURVE('',#12371,#12371,#12373,.T.);
#12371 = VERTEX_POINT('',#12372);
#12372 = CARTESIAN_POINT('',(147.,-102.875,0.));
#12373 = CIRCLE('',#12374,0.375);
#12374 = AXIS2_PLACEMENT_3D('',#12375,#12376,#12377);
#12375 = CARTESIAN_POINT('',(147.,-102.5,0.));
#12376 = DIRECTION('',(-0.,0.,-1.));
#12377 = DIRECTION('',(-0.,-1.,0.));
#12378 = FACE_BOUND('',#12379,.F.);
#12379 = EDGE_LOOP('',(#12380));
#12380 = ORIENTED_EDGE('',*,*,#12381,.T.);
#12381 = EDGE_CURVE('',#12382,#12382,#12384,.T.);
#12382 = VERTEX_POINT('',#12383);
#12383 = CARTESIAN_POINT('',(78.,-95.5,0.));
#12384 = CIRCLE('',#12385,0.5);
#12385 = AXIS2_PLACEMENT_3D('',#12386,#12387,#12388);
#12386 = CARTESIAN_POINT('',(78.,-95.,0.));
#12387 = DIRECTION('',(-0.,0.,-1.));
#12388 = DIRECTION('',(-0.,-1.,0.));
#12389 = FACE_BOUND('',#12390,.F.);
#12390 = EDGE_LOOP('',(#12391));
#12391 = ORIENTED_EDGE('',*,*,#12392,.T.);
#12392 = EDGE_CURVE('',#12393,#12393,#12395,.T.);
#12393 = VERTEX_POINT('',#12394);
#12394 = CARTESIAN_POINT('',(74.28,-93.6,0.));
#12395 = CIRCLE('',#12396,0.5);
#12396 = AXIS2_PLACEMENT_3D('',#12397,#12398,#12399);
#12397 = CARTESIAN_POINT('',(74.28,-93.1,0.));
#12398 = DIRECTION('',(-0.,0.,-1.));
#12399 = DIRECTION('',(-0.,-1.,0.));
#12400 = FACE_BOUND('',#12401,.F.);
#12401 = EDGE_LOOP('',(#12402));
#12402 = ORIENTED_EDGE('',*,*,#12403,.T.);
#12403 = EDGE_CURVE('',#12404,#12404,#12406,.T.);
#12404 = VERTEX_POINT('',#12405);
#12405 = CARTESIAN_POINT('',(73.65,-91.6,0.));
#12406 = CIRCLE('',#12407,1.25);
#12407 = AXIS2_PLACEMENT_3D('',#12408,#12409,#12410);
#12408 = CARTESIAN_POINT('',(73.65,-90.35,0.));
#12409 = DIRECTION('',(-0.,0.,-1.));
#12410 = DIRECTION('',(-0.,-1.,0.));
#12411 = FACE_BOUND('',#12412,.F.);
#12412 = EDGE_LOOP('',(#12413));
#12413 = ORIENTED_EDGE('',*,*,#12414,.T.);
#12414 = EDGE_CURVE('',#12415,#12415,#12417,.T.);
#12415 = VERTEX_POINT('',#12416);
#12416 = CARTESIAN_POINT('',(76.82,-93.6,0.));
#12417 = CIRCLE('',#12418,0.5);
#12418 = AXIS2_PLACEMENT_3D('',#12419,#12420,#12421);
#12419 = CARTESIAN_POINT('',(76.82,-93.1,0.));
#12420 = DIRECTION('',(-0.,0.,-1.));
#12421 = DIRECTION('',(-0.,-1.,0.));
#12422 = FACE_BOUND('',#12423,.F.);
#12423 = EDGE_LOOP('',(#12424));
#12424 = ORIENTED_EDGE('',*,*,#12425,.T.);
#12425 = EDGE_CURVE('',#12426,#12426,#12428,.T.);
#12426 = VERTEX_POINT('',#12427);
#12427 = CARTESIAN_POINT('',(77.45,-91.6,0.));
#12428 = CIRCLE('',#12429,1.25);
#12429 = AXIS2_PLACEMENT_3D('',#12430,#12431,#12432);
#12430 = CARTESIAN_POINT('',(77.45,-90.35,0.));
#12431 = DIRECTION('',(-0.,0.,-1.));
#12432 = DIRECTION('',(-0.,-1.,0.));
#12433 = FACE_BOUND('',#12434,.F.);
#12434 = EDGE_LOOP('',(#12435));
#12435 = ORIENTED_EDGE('',*,*,#12436,.T.);
#12436 = EDGE_CURVE('',#12437,#12437,#12439,.T.);
#12437 = VERTEX_POINT('',#12438);
#12438 = CARTESIAN_POINT('',(74.28,-88.1,0.));
#12439 = CIRCLE('',#12440,0.5);
#12440 = AXIS2_PLACEMENT_3D('',#12441,#12442,#12443);
#12441 = CARTESIAN_POINT('',(74.28,-87.6,0.));
#12442 = DIRECTION('',(-0.,0.,-1.));
#12443 = DIRECTION('',(-0.,-1.,0.));
#12444 = FACE_BOUND('',#12445,.F.);
#12445 = EDGE_LOOP('',(#12446));
#12446 = ORIENTED_EDGE('',*,*,#12447,.T.);
#12447 = EDGE_CURVE('',#12448,#12448,#12450,.T.);
#12448 = VERTEX_POINT('',#12449);
#12449 = CARTESIAN_POINT('',(76.82,-88.1,0.));
#12450 = CIRCLE('',#12451,0.5);
#12451 = AXIS2_PLACEMENT_3D('',#12452,#12453,#12454);
#12452 = CARTESIAN_POINT('',(76.82,-87.6,0.));
#12453 = DIRECTION('',(-0.,0.,-1.));
#12454 = DIRECTION('',(-0.,-1.,0.));
#12455 = FACE_BOUND('',#12456,.F.);
#12456 = EDGE_LOOP('',(#12457));
#12457 = ORIENTED_EDGE('',*,*,#12458,.F.);
#12458 = EDGE_CURVE('',#12459,#12459,#12461,.T.);
#12459 = VERTEX_POINT('',#12460);
#12460 = CARTESIAN_POINT('',(86.55,-91.,0.));
#12461 = CIRCLE('',#12462,2.55);
#12462 = AXIS2_PLACEMENT_3D('',#12463,#12464,#12465);
#12463 = CARTESIAN_POINT('',(84.,-91.,0.));
#12464 = DIRECTION('',(0.,0.,1.));
#12465 = DIRECTION('',(1.,0.,-0.));
#12466 = FACE_BOUND('',#12467,.F.);
#12467 = EDGE_LOOP('',(#12468));
#12468 = ORIENTED_EDGE('',*,*,#12469,.T.);
#12469 = EDGE_CURVE('',#12470,#12470,#12472,.T.);
#12470 = VERTEX_POINT('',#12471);
#12471 = CARTESIAN_POINT('',(95.81,-77.375,0.));
#12472 = CIRCLE('',#12473,0.375);
#12473 = AXIS2_PLACEMENT_3D('',#12474,#12475,#12476);
#12474 = CARTESIAN_POINT('',(95.81,-77.,0.));
#12475 = DIRECTION('',(-0.,0.,-1.));
#12476 = DIRECTION('',(-0.,-1.,0.));
#12477 = FACE_BOUND('',#12478,.F.);
#12478 = EDGE_LOOP('',(#12479));
#12479 = ORIENTED_EDGE('',*,*,#12480,.T.);
#12480 = EDGE_CURVE('',#12481,#12481,#12483,.T.);
#12481 = VERTEX_POINT('',#12482);
#12482 = CARTESIAN_POINT('',(95.81,-74.875,0.));
#12483 = CIRCLE('',#12484,0.375);
#12484 = AXIS2_PLACEMENT_3D('',#12485,#12486,#12487);
#12485 = CARTESIAN_POINT('',(95.81,-74.5,0.));
#12486 = DIRECTION('',(-0.,0.,-1.));
#12487 = DIRECTION('',(-0.,-1.,0.));
#12488 = FACE_BOUND('',#12489,.F.);
#12489 = EDGE_LOOP('',(#12490));
#12490 = ORIENTED_EDGE('',*,*,#12491,.T.);
#12491 = EDGE_CURVE('',#12492,#12492,#12494,.T.);
#12492 = VERTEX_POINT('',#12493);
#12493 = CARTESIAN_POINT('',(101.,-89.375,0.));
#12494 = CIRCLE('',#12495,0.375);
#12495 = AXIS2_PLACEMENT_3D('',#12496,#12497,#12498);
#12496 = CARTESIAN_POINT('',(101.,-89.,0.));
#12497 = DIRECTION('',(-0.,0.,-1.));
#12498 = DIRECTION('',(-0.,-1.,0.));
#12499 = FACE_BOUND('',#12500,.F.);
#12500 = EDGE_LOOP('',(#12501));
#12501 = ORIENTED_EDGE('',*,*,#12502,.T.);
#12502 = EDGE_CURVE('',#12503,#12503,#12505,.T.);
#12503 = VERTEX_POINT('',#12504);
#12504 = CARTESIAN_POINT('',(103.5,-89.375,0.));
#12505 = CIRCLE('',#12506,0.375);
#12506 = AXIS2_PLACEMENT_3D('',#12507,#12508,#12509);
#12507 = CARTESIAN_POINT('',(103.5,-89.,0.));
#12508 = DIRECTION('',(-0.,0.,-1.));
#12509 = DIRECTION('',(-0.,-1.,0.));
#12510 = FACE_BOUND('',#12511,.F.);
#12511 = EDGE_LOOP('',(#12512));
#12512 = ORIENTED_EDGE('',*,*,#12513,.T.);
#12513 = EDGE_CURVE('',#12514,#12514,#12516,.T.);
#12514 = VERTEX_POINT('',#12515);
#12515 = CARTESIAN_POINT('',(112.88,-99.24,0.));
#12516 = CIRCLE('',#12517,0.51);
#12517 = AXIS2_PLACEMENT_3D('',#12518,#12519,#12520);
#12518 = CARTESIAN_POINT('',(112.88,-98.73,0.));
#12519 = DIRECTION('',(-0.,0.,-1.));
#12520 = DIRECTION('',(-0.,-1.,0.));
#12521 = FACE_BOUND('',#12522,.F.);
#12522 = EDGE_LOOP('',(#12523));
#12523 = ORIENTED_EDGE('',*,*,#12524,.T.);
#12524 = EDGE_CURVE('',#12525,#12525,#12527,.T.);
#12525 = VERTEX_POINT('',#12526);
#12526 = CARTESIAN_POINT('',(112.88,-96.7,0.));
#12527 = CIRCLE('',#12528,0.51);
#12528 = AXIS2_PLACEMENT_3D('',#12529,#12530,#12531);
#12529 = CARTESIAN_POINT('',(112.88,-96.19,0.));
#12530 = DIRECTION('',(-0.,0.,-1.));
#12531 = DIRECTION('',(-0.,-1.,0.));
#12532 = FACE_BOUND('',#12533,.F.);
#12533 = EDGE_LOOP('',(#12534));
#12534 = ORIENTED_EDGE('',*,*,#12535,.T.);
#12535 = EDGE_CURVE('',#12536,#12536,#12538,.T.);
#12536 = VERTEX_POINT('',#12537);
#12537 = CARTESIAN_POINT('',(112.88,-94.16,0.));
#12538 = CIRCLE('',#12539,0.51);
#12539 = AXIS2_PLACEMENT_3D('',#12540,#12541,#12542);
#12540 = CARTESIAN_POINT('',(112.88,-93.65,0.));
#12541 = DIRECTION('',(-0.,0.,-1.));
#12542 = DIRECTION('',(-0.,-1.,0.));
#12543 = FACE_BOUND('',#12544,.F.);
#12544 = EDGE_LOOP('',(#12545));
#12545 = ORIENTED_EDGE('',*,*,#12546,.T.);
#12546 = EDGE_CURVE('',#12547,#12547,#12549,.T.);
#12547 = VERTEX_POINT('',#12548);
#12548 = CARTESIAN_POINT('',(112.88,-91.62,0.));
#12549 = CIRCLE('',#12550,0.51);
#12550 = AXIS2_PLACEMENT_3D('',#12551,#12552,#12553);
#12551 = CARTESIAN_POINT('',(112.88,-91.11,0.));
#12552 = DIRECTION('',(-0.,0.,-1.));
#12553 = DIRECTION('',(-0.,-1.,0.));
#12554 = FACE_BOUND('',#12555,.F.);
#12555 = EDGE_LOOP('',(#12556));
#12556 = ORIENTED_EDGE('',*,*,#12557,.T.);
#12557 = EDGE_CURVE('',#12558,#12558,#12560,.T.);
#12558 = VERTEX_POINT('',#12559);
#12559 = CARTESIAN_POINT('',(112.88,-89.08,0.));
#12560 = CIRCLE('',#12561,0.51);
#12561 = AXIS2_PLACEMENT_3D('',#12562,#12563,#12564);
#12562 = CARTESIAN_POINT('',(112.88,-88.57,0.));
#12563 = DIRECTION('',(-0.,0.,-1.));
#12564 = DIRECTION('',(-0.,-1.,0.));
#12565 = FACE_BOUND('',#12566,.F.);
#12566 = EDGE_LOOP('',(#12567));
#12567 = ORIENTED_EDGE('',*,*,#12568,.T.);
#12568 = EDGE_CURVE('',#12569,#12569,#12571,.T.);
#12569 = VERTEX_POINT('',#12570);
#12570 = CARTESIAN_POINT('',(112.88,-86.54,0.));
#12571 = CIRCLE('',#12572,0.51);
#12572 = AXIS2_PLACEMENT_3D('',#12573,#12574,#12575);
#12573 = CARTESIAN_POINT('',(112.88,-86.03,0.));
#12574 = DIRECTION('',(-0.,0.,-1.));
#12575 = DIRECTION('',(-0.,-1.,0.));
#12576 = FACE_BOUND('',#12577,.F.);
#12577 = EDGE_LOOP('',(#12578));
#12578 = ORIENTED_EDGE('',*,*,#12579,.T.);
#12579 = EDGE_CURVE('',#12580,#12580,#12582,.T.);
#12580 = VERTEX_POINT('',#12581);
#12581 = CARTESIAN_POINT('',(112.88,-84.,0.));
#12582 = CIRCLE('',#12583,0.51);
#12583 = AXIS2_PLACEMENT_3D('',#12584,#12585,#12586);
#12584 = CARTESIAN_POINT('',(112.88,-83.49,0.));
#12585 = DIRECTION('',(-0.,0.,-1.));
#12586 = DIRECTION('',(-0.,-1.,0.));
#12587 = FACE_BOUND('',#12588,.F.);
#12588 = EDGE_LOOP('',(#12589));
#12589 = ORIENTED_EDGE('',*,*,#12590,.T.);
#12590 = EDGE_CURVE('',#12591,#12591,#12593,.T.);
#12591 = VERTEX_POINT('',#12592);
#12592 = CARTESIAN_POINT('',(109.42,-76.855,0.));
#12593 = CIRCLE('',#12594,0.355);
#12594 = AXIS2_PLACEMENT_3D('',#12595,#12596,#12597);
#12595 = CARTESIAN_POINT('',(109.42,-76.5,0.));
#12596 = DIRECTION('',(-0.,0.,-1.));
#12597 = DIRECTION('',(-0.,-1.,0.));
#12598 = FACE_BOUND('',#12599,.F.);
#12599 = EDGE_LOOP('',(#12600));
#12600 = ORIENTED_EDGE('',*,*,#12601,.T.);
#12601 = EDGE_CURVE('',#12602,#12602,#12604,.T.);
#12602 = VERTEX_POINT('',#12603);
#12603 = CARTESIAN_POINT('',(114.5,-76.855,0.));
#12604 = CIRCLE('',#12605,0.355);
#12605 = AXIS2_PLACEMENT_3D('',#12606,#12607,#12608);
#12606 = CARTESIAN_POINT('',(114.5,-76.5,0.));
#12607 = DIRECTION('',(-0.,0.,-1.));
#12608 = DIRECTION('',(-0.,-1.,0.));
#12609 = FACE_BOUND('',#12610,.F.);
#12610 = EDGE_LOOP('',(#12611));
#12611 = ORIENTED_EDGE('',*,*,#12612,.T.);
#12612 = EDGE_CURVE('',#12613,#12613,#12615,.T.);
#12613 = VERTEX_POINT('',#12614);
#12614 = CARTESIAN_POINT('',(90.33,-62.,0.));
#12615 = CIRCLE('',#12616,1.25);
#12616 = AXIS2_PLACEMENT_3D('',#12617,#12618,#12619);
#12617 = CARTESIAN_POINT('',(90.33,-60.75,0.));
#12618 = DIRECTION('',(-0.,0.,-1.));
#12619 = DIRECTION('',(-0.,-1.,0.));
#12620 = FACE_BOUND('',#12621,.F.);
#12621 = EDGE_LOOP('',(#12622));
#12622 = ORIENTED_EDGE('',*,*,#12623,.T.);
#12623 = EDGE_CURVE('',#12624,#12624,#12626,.T.);
#12624 = VERTEX_POINT('',#12625);
#12625 = CARTESIAN_POINT('',(90.96,-64.,0.));
#12626 = CIRCLE('',#12627,0.5);
#12627 = AXIS2_PLACEMENT_3D('',#12628,#12629,#12630);
#12628 = CARTESIAN_POINT('',(90.96,-63.5,0.));
#12629 = DIRECTION('',(-0.,0.,-1.));
#12630 = DIRECTION('',(-0.,-1.,0.));
#12631 = FACE_BOUND('',#12632,.F.);
#12632 = EDGE_LOOP('',(#12633));
#12633 = ORIENTED_EDGE('',*,*,#12634,.T.);
#12634 = EDGE_CURVE('',#12635,#12635,#12637,.T.);
#12635 = VERTEX_POINT('',#12636);
#12636 = CARTESIAN_POINT('',(94.68,-65.9,0.));
#12637 = CIRCLE('',#12638,0.5);
#12638 = AXIS2_PLACEMENT_3D('',#12639,#12640,#12641);
#12639 = CARTESIAN_POINT('',(94.68,-65.4,0.));
#12640 = DIRECTION('',(-0.,0.,-1.));
#12641 = DIRECTION('',(-0.,-1.,0.));
#12642 = FACE_BOUND('',#12643,.F.);
#12643 = EDGE_LOOP('',(#12644));
#12644 = ORIENTED_EDGE('',*,*,#12645,.T.);
#12645 = EDGE_CURVE('',#12646,#12646,#12648,.T.);
#12646 = VERTEX_POINT('',#12647);
#12647 = CARTESIAN_POINT('',(93.5,-64.,0.));
#12648 = CIRCLE('',#12649,0.5);
#12649 = AXIS2_PLACEMENT_3D('',#12650,#12651,#12652);
#12650 = CARTESIAN_POINT('',(93.5,-63.5,0.));
#12651 = DIRECTION('',(-0.,0.,-1.));
#12652 = DIRECTION('',(-0.,-1.,0.));
#12653 = FACE_BOUND('',#12654,.F.);
#12654 = EDGE_LOOP('',(#12655));
#12655 = ORIENTED_EDGE('',*,*,#12656,.T.);
#12656 = EDGE_CURVE('',#12657,#12657,#12659,.T.);
#12657 = VERTEX_POINT('',#12658);
#12658 = CARTESIAN_POINT('',(94.13,-62.,0.));
#12659 = CIRCLE('',#12660,1.25);
#12660 = AXIS2_PLACEMENT_3D('',#12661,#12662,#12663);
#12661 = CARTESIAN_POINT('',(94.13,-60.75,0.));
#12662 = DIRECTION('',(-0.,0.,-1.));
#12663 = DIRECTION('',(-0.,-1.,0.));
#12664 = FACE_BOUND('',#12665,.F.);
#12665 = EDGE_LOOP('',(#12666));
#12666 = ORIENTED_EDGE('',*,*,#12667,.T.);
#12667 = EDGE_CURVE('',#12668,#12668,#12670,.T.);
#12668 = VERTEX_POINT('',#12669);
#12669 = CARTESIAN_POINT('',(90.96,-58.5,0.));
#12670 = CIRCLE('',#12671,0.5);
#12671 = AXIS2_PLACEMENT_3D('',#12672,#12673,#12674);
#12672 = CARTESIAN_POINT('',(90.96,-58.,0.));
#12673 = DIRECTION('',(-0.,0.,-1.));
#12674 = DIRECTION('',(-0.,-1.,0.));
#12675 = FACE_BOUND('',#12676,.F.);
#12676 = EDGE_LOOP('',(#12677));
#12677 = ORIENTED_EDGE('',*,*,#12678,.T.);
#12678 = EDGE_CURVE('',#12679,#12679,#12681,.T.);
#12679 = VERTEX_POINT('',#12680);
#12680 = CARTESIAN_POINT('',(93.5,-58.5,0.));
#12681 = CIRCLE('',#12682,0.5);
#12682 = AXIS2_PLACEMENT_3D('',#12683,#12684,#12685);
#12683 = CARTESIAN_POINT('',(93.5,-58.,0.));
#12684 = DIRECTION('',(-0.,0.,-1.));
#12685 = DIRECTION('',(-0.,-1.,0.));
#12686 = FACE_BOUND('',#12687,.F.);
#12687 = EDGE_LOOP('',(#12688));
#12688 = ORIENTED_EDGE('',*,*,#12689,.T.);
#12689 = EDGE_CURVE('',#12690,#12690,#12692,.T.);
#12690 = VERTEX_POINT('',#12691);
#12691 = CARTESIAN_POINT('',(111.22,-72.2816,0.));
#12692 = CIRCLE('',#12693,0.5);
#12693 = AXIS2_PLACEMENT_3D('',#12694,#12695,#12696);
#12694 = CARTESIAN_POINT('',(111.22,-71.7816,0.));
#12695 = DIRECTION('',(-0.,0.,-1.));
#12696 = DIRECTION('',(-0.,-1.,0.));
#12697 = FACE_BOUND('',#12698,.F.);
#12698 = EDGE_LOOP('',(#12699));
#12699 = ORIENTED_EDGE('',*,*,#12700,.T.);
#12700 = EDGE_CURVE('',#12701,#12701,#12703,.T.);
#12701 = VERTEX_POINT('',#12702);
#12702 = CARTESIAN_POINT('',(113.76,-72.2816,0.));
#12703 = CIRCLE('',#12704,0.5);
#12704 = AXIS2_PLACEMENT_3D('',#12705,#12706,#12707);
#12705 = CARTESIAN_POINT('',(113.76,-71.7816,0.));
#12706 = DIRECTION('',(-0.,0.,-1.));
#12707 = DIRECTION('',(-0.,-1.,0.));
#12708 = FACE_BOUND('',#12709,.F.);
#12709 = EDGE_LOOP('',(#12710));
#12710 = ORIENTED_EDGE('',*,*,#12711,.T.);
#12711 = EDGE_CURVE('',#12712,#12712,#12714,.T.);
#12712 = VERTEX_POINT('',#12713);
#12713 = CARTESIAN_POINT('',(116.3,-72.2816,0.));
#12714 = CIRCLE('',#12715,0.5);
#12715 = AXIS2_PLACEMENT_3D('',#12716,#12717,#12718);
#12716 = CARTESIAN_POINT('',(116.3,-71.7816,0.));
#12717 = DIRECTION('',(-0.,0.,-1.));
#12718 = DIRECTION('',(-0.,-1.,0.));
#12719 = FACE_BOUND('',#12720,.F.);
#12720 = EDGE_LOOP('',(#12721));
#12721 = ORIENTED_EDGE('',*,*,#12722,.T.);
#12722 = EDGE_CURVE('',#12723,#12723,#12725,.T.);
#12723 = VERTEX_POINT('',#12724);
#12724 = CARTESIAN_POINT('',(118.84,-72.2816,0.));
#12725 = CIRCLE('',#12726,0.5);
#12726 = AXIS2_PLACEMENT_3D('',#12727,#12728,#12729);
#12727 = CARTESIAN_POINT('',(118.84,-71.7816,0.));
#12728 = DIRECTION('',(-0.,0.,-1.));
#12729 = DIRECTION('',(-0.,-1.,0.));
#12730 = FACE_BOUND('',#12731,.F.);
#12731 = EDGE_LOOP('',(#12732));
#12732 = ORIENTED_EDGE('',*,*,#12733,.F.);
#12733 = EDGE_CURVE('',#12734,#12734,#12736,.T.);
#12734 = VERTEX_POINT('',#12735);
#12735 = CARTESIAN_POINT('',(115.9,-60.,0.));
#12736 = CIRCLE('',#12737,2.55);
#12737 = AXIS2_PLACEMENT_3D('',#12738,#12739,#12740);
#12738 = CARTESIAN_POINT('',(113.35,-60.,0.));
#12739 = DIRECTION('',(0.,0.,1.));
#12740 = DIRECTION('',(1.,0.,-0.));
#12741 = FACE_BOUND('',#12742,.F.);
#12742 = EDGE_LOOP('',(#12743,#12754,#12762,#12771));
#12743 = ORIENTED_EDGE('',*,*,#12744,.F.);
#12744 = EDGE_CURVE('',#12745,#12747,#12749,.T.);
#12745 = VERTEX_POINT('',#12746);
#12746 = CARTESIAN_POINT('',(108.5,-46.,0.));
#12747 = VERTEX_POINT('',#12748);
#12748 = CARTESIAN_POINT('',(108.5,-48.,0.));
#12749 = CIRCLE('',#12750,1.);
#12750 = AXIS2_PLACEMENT_3D('',#12751,#12752,#12753);
#12751 = CARTESIAN_POINT('',(108.5,-47.,0.));
#12752 = DIRECTION('',(0.,-0.,1.));
#12753 = DIRECTION('',(0.,1.,0.));
#12754 = ORIENTED_EDGE('',*,*,#12755,.F.);
#12755 = EDGE_CURVE('',#12756,#12745,#12758,.T.);
#12756 = VERTEX_POINT('',#12757);
#12757 = CARTESIAN_POINT('',(112.5,-46.,0.));
#12758 = LINE('',#12759,#12760);
#12759 = CARTESIAN_POINT('',(112.5,-46.,0.));
#12760 = VECTOR('',#12761,1.);
#12761 = DIRECTION('',(-1.,0.,0.));
#12762 = ORIENTED_EDGE('',*,*,#12763,.F.);
#12763 = EDGE_CURVE('',#12764,#12756,#12766,.T.);
#12764 = VERTEX_POINT('',#12765);
#12765 = CARTESIAN_POINT('',(112.5,-48.,0.));
#12766 = CIRCLE('',#12767,1.);
#12767 = AXIS2_PLACEMENT_3D('',#12768,#12769,#12770);
#12768 = CARTESIAN_POINT('',(112.5,-47.,0.));
#12769 = DIRECTION('',(0.,0.,1.));
#12770 = DIRECTION('',(-0.,-1.,0.));
#12771 = ORIENTED_EDGE('',*,*,#12772,.F.);
#12772 = EDGE_CURVE('',#12747,#12764,#12773,.T.);
#12773 = LINE('',#12774,#12775);
#12774 = CARTESIAN_POINT('',(108.5,-48.,0.));
#12775 = VECTOR('',#12776,1.);
#12776 = DIRECTION('',(1.,0.,0.));
#12777 = FACE_BOUND('',#12778,.F.);
#12778 = EDGE_LOOP('',(#12779));
#12779 = ORIENTED_EDGE('',*,*,#12780,.T.);
#12780 = EDGE_CURVE('',#12781,#12781,#12783,.T.);
#12781 = VERTEX_POINT('',#12782);
#12782 = CARTESIAN_POINT('',(117.19,-49.85,0.));
#12783 = CIRCLE('',#12784,0.35);
#12784 = AXIS2_PLACEMENT_3D('',#12785,#12786,#12787);
#12785 = CARTESIAN_POINT('',(117.19,-49.5,0.));
#12786 = DIRECTION('',(-0.,0.,-1.));
#12787 = DIRECTION('',(-0.,-1.,0.));
#12788 = FACE_BOUND('',#12789,.F.);
#12789 = EDGE_LOOP('',(#12790));
#12790 = ORIENTED_EDGE('',*,*,#12791,.T.);
#12791 = EDGE_CURVE('',#12792,#12792,#12794,.T.);
#12792 = VERTEX_POINT('',#12793);
#12793 = CARTESIAN_POINT('',(118.46,-49.85,0.));
#12794 = CIRCLE('',#12795,0.35);
#12795 = AXIS2_PLACEMENT_3D('',#12796,#12797,#12798);
#12796 = CARTESIAN_POINT('',(118.46,-49.5,0.));
#12797 = DIRECTION('',(-0.,0.,-1.));
#12798 = DIRECTION('',(-4.060244204344E-14,-1.,0.));
#12799 = FACE_BOUND('',#12800,.F.);
#12800 = EDGE_LOOP('',(#12801));
#12801 = ORIENTED_EDGE('',*,*,#12802,.T.);
#12802 = EDGE_CURVE('',#12803,#12803,#12805,.T.);
#12803 = VERTEX_POINT('',#12804);
#12804 = CARTESIAN_POINT('',(119.73,-49.85,0.));
#12805 = CIRCLE('',#12806,0.35);
#12806 = AXIS2_PLACEMENT_3D('',#12807,#12808,#12809);
#12807 = CARTESIAN_POINT('',(119.73,-49.5,0.));
#12808 = DIRECTION('',(-0.,0.,-1.));
#12809 = DIRECTION('',(4.060244204343E-14,-1.,-0.));
#12810 = FACE_BOUND('',#12811,.F.);
#12811 = EDGE_LOOP('',(#12812));
#12812 = ORIENTED_EDGE('',*,*,#12813,.T.);
#12813 = EDGE_CURVE('',#12814,#12814,#12816,.T.);
#12814 = VERTEX_POINT('',#12815);
#12815 = CARTESIAN_POINT('',(128.12,-99.24,0.));
#12816 = CIRCLE('',#12817,0.51);
#12817 = AXIS2_PLACEMENT_3D('',#12818,#12819,#12820);
#12818 = CARTESIAN_POINT('',(128.12,-98.73,0.));
#12819 = DIRECTION('',(-0.,0.,-1.));
#12820 = DIRECTION('',(-0.,-1.,0.));
#12821 = FACE_BOUND('',#12822,.F.);
#12822 = EDGE_LOOP('',(#12823));
#12823 = ORIENTED_EDGE('',*,*,#12824,.T.);
#12824 = EDGE_CURVE('',#12825,#12825,#12827,.T.);
#12825 = VERTEX_POINT('',#12826);
#12826 = CARTESIAN_POINT('',(128.12,-96.7,0.));
#12827 = CIRCLE('',#12828,0.51);
#12828 = AXIS2_PLACEMENT_3D('',#12829,#12830,#12831);
#12829 = CARTESIAN_POINT('',(128.12,-96.19,0.));
#12830 = DIRECTION('',(-0.,0.,-1.));
#12831 = DIRECTION('',(-0.,-1.,0.));
#12832 = FACE_BOUND('',#12833,.F.);
#12833 = EDGE_LOOP('',(#12834));
#12834 = ORIENTED_EDGE('',*,*,#12835,.T.);
#12835 = EDGE_CURVE('',#12836,#12836,#12838,.T.);
#12836 = VERTEX_POINT('',#12837);
#12837 = CARTESIAN_POINT('',(128.12,-94.16,0.));
#12838 = CIRCLE('',#12839,0.51);
#12839 = AXIS2_PLACEMENT_3D('',#12840,#12841,#12842);
#12840 = CARTESIAN_POINT('',(128.12,-93.65,0.));
#12841 = DIRECTION('',(-0.,0.,-1.));
#12842 = DIRECTION('',(-0.,-1.,0.));
#12843 = FACE_BOUND('',#12844,.F.);
#12844 = EDGE_LOOP('',(#12845));
#12845 = ORIENTED_EDGE('',*,*,#12846,.T.);
#12846 = EDGE_CURVE('',#12847,#12847,#12849,.T.);
#12847 = VERTEX_POINT('',#12848);
#12848 = CARTESIAN_POINT('',(128.12,-91.62,0.));
#12849 = CIRCLE('',#12850,0.51);
#12850 = AXIS2_PLACEMENT_3D('',#12851,#12852,#12853);
#12851 = CARTESIAN_POINT('',(128.12,-91.11,0.));
#12852 = DIRECTION('',(-0.,0.,-1.));
#12853 = DIRECTION('',(-0.,-1.,0.));
#12854 = FACE_BOUND('',#12855,.F.);
#12855 = EDGE_LOOP('',(#12856));
#12856 = ORIENTED_EDGE('',*,*,#12857,.T.);
#12857 = EDGE_CURVE('',#12858,#12858,#12860,.T.);
#12858 = VERTEX_POINT('',#12859);
#12859 = CARTESIAN_POINT('',(128.12,-89.08,0.));
#12860 = CIRCLE('',#12861,0.51);
#12861 = AXIS2_PLACEMENT_3D('',#12862,#12863,#12864);
#12862 = CARTESIAN_POINT('',(128.12,-88.57,0.));
#12863 = DIRECTION('',(-0.,0.,-1.));
#12864 = DIRECTION('',(-0.,-1.,0.));
#12865 = FACE_BOUND('',#12866,.F.);
#12866 = EDGE_LOOP('',(#12867));
#12867 = ORIENTED_EDGE('',*,*,#12868,.T.);
#12868 = EDGE_CURVE('',#12869,#12869,#12871,.T.);
#12869 = VERTEX_POINT('',#12870);
#12870 = CARTESIAN_POINT('',(136.25,-91.375,0.));
#12871 = CIRCLE('',#12872,0.375);
#12872 = AXIS2_PLACEMENT_3D('',#12873,#12874,#12875);
#12873 = CARTESIAN_POINT('',(136.25,-91.,0.));
#12874 = DIRECTION('',(-0.,0.,-1.));
#12875 = DIRECTION('',(-0.,-1.,0.));
#12876 = FACE_BOUND('',#12877,.F.);
#12877 = EDGE_LOOP('',(#12878));
#12878 = ORIENTED_EDGE('',*,*,#12879,.T.);
#12879 = EDGE_CURVE('',#12880,#12880,#12882,.T.);
#12880 = VERTEX_POINT('',#12881);
#12881 = CARTESIAN_POINT('',(138.75,-91.375,0.));
#12882 = CIRCLE('',#12883,0.375);
#12883 = AXIS2_PLACEMENT_3D('',#12884,#12885,#12886);
#12884 = CARTESIAN_POINT('',(138.75,-91.,0.));
#12885 = DIRECTION('',(-0.,0.,-1.));
#12886 = DIRECTION('',(-0.,-1.,0.));
#12887 = FACE_BOUND('',#12888,.F.);
#12888 = EDGE_LOOP('',(#12889));
#12889 = ORIENTED_EDGE('',*,*,#12890,.T.);
#12890 = EDGE_CURVE('',#12891,#12891,#12893,.T.);
#12891 = VERTEX_POINT('',#12892);
#12892 = CARTESIAN_POINT('',(128.12,-86.54,0.));
#12893 = CIRCLE('',#12894,0.51);
#12894 = AXIS2_PLACEMENT_3D('',#12895,#12896,#12897);
#12895 = CARTESIAN_POINT('',(128.12,-86.03,0.));
#12896 = DIRECTION('',(-0.,0.,-1.));
#12897 = DIRECTION('',(-0.,-1.,0.));
#12898 = FACE_BOUND('',#12899,.F.);
#12899 = EDGE_LOOP('',(#12900));
#12900 = ORIENTED_EDGE('',*,*,#12901,.T.);
#12901 = EDGE_CURVE('',#12902,#12902,#12904,.T.);
#12902 = VERTEX_POINT('',#12903);
#12903 = CARTESIAN_POINT('',(128.12,-84.,0.));
#12904 = CIRCLE('',#12905,0.51);
#12905 = AXIS2_PLACEMENT_3D('',#12906,#12907,#12908);
#12906 = CARTESIAN_POINT('',(128.12,-83.49,0.));
#12907 = DIRECTION('',(-0.,0.,-1.));
#12908 = DIRECTION('',(-0.,-1.,0.));
#12909 = FACE_BOUND('',#12910,.F.);
#12910 = EDGE_LOOP('',(#12911));
#12911 = ORIENTED_EDGE('',*,*,#12912,.T.);
#12912 = EDGE_CURVE('',#12913,#12913,#12915,.T.);
#12913 = VERTEX_POINT('',#12914);
#12914 = CARTESIAN_POINT('',(142.155,-79.165,0.));
#12915 = CIRCLE('',#12916,0.375);
#12916 = AXIS2_PLACEMENT_3D('',#12917,#12918,#12919);
#12917 = CARTESIAN_POINT('',(142.155,-78.79,0.));
#12918 = DIRECTION('',(-0.,0.,-1.));
#12919 = DIRECTION('',(-0.,-1.,0.));
#12920 = FACE_BOUND('',#12921,.F.);
#12921 = EDGE_LOOP('',(#12922));
#12922 = ORIENTED_EDGE('',*,*,#12923,.T.);
#12923 = EDGE_CURVE('',#12924,#12924,#12926,.T.);
#12924 = VERTEX_POINT('',#12925);
#12925 = CARTESIAN_POINT('',(142.155,-76.665,0.));
#12926 = CIRCLE('',#12927,0.375);
#12927 = AXIS2_PLACEMENT_3D('',#12928,#12929,#12930);
#12928 = CARTESIAN_POINT('',(142.155,-76.29,0.));
#12929 = DIRECTION('',(-0.,0.,-1.));
#12930 = DIRECTION('',(-0.,-1.,0.));
#12931 = FACE_BOUND('',#12932,.F.);
#12932 = EDGE_LOOP('',(#12933));
#12933 = ORIENTED_EDGE('',*,*,#12934,.T.);
#12934 = EDGE_CURVE('',#12935,#12935,#12937,.T.);
#12935 = VERTEX_POINT('',#12936);
#12936 = CARTESIAN_POINT('',(167.68,-95.4,0.));
#12937 = CIRCLE('',#12938,0.5);
#12938 = AXIS2_PLACEMENT_3D('',#12939,#12940,#12941);
#12939 = CARTESIAN_POINT('',(167.68,-94.9,0.));
#12940 = DIRECTION('',(-0.,0.,-1.));
#12941 = DIRECTION('',(-0.,-1.,0.));
#12942 = FACE_BOUND('',#12943,.F.);
#12943 = EDGE_LOOP('',(#12944));
#12944 = ORIENTED_EDGE('',*,*,#12945,.F.);
#12945 = EDGE_CURVE('',#12946,#12946,#12948,.T.);
#12946 = VERTEX_POINT('',#12947);
#12947 = CARTESIAN_POINT('',(159.55,-91.,0.));
#12948 = CIRCLE('',#12949,2.55);
#12949 = AXIS2_PLACEMENT_3D('',#12950,#12951,#12952);
#12950 = CARTESIAN_POINT('',(157.,-91.,0.));
#12951 = DIRECTION('',(0.,0.,1.));
#12952 = DIRECTION('',(1.,0.,-0.));
#12953 = FACE_BOUND('',#12954,.F.);
#12954 = EDGE_LOOP('',(#12955));
#12955 = ORIENTED_EDGE('',*,*,#12956,.T.);
#12956 = EDGE_CURVE('',#12957,#12957,#12959,.T.);
#12957 = VERTEX_POINT('',#12958);
#12958 = CARTESIAN_POINT('',(163.96,-93.5,0.));
#12959 = CIRCLE('',#12960,0.5);
#12960 = AXIS2_PLACEMENT_3D('',#12961,#12962,#12963);
#12961 = CARTESIAN_POINT('',(163.96,-93.,0.));
#12962 = DIRECTION('',(-0.,0.,-1.));
#12963 = DIRECTION('',(-0.,-1.,0.));
#12964 = FACE_BOUND('',#12965,.F.);
#12965 = EDGE_LOOP('',(#12966));
#12966 = ORIENTED_EDGE('',*,*,#12967,.T.);
#12967 = EDGE_CURVE('',#12968,#12968,#12970,.T.);
#12968 = VERTEX_POINT('',#12969);
#12969 = CARTESIAN_POINT('',(166.5,-93.5,0.));
#12970 = CIRCLE('',#12971,0.5);
#12971 = AXIS2_PLACEMENT_3D('',#12972,#12973,#12974);
#12972 = CARTESIAN_POINT('',(166.5,-93.,0.));
#12973 = DIRECTION('',(-0.,0.,-1.));
#12974 = DIRECTION('',(-0.,-1.,0.));
#12975 = FACE_BOUND('',#12976,.F.);
#12976 = EDGE_LOOP('',(#12977));
#12977 = ORIENTED_EDGE('',*,*,#12978,.T.);
#12978 = EDGE_CURVE('',#12979,#12979,#12981,.T.);
#12979 = VERTEX_POINT('',#12980);
#12980 = CARTESIAN_POINT('',(163.33,-91.5,0.));
#12981 = CIRCLE('',#12982,1.25);
#12982 = AXIS2_PLACEMENT_3D('',#12983,#12984,#12985);
#12983 = CARTESIAN_POINT('',(163.33,-90.25,0.));
#12984 = DIRECTION('',(-0.,0.,-1.));
#12985 = DIRECTION('',(-0.,-1.,0.));
#12986 = FACE_BOUND('',#12987,.F.);
#12987 = EDGE_LOOP('',(#12988));
#12988 = ORIENTED_EDGE('',*,*,#12989,.T.);
#12989 = EDGE_CURVE('',#12990,#12990,#12992,.T.);
#12990 = VERTEX_POINT('',#12991);
#12991 = CARTESIAN_POINT('',(163.96,-88.,0.));
#12992 = CIRCLE('',#12993,0.5);
#12993 = AXIS2_PLACEMENT_3D('',#12994,#12995,#12996);
#12994 = CARTESIAN_POINT('',(163.96,-87.5,0.));
#12995 = DIRECTION('',(-0.,0.,-1.));
#12996 = DIRECTION('',(-0.,-1.,0.));
#12997 = FACE_BOUND('',#12998,.F.);
#12998 = EDGE_LOOP('',(#12999));
#12999 = ORIENTED_EDGE('',*,*,#13000,.T.);
#13000 = EDGE_CURVE('',#13001,#13001,#13003,.T.);
#13001 = VERTEX_POINT('',#13002);
#13002 = CARTESIAN_POINT('',(167.13,-91.5,0.));
#13003 = CIRCLE('',#13004,1.25);
#13004 = AXIS2_PLACEMENT_3D('',#13005,#13006,#13007);
#13005 = CARTESIAN_POINT('',(167.13,-90.25,0.));
#13006 = DIRECTION('',(-0.,0.,-1.));
#13007 = DIRECTION('',(-0.,-1.,0.));
#13008 = FACE_BOUND('',#13009,.F.);
#13009 = EDGE_LOOP('',(#13010));
#13010 = ORIENTED_EDGE('',*,*,#13011,.T.);
#13011 = EDGE_CURVE('',#13012,#13012,#13014,.T.);
#13012 = VERTEX_POINT('',#13013);
#13013 = CARTESIAN_POINT('',(166.5,-88.,0.));
#13014 = CIRCLE('',#13015,0.5);
#13015 = AXIS2_PLACEMENT_3D('',#13016,#13017,#13018);
#13016 = CARTESIAN_POINT('',(166.5,-87.5,0.));
#13017 = DIRECTION('',(-0.,0.,-1.));
#13018 = DIRECTION('',(-0.,-1.,0.));
#13019 = FACE_BOUND('',#13020,.F.);
#13020 = EDGE_LOOP('',(#13021));
#13021 = ORIENTED_EDGE('',*,*,#13022,.T.);
#13022 = EDGE_CURVE('',#13023,#13023,#13025,.T.);
#13023 = VERTEX_POINT('',#13024);
#13024 = CARTESIAN_POINT('',(121.38,-72.2816,0.));
#13025 = CIRCLE('',#13026,0.5);
#13026 = AXIS2_PLACEMENT_3D('',#13027,#13028,#13029);
#13027 = CARTESIAN_POINT('',(121.38,-71.7816,0.));
#13028 = DIRECTION('',(-0.,0.,-1.));
#13029 = DIRECTION('',(-0.,-1.,0.));
#13030 = FACE_BOUND('',#13031,.F.);
#13031 = EDGE_LOOP('',(#13032));
#13032 = ORIENTED_EDGE('',*,*,#13033,.T.);
#13033 = EDGE_CURVE('',#13034,#13034,#13036,.T.);
#13034 = VERTEX_POINT('',#13035);
#13035 = CARTESIAN_POINT('',(123.92,-72.2816,0.));
#13036 = CIRCLE('',#13037,0.5);
#13037 = AXIS2_PLACEMENT_3D('',#13038,#13039,#13040);
#13038 = CARTESIAN_POINT('',(123.92,-71.7816,0.));
#13039 = DIRECTION('',(-0.,0.,-1.));
#13040 = DIRECTION('',(-0.,-1.,0.));
#13041 = FACE_BOUND('',#13042,.F.);
#13042 = EDGE_LOOP('',(#13043));
#13043 = ORIENTED_EDGE('',*,*,#13044,.T.);
#13044 = EDGE_CURVE('',#13045,#13045,#13047,.T.);
#13045 = VERTEX_POINT('',#13046);
#13046 = CARTESIAN_POINT('',(126.46,-72.2816,0.));
#13047 = CIRCLE('',#13048,0.5);
#13048 = AXIS2_PLACEMENT_3D('',#13049,#13050,#13051);
#13049 = CARTESIAN_POINT('',(126.46,-71.7816,0.));
#13050 = DIRECTION('',(-0.,0.,-1.));
#13051 = DIRECTION('',(-0.,-1.,0.));
#13052 = FACE_BOUND('',#13053,.F.);
#13053 = EDGE_LOOP('',(#13054));
#13054 = ORIENTED_EDGE('',*,*,#13055,.T.);
#13055 = EDGE_CURVE('',#13056,#13056,#13058,.T.);
#13056 = VERTEX_POINT('',#13057);
#13057 = CARTESIAN_POINT('',(129.,-72.2816,0.));
#13058 = CIRCLE('',#13059,0.5);
#13059 = AXIS2_PLACEMENT_3D('',#13060,#13061,#13062);
#13060 = CARTESIAN_POINT('',(129.,-71.7816,0.));
#13061 = DIRECTION('',(-0.,0.,-1.));
#13062 = DIRECTION('',(-0.,-1.,0.));
#13063 = FACE_BOUND('',#13064,.F.);
#13064 = EDGE_LOOP('',(#13065));
#13065 = ORIENTED_EDGE('',*,*,#13066,.T.);
#13066 = EDGE_CURVE('',#13067,#13067,#13069,.T.);
#13067 = VERTEX_POINT('',#13068);
#13068 = CARTESIAN_POINT('',(120.46,-54.855,0.));
#13069 = CIRCLE('',#13070,0.355);
#13070 = AXIS2_PLACEMENT_3D('',#13071,#13072,#13073);
#13071 = CARTESIAN_POINT('',(120.46,-54.5,0.));
#13072 = DIRECTION('',(-0.,0.,-1.));
#13073 = DIRECTION('',(-4.003057666254E-14,-1.,0.));
#13074 = FACE_BOUND('',#13075,.F.);
#13075 = EDGE_LOOP('',(#13076));
#13076 = ORIENTED_EDGE('',*,*,#13077,.T.);
#13077 = EDGE_CURVE('',#13078,#13078,#13080,.T.);
#13078 = VERTEX_POINT('',#13079);
#13079 = CARTESIAN_POINT('',(125.54,-54.855,0.));
#13080 = CIRCLE('',#13081,0.355);
#13081 = AXIS2_PLACEMENT_3D('',#13082,#13083,#13084);
#13082 = CARTESIAN_POINT('',(125.54,-54.5,0.));
#13083 = DIRECTION('',(-0.,0.,-1.));
#13084 = DIRECTION('',(4.003057666254E-14,-1.,-0.));
#13085 = FACE_BOUND('',#13086,.F.);
#13086 = EDGE_LOOP('',(#13087));
#13087 = ORIENTED_EDGE('',*,*,#13088,.F.);
#13088 = EDGE_CURVE('',#13089,#13089,#13091,.T.);
#13089 = VERTEX_POINT('',#13090);
#13090 = CARTESIAN_POINT('',(130.55,-59.5,0.));
#13091 = CIRCLE('',#13092,2.55);
#13092 = AXIS2_PLACEMENT_3D('',#13093,#13094,#13095);
#13093 = CARTESIAN_POINT('',(128.,-59.5,0.));
#13094 = DIRECTION('',(0.,0.,1.));
#13095 = DIRECTION('',(1.,0.,-0.));
#13096 = FACE_BOUND('',#13097,.F.);
#13097 = EDGE_LOOP('',(#13098));
#13098 = ORIENTED_EDGE('',*,*,#13099,.T.);
#13099 = EDGE_CURVE('',#13100,#13100,#13102,.T.);
#13100 = VERTEX_POINT('',#13101);
#13101 = CARTESIAN_POINT('',(121.,-49.85,0.));
#13102 = CIRCLE('',#13103,0.35);
#13103 = AXIS2_PLACEMENT_3D('',#13104,#13105,#13106);
#13104 = CARTESIAN_POINT('',(121.,-49.5,0.));
#13105 = DIRECTION('',(-0.,0.,-1.));
#13106 = DIRECTION('',(-0.,-1.,0.));
#13107 = FACE_BOUND('',#13108,.F.);
#13108 = EDGE_LOOP('',(#13109));
#13109 = ORIENTED_EDGE('',*,*,#13110,.T.);
#13110 = EDGE_CURVE('',#13111,#13111,#13113,.T.);
#13111 = VERTEX_POINT('',#13112);
#13112 = CARTESIAN_POINT('',(122.27,-49.85,0.));
#13113 = CIRCLE('',#13114,0.35);
#13114 = AXIS2_PLACEMENT_3D('',#13115,#13116,#13117);
#13115 = CARTESIAN_POINT('',(122.27,-49.5,0.));
#13116 = DIRECTION('',(-0.,0.,-1.));
#13117 = DIRECTION('',(-4.060244204344E-14,-1.,0.));
#13118 = FACE_BOUND('',#13119,.F.);
#13119 = EDGE_LOOP('',(#13120));
#13120 = ORIENTED_EDGE('',*,*,#13121,.T.);
#13121 = EDGE_CURVE('',#13122,#13122,#13124,.T.);
#13122 = VERTEX_POINT('',#13123);
#13123 = CARTESIAN_POINT('',(123.54,-49.85,0.));
#13124 = CIRCLE('',#13125,0.35);
#13125 = AXIS2_PLACEMENT_3D('',#13126,#13127,#13128);
#13126 = CARTESIAN_POINT('',(123.54,-49.5,0.));
#13127 = DIRECTION('',(-0.,0.,-1.));
#13128 = DIRECTION('',(4.060244204343E-14,-1.,-0.));
#13129 = FACE_BOUND('',#13130,.F.);
#13130 = EDGE_LOOP('',(#13131,#13142,#13150,#13159));
#13131 = ORIENTED_EDGE('',*,*,#13132,.F.);
#13132 = EDGE_CURVE('',#13133,#13135,#13137,.T.);
#13133 = VERTEX_POINT('',#13134);
#13134 = CARTESIAN_POINT('',(128.5,-46.,0.));
#13135 = VERTEX_POINT('',#13136);
#13136 = CARTESIAN_POINT('',(128.5,-48.,0.));
#13137 = CIRCLE('',#13138,1.);
#13138 = AXIS2_PLACEMENT_3D('',#13139,#13140,#13141);
#13139 = CARTESIAN_POINT('',(128.5,-47.,0.));
#13140 = DIRECTION('',(0.,-0.,1.));
#13141 = DIRECTION('',(0.,1.,0.));
#13142 = ORIENTED_EDGE('',*,*,#13143,.F.);
#13143 = EDGE_CURVE('',#13144,#13133,#13146,.T.);
#13144 = VERTEX_POINT('',#13145);
#13145 = CARTESIAN_POINT('',(132.5,-46.,0.));
#13146 = LINE('',#13147,#13148);
#13147 = CARTESIAN_POINT('',(132.5,-46.,0.));
#13148 = VECTOR('',#13149,1.);
#13149 = DIRECTION('',(-1.,0.,0.));
#13150 = ORIENTED_EDGE('',*,*,#13151,.F.);
#13151 = EDGE_CURVE('',#13152,#13144,#13154,.T.);
#13152 = VERTEX_POINT('',#13153);
#13153 = CARTESIAN_POINT('',(132.5,-48.,0.));
#13154 = CIRCLE('',#13155,1.);
#13155 = AXIS2_PLACEMENT_3D('',#13156,#13157,#13158);
#13156 = CARTESIAN_POINT('',(132.5,-47.,0.));
#13157 = DIRECTION('',(0.,0.,1.));
#13158 = DIRECTION('',(-0.,-1.,0.));
#13159 = ORIENTED_EDGE('',*,*,#13160,.F.);
#13160 = EDGE_CURVE('',#13135,#13152,#13161,.T.);
#13161 = LINE('',#13162,#13163);
#13162 = CARTESIAN_POINT('',(128.5,-48.,0.));
#13163 = VECTOR('',#13164,1.);
#13164 = DIRECTION('',(1.,0.,0.));
#13165 = FACE_BOUND('',#13166,.F.);
#13166 = EDGE_LOOP('',(#13167));
#13167 = ORIENTED_EDGE('',*,*,#13168,.T.);
#13168 = EDGE_CURVE('',#13169,#13169,#13171,.T.);
#13169 = VERTEX_POINT('',#13170);
#13170 = CARTESIAN_POINT('',(147.78,-64.1,0.));
#13171 = CIRCLE('',#13172,0.5);
#13172 = AXIS2_PLACEMENT_3D('',#13173,#13174,#13175);
#13173 = CARTESIAN_POINT('',(147.78,-63.6,0.));
#13174 = DIRECTION('',(-0.,0.,-1.));
#13175 = DIRECTION('',(-0.,-1.,0.));
#13176 = FACE_BOUND('',#13177,.F.);
#13177 = EDGE_LOOP('',(#13178));
#13178 = ORIENTED_EDGE('',*,*,#13179,.T.);
#13179 = EDGE_CURVE('',#13180,#13180,#13182,.T.);
#13180 = VERTEX_POINT('',#13181);
#13181 = CARTESIAN_POINT('',(150.32,-64.1,0.));
#13182 = CIRCLE('',#13183,0.5);
#13183 = AXIS2_PLACEMENT_3D('',#13184,#13185,#13186);
#13184 = CARTESIAN_POINT('',(150.32,-63.6,0.));
#13185 = DIRECTION('',(-0.,0.,-1.));
#13186 = DIRECTION('',(-0.,-1.,0.));
#13187 = FACE_BOUND('',#13188,.F.);
#13188 = EDGE_LOOP('',(#13189));
#13189 = ORIENTED_EDGE('',*,*,#13190,.T.);
#13190 = EDGE_CURVE('',#13191,#13191,#13193,.T.);
#13191 = VERTEX_POINT('',#13192);
#13192 = CARTESIAN_POINT('',(147.15,-62.1,0.));
#13193 = CIRCLE('',#13194,1.25);
#13194 = AXIS2_PLACEMENT_3D('',#13195,#13196,#13197);
#13195 = CARTESIAN_POINT('',(147.15,-60.85,0.));
#13196 = DIRECTION('',(-0.,0.,-1.));
#13197 = DIRECTION('',(-0.,-1.,0.));
#13198 = FACE_BOUND('',#13199,.F.);
#13199 = EDGE_LOOP('',(#13200));
#13200 = ORIENTED_EDGE('',*,*,#13201,.T.);
#13201 = EDGE_CURVE('',#13202,#13202,#13204,.T.);
#13202 = VERTEX_POINT('',#13203);
#13203 = CARTESIAN_POINT('',(151.5,-66.,0.));
#13204 = CIRCLE('',#13205,0.5);
#13205 = AXIS2_PLACEMENT_3D('',#13206,#13207,#13208);
#13206 = CARTESIAN_POINT('',(151.5,-65.5,0.));
#13207 = DIRECTION('',(-0.,0.,-1.));
#13208 = DIRECTION('',(-0.,-1.,0.));
#13209 = FACE_BOUND('',#13210,.F.);
#13210 = EDGE_LOOP('',(#13211));
#13211 = ORIENTED_EDGE('',*,*,#13212,.T.);
#13212 = EDGE_CURVE('',#13213,#13213,#13215,.T.);
#13213 = VERTEX_POINT('',#13214);
#13214 = CARTESIAN_POINT('',(150.95,-62.1,0.));
#13215 = CIRCLE('',#13216,1.25);
#13216 = AXIS2_PLACEMENT_3D('',#13217,#13218,#13219);
#13217 = CARTESIAN_POINT('',(150.95,-60.85,0.));
#13218 = DIRECTION('',(-0.,0.,-1.));
#13219 = DIRECTION('',(-0.,-1.,0.));
#13220 = FACE_BOUND('',#13221,.F.);
#13221 = EDGE_LOOP('',(#13222));
#13222 = ORIENTED_EDGE('',*,*,#13223,.T.);
#13223 = EDGE_CURVE('',#13224,#13224,#13226,.T.);
#13224 = VERTEX_POINT('',#13225);
#13225 = CARTESIAN_POINT('',(147.78,-58.6,0.));
#13226 = CIRCLE('',#13227,0.5);
#13227 = AXIS2_PLACEMENT_3D('',#13228,#13229,#13230);
#13228 = CARTESIAN_POINT('',(147.78,-58.1,0.));
#13229 = DIRECTION('',(-0.,0.,-1.));
#13230 = DIRECTION('',(-0.,-1.,0.));
#13231 = FACE_BOUND('',#13232,.F.);
#13232 = EDGE_LOOP('',(#13233));
#13233 = ORIENTED_EDGE('',*,*,#13234,.T.);
#13234 = EDGE_CURVE('',#13235,#13235,#13237,.T.);
#13235 = VERTEX_POINT('',#13236);
#13236 = CARTESIAN_POINT('',(150.32,-58.6,0.));
#13237 = CIRCLE('',#13238,0.5);
#13238 = AXIS2_PLACEMENT_3D('',#13239,#13240,#13241);
#13239 = CARTESIAN_POINT('',(150.32,-58.1,0.));
#13240 = DIRECTION('',(-0.,0.,-1.));
#13241 = DIRECTION('',(-0.,-1.,0.));
#13242 = PLANE('',#13243);
#13243 = AXIS2_PLACEMENT_3D('',#13244,#13245,#13246);
#13244 = CARTESIAN_POINT('',(0.,0.,0.));
#13245 = DIRECTION('',(0.,0.,1.));
#13246 = DIRECTION('',(1.,0.,-0.));
#13247 = ADVANCED_FACE('',(#13248,#13363,#13374,#13385,#13396,#13407,
    #13418,#13429,#13440,#13451,#13462,#13473,#13484,#13495,#13506,
    #13517,#13528,#13539,#13550,#13561,#13572,#13583,#13594,#13605,
    #13616,#13627,#13638,#13649,#13660,#13671,#13682,#13693,#13704,
    #13715,#13726,#13737,#13771,#13782,#13793,#13804,#13815,#13826,
    #13837,#13848,#13859,#13870,#13881,#13892,#13903,#13914,#13925,
    #13936,#13947,#13958,#13969,#13980,#13991,#14002,#14013,#14024,
    #14035,#14046,#14057,#14068,#14079,#14090,#14101,#14112,#14123,
    #14134,#14145,#14156,#14167,#14178,#14189,#14200,#14211,#14222,
    #14233,#14244,#14255,#14266,#14277,#14288,#14299,#14310,#14321,
    #14332,#14343,#14354,#14365,#14376,#14387,#14398,#14409,#14420,
    #14431,#14442,#14453,#14464,#14475,#14486,#14497,#14533,#14544,
    #14555,#14566,#14577,#14588,#14599,#14610,#14621,#14632,#14643,
    #14654,#14665,#14676,#14687,#14698,#14709,#14720,#14731,#14742,
    #14753,#14764,#14775,#14786,#14797,#14808,#14819,#14830,#14841,
    #14852,#14863,#14874,#14885,#14921,#14932,#14943,#14954,#14965,
    #14976,#14987),#14998,.T.);
#13248 = FACE_BOUND('',#13249,.T.);
#13249 = EDGE_LOOP('',(#13250,#13251,#13252,#13260,#13268,#13276,#13284,
    #13292,#13300,#13308,#13316,#13324,#13332,#13340,#13348,#13356,
    #13362));
#13250 = ORIENTED_EDGE('',*,*,#11401,.F.);
#13251 = ORIENTED_EDGE('',*,*,#11443,.F.);
#13252 = ORIENTED_EDGE('',*,*,#13253,.F.);
#13253 = EDGE_CURVE('',#13254,#11436,#13256,.T.);
#13254 = VERTEX_POINT('',#13255);
#13255 = CARTESIAN_POINT('',(89.,-100.,1.6));
#13256 = LINE('',#13257,#13258);
#13257 = CARTESIAN_POINT('',(89.,-100.,1.6));
#13258 = VECTOR('',#13259,1.);
#13259 = DIRECTION('',(-1.,0.,0.));
#13260 = ORIENTED_EDGE('',*,*,#13261,.F.);
#13261 = EDGE_CURVE('',#13262,#13254,#13264,.T.);
#13262 = VERTEX_POINT('',#13263);
#13263 = CARTESIAN_POINT('',(89.,-146.,1.6));
#13264 = LINE('',#13265,#13266);
#13265 = CARTESIAN_POINT('',(89.,-146.,1.6));
#13266 = VECTOR('',#13267,1.);
#13267 = DIRECTION('',(0.,1.,0.));
#13268 = ORIENTED_EDGE('',*,*,#13269,.F.);
#13269 = EDGE_CURVE('',#13270,#13262,#13272,.T.);
#13270 = VERTEX_POINT('',#13271);
#13271 = CARTESIAN_POINT('',(71.5,-146.,1.6));
#13272 = LINE('',#13273,#13274);
#13273 = CARTESIAN_POINT('',(71.5,-146.,1.6));
#13274 = VECTOR('',#13275,1.);
#13275 = DIRECTION('',(1.,0.,0.));
#13276 = ORIENTED_EDGE('',*,*,#13277,.F.);
#13277 = EDGE_CURVE('',#13278,#13270,#13280,.T.);
#13278 = VERTEX_POINT('',#13279);
#13279 = CARTESIAN_POINT('',(71.5,-152.5,1.6));
#13280 = LINE('',#13281,#13282);
#13281 = CARTESIAN_POINT('',(71.5,-152.5,1.6));
#13282 = VECTOR('',#13283,1.);
#13283 = DIRECTION('',(0.,1.,0.));
#13284 = ORIENTED_EDGE('',*,*,#13285,.F.);
#13285 = EDGE_CURVE('',#13286,#13278,#13288,.T.);
#13286 = VERTEX_POINT('',#13287);
#13287 = CARTESIAN_POINT('',(89.,-152.5,1.6));
#13288 = LINE('',#13289,#13290);
#13289 = CARTESIAN_POINT('',(89.,-152.5,1.6));
#13290 = VECTOR('',#13291,1.);
#13291 = DIRECTION('',(-1.,0.,0.));
#13292 = ORIENTED_EDGE('',*,*,#13293,.F.);
#13293 = EDGE_CURVE('',#13294,#13286,#13296,.T.);
#13294 = VERTEX_POINT('',#13295);
#13295 = CARTESIAN_POINT('',(89.,-156.,1.6));
#13296 = LINE('',#13297,#13298);
#13297 = CARTESIAN_POINT('',(89.,-156.,1.6));
#13298 = VECTOR('',#13299,1.);
#13299 = DIRECTION('',(0.,1.,0.));
#13300 = ORIENTED_EDGE('',*,*,#13301,.F.);
#13301 = EDGE_CURVE('',#13302,#13294,#13304,.T.);
#13302 = VERTEX_POINT('',#13303);
#13303 = CARTESIAN_POINT('',(152.,-156.,1.6));
#13304 = LINE('',#13305,#13306);
#13305 = CARTESIAN_POINT('',(152.,-156.,1.6));
#13306 = VECTOR('',#13307,1.);
#13307 = DIRECTION('',(-1.,0.,0.));
#13308 = ORIENTED_EDGE('',*,*,#13309,.F.);
#13309 = EDGE_CURVE('',#13310,#13302,#13312,.T.);
#13310 = VERTEX_POINT('',#13311);
#13311 = CARTESIAN_POINT('',(152.,-152.5,1.6));
#13312 = LINE('',#13313,#13314);
#13313 = CARTESIAN_POINT('',(152.,-152.5,1.6));
#13314 = VECTOR('',#13315,1.);
#13315 = DIRECTION('',(0.,-1.,0.));
#13316 = ORIENTED_EDGE('',*,*,#13317,.F.);
#13317 = EDGE_CURVE('',#13318,#13310,#13320,.T.);
#13318 = VERTEX_POINT('',#13319);
#13319 = CARTESIAN_POINT('',(169.5,-152.5,1.6));
#13320 = LINE('',#13321,#13322);
#13321 = CARTESIAN_POINT('',(169.5,-152.5,1.6));
#13322 = VECTOR('',#13323,1.);
#13323 = DIRECTION('',(-1.,0.,0.));
#13324 = ORIENTED_EDGE('',*,*,#13325,.F.);
#13325 = EDGE_CURVE('',#13326,#13318,#13328,.T.);
#13326 = VERTEX_POINT('',#13327);
#13327 = CARTESIAN_POINT('',(169.5,-146.,1.6));
#13328 = LINE('',#13329,#13330);
#13329 = CARTESIAN_POINT('',(169.5,-146.,1.6));
#13330 = VECTOR('',#13331,1.);
#13331 = DIRECTION('',(0.,-1.,0.));
#13332 = ORIENTED_EDGE('',*,*,#13333,.F.);
#13333 = EDGE_CURVE('',#13334,#13326,#13336,.T.);
#13334 = VERTEX_POINT('',#13335);
#13335 = CARTESIAN_POINT('',(152.,-146.,1.6));
#13336 = LINE('',#13337,#13338);
#13337 = CARTESIAN_POINT('',(152.,-146.,1.6));
#13338 = VECTOR('',#13339,1.);
#13339 = DIRECTION('',(1.,0.,0.));
#13340 = ORIENTED_EDGE('',*,*,#13341,.F.);
#13341 = EDGE_CURVE('',#13342,#13334,#13344,.T.);
#13342 = VERTEX_POINT('',#13343);
#13343 = CARTESIAN_POINT('',(152.,-123.,1.6));
#13344 = LINE('',#13345,#13346);
#13345 = CARTESIAN_POINT('',(152.,-123.,1.6));
#13346 = VECTOR('',#13347,1.);
#13347 = DIRECTION('',(0.,-1.,0.));
#13348 = ORIENTED_EDGE('',*,*,#13349,.F.);
#13349 = EDGE_CURVE('',#13350,#13342,#13352,.T.);
#13350 = VERTEX_POINT('',#13351);
#13351 = CARTESIAN_POINT('',(152.,-100.,1.6));
#13352 = LINE('',#13353,#13354);
#13353 = CARTESIAN_POINT('',(152.,-100.,1.6));
#13354 = VECTOR('',#13355,1.);
#13355 = DIRECTION('',(0.,-1.,0.));
#13356 = ORIENTED_EDGE('',*,*,#13357,.F.);
#13357 = EDGE_CURVE('',#11466,#13350,#13358,.T.);
#13358 = LINE('',#13359,#13360);
#13359 = CARTESIAN_POINT('',(170.5,-100.,1.6));
#13360 = VECTOR('',#13361,1.);
#13361 = DIRECTION('',(-1.,0.,0.));
#13362 = ORIENTED_EDGE('',*,*,#11465,.F.);
#13363 = FACE_BOUND('',#13364,.T.);
#13364 = EDGE_LOOP('',(#13365));
#13365 = ORIENTED_EDGE('',*,*,#13366,.T.);
#13366 = EDGE_CURVE('',#13367,#13367,#13369,.T.);
#13367 = VERTEX_POINT('',#13368);
#13368 = CARTESIAN_POINT('',(80.335,-150.72,1.6));
#13369 = CIRCLE('',#13370,0.45);
#13370 = AXIS2_PLACEMENT_3D('',#13371,#13372,#13373);
#13371 = CARTESIAN_POINT('',(80.335,-150.27,1.6));
#13372 = DIRECTION('',(-0.,0.,-1.));
#13373 = DIRECTION('',(-3.157967714489E-14,-1.,0.));
#13374 = FACE_BOUND('',#13375,.T.);
#13375 = EDGE_LOOP('',(#13376));
#13376 = ORIENTED_EDGE('',*,*,#13377,.T.);
#13377 = EDGE_CURVE('',#13378,#13378,#13380,.T.);
#13378 = VERTEX_POINT('',#13379);
#13379 = CARTESIAN_POINT('',(80.335,-148.18,1.6));
#13380 = CIRCLE('',#13381,0.45);
#13381 = AXIS2_PLACEMENT_3D('',#13382,#13383,#13384);
#13382 = CARTESIAN_POINT('',(80.335,-147.73,1.6));
#13383 = DIRECTION('',(-0.,0.,-1.));
#13384 = DIRECTION('',(-3.157967714489E-14,-1.,0.));
#13385 = FACE_BOUND('',#13386,.T.);
#13386 = EDGE_LOOP('',(#13387));
#13387 = ORIENTED_EDGE('',*,*,#13388,.F.);
#13388 = EDGE_CURVE('',#13389,#13389,#13391,.T.);
#13389 = VERTEX_POINT('',#13390);
#13390 = CARTESIAN_POINT('',(96.55,-152.5,1.6));
#13391 = CIRCLE('',#13392,2.55);
#13392 = AXIS2_PLACEMENT_3D('',#13393,#13394,#13395);
#13393 = CARTESIAN_POINT('',(94.,-152.5,1.6));
#13394 = DIRECTION('',(0.,0.,1.));
#13395 = DIRECTION('',(1.,0.,-0.));
#13396 = FACE_BOUND('',#13397,.T.);
#13397 = EDGE_LOOP('',(#13398));
#13398 = ORIENTED_EDGE('',*,*,#13399,.T.);
#13399 = EDGE_CURVE('',#13400,#13400,#13402,.T.);
#13400 = VERTEX_POINT('',#13401);
#13401 = CARTESIAN_POINT('',(93.,-146.495,1.6));
#13402 = CIRCLE('',#13403,0.495);
#13403 = AXIS2_PLACEMENT_3D('',#13404,#13405,#13406);
#13404 = CARTESIAN_POINT('',(93.,-146.,1.6));
#13405 = DIRECTION('',(-0.,0.,-1.));
#13406 = DIRECTION('',(-0.,-1.,0.));
#13407 = FACE_BOUND('',#13408,.T.);
#13408 = EDGE_LOOP('',(#13409));
#13409 = ORIENTED_EDGE('',*,*,#13410,.T.);
#13410 = EDGE_CURVE('',#13411,#13411,#13413,.T.);
#13411 = VERTEX_POINT('',#13412);
#13412 = CARTESIAN_POINT('',(93.,-141.995,1.6));
#13413 = CIRCLE('',#13414,0.495);
#13414 = AXIS2_PLACEMENT_3D('',#13415,#13416,#13417);
#13415 = CARTESIAN_POINT('',(93.,-141.5,1.6));
#13416 = DIRECTION('',(-0.,0.,-1.));
#13417 = DIRECTION('',(-0.,-1.,0.));
#13418 = FACE_BOUND('',#13419,.T.);
#13419 = EDGE_LOOP('',(#13420));
#13420 = ORIENTED_EDGE('',*,*,#13421,.T.);
#13421 = EDGE_CURVE('',#13422,#13422,#13424,.T.);
#13422 = VERTEX_POINT('',#13423);
#13423 = CARTESIAN_POINT('',(103.5,-151.5,1.6));
#13424 = CIRCLE('',#13425,0.5);
#13425 = AXIS2_PLACEMENT_3D('',#13426,#13427,#13428);
#13426 = CARTESIAN_POINT('',(103.5,-151.,1.6));
#13427 = DIRECTION('',(-0.,0.,-1.));
#13428 = DIRECTION('',(-0.,-1.,0.));
#13429 = FACE_BOUND('',#13430,.T.);
#13430 = EDGE_LOOP('',(#13431));
#13431 = ORIENTED_EDGE('',*,*,#13432,.T.);
#13432 = EDGE_CURVE('',#13433,#13433,#13435,.T.);
#13433 = VERTEX_POINT('',#13434);
#13434 = CARTESIAN_POINT('',(106.,-151.5,1.6));
#13435 = CIRCLE('',#13436,0.5);
#13436 = AXIS2_PLACEMENT_3D('',#13437,#13438,#13439);
#13437 = CARTESIAN_POINT('',(106.,-151.,1.6));
#13438 = DIRECTION('',(-0.,0.,-1.));
#13439 = DIRECTION('',(-0.,-1.,0.));
#13440 = FACE_BOUND('',#13441,.T.);
#13441 = EDGE_LOOP('',(#13442));
#13442 = ORIENTED_EDGE('',*,*,#13443,.T.);
#13443 = EDGE_CURVE('',#13444,#13444,#13446,.T.);
#13444 = VERTEX_POINT('',#13445);
#13445 = CARTESIAN_POINT('',(99.5,-146.495,1.6));
#13446 = CIRCLE('',#13447,0.495);
#13447 = AXIS2_PLACEMENT_3D('',#13448,#13449,#13450);
#13448 = CARTESIAN_POINT('',(99.5,-146.,1.6));
#13449 = DIRECTION('',(-0.,0.,-1.));
#13450 = DIRECTION('',(-0.,-1.,0.));
#13451 = FACE_BOUND('',#13452,.T.);
#13452 = EDGE_LOOP('',(#13453));
#13453 = ORIENTED_EDGE('',*,*,#13454,.T.);
#13454 = EDGE_CURVE('',#13455,#13455,#13457,.T.);
#13455 = VERTEX_POINT('',#13456);
#13456 = CARTESIAN_POINT('',(99.5,-141.995,1.6));
#13457 = CIRCLE('',#13458,0.495);
#13458 = AXIS2_PLACEMENT_3D('',#13459,#13460,#13461);
#13459 = CARTESIAN_POINT('',(99.5,-141.5,1.6));
#13460 = DIRECTION('',(-0.,0.,-1.));
#13461 = DIRECTION('',(-0.,-1.,0.));
#13462 = FACE_BOUND('',#13463,.T.);
#13463 = EDGE_LOOP('',(#13464));
#13464 = ORIENTED_EDGE('',*,*,#13465,.T.);
#13465 = EDGE_CURVE('',#13466,#13466,#13468,.T.);
#13466 = VERTEX_POINT('',#13467);
#13467 = CARTESIAN_POINT('',(113.38,-144.05,1.6));
#13468 = CIRCLE('',#13469,0.66);
#13469 = AXIS2_PLACEMENT_3D('',#13470,#13471,#13472);
#13470 = CARTESIAN_POINT('',(113.38,-143.39,1.6));
#13471 = DIRECTION('',(-0.,0.,-1.));
#13472 = DIRECTION('',(-0.,-1.,0.));
#13473 = FACE_BOUND('',#13474,.T.);
#13474 = EDGE_LOOP('',(#13475));
#13475 = ORIENTED_EDGE('',*,*,#13476,.F.);
#13476 = EDGE_CURVE('',#13477,#13477,#13479,.T.);
#13477 = VERTEX_POINT('',#13478);
#13478 = CARTESIAN_POINT('',(98.05,-135.,1.6));
#13479 = CIRCLE('',#13480,1.55);
#13480 = AXIS2_PLACEMENT_3D('',#13481,#13482,#13483);
#13481 = CARTESIAN_POINT('',(96.5,-135.,1.6));
#13482 = DIRECTION('',(0.,0.,1.));
#13483 = DIRECTION('',(1.,0.,-0.));
#13484 = FACE_BOUND('',#13485,.T.);
#13485 = EDGE_LOOP('',(#13486));
#13486 = ORIENTED_EDGE('',*,*,#13487,.F.);
#13487 = EDGE_CURVE('',#13488,#13488,#13490,.T.);
#13488 = VERTEX_POINT('',#13489);
#13489 = CARTESIAN_POINT('',(106.05,-135.,1.6));
#13490 = CIRCLE('',#13491,1.55);
#13491 = AXIS2_PLACEMENT_3D('',#13492,#13493,#13494);
#13492 = CARTESIAN_POINT('',(104.5,-135.,1.6));
#13493 = DIRECTION('',(0.,0.,1.));
#13494 = DIRECTION('',(1.,0.,-0.));
#13495 = FACE_BOUND('',#13496,.T.);
#13496 = EDGE_LOOP('',(#13497));
#13497 = ORIENTED_EDGE('',*,*,#13498,.T.);
#13498 = EDGE_CURVE('',#13499,#13499,#13501,.T.);
#13499 = VERTEX_POINT('',#13500);
#13500 = CARTESIAN_POINT('',(113.38,-141.51,1.6));
#13501 = CIRCLE('',#13502,0.66);
#13502 = AXIS2_PLACEMENT_3D('',#13503,#13504,#13505);
#13503 = CARTESIAN_POINT('',(113.38,-140.85,1.6));
#13504 = DIRECTION('',(-0.,0.,-1.));
#13505 = DIRECTION('',(-0.,-1.,0.));
#13506 = FACE_BOUND('',#13507,.T.);
#13507 = EDGE_LOOP('',(#13508));
#13508 = ORIENTED_EDGE('',*,*,#13509,.T.);
#13509 = EDGE_CURVE('',#13510,#13510,#13512,.T.);
#13510 = VERTEX_POINT('',#13511);
#13511 = CARTESIAN_POINT('',(113.38,-138.97,1.6));
#13512 = CIRCLE('',#13513,0.66);
#13513 = AXIS2_PLACEMENT_3D('',#13514,#13515,#13516);
#13514 = CARTESIAN_POINT('',(113.38,-138.31,1.6));
#13515 = DIRECTION('',(-0.,0.,-1.));
#13516 = DIRECTION('',(-0.,-1.,0.));
#13517 = FACE_BOUND('',#13518,.T.);
#13518 = EDGE_LOOP('',(#13519));
#13519 = ORIENTED_EDGE('',*,*,#13520,.T.);
#13520 = EDGE_CURVE('',#13521,#13521,#13523,.T.);
#13521 = VERTEX_POINT('',#13522);
#13522 = CARTESIAN_POINT('',(113.38,-136.43,1.6));
#13523 = CIRCLE('',#13524,0.66);
#13524 = AXIS2_PLACEMENT_3D('',#13525,#13526,#13527);
#13525 = CARTESIAN_POINT('',(113.38,-135.77,1.6));
#13526 = DIRECTION('',(-0.,0.,-1.));
#13527 = DIRECTION('',(-0.,-1.,0.));
#13528 = FACE_BOUND('',#13529,.T.);
#13529 = EDGE_LOOP('',(#13530));
#13530 = ORIENTED_EDGE('',*,*,#13531,.T.);
#13531 = EDGE_CURVE('',#13532,#13532,#13534,.T.);
#13532 = VERTEX_POINT('',#13533);
#13533 = CARTESIAN_POINT('',(113.38,-133.89,1.6));
#13534 = CIRCLE('',#13535,0.66);
#13535 = AXIS2_PLACEMENT_3D('',#13536,#13537,#13538);
#13536 = CARTESIAN_POINT('',(113.38,-133.23,1.6));
#13537 = DIRECTION('',(-0.,0.,-1.));
#13538 = DIRECTION('',(-0.,-1.,0.));
#13539 = FACE_BOUND('',#13540,.T.);
#13540 = EDGE_LOOP('',(#13541));
#13541 = ORIENTED_EDGE('',*,*,#13542,.T.);
#13542 = EDGE_CURVE('',#13543,#13543,#13545,.T.);
#13543 = VERTEX_POINT('',#13544);
#13544 = CARTESIAN_POINT('',(113.38,-131.35,1.6));
#13545 = CIRCLE('',#13546,0.66);
#13546 = AXIS2_PLACEMENT_3D('',#13547,#13548,#13549);
#13547 = CARTESIAN_POINT('',(113.38,-130.69,1.6));
#13548 = DIRECTION('',(-0.,0.,-1.));
#13549 = DIRECTION('',(-0.,-1.,0.));
#13550 = FACE_BOUND('',#13551,.T.);
#13551 = EDGE_LOOP('',(#13552));
#13552 = ORIENTED_EDGE('',*,*,#13553,.T.);
#13553 = EDGE_CURVE('',#13554,#13554,#13556,.T.);
#13554 = VERTEX_POINT('',#13555);
#13555 = CARTESIAN_POINT('',(113.38,-128.81,1.6));
#13556 = CIRCLE('',#13557,0.66);
#13557 = AXIS2_PLACEMENT_3D('',#13558,#13559,#13560);
#13558 = CARTESIAN_POINT('',(113.38,-128.15,1.6));
#13559 = DIRECTION('',(-0.,0.,-1.));
#13560 = DIRECTION('',(-0.,-1.,0.));
#13561 = FACE_BOUND('',#13562,.T.);
#13562 = EDGE_LOOP('',(#13563));
#13563 = ORIENTED_EDGE('',*,*,#13564,.T.);
#13564 = EDGE_CURVE('',#13565,#13565,#13567,.T.);
#13565 = VERTEX_POINT('',#13566);
#13566 = CARTESIAN_POINT('',(93.5,-104.875,1.6));
#13567 = CIRCLE('',#13568,0.375);
#13568 = AXIS2_PLACEMENT_3D('',#13569,#13570,#13571);
#13569 = CARTESIAN_POINT('',(93.5,-104.5,1.6));
#13570 = DIRECTION('',(-0.,0.,-1.));
#13571 = DIRECTION('',(-0.,-1.,0.));
#13572 = FACE_BOUND('',#13573,.T.);
#13573 = EDGE_LOOP('',(#13574));
#13574 = ORIENTED_EDGE('',*,*,#13575,.T.);
#13575 = EDGE_CURVE('',#13576,#13576,#13578,.T.);
#13576 = VERTEX_POINT('',#13577);
#13577 = CARTESIAN_POINT('',(93.5,-102.875,1.6));
#13578 = CIRCLE('',#13579,0.375);
#13579 = AXIS2_PLACEMENT_3D('',#13580,#13581,#13582);
#13580 = CARTESIAN_POINT('',(93.5,-102.5,1.6));
#13581 = DIRECTION('',(-0.,0.,-1.));
#13582 = DIRECTION('',(-0.,-1.,0.));
#13583 = FACE_BOUND('',#13584,.T.);
#13584 = EDGE_LOOP('',(#13585));
#13585 = ORIENTED_EDGE('',*,*,#13586,.T.);
#13586 = EDGE_CURVE('',#13587,#13587,#13589,.T.);
#13587 = VERTEX_POINT('',#13588);
#13588 = CARTESIAN_POINT('',(113.38,-126.27,1.6));
#13589 = CIRCLE('',#13590,0.66);
#13590 = AXIS2_PLACEMENT_3D('',#13591,#13592,#13593);
#13591 = CARTESIAN_POINT('',(113.38,-125.61,1.6));
#13592 = DIRECTION('',(-0.,0.,-1.));
#13593 = DIRECTION('',(-0.,-1.,0.));
#13594 = FACE_BOUND('',#13595,.T.);
#13595 = EDGE_LOOP('',(#13596));
#13596 = ORIENTED_EDGE('',*,*,#13597,.T.);
#13597 = EDGE_CURVE('',#13598,#13598,#13600,.T.);
#13598 = VERTEX_POINT('',#13599);
#13599 = CARTESIAN_POINT('',(112.88,-117.02,1.6));
#13600 = CIRCLE('',#13601,0.51);
#13601 = AXIS2_PLACEMENT_3D('',#13602,#13603,#13604);
#13602 = CARTESIAN_POINT('',(112.88,-116.51,1.6));
#13603 = DIRECTION('',(-0.,0.,-1.));
#13604 = DIRECTION('',(-0.,-1.,0.));
#13605 = FACE_BOUND('',#13606,.T.);
#13606 = EDGE_LOOP('',(#13607));
#13607 = ORIENTED_EDGE('',*,*,#13608,.T.);
#13608 = EDGE_CURVE('',#13609,#13609,#13611,.T.);
#13609 = VERTEX_POINT('',#13610);
#13610 = CARTESIAN_POINT('',(115.42,-117.02,1.6));
#13611 = CIRCLE('',#13612,0.51);
#13612 = AXIS2_PLACEMENT_3D('',#13613,#13614,#13615);
#13613 = CARTESIAN_POINT('',(115.42,-116.51,1.6));
#13614 = DIRECTION('',(-0.,0.,-1.));
#13615 = DIRECTION('',(-0.,-1.,0.));
#13616 = FACE_BOUND('',#13617,.T.);
#13617 = EDGE_LOOP('',(#13618));
#13618 = ORIENTED_EDGE('',*,*,#13619,.T.);
#13619 = EDGE_CURVE('',#13620,#13620,#13622,.T.);
#13620 = VERTEX_POINT('',#13621);
#13621 = CARTESIAN_POINT('',(117.96,-117.02,1.6));
#13622 = CIRCLE('',#13623,0.51);
#13623 = AXIS2_PLACEMENT_3D('',#13624,#13625,#13626);
#13624 = CARTESIAN_POINT('',(117.96,-116.51,1.6));
#13625 = DIRECTION('',(-0.,0.,-1.));
#13626 = DIRECTION('',(-2.78644210102E-14,-1.,0.));
#13627 = FACE_BOUND('',#13628,.T.);
#13628 = EDGE_LOOP('',(#13629));
#13629 = ORIENTED_EDGE('',*,*,#13630,.F.);
#13630 = EDGE_CURVE('',#13631,#13631,#13633,.T.);
#13631 = VERTEX_POINT('',#13632);
#13632 = CARTESIAN_POINT('',(98.05,-111.,1.6));
#13633 = CIRCLE('',#13634,1.55);
#13634 = AXIS2_PLACEMENT_3D('',#13635,#13636,#13637);
#13635 = CARTESIAN_POINT('',(96.5,-111.,1.6));
#13636 = DIRECTION('',(0.,0.,1.));
#13637 = DIRECTION('',(1.,0.,-0.));
#13638 = FACE_BOUND('',#13639,.T.);
#13639 = EDGE_LOOP('',(#13640));
#13640 = ORIENTED_EDGE('',*,*,#13641,.F.);
#13641 = EDGE_CURVE('',#13642,#13642,#13644,.T.);
#13642 = VERTEX_POINT('',#13643);
#13643 = CARTESIAN_POINT('',(106.05,-111.,1.6));
#13644 = CIRCLE('',#13645,1.55);
#13645 = AXIS2_PLACEMENT_3D('',#13646,#13647,#13648);
#13646 = CARTESIAN_POINT('',(104.5,-111.,1.6));
#13647 = DIRECTION('',(0.,0.,1.));
#13648 = DIRECTION('',(1.,0.,-0.));
#13649 = FACE_BOUND('',#13650,.T.);
#13650 = EDGE_LOOP('',(#13651));
#13651 = ORIENTED_EDGE('',*,*,#13652,.T.);
#13652 = EDGE_CURVE('',#13653,#13653,#13655,.T.);
#13653 = VERTEX_POINT('',#13654);
#13654 = CARTESIAN_POINT('',(101.,-101.375,1.6));
#13655 = CIRCLE('',#13656,0.375);
#13656 = AXIS2_PLACEMENT_3D('',#13657,#13658,#13659);
#13657 = CARTESIAN_POINT('',(101.,-101.,1.6));
#13658 = DIRECTION('',(-0.,0.,-1.));
#13659 = DIRECTION('',(-0.,-1.,0.));
#13660 = FACE_BOUND('',#13661,.T.);
#13661 = EDGE_LOOP('',(#13662));
#13662 = ORIENTED_EDGE('',*,*,#13663,.T.);
#13663 = EDGE_CURVE('',#13664,#13664,#13666,.T.);
#13664 = VERTEX_POINT('',#13665);
#13665 = CARTESIAN_POINT('',(103.5,-101.375,1.6));
#13666 = CIRCLE('',#13667,0.375);
#13667 = AXIS2_PLACEMENT_3D('',#13668,#13669,#13670);
#13668 = CARTESIAN_POINT('',(103.5,-101.,1.6));
#13669 = DIRECTION('',(-0.,0.,-1.));
#13670 = DIRECTION('',(-0.,-1.,0.));
#13671 = FACE_BOUND('',#13672,.T.);
#13672 = EDGE_LOOP('',(#13673));
#13673 = ORIENTED_EDGE('',*,*,#13674,.T.);
#13674 = EDGE_CURVE('',#13675,#13675,#13677,.T.);
#13675 = VERTEX_POINT('',#13676);
#13676 = CARTESIAN_POINT('',(112.88,-114.48,1.6));
#13677 = CIRCLE('',#13678,0.51);
#13678 = AXIS2_PLACEMENT_3D('',#13679,#13680,#13681);
#13679 = CARTESIAN_POINT('',(112.88,-113.97,1.6));
#13680 = DIRECTION('',(-0.,0.,-1.));
#13681 = DIRECTION('',(-0.,-1.,0.));
#13682 = FACE_BOUND('',#13683,.T.);
#13683 = EDGE_LOOP('',(#13684));
#13684 = ORIENTED_EDGE('',*,*,#13685,.T.);
#13685 = EDGE_CURVE('',#13686,#13686,#13688,.T.);
#13686 = VERTEX_POINT('',#13687);
#13687 = CARTESIAN_POINT('',(112.88,-111.94,1.6));
#13688 = CIRCLE('',#13689,0.51);
#13689 = AXIS2_PLACEMENT_3D('',#13690,#13691,#13692);
#13690 = CARTESIAN_POINT('',(112.88,-111.43,1.6));
#13691 = DIRECTION('',(-0.,0.,-1.));
#13692 = DIRECTION('',(-0.,-1.,0.));
#13693 = FACE_BOUND('',#13694,.T.);
#13694 = EDGE_LOOP('',(#13695));
#13695 = ORIENTED_EDGE('',*,*,#13696,.T.);
#13696 = EDGE_CURVE('',#13697,#13697,#13699,.T.);
#13697 = VERTEX_POINT('',#13698);
#13698 = CARTESIAN_POINT('',(112.88,-109.4,1.6));
#13699 = CIRCLE('',#13700,0.51);
#13700 = AXIS2_PLACEMENT_3D('',#13701,#13702,#13703);
#13701 = CARTESIAN_POINT('',(112.88,-108.89,1.6));
#13702 = DIRECTION('',(-0.,0.,-1.));
#13703 = DIRECTION('',(-0.,-1.,0.));
#13704 = FACE_BOUND('',#13705,.T.);
#13705 = EDGE_LOOP('',(#13706));
#13706 = ORIENTED_EDGE('',*,*,#13707,.T.);
#13707 = EDGE_CURVE('',#13708,#13708,#13710,.T.);
#13708 = VERTEX_POINT('',#13709);
#13709 = CARTESIAN_POINT('',(112.88,-106.86,1.6));
#13710 = CIRCLE('',#13711,0.51);
#13711 = AXIS2_PLACEMENT_3D('',#13712,#13713,#13714);
#13712 = CARTESIAN_POINT('',(112.88,-106.35,1.6));
#13713 = DIRECTION('',(-0.,0.,-1.));
#13714 = DIRECTION('',(-0.,-1.,0.));
#13715 = FACE_BOUND('',#13716,.T.);
#13716 = EDGE_LOOP('',(#13717));
#13717 = ORIENTED_EDGE('',*,*,#13718,.T.);
#13718 = EDGE_CURVE('',#13719,#13719,#13721,.T.);
#13719 = VERTEX_POINT('',#13720);
#13720 = CARTESIAN_POINT('',(112.88,-104.32,1.6));
#13721 = CIRCLE('',#13722,0.51);
#13722 = AXIS2_PLACEMENT_3D('',#13723,#13724,#13725);
#13723 = CARTESIAN_POINT('',(112.88,-103.81,1.6));
#13724 = DIRECTION('',(-0.,0.,-1.));
#13725 = DIRECTION('',(-0.,-1.,0.));
#13726 = FACE_BOUND('',#13727,.T.);
#13727 = EDGE_LOOP('',(#13728));
#13728 = ORIENTED_EDGE('',*,*,#13729,.T.);
#13729 = EDGE_CURVE('',#13730,#13730,#13732,.T.);
#13730 = VERTEX_POINT('',#13731);
#13731 = CARTESIAN_POINT('',(112.88,-101.78,1.6));
#13732 = CIRCLE('',#13733,0.51);
#13733 = AXIS2_PLACEMENT_3D('',#13734,#13735,#13736);
#13734 = CARTESIAN_POINT('',(112.88,-101.27,1.6));
#13735 = DIRECTION('',(-0.,0.,-1.));
#13736 = DIRECTION('',(-0.,-1.,0.));
#13737 = FACE_BOUND('',#13738,.T.);
#13738 = EDGE_LOOP('',(#13739,#13749,#13757,#13765));
#13739 = ORIENTED_EDGE('',*,*,#13740,.F.);
#13740 = EDGE_CURVE('',#13741,#13743,#13745,.T.);
#13741 = VERTEX_POINT('',#13742);
#13742 = CARTESIAN_POINT('',(111.,-153.5,1.6));
#13743 = VERTEX_POINT('',#13744);
#13744 = CARTESIAN_POINT('',(132.,-153.5,1.6));
#13745 = LINE('',#13746,#13747);
#13746 = CARTESIAN_POINT('',(111.,-153.5,1.6));
#13747 = VECTOR('',#13748,1.);
#13748 = DIRECTION('',(1.,0.,0.));
#13749 = ORIENTED_EDGE('',*,*,#13750,.F.);
#13750 = EDGE_CURVE('',#13751,#13741,#13753,.T.);
#13751 = VERTEX_POINT('',#13752);
#13752 = CARTESIAN_POINT('',(111.,-150.,1.6));
#13753 = LINE('',#13754,#13755);
#13754 = CARTESIAN_POINT('',(111.,-150.,1.6));
#13755 = VECTOR('',#13756,1.);
#13756 = DIRECTION('',(0.,-1.,0.));
#13757 = ORIENTED_EDGE('',*,*,#13758,.F.);
#13758 = EDGE_CURVE('',#13759,#13751,#13761,.T.);
#13759 = VERTEX_POINT('',#13760);
#13760 = CARTESIAN_POINT('',(132.,-150.,1.6));
#13761 = LINE('',#13762,#13763);
#13762 = CARTESIAN_POINT('',(132.,-150.,1.6));
#13763 = VECTOR('',#13764,1.);
#13764 = DIRECTION('',(-1.,0.,0.));
#13765 = ORIENTED_EDGE('',*,*,#13766,.F.);
#13766 = EDGE_CURVE('',#13743,#13759,#13767,.T.);
#13767 = LINE('',#13768,#13769);
#13768 = CARTESIAN_POINT('',(132.,-153.5,1.6));
#13769 = VECTOR('',#13770,1.);
#13770 = DIRECTION('',(0.,1.,0.));
#13771 = FACE_BOUND('',#13772,.T.);
#13772 = EDGE_LOOP('',(#13773));
#13773 = ORIENTED_EDGE('',*,*,#13774,.T.);
#13774 = EDGE_CURVE('',#13775,#13775,#13777,.T.);
#13775 = VERTEX_POINT('',#13776);
#13776 = CARTESIAN_POINT('',(128.62,-144.05,1.6));
#13777 = CIRCLE('',#13778,0.66);
#13778 = AXIS2_PLACEMENT_3D('',#13779,#13780,#13781);
#13779 = CARTESIAN_POINT('',(128.62,-143.39,1.6));
#13780 = DIRECTION('',(-0.,0.,-1.));
#13781 = DIRECTION('',(-0.,-1.,0.));
#13782 = FACE_BOUND('',#13783,.T.);
#13783 = EDGE_LOOP('',(#13784));
#13784 = ORIENTED_EDGE('',*,*,#13785,.T.);
#13785 = EDGE_CURVE('',#13786,#13786,#13788,.T.);
#13786 = VERTEX_POINT('',#13787);
#13787 = CARTESIAN_POINT('',(139.25,-148.745,1.6));
#13788 = CIRCLE('',#13789,0.495);
#13789 = AXIS2_PLACEMENT_3D('',#13790,#13791,#13792);
#13790 = CARTESIAN_POINT('',(139.25,-148.25,1.6));
#13791 = DIRECTION('',(-0.,0.,-1.));
#13792 = DIRECTION('',(-0.,-1.,0.));
#13793 = FACE_BOUND('',#13794,.T.);
#13794 = EDGE_LOOP('',(#13795));
#13795 = ORIENTED_EDGE('',*,*,#13796,.T.);
#13796 = EDGE_CURVE('',#13797,#13797,#13799,.T.);
#13797 = VERTEX_POINT('',#13798);
#13798 = CARTESIAN_POINT('',(143.75,-148.745,1.6));
#13799 = CIRCLE('',#13800,0.495);
#13800 = AXIS2_PLACEMENT_3D('',#13801,#13802,#13803);
#13801 = CARTESIAN_POINT('',(143.75,-148.25,1.6));
#13802 = DIRECTION('',(-0.,0.,-1.));
#13803 = DIRECTION('',(-0.,-1.,0.));
#13804 = FACE_BOUND('',#13805,.T.);
#13805 = EDGE_LOOP('',(#13806));
#13806 = ORIENTED_EDGE('',*,*,#13807,.T.);
#13807 = EDGE_CURVE('',#13808,#13808,#13810,.T.);
#13808 = VERTEX_POINT('',#13809);
#13809 = CARTESIAN_POINT('',(139.25,-142.245,1.6));
#13810 = CIRCLE('',#13811,0.495);
#13811 = AXIS2_PLACEMENT_3D('',#13812,#13813,#13814);
#13812 = CARTESIAN_POINT('',(139.25,-141.75,1.6));
#13813 = DIRECTION('',(-0.,0.,-1.));
#13814 = DIRECTION('',(-0.,-1.,0.));
#13815 = FACE_BOUND('',#13816,.T.);
#13816 = EDGE_LOOP('',(#13817));
#13817 = ORIENTED_EDGE('',*,*,#13818,.T.);
#13818 = EDGE_CURVE('',#13819,#13819,#13821,.T.);
#13819 = VERTEX_POINT('',#13820);
#13820 = CARTESIAN_POINT('',(143.75,-142.245,1.6));
#13821 = CIRCLE('',#13822,0.495);
#13822 = AXIS2_PLACEMENT_3D('',#13823,#13824,#13825);
#13823 = CARTESIAN_POINT('',(143.75,-141.75,1.6));
#13824 = DIRECTION('',(-0.,0.,-1.));
#13825 = DIRECTION('',(-0.,-1.,0.));
#13826 = FACE_BOUND('',#13827,.T.);
#13827 = EDGE_LOOP('',(#13828));
#13828 = ORIENTED_EDGE('',*,*,#13829,.T.);
#13829 = EDGE_CURVE('',#13830,#13830,#13832,.T.);
#13830 = VERTEX_POINT('',#13831);
#13831 = CARTESIAN_POINT('',(128.62,-141.51,1.6));
#13832 = CIRCLE('',#13833,0.66);
#13833 = AXIS2_PLACEMENT_3D('',#13834,#13835,#13836);
#13834 = CARTESIAN_POINT('',(128.62,-140.85,1.6));
#13835 = DIRECTION('',(-0.,0.,-1.));
#13836 = DIRECTION('',(-0.,-1.,0.));
#13837 = FACE_BOUND('',#13838,.T.);
#13838 = EDGE_LOOP('',(#13839));
#13839 = ORIENTED_EDGE('',*,*,#13840,.T.);
#13840 = EDGE_CURVE('',#13841,#13841,#13843,.T.);
#13841 = VERTEX_POINT('',#13842);
#13842 = CARTESIAN_POINT('',(128.62,-138.97,1.6));
#13843 = CIRCLE('',#13844,0.66);
#13844 = AXIS2_PLACEMENT_3D('',#13845,#13846,#13847);
#13845 = CARTESIAN_POINT('',(128.62,-138.31,1.6));
#13846 = DIRECTION('',(-0.,0.,-1.));
#13847 = DIRECTION('',(-0.,-1.,0.));
#13848 = FACE_BOUND('',#13849,.T.);
#13849 = EDGE_LOOP('',(#13850));
#13850 = ORIENTED_EDGE('',*,*,#13851,.T.);
#13851 = EDGE_CURVE('',#13852,#13852,#13854,.T.);
#13852 = VERTEX_POINT('',#13853);
#13853 = CARTESIAN_POINT('',(128.62,-136.43,1.6));
#13854 = CIRCLE('',#13855,0.66);
#13855 = AXIS2_PLACEMENT_3D('',#13856,#13857,#13858);
#13856 = CARTESIAN_POINT('',(128.62,-135.77,1.6));
#13857 = DIRECTION('',(-0.,0.,-1.));
#13858 = DIRECTION('',(-0.,-1.,0.));
#13859 = FACE_BOUND('',#13860,.T.);
#13860 = EDGE_LOOP('',(#13861));
#13861 = ORIENTED_EDGE('',*,*,#13862,.T.);
#13862 = EDGE_CURVE('',#13863,#13863,#13865,.T.);
#13863 = VERTEX_POINT('',#13864);
#13864 = CARTESIAN_POINT('',(128.62,-133.89,1.6));
#13865 = CIRCLE('',#13866,0.66);
#13866 = AXIS2_PLACEMENT_3D('',#13867,#13868,#13869);
#13867 = CARTESIAN_POINT('',(128.62,-133.23,1.6));
#13868 = DIRECTION('',(-0.,0.,-1.));
#13869 = DIRECTION('',(-0.,-1.,0.));
#13870 = FACE_BOUND('',#13871,.T.);
#13871 = EDGE_LOOP('',(#13872));
#13872 = ORIENTED_EDGE('',*,*,#13873,.T.);
#13873 = EDGE_CURVE('',#13874,#13874,#13876,.T.);
#13874 = VERTEX_POINT('',#13875);
#13875 = CARTESIAN_POINT('',(128.62,-131.35,1.6));
#13876 = CIRCLE('',#13877,0.66);
#13877 = AXIS2_PLACEMENT_3D('',#13878,#13879,#13880);
#13878 = CARTESIAN_POINT('',(128.62,-130.69,1.6));
#13879 = DIRECTION('',(-0.,0.,-1.));
#13880 = DIRECTION('',(-0.,-1.,0.));
#13881 = FACE_BOUND('',#13882,.T.);
#13882 = EDGE_LOOP('',(#13883));
#13883 = ORIENTED_EDGE('',*,*,#13884,.T.);
#13884 = EDGE_CURVE('',#13885,#13885,#13887,.T.);
#13885 = VERTEX_POINT('',#13886);
#13886 = CARTESIAN_POINT('',(128.62,-128.81,1.6));
#13887 = CIRCLE('',#13888,0.66);
#13888 = AXIS2_PLACEMENT_3D('',#13889,#13890,#13891);
#13889 = CARTESIAN_POINT('',(128.62,-128.15,1.6));
#13890 = DIRECTION('',(-0.,0.,-1.));
#13891 = DIRECTION('',(-0.,-1.,0.));
#13892 = FACE_BOUND('',#13893,.T.);
#13893 = EDGE_LOOP('',(#13894));
#13894 = ORIENTED_EDGE('',*,*,#13895,.F.);
#13895 = EDGE_CURVE('',#13896,#13896,#13898,.T.);
#13896 = VERTEX_POINT('',#13897);
#13897 = CARTESIAN_POINT('',(138.05,-135.,1.6));
#13898 = CIRCLE('',#13899,1.55);
#13899 = AXIS2_PLACEMENT_3D('',#13900,#13901,#13902);
#13900 = CARTESIAN_POINT('',(136.5,-135.,1.6));
#13901 = DIRECTION('',(0.,0.,1.));
#13902 = DIRECTION('',(1.,0.,-0.));
#13903 = FACE_BOUND('',#13904,.T.);
#13904 = EDGE_LOOP('',(#13905));
#13905 = ORIENTED_EDGE('',*,*,#13906,.F.);
#13906 = EDGE_CURVE('',#13907,#13907,#13909,.T.);
#13907 = VERTEX_POINT('',#13908);
#13908 = CARTESIAN_POINT('',(149.55,-152.5,1.6));
#13909 = CIRCLE('',#13910,2.55);
#13910 = AXIS2_PLACEMENT_3D('',#13911,#13912,#13913);
#13911 = CARTESIAN_POINT('',(147.,-152.5,1.6));
#13912 = DIRECTION('',(0.,0.,1.));
#13913 = DIRECTION('',(1.,0.,-0.));
#13914 = FACE_BOUND('',#13915,.T.);
#13915 = EDGE_LOOP('',(#13916));
#13916 = ORIENTED_EDGE('',*,*,#13917,.T.);
#13917 = EDGE_CURVE('',#13918,#13918,#13920,.T.);
#13918 = VERTEX_POINT('',#13919);
#13919 = CARTESIAN_POINT('',(162.165,-151.22,1.6));
#13920 = CIRCLE('',#13921,0.45);
#13921 = AXIS2_PLACEMENT_3D('',#13922,#13923,#13924);
#13922 = CARTESIAN_POINT('',(162.165,-150.77,1.6));
#13923 = DIRECTION('',(-0.,0.,-1.));
#13924 = DIRECTION('',(-6.315935428979E-14,-1.,0.));
#13925 = FACE_BOUND('',#13926,.T.);
#13926 = EDGE_LOOP('',(#13927));
#13927 = ORIENTED_EDGE('',*,*,#13928,.T.);
#13928 = EDGE_CURVE('',#13929,#13929,#13931,.T.);
#13929 = VERTEX_POINT('',#13930);
#13930 = CARTESIAN_POINT('',(162.165,-148.68,1.6));
#13931 = CIRCLE('',#13932,0.45);
#13932 = AXIS2_PLACEMENT_3D('',#13933,#13934,#13935);
#13933 = CARTESIAN_POINT('',(162.165,-148.23,1.6));
#13934 = DIRECTION('',(-0.,0.,-1.));
#13935 = DIRECTION('',(-6.315935428979E-14,-1.,0.));
#13936 = FACE_BOUND('',#13937,.T.);
#13937 = EDGE_LOOP('',(#13938));
#13938 = ORIENTED_EDGE('',*,*,#13939,.F.);
#13939 = EDGE_CURVE('',#13940,#13940,#13942,.T.);
#13940 = VERTEX_POINT('',#13941);
#13941 = CARTESIAN_POINT('',(146.05,-135.,1.6));
#13942 = CIRCLE('',#13943,1.55);
#13943 = AXIS2_PLACEMENT_3D('',#13944,#13945,#13946);
#13944 = CARTESIAN_POINT('',(144.5,-135.,1.6));
#13945 = DIRECTION('',(0.,0.,1.));
#13946 = DIRECTION('',(1.,0.,-0.));
#13947 = FACE_BOUND('',#13948,.T.);
#13948 = EDGE_LOOP('',(#13949));
#13949 = ORIENTED_EDGE('',*,*,#13950,.T.);
#13950 = EDGE_CURVE('',#13951,#13951,#13953,.T.);
#13951 = VERTEX_POINT('',#13952);
#13952 = CARTESIAN_POINT('',(128.62,-126.27,1.6));
#13953 = CIRCLE('',#13954,0.66);
#13954 = AXIS2_PLACEMENT_3D('',#13955,#13956,#13957);
#13955 = CARTESIAN_POINT('',(128.62,-125.61,1.6));
#13956 = DIRECTION('',(-0.,0.,-1.));
#13957 = DIRECTION('',(-0.,-1.,0.));
#13958 = FACE_BOUND('',#13959,.T.);
#13959 = EDGE_LOOP('',(#13960));
#13960 = ORIENTED_EDGE('',*,*,#13961,.T.);
#13961 = EDGE_CURVE('',#13962,#13962,#13964,.T.);
#13962 = VERTEX_POINT('',#13963);
#13963 = CARTESIAN_POINT('',(120.5,-117.02,1.6));
#13964 = CIRCLE('',#13965,0.51);
#13965 = AXIS2_PLACEMENT_3D('',#13966,#13967,#13968);
#13966 = CARTESIAN_POINT('',(120.5,-116.51,1.6));
#13967 = DIRECTION('',(-0.,0.,-1.));
#13968 = DIRECTION('',(-0.,-1.,0.));
#13969 = FACE_BOUND('',#13970,.T.);
#13970 = EDGE_LOOP('',(#13971));
#13971 = ORIENTED_EDGE('',*,*,#13972,.T.);
#13972 = EDGE_CURVE('',#13973,#13973,#13975,.T.);
#13973 = VERTEX_POINT('',#13974);
#13974 = CARTESIAN_POINT('',(123.04,-117.02,1.6));
#13975 = CIRCLE('',#13976,0.51);
#13976 = AXIS2_PLACEMENT_3D('',#13977,#13978,#13979);
#13977 = CARTESIAN_POINT('',(123.04,-116.51,1.6));
#13978 = DIRECTION('',(-0.,0.,-1.));
#13979 = DIRECTION('',(2.78644210102E-14,-1.,-0.));
#13980 = FACE_BOUND('',#13981,.T.);
#13981 = EDGE_LOOP('',(#13982));
#13982 = ORIENTED_EDGE('',*,*,#13983,.T.);
#13983 = EDGE_CURVE('',#13984,#13984,#13986,.T.);
#13984 = VERTEX_POINT('',#13985);
#13985 = CARTESIAN_POINT('',(125.58,-117.02,1.6));
#13986 = CIRCLE('',#13987,0.51);
#13987 = AXIS2_PLACEMENT_3D('',#13988,#13989,#13990);
#13988 = CARTESIAN_POINT('',(125.58,-116.51,1.6));
#13989 = DIRECTION('',(-0.,0.,-1.));
#13990 = DIRECTION('',(-0.,-1.,0.));
#13991 = FACE_BOUND('',#13992,.T.);
#13992 = EDGE_LOOP('',(#13993));
#13993 = ORIENTED_EDGE('',*,*,#13994,.T.);
#13994 = EDGE_CURVE('',#13995,#13995,#13997,.T.);
#13995 = VERTEX_POINT('',#13996);
#13996 = CARTESIAN_POINT('',(128.12,-117.02,1.6));
#13997 = CIRCLE('',#13998,0.51);
#13998 = AXIS2_PLACEMENT_3D('',#13999,#14000,#14001);
#13999 = CARTESIAN_POINT('',(128.12,-116.51,1.6));
#14000 = DIRECTION('',(-0.,0.,-1.));
#14001 = DIRECTION('',(-0.,-1.,0.));
#14002 = FACE_BOUND('',#14003,.T.);
#14003 = EDGE_LOOP('',(#14004));
#14004 = ORIENTED_EDGE('',*,*,#14005,.T.);
#14005 = EDGE_CURVE('',#14006,#14006,#14008,.T.);
#14006 = VERTEX_POINT('',#14007);
#14007 = CARTESIAN_POINT('',(128.12,-114.48,1.6));
#14008 = CIRCLE('',#14009,0.51);
#14009 = AXIS2_PLACEMENT_3D('',#14010,#14011,#14012);
#14010 = CARTESIAN_POINT('',(128.12,-113.97,1.6));
#14011 = DIRECTION('',(-0.,0.,-1.));
#14012 = DIRECTION('',(-0.,-1.,0.));
#14013 = FACE_BOUND('',#14014,.T.);
#14014 = EDGE_LOOP('',(#14015));
#14015 = ORIENTED_EDGE('',*,*,#14016,.T.);
#14016 = EDGE_CURVE('',#14017,#14017,#14019,.T.);
#14017 = VERTEX_POINT('',#14018);
#14018 = CARTESIAN_POINT('',(128.12,-111.94,1.6));
#14019 = CIRCLE('',#14020,0.51);
#14020 = AXIS2_PLACEMENT_3D('',#14021,#14022,#14023);
#14021 = CARTESIAN_POINT('',(128.12,-111.43,1.6));
#14022 = DIRECTION('',(-0.,0.,-1.));
#14023 = DIRECTION('',(-0.,-1.,0.));
#14024 = FACE_BOUND('',#14025,.T.);
#14025 = EDGE_LOOP('',(#14026));
#14026 = ORIENTED_EDGE('',*,*,#14027,.T.);
#14027 = EDGE_CURVE('',#14028,#14028,#14030,.T.);
#14028 = VERTEX_POINT('',#14029);
#14029 = CARTESIAN_POINT('',(128.12,-109.4,1.6));
#14030 = CIRCLE('',#14031,0.51);
#14031 = AXIS2_PLACEMENT_3D('',#14032,#14033,#14034);
#14032 = CARTESIAN_POINT('',(128.12,-108.89,1.6));
#14033 = DIRECTION('',(-0.,0.,-1.));
#14034 = DIRECTION('',(-0.,-1.,0.));
#14035 = FACE_BOUND('',#14036,.T.);
#14036 = EDGE_LOOP('',(#14037));
#14037 = ORIENTED_EDGE('',*,*,#14038,.T.);
#14038 = EDGE_CURVE('',#14039,#14039,#14041,.T.);
#14039 = VERTEX_POINT('',#14040);
#14040 = CARTESIAN_POINT('',(128.12,-106.86,1.6));
#14041 = CIRCLE('',#14042,0.51);
#14042 = AXIS2_PLACEMENT_3D('',#14043,#14044,#14045);
#14043 = CARTESIAN_POINT('',(128.12,-106.35,1.6));
#14044 = DIRECTION('',(-0.,0.,-1.));
#14045 = DIRECTION('',(-0.,-1.,0.));
#14046 = FACE_BOUND('',#14047,.T.);
#14047 = EDGE_LOOP('',(#14048));
#14048 = ORIENTED_EDGE('',*,*,#14049,.T.);
#14049 = EDGE_CURVE('',#14050,#14050,#14052,.T.);
#14050 = VERTEX_POINT('',#14051);
#14051 = CARTESIAN_POINT('',(128.12,-104.32,1.6));
#14052 = CIRCLE('',#14053,0.51);
#14053 = AXIS2_PLACEMENT_3D('',#14054,#14055,#14056);
#14054 = CARTESIAN_POINT('',(128.12,-103.81,1.6));
#14055 = DIRECTION('',(-0.,0.,-1.));
#14056 = DIRECTION('',(-0.,-1.,0.));
#14057 = FACE_BOUND('',#14058,.T.);
#14058 = EDGE_LOOP('',(#14059));
#14059 = ORIENTED_EDGE('',*,*,#14060,.T.);
#14060 = EDGE_CURVE('',#14061,#14061,#14063,.T.);
#14061 = VERTEX_POINT('',#14062);
#14062 = CARTESIAN_POINT('',(128.12,-101.78,1.6));
#14063 = CIRCLE('',#14064,0.51);
#14064 = AXIS2_PLACEMENT_3D('',#14065,#14066,#14067);
#14065 = CARTESIAN_POINT('',(128.12,-101.27,1.6));
#14066 = DIRECTION('',(-0.,0.,-1.));
#14067 = DIRECTION('',(-0.,-1.,0.));
#14068 = FACE_BOUND('',#14069,.T.);
#14069 = EDGE_LOOP('',(#14070));
#14070 = ORIENTED_EDGE('',*,*,#14071,.F.);
#14071 = EDGE_CURVE('',#14072,#14072,#14074,.T.);
#14072 = VERTEX_POINT('',#14073);
#14073 = CARTESIAN_POINT('',(138.05,-111.,1.6));
#14074 = CIRCLE('',#14075,1.55);
#14075 = AXIS2_PLACEMENT_3D('',#14076,#14077,#14078);
#14076 = CARTESIAN_POINT('',(136.5,-111.,1.6));
#14077 = DIRECTION('',(0.,0.,1.));
#14078 = DIRECTION('',(1.,0.,-0.));
#14079 = FACE_BOUND('',#14080,.T.);
#14080 = EDGE_LOOP('',(#14081));
#14081 = ORIENTED_EDGE('',*,*,#14082,.T.);
#14082 = EDGE_CURVE('',#14083,#14083,#14085,.T.);
#14083 = VERTEX_POINT('',#14084);
#14084 = CARTESIAN_POINT('',(136.,-101.375,1.6));
#14085 = CIRCLE('',#14086,0.375);
#14086 = AXIS2_PLACEMENT_3D('',#14087,#14088,#14089);
#14087 = CARTESIAN_POINT('',(136.,-101.,1.6));
#14088 = DIRECTION('',(-0.,0.,-1.));
#14089 = DIRECTION('',(-0.,-1.,0.));
#14090 = FACE_BOUND('',#14091,.T.);
#14091 = EDGE_LOOP('',(#14092));
#14092 = ORIENTED_EDGE('',*,*,#14093,.T.);
#14093 = EDGE_CURVE('',#14094,#14094,#14096,.T.);
#14094 = VERTEX_POINT('',#14095);
#14095 = CARTESIAN_POINT('',(138.5,-101.375,1.6));
#14096 = CIRCLE('',#14097,0.375);
#14097 = AXIS2_PLACEMENT_3D('',#14098,#14099,#14100);
#14098 = CARTESIAN_POINT('',(138.5,-101.,1.6));
#14099 = DIRECTION('',(-0.,0.,-1.));
#14100 = DIRECTION('',(-0.,-1.,0.));
#14101 = FACE_BOUND('',#14102,.T.);
#14102 = EDGE_LOOP('',(#14103));
#14103 = ORIENTED_EDGE('',*,*,#14104,.F.);
#14104 = EDGE_CURVE('',#14105,#14105,#14107,.T.);
#14105 = VERTEX_POINT('',#14106);
#14106 = CARTESIAN_POINT('',(146.05,-111.,1.6));
#14107 = CIRCLE('',#14108,1.55);
#14108 = AXIS2_PLACEMENT_3D('',#14109,#14110,#14111);
#14109 = CARTESIAN_POINT('',(144.5,-111.,1.6));
#14110 = DIRECTION('',(0.,0.,1.));
#14111 = DIRECTION('',(1.,0.,-0.));
#14112 = FACE_BOUND('',#14113,.T.);
#14113 = EDGE_LOOP('',(#14114));
#14114 = ORIENTED_EDGE('',*,*,#14115,.T.);
#14115 = EDGE_CURVE('',#14116,#14116,#14118,.T.);
#14116 = VERTEX_POINT('',#14117);
#14117 = CARTESIAN_POINT('',(147.,-104.875,1.6));
#14118 = CIRCLE('',#14119,0.375);
#14119 = AXIS2_PLACEMENT_3D('',#14120,#14121,#14122);
#14120 = CARTESIAN_POINT('',(147.,-104.5,1.6));
#14121 = DIRECTION('',(-0.,0.,-1.));
#14122 = DIRECTION('',(-0.,-1.,0.));
#14123 = FACE_BOUND('',#14124,.T.);
#14124 = EDGE_LOOP('',(#14125));
#14125 = ORIENTED_EDGE('',*,*,#14126,.T.);
#14126 = EDGE_CURVE('',#14127,#14127,#14129,.T.);
#14127 = VERTEX_POINT('',#14128);
#14128 = CARTESIAN_POINT('',(147.,-102.875,1.6));
#14129 = CIRCLE('',#14130,0.375);
#14130 = AXIS2_PLACEMENT_3D('',#14131,#14132,#14133);
#14131 = CARTESIAN_POINT('',(147.,-102.5,1.6));
#14132 = DIRECTION('',(-0.,0.,-1.));
#14133 = DIRECTION('',(-0.,-1.,0.));
#14134 = FACE_BOUND('',#14135,.T.);
#14135 = EDGE_LOOP('',(#14136));
#14136 = ORIENTED_EDGE('',*,*,#14137,.T.);
#14137 = EDGE_CURVE('',#14138,#14138,#14140,.T.);
#14138 = VERTEX_POINT('',#14139);
#14139 = CARTESIAN_POINT('',(78.,-95.5,1.6));
#14140 = CIRCLE('',#14141,0.5);
#14141 = AXIS2_PLACEMENT_3D('',#14142,#14143,#14144);
#14142 = CARTESIAN_POINT('',(78.,-95.,1.6));
#14143 = DIRECTION('',(-0.,0.,-1.));
#14144 = DIRECTION('',(-0.,-1.,0.));
#14145 = FACE_BOUND('',#14146,.T.);
#14146 = EDGE_LOOP('',(#14147));
#14147 = ORIENTED_EDGE('',*,*,#14148,.T.);
#14148 = EDGE_CURVE('',#14149,#14149,#14151,.T.);
#14149 = VERTEX_POINT('',#14150);
#14150 = CARTESIAN_POINT('',(74.28,-93.6,1.6));
#14151 = CIRCLE('',#14152,0.5);
#14152 = AXIS2_PLACEMENT_3D('',#14153,#14154,#14155);
#14153 = CARTESIAN_POINT('',(74.28,-93.1,1.6));
#14154 = DIRECTION('',(-0.,0.,-1.));
#14155 = DIRECTION('',(-0.,-1.,0.));
#14156 = FACE_BOUND('',#14157,.T.);
#14157 = EDGE_LOOP('',(#14158));
#14158 = ORIENTED_EDGE('',*,*,#14159,.T.);
#14159 = EDGE_CURVE('',#14160,#14160,#14162,.T.);
#14160 = VERTEX_POINT('',#14161);
#14161 = CARTESIAN_POINT('',(73.65,-91.6,1.6));
#14162 = CIRCLE('',#14163,1.25);
#14163 = AXIS2_PLACEMENT_3D('',#14164,#14165,#14166);
#14164 = CARTESIAN_POINT('',(73.65,-90.35,1.6));
#14165 = DIRECTION('',(-0.,0.,-1.));
#14166 = DIRECTION('',(-0.,-1.,0.));
#14167 = FACE_BOUND('',#14168,.T.);
#14168 = EDGE_LOOP('',(#14169));
#14169 = ORIENTED_EDGE('',*,*,#14170,.T.);
#14170 = EDGE_CURVE('',#14171,#14171,#14173,.T.);
#14171 = VERTEX_POINT('',#14172);
#14172 = CARTESIAN_POINT('',(76.82,-93.6,1.6));
#14173 = CIRCLE('',#14174,0.5);
#14174 = AXIS2_PLACEMENT_3D('',#14175,#14176,#14177);
#14175 = CARTESIAN_POINT('',(76.82,-93.1,1.6));
#14176 = DIRECTION('',(-0.,0.,-1.));
#14177 = DIRECTION('',(-0.,-1.,0.));
#14178 = FACE_BOUND('',#14179,.T.);
#14179 = EDGE_LOOP('',(#14180));
#14180 = ORIENTED_EDGE('',*,*,#14181,.T.);
#14181 = EDGE_CURVE('',#14182,#14182,#14184,.T.);
#14182 = VERTEX_POINT('',#14183);
#14183 = CARTESIAN_POINT('',(77.45,-91.6,1.6));
#14184 = CIRCLE('',#14185,1.25);
#14185 = AXIS2_PLACEMENT_3D('',#14186,#14187,#14188);
#14186 = CARTESIAN_POINT('',(77.45,-90.35,1.6));
#14187 = DIRECTION('',(-0.,0.,-1.));
#14188 = DIRECTION('',(-0.,-1.,0.));
#14189 = FACE_BOUND('',#14190,.T.);
#14190 = EDGE_LOOP('',(#14191));
#14191 = ORIENTED_EDGE('',*,*,#14192,.T.);
#14192 = EDGE_CURVE('',#14193,#14193,#14195,.T.);
#14193 = VERTEX_POINT('',#14194);
#14194 = CARTESIAN_POINT('',(74.28,-88.1,1.6));
#14195 = CIRCLE('',#14196,0.5);
#14196 = AXIS2_PLACEMENT_3D('',#14197,#14198,#14199);
#14197 = CARTESIAN_POINT('',(74.28,-87.6,1.6));
#14198 = DIRECTION('',(-0.,0.,-1.));
#14199 = DIRECTION('',(-0.,-1.,0.));
#14200 = FACE_BOUND('',#14201,.T.);
#14201 = EDGE_LOOP('',(#14202));
#14202 = ORIENTED_EDGE('',*,*,#14203,.T.);
#14203 = EDGE_CURVE('',#14204,#14204,#14206,.T.);
#14204 = VERTEX_POINT('',#14205);
#14205 = CARTESIAN_POINT('',(76.82,-88.1,1.6));
#14206 = CIRCLE('',#14207,0.5);
#14207 = AXIS2_PLACEMENT_3D('',#14208,#14209,#14210);
#14208 = CARTESIAN_POINT('',(76.82,-87.6,1.6));
#14209 = DIRECTION('',(-0.,0.,-1.));
#14210 = DIRECTION('',(-0.,-1.,0.));
#14211 = FACE_BOUND('',#14212,.T.);
#14212 = EDGE_LOOP('',(#14213));
#14213 = ORIENTED_EDGE('',*,*,#14214,.F.);
#14214 = EDGE_CURVE('',#14215,#14215,#14217,.T.);
#14215 = VERTEX_POINT('',#14216);
#14216 = CARTESIAN_POINT('',(86.55,-91.,1.6));
#14217 = CIRCLE('',#14218,2.55);
#14218 = AXIS2_PLACEMENT_3D('',#14219,#14220,#14221);
#14219 = CARTESIAN_POINT('',(84.,-91.,1.6));
#14220 = DIRECTION('',(0.,0.,1.));
#14221 = DIRECTION('',(1.,0.,-0.));
#14222 = FACE_BOUND('',#14223,.T.);
#14223 = EDGE_LOOP('',(#14224));
#14224 = ORIENTED_EDGE('',*,*,#14225,.T.);
#14225 = EDGE_CURVE('',#14226,#14226,#14228,.T.);
#14226 = VERTEX_POINT('',#14227);
#14227 = CARTESIAN_POINT('',(95.81,-77.375,1.6));
#14228 = CIRCLE('',#14229,0.375);
#14229 = AXIS2_PLACEMENT_3D('',#14230,#14231,#14232);
#14230 = CARTESIAN_POINT('',(95.81,-77.,1.6));
#14231 = DIRECTION('',(-0.,0.,-1.));
#14232 = DIRECTION('',(-0.,-1.,0.));
#14233 = FACE_BOUND('',#14234,.T.);
#14234 = EDGE_LOOP('',(#14235));
#14235 = ORIENTED_EDGE('',*,*,#14236,.T.);
#14236 = EDGE_CURVE('',#14237,#14237,#14239,.T.);
#14237 = VERTEX_POINT('',#14238);
#14238 = CARTESIAN_POINT('',(95.81,-74.875,1.6));
#14239 = CIRCLE('',#14240,0.375);
#14240 = AXIS2_PLACEMENT_3D('',#14241,#14242,#14243);
#14241 = CARTESIAN_POINT('',(95.81,-74.5,1.6));
#14242 = DIRECTION('',(-0.,0.,-1.));
#14243 = DIRECTION('',(-0.,-1.,0.));
#14244 = FACE_BOUND('',#14245,.T.);
#14245 = EDGE_LOOP('',(#14246));
#14246 = ORIENTED_EDGE('',*,*,#14247,.T.);
#14247 = EDGE_CURVE('',#14248,#14248,#14250,.T.);
#14248 = VERTEX_POINT('',#14249);
#14249 = CARTESIAN_POINT('',(101.,-89.375,1.6));
#14250 = CIRCLE('',#14251,0.375);
#14251 = AXIS2_PLACEMENT_3D('',#14252,#14253,#14254);
#14252 = CARTESIAN_POINT('',(101.,-89.,1.6));
#14253 = DIRECTION('',(-0.,0.,-1.));
#14254 = DIRECTION('',(-0.,-1.,0.));
#14255 = FACE_BOUND('',#14256,.T.);
#14256 = EDGE_LOOP('',(#14257));
#14257 = ORIENTED_EDGE('',*,*,#14258,.T.);
#14258 = EDGE_CURVE('',#14259,#14259,#14261,.T.);
#14259 = VERTEX_POINT('',#14260);
#14260 = CARTESIAN_POINT('',(103.5,-89.375,1.6));
#14261 = CIRCLE('',#14262,0.375);
#14262 = AXIS2_PLACEMENT_3D('',#14263,#14264,#14265);
#14263 = CARTESIAN_POINT('',(103.5,-89.,1.6));
#14264 = DIRECTION('',(-0.,0.,-1.));
#14265 = DIRECTION('',(-0.,-1.,0.));
#14266 = FACE_BOUND('',#14267,.T.);
#14267 = EDGE_LOOP('',(#14268));
#14268 = ORIENTED_EDGE('',*,*,#14269,.T.);
#14269 = EDGE_CURVE('',#14270,#14270,#14272,.T.);
#14270 = VERTEX_POINT('',#14271);
#14271 = CARTESIAN_POINT('',(112.88,-99.24,1.6));
#14272 = CIRCLE('',#14273,0.51);
#14273 = AXIS2_PLACEMENT_3D('',#14274,#14275,#14276);
#14274 = CARTESIAN_POINT('',(112.88,-98.73,1.6));
#14275 = DIRECTION('',(-0.,0.,-1.));
#14276 = DIRECTION('',(-0.,-1.,0.));
#14277 = FACE_BOUND('',#14278,.T.);
#14278 = EDGE_LOOP('',(#14279));
#14279 = ORIENTED_EDGE('',*,*,#14280,.T.);
#14280 = EDGE_CURVE('',#14281,#14281,#14283,.T.);
#14281 = VERTEX_POINT('',#14282);
#14282 = CARTESIAN_POINT('',(112.88,-96.7,1.6));
#14283 = CIRCLE('',#14284,0.51);
#14284 = AXIS2_PLACEMENT_3D('',#14285,#14286,#14287);
#14285 = CARTESIAN_POINT('',(112.88,-96.19,1.6));
#14286 = DIRECTION('',(-0.,0.,-1.));
#14287 = DIRECTION('',(-0.,-1.,0.));
#14288 = FACE_BOUND('',#14289,.T.);
#14289 = EDGE_LOOP('',(#14290));
#14290 = ORIENTED_EDGE('',*,*,#14291,.T.);
#14291 = EDGE_CURVE('',#14292,#14292,#14294,.T.);
#14292 = VERTEX_POINT('',#14293);
#14293 = CARTESIAN_POINT('',(112.88,-94.16,1.6));
#14294 = CIRCLE('',#14295,0.51);
#14295 = AXIS2_PLACEMENT_3D('',#14296,#14297,#14298);
#14296 = CARTESIAN_POINT('',(112.88,-93.65,1.6));
#14297 = DIRECTION('',(-0.,0.,-1.));
#14298 = DIRECTION('',(-0.,-1.,0.));
#14299 = FACE_BOUND('',#14300,.T.);
#14300 = EDGE_LOOP('',(#14301));
#14301 = ORIENTED_EDGE('',*,*,#14302,.T.);
#14302 = EDGE_CURVE('',#14303,#14303,#14305,.T.);
#14303 = VERTEX_POINT('',#14304);
#14304 = CARTESIAN_POINT('',(112.88,-91.62,1.6));
#14305 = CIRCLE('',#14306,0.51);
#14306 = AXIS2_PLACEMENT_3D('',#14307,#14308,#14309);
#14307 = CARTESIAN_POINT('',(112.88,-91.11,1.6));
#14308 = DIRECTION('',(-0.,0.,-1.));
#14309 = DIRECTION('',(-0.,-1.,0.));
#14310 = FACE_BOUND('',#14311,.T.);
#14311 = EDGE_LOOP('',(#14312));
#14312 = ORIENTED_EDGE('',*,*,#14313,.T.);
#14313 = EDGE_CURVE('',#14314,#14314,#14316,.T.);
#14314 = VERTEX_POINT('',#14315);
#14315 = CARTESIAN_POINT('',(112.88,-89.08,1.6));
#14316 = CIRCLE('',#14317,0.51);
#14317 = AXIS2_PLACEMENT_3D('',#14318,#14319,#14320);
#14318 = CARTESIAN_POINT('',(112.88,-88.57,1.6));
#14319 = DIRECTION('',(-0.,0.,-1.));
#14320 = DIRECTION('',(-0.,-1.,0.));
#14321 = FACE_BOUND('',#14322,.T.);
#14322 = EDGE_LOOP('',(#14323));
#14323 = ORIENTED_EDGE('',*,*,#14324,.T.);
#14324 = EDGE_CURVE('',#14325,#14325,#14327,.T.);
#14325 = VERTEX_POINT('',#14326);
#14326 = CARTESIAN_POINT('',(112.88,-86.54,1.6));
#14327 = CIRCLE('',#14328,0.51);
#14328 = AXIS2_PLACEMENT_3D('',#14329,#14330,#14331);
#14329 = CARTESIAN_POINT('',(112.88,-86.03,1.6));
#14330 = DIRECTION('',(-0.,0.,-1.));
#14331 = DIRECTION('',(-0.,-1.,0.));
#14332 = FACE_BOUND('',#14333,.T.);
#14333 = EDGE_LOOP('',(#14334));
#14334 = ORIENTED_EDGE('',*,*,#14335,.T.);
#14335 = EDGE_CURVE('',#14336,#14336,#14338,.T.);
#14336 = VERTEX_POINT('',#14337);
#14337 = CARTESIAN_POINT('',(112.88,-84.,1.6));
#14338 = CIRCLE('',#14339,0.51);
#14339 = AXIS2_PLACEMENT_3D('',#14340,#14341,#14342);
#14340 = CARTESIAN_POINT('',(112.88,-83.49,1.6));
#14341 = DIRECTION('',(-0.,0.,-1.));
#14342 = DIRECTION('',(-0.,-1.,0.));
#14343 = FACE_BOUND('',#14344,.T.);
#14344 = EDGE_LOOP('',(#14345));
#14345 = ORIENTED_EDGE('',*,*,#14346,.T.);
#14346 = EDGE_CURVE('',#14347,#14347,#14349,.T.);
#14347 = VERTEX_POINT('',#14348);
#14348 = CARTESIAN_POINT('',(109.42,-76.855,1.6));
#14349 = CIRCLE('',#14350,0.355);
#14350 = AXIS2_PLACEMENT_3D('',#14351,#14352,#14353);
#14351 = CARTESIAN_POINT('',(109.42,-76.5,1.6));
#14352 = DIRECTION('',(-0.,0.,-1.));
#14353 = DIRECTION('',(-0.,-1.,0.));
#14354 = FACE_BOUND('',#14355,.T.);
#14355 = EDGE_LOOP('',(#14356));
#14356 = ORIENTED_EDGE('',*,*,#14357,.T.);
#14357 = EDGE_CURVE('',#14358,#14358,#14360,.T.);
#14358 = VERTEX_POINT('',#14359);
#14359 = CARTESIAN_POINT('',(114.5,-76.855,1.6));
#14360 = CIRCLE('',#14361,0.355);
#14361 = AXIS2_PLACEMENT_3D('',#14362,#14363,#14364);
#14362 = CARTESIAN_POINT('',(114.5,-76.5,1.6));
#14363 = DIRECTION('',(-0.,0.,-1.));
#14364 = DIRECTION('',(-0.,-1.,0.));
#14365 = FACE_BOUND('',#14366,.T.);
#14366 = EDGE_LOOP('',(#14367));
#14367 = ORIENTED_EDGE('',*,*,#14368,.T.);
#14368 = EDGE_CURVE('',#14369,#14369,#14371,.T.);
#14369 = VERTEX_POINT('',#14370);
#14370 = CARTESIAN_POINT('',(90.33,-62.,1.6));
#14371 = CIRCLE('',#14372,1.25);
#14372 = AXIS2_PLACEMENT_3D('',#14373,#14374,#14375);
#14373 = CARTESIAN_POINT('',(90.33,-60.75,1.6));
#14374 = DIRECTION('',(-0.,0.,-1.));
#14375 = DIRECTION('',(-0.,-1.,0.));
#14376 = FACE_BOUND('',#14377,.T.);
#14377 = EDGE_LOOP('',(#14378));
#14378 = ORIENTED_EDGE('',*,*,#14379,.T.);
#14379 = EDGE_CURVE('',#14380,#14380,#14382,.T.);
#14380 = VERTEX_POINT('',#14381);
#14381 = CARTESIAN_POINT('',(90.96,-64.,1.6));
#14382 = CIRCLE('',#14383,0.5);
#14383 = AXIS2_PLACEMENT_3D('',#14384,#14385,#14386);
#14384 = CARTESIAN_POINT('',(90.96,-63.5,1.6));
#14385 = DIRECTION('',(-0.,0.,-1.));
#14386 = DIRECTION('',(-0.,-1.,0.));
#14387 = FACE_BOUND('',#14388,.T.);
#14388 = EDGE_LOOP('',(#14389));
#14389 = ORIENTED_EDGE('',*,*,#14390,.T.);
#14390 = EDGE_CURVE('',#14391,#14391,#14393,.T.);
#14391 = VERTEX_POINT('',#14392);
#14392 = CARTESIAN_POINT('',(94.68,-65.9,1.6));
#14393 = CIRCLE('',#14394,0.5);
#14394 = AXIS2_PLACEMENT_3D('',#14395,#14396,#14397);
#14395 = CARTESIAN_POINT('',(94.68,-65.4,1.6));
#14396 = DIRECTION('',(-0.,0.,-1.));
#14397 = DIRECTION('',(-0.,-1.,0.));
#14398 = FACE_BOUND('',#14399,.T.);
#14399 = EDGE_LOOP('',(#14400));
#14400 = ORIENTED_EDGE('',*,*,#14401,.T.);
#14401 = EDGE_CURVE('',#14402,#14402,#14404,.T.);
#14402 = VERTEX_POINT('',#14403);
#14403 = CARTESIAN_POINT('',(93.5,-64.,1.6));
#14404 = CIRCLE('',#14405,0.5);
#14405 = AXIS2_PLACEMENT_3D('',#14406,#14407,#14408);
#14406 = CARTESIAN_POINT('',(93.5,-63.5,1.6));
#14407 = DIRECTION('',(-0.,0.,-1.));
#14408 = DIRECTION('',(-0.,-1.,0.));
#14409 = FACE_BOUND('',#14410,.T.);
#14410 = EDGE_LOOP('',(#14411));
#14411 = ORIENTED_EDGE('',*,*,#14412,.T.);
#14412 = EDGE_CURVE('',#14413,#14413,#14415,.T.);
#14413 = VERTEX_POINT('',#14414);
#14414 = CARTESIAN_POINT('',(94.13,-62.,1.6));
#14415 = CIRCLE('',#14416,1.25);
#14416 = AXIS2_PLACEMENT_3D('',#14417,#14418,#14419);
#14417 = CARTESIAN_POINT('',(94.13,-60.75,1.6));
#14418 = DIRECTION('',(-0.,0.,-1.));
#14419 = DIRECTION('',(-0.,-1.,0.));
#14420 = FACE_BOUND('',#14421,.T.);
#14421 = EDGE_LOOP('',(#14422));
#14422 = ORIENTED_EDGE('',*,*,#14423,.T.);
#14423 = EDGE_CURVE('',#14424,#14424,#14426,.T.);
#14424 = VERTEX_POINT('',#14425);
#14425 = CARTESIAN_POINT('',(90.96,-58.5,1.6));
#14426 = CIRCLE('',#14427,0.5);
#14427 = AXIS2_PLACEMENT_3D('',#14428,#14429,#14430);
#14428 = CARTESIAN_POINT('',(90.96,-58.,1.6));
#14429 = DIRECTION('',(-0.,0.,-1.));
#14430 = DIRECTION('',(-0.,-1.,0.));
#14431 = FACE_BOUND('',#14432,.T.);
#14432 = EDGE_LOOP('',(#14433));
#14433 = ORIENTED_EDGE('',*,*,#14434,.T.);
#14434 = EDGE_CURVE('',#14435,#14435,#14437,.T.);
#14435 = VERTEX_POINT('',#14436);
#14436 = CARTESIAN_POINT('',(93.5,-58.5,1.6));
#14437 = CIRCLE('',#14438,0.5);
#14438 = AXIS2_PLACEMENT_3D('',#14439,#14440,#14441);
#14439 = CARTESIAN_POINT('',(93.5,-58.,1.6));
#14440 = DIRECTION('',(-0.,0.,-1.));
#14441 = DIRECTION('',(-0.,-1.,0.));
#14442 = FACE_BOUND('',#14443,.T.);
#14443 = EDGE_LOOP('',(#14444));
#14444 = ORIENTED_EDGE('',*,*,#14445,.T.);
#14445 = EDGE_CURVE('',#14446,#14446,#14448,.T.);
#14446 = VERTEX_POINT('',#14447);
#14447 = CARTESIAN_POINT('',(111.22,-72.2816,1.6));
#14448 = CIRCLE('',#14449,0.5);
#14449 = AXIS2_PLACEMENT_3D('',#14450,#14451,#14452);
#14450 = CARTESIAN_POINT('',(111.22,-71.7816,1.6));
#14451 = DIRECTION('',(-0.,0.,-1.));
#14452 = DIRECTION('',(-0.,-1.,0.));
#14453 = FACE_BOUND('',#14454,.T.);
#14454 = EDGE_LOOP('',(#14455));
#14455 = ORIENTED_EDGE('',*,*,#14456,.T.);
#14456 = EDGE_CURVE('',#14457,#14457,#14459,.T.);
#14457 = VERTEX_POINT('',#14458);
#14458 = CARTESIAN_POINT('',(113.76,-72.2816,1.6));
#14459 = CIRCLE('',#14460,0.5);
#14460 = AXIS2_PLACEMENT_3D('',#14461,#14462,#14463);
#14461 = CARTESIAN_POINT('',(113.76,-71.7816,1.6));
#14462 = DIRECTION('',(-0.,0.,-1.));
#14463 = DIRECTION('',(-0.,-1.,0.));
#14464 = FACE_BOUND('',#14465,.T.);
#14465 = EDGE_LOOP('',(#14466));
#14466 = ORIENTED_EDGE('',*,*,#14467,.T.);
#14467 = EDGE_CURVE('',#14468,#14468,#14470,.T.);
#14468 = VERTEX_POINT('',#14469);
#14469 = CARTESIAN_POINT('',(116.3,-72.2816,1.6));
#14470 = CIRCLE('',#14471,0.5);
#14471 = AXIS2_PLACEMENT_3D('',#14472,#14473,#14474);
#14472 = CARTESIAN_POINT('',(116.3,-71.7816,1.6));
#14473 = DIRECTION('',(-0.,0.,-1.));
#14474 = DIRECTION('',(-0.,-1.,0.));
#14475 = FACE_BOUND('',#14476,.T.);
#14476 = EDGE_LOOP('',(#14477));
#14477 = ORIENTED_EDGE('',*,*,#14478,.T.);
#14478 = EDGE_CURVE('',#14479,#14479,#14481,.T.);
#14479 = VERTEX_POINT('',#14480);
#14480 = CARTESIAN_POINT('',(118.84,-72.2816,1.6));
#14481 = CIRCLE('',#14482,0.5);
#14482 = AXIS2_PLACEMENT_3D('',#14483,#14484,#14485);
#14483 = CARTESIAN_POINT('',(118.84,-71.7816,1.6));
#14484 = DIRECTION('',(-0.,0.,-1.));
#14485 = DIRECTION('',(-0.,-1.,0.));
#14486 = FACE_BOUND('',#14487,.T.);
#14487 = EDGE_LOOP('',(#14488));
#14488 = ORIENTED_EDGE('',*,*,#14489,.F.);
#14489 = EDGE_CURVE('',#14490,#14490,#14492,.T.);
#14490 = VERTEX_POINT('',#14491);
#14491 = CARTESIAN_POINT('',(115.9,-60.,1.6));
#14492 = CIRCLE('',#14493,2.55);
#14493 = AXIS2_PLACEMENT_3D('',#14494,#14495,#14496);
#14494 = CARTESIAN_POINT('',(113.35,-60.,1.6));
#14495 = DIRECTION('',(0.,0.,1.));
#14496 = DIRECTION('',(1.,0.,-0.));
#14497 = FACE_BOUND('',#14498,.T.);
#14498 = EDGE_LOOP('',(#14499,#14510,#14518,#14527));
#14499 = ORIENTED_EDGE('',*,*,#14500,.F.);
#14500 = EDGE_CURVE('',#14501,#14503,#14505,.T.);
#14501 = VERTEX_POINT('',#14502);
#14502 = CARTESIAN_POINT('',(108.5,-46.,1.6));
#14503 = VERTEX_POINT('',#14504);
#14504 = CARTESIAN_POINT('',(108.5,-48.,1.6));
#14505 = CIRCLE('',#14506,1.);
#14506 = AXIS2_PLACEMENT_3D('',#14507,#14508,#14509);
#14507 = CARTESIAN_POINT('',(108.5,-47.,1.6));
#14508 = DIRECTION('',(0.,-0.,1.));
#14509 = DIRECTION('',(0.,1.,0.));
#14510 = ORIENTED_EDGE('',*,*,#14511,.F.);
#14511 = EDGE_CURVE('',#14512,#14501,#14514,.T.);
#14512 = VERTEX_POINT('',#14513);
#14513 = CARTESIAN_POINT('',(112.5,-46.,1.6));
#14514 = LINE('',#14515,#14516);
#14515 = CARTESIAN_POINT('',(112.5,-46.,1.6));
#14516 = VECTOR('',#14517,1.);
#14517 = DIRECTION('',(-1.,0.,0.));
#14518 = ORIENTED_EDGE('',*,*,#14519,.F.);
#14519 = EDGE_CURVE('',#14520,#14512,#14522,.T.);
#14520 = VERTEX_POINT('',#14521);
#14521 = CARTESIAN_POINT('',(112.5,-48.,1.6));
#14522 = CIRCLE('',#14523,1.);
#14523 = AXIS2_PLACEMENT_3D('',#14524,#14525,#14526);
#14524 = CARTESIAN_POINT('',(112.5,-47.,1.6));
#14525 = DIRECTION('',(0.,0.,1.));
#14526 = DIRECTION('',(-0.,-1.,0.));
#14527 = ORIENTED_EDGE('',*,*,#14528,.F.);
#14528 = EDGE_CURVE('',#14503,#14520,#14529,.T.);
#14529 = LINE('',#14530,#14531);
#14530 = CARTESIAN_POINT('',(108.5,-48.,1.6));
#14531 = VECTOR('',#14532,1.);
#14532 = DIRECTION('',(1.,0.,0.));
#14533 = FACE_BOUND('',#14534,.T.);
#14534 = EDGE_LOOP('',(#14535));
#14535 = ORIENTED_EDGE('',*,*,#14536,.T.);
#14536 = EDGE_CURVE('',#14537,#14537,#14539,.T.);
#14537 = VERTEX_POINT('',#14538);
#14538 = CARTESIAN_POINT('',(117.19,-49.85,1.6));
#14539 = CIRCLE('',#14540,0.35);
#14540 = AXIS2_PLACEMENT_3D('',#14541,#14542,#14543);
#14541 = CARTESIAN_POINT('',(117.19,-49.5,1.6));
#14542 = DIRECTION('',(-0.,0.,-1.));
#14543 = DIRECTION('',(-0.,-1.,0.));
#14544 = FACE_BOUND('',#14545,.T.);
#14545 = EDGE_LOOP('',(#14546));
#14546 = ORIENTED_EDGE('',*,*,#14547,.T.);
#14547 = EDGE_CURVE('',#14548,#14548,#14550,.T.);
#14548 = VERTEX_POINT('',#14549);
#14549 = CARTESIAN_POINT('',(118.46,-49.85,1.6));
#14550 = CIRCLE('',#14551,0.35);
#14551 = AXIS2_PLACEMENT_3D('',#14552,#14553,#14554);
#14552 = CARTESIAN_POINT('',(118.46,-49.5,1.6));
#14553 = DIRECTION('',(-0.,0.,-1.));
#14554 = DIRECTION('',(-4.060244204344E-14,-1.,0.));
#14555 = FACE_BOUND('',#14556,.T.);
#14556 = EDGE_LOOP('',(#14557));
#14557 = ORIENTED_EDGE('',*,*,#14558,.T.);
#14558 = EDGE_CURVE('',#14559,#14559,#14561,.T.);
#14559 = VERTEX_POINT('',#14560);
#14560 = CARTESIAN_POINT('',(119.73,-49.85,1.6));
#14561 = CIRCLE('',#14562,0.35);
#14562 = AXIS2_PLACEMENT_3D('',#14563,#14564,#14565);
#14563 = CARTESIAN_POINT('',(119.73,-49.5,1.6));
#14564 = DIRECTION('',(-0.,0.,-1.));
#14565 = DIRECTION('',(4.060244204343E-14,-1.,-0.));
#14566 = FACE_BOUND('',#14567,.T.);
#14567 = EDGE_LOOP('',(#14568));
#14568 = ORIENTED_EDGE('',*,*,#14569,.T.);
#14569 = EDGE_CURVE('',#14570,#14570,#14572,.T.);
#14570 = VERTEX_POINT('',#14571);
#14571 = CARTESIAN_POINT('',(128.12,-99.24,1.6));
#14572 = CIRCLE('',#14573,0.51);
#14573 = AXIS2_PLACEMENT_3D('',#14574,#14575,#14576);
#14574 = CARTESIAN_POINT('',(128.12,-98.73,1.6));
#14575 = DIRECTION('',(-0.,0.,-1.));
#14576 = DIRECTION('',(-0.,-1.,0.));
#14577 = FACE_BOUND('',#14578,.T.);
#14578 = EDGE_LOOP('',(#14579));
#14579 = ORIENTED_EDGE('',*,*,#14580,.T.);
#14580 = EDGE_CURVE('',#14581,#14581,#14583,.T.);
#14581 = VERTEX_POINT('',#14582);
#14582 = CARTESIAN_POINT('',(128.12,-96.7,1.6));
#14583 = CIRCLE('',#14584,0.51);
#14584 = AXIS2_PLACEMENT_3D('',#14585,#14586,#14587);
#14585 = CARTESIAN_POINT('',(128.12,-96.19,1.6));
#14586 = DIRECTION('',(-0.,0.,-1.));
#14587 = DIRECTION('',(-0.,-1.,0.));
#14588 = FACE_BOUND('',#14589,.T.);
#14589 = EDGE_LOOP('',(#14590));
#14590 = ORIENTED_EDGE('',*,*,#14591,.T.);
#14591 = EDGE_CURVE('',#14592,#14592,#14594,.T.);
#14592 = VERTEX_POINT('',#14593);
#14593 = CARTESIAN_POINT('',(128.12,-94.16,1.6));
#14594 = CIRCLE('',#14595,0.51);
#14595 = AXIS2_PLACEMENT_3D('',#14596,#14597,#14598);
#14596 = CARTESIAN_POINT('',(128.12,-93.65,1.6));
#14597 = DIRECTION('',(-0.,0.,-1.));
#14598 = DIRECTION('',(-0.,-1.,0.));
#14599 = FACE_BOUND('',#14600,.T.);
#14600 = EDGE_LOOP('',(#14601));
#14601 = ORIENTED_EDGE('',*,*,#14602,.T.);
#14602 = EDGE_CURVE('',#14603,#14603,#14605,.T.);
#14603 = VERTEX_POINT('',#14604);
#14604 = CARTESIAN_POINT('',(128.12,-91.62,1.6));
#14605 = CIRCLE('',#14606,0.51);
#14606 = AXIS2_PLACEMENT_3D('',#14607,#14608,#14609);
#14607 = CARTESIAN_POINT('',(128.12,-91.11,1.6));
#14608 = DIRECTION('',(-0.,0.,-1.));
#14609 = DIRECTION('',(-0.,-1.,0.));
#14610 = FACE_BOUND('',#14611,.T.);
#14611 = EDGE_LOOP('',(#14612));
#14612 = ORIENTED_EDGE('',*,*,#14613,.T.);
#14613 = EDGE_CURVE('',#14614,#14614,#14616,.T.);
#14614 = VERTEX_POINT('',#14615);
#14615 = CARTESIAN_POINT('',(128.12,-89.08,1.6));
#14616 = CIRCLE('',#14617,0.51);
#14617 = AXIS2_PLACEMENT_3D('',#14618,#14619,#14620);
#14618 = CARTESIAN_POINT('',(128.12,-88.57,1.6));
#14619 = DIRECTION('',(-0.,0.,-1.));
#14620 = DIRECTION('',(-0.,-1.,0.));
#14621 = FACE_BOUND('',#14622,.T.);
#14622 = EDGE_LOOP('',(#14623));
#14623 = ORIENTED_EDGE('',*,*,#14624,.T.);
#14624 = EDGE_CURVE('',#14625,#14625,#14627,.T.);
#14625 = VERTEX_POINT('',#14626);
#14626 = CARTESIAN_POINT('',(136.25,-91.375,1.6));
#14627 = CIRCLE('',#14628,0.375);
#14628 = AXIS2_PLACEMENT_3D('',#14629,#14630,#14631);
#14629 = CARTESIAN_POINT('',(136.25,-91.,1.6));
#14630 = DIRECTION('',(-0.,0.,-1.));
#14631 = DIRECTION('',(-0.,-1.,0.));
#14632 = FACE_BOUND('',#14633,.T.);
#14633 = EDGE_LOOP('',(#14634));
#14634 = ORIENTED_EDGE('',*,*,#14635,.T.);
#14635 = EDGE_CURVE('',#14636,#14636,#14638,.T.);
#14636 = VERTEX_POINT('',#14637);
#14637 = CARTESIAN_POINT('',(138.75,-91.375,1.6));
#14638 = CIRCLE('',#14639,0.375);
#14639 = AXIS2_PLACEMENT_3D('',#14640,#14641,#14642);
#14640 = CARTESIAN_POINT('',(138.75,-91.,1.6));
#14641 = DIRECTION('',(-0.,0.,-1.));
#14642 = DIRECTION('',(-0.,-1.,0.));
#14643 = FACE_BOUND('',#14644,.T.);
#14644 = EDGE_LOOP('',(#14645));
#14645 = ORIENTED_EDGE('',*,*,#14646,.T.);
#14646 = EDGE_CURVE('',#14647,#14647,#14649,.T.);
#14647 = VERTEX_POINT('',#14648);
#14648 = CARTESIAN_POINT('',(128.12,-86.54,1.6));
#14649 = CIRCLE('',#14650,0.51);
#14650 = AXIS2_PLACEMENT_3D('',#14651,#14652,#14653);
#14651 = CARTESIAN_POINT('',(128.12,-86.03,1.6));
#14652 = DIRECTION('',(-0.,0.,-1.));
#14653 = DIRECTION('',(-0.,-1.,0.));
#14654 = FACE_BOUND('',#14655,.T.);
#14655 = EDGE_LOOP('',(#14656));
#14656 = ORIENTED_EDGE('',*,*,#14657,.T.);
#14657 = EDGE_CURVE('',#14658,#14658,#14660,.T.);
#14658 = VERTEX_POINT('',#14659);
#14659 = CARTESIAN_POINT('',(128.12,-84.,1.6));
#14660 = CIRCLE('',#14661,0.51);
#14661 = AXIS2_PLACEMENT_3D('',#14662,#14663,#14664);
#14662 = CARTESIAN_POINT('',(128.12,-83.49,1.6));
#14663 = DIRECTION('',(-0.,0.,-1.));
#14664 = DIRECTION('',(-0.,-1.,0.));
#14665 = FACE_BOUND('',#14666,.T.);
#14666 = EDGE_LOOP('',(#14667));
#14667 = ORIENTED_EDGE('',*,*,#14668,.T.);
#14668 = EDGE_CURVE('',#14669,#14669,#14671,.T.);
#14669 = VERTEX_POINT('',#14670);
#14670 = CARTESIAN_POINT('',(142.155,-79.165,1.6));
#14671 = CIRCLE('',#14672,0.375);
#14672 = AXIS2_PLACEMENT_3D('',#14673,#14674,#14675);
#14673 = CARTESIAN_POINT('',(142.155,-78.79,1.6));
#14674 = DIRECTION('',(-0.,0.,-1.));
#14675 = DIRECTION('',(-0.,-1.,0.));
#14676 = FACE_BOUND('',#14677,.T.);
#14677 = EDGE_LOOP('',(#14678));
#14678 = ORIENTED_EDGE('',*,*,#14679,.T.);
#14679 = EDGE_CURVE('',#14680,#14680,#14682,.T.);
#14680 = VERTEX_POINT('',#14681);
#14681 = CARTESIAN_POINT('',(142.155,-76.665,1.6));
#14682 = CIRCLE('',#14683,0.375);
#14683 = AXIS2_PLACEMENT_3D('',#14684,#14685,#14686);
#14684 = CARTESIAN_POINT('',(142.155,-76.29,1.6));
#14685 = DIRECTION('',(-0.,0.,-1.));
#14686 = DIRECTION('',(-0.,-1.,0.));
#14687 = FACE_BOUND('',#14688,.T.);
#14688 = EDGE_LOOP('',(#14689));
#14689 = ORIENTED_EDGE('',*,*,#14690,.T.);
#14690 = EDGE_CURVE('',#14691,#14691,#14693,.T.);
#14691 = VERTEX_POINT('',#14692);
#14692 = CARTESIAN_POINT('',(167.68,-95.4,1.6));
#14693 = CIRCLE('',#14694,0.5);
#14694 = AXIS2_PLACEMENT_3D('',#14695,#14696,#14697);
#14695 = CARTESIAN_POINT('',(167.68,-94.9,1.6));
#14696 = DIRECTION('',(-0.,0.,-1.));
#14697 = DIRECTION('',(-0.,-1.,0.));
#14698 = FACE_BOUND('',#14699,.T.);
#14699 = EDGE_LOOP('',(#14700));
#14700 = ORIENTED_EDGE('',*,*,#14701,.F.);
#14701 = EDGE_CURVE('',#14702,#14702,#14704,.T.);
#14702 = VERTEX_POINT('',#14703);
#14703 = CARTESIAN_POINT('',(159.55,-91.,1.6));
#14704 = CIRCLE('',#14705,2.55);
#14705 = AXIS2_PLACEMENT_3D('',#14706,#14707,#14708);
#14706 = CARTESIAN_POINT('',(157.,-91.,1.6));
#14707 = DIRECTION('',(0.,0.,1.));
#14708 = DIRECTION('',(1.,0.,-0.));
#14709 = FACE_BOUND('',#14710,.T.);
#14710 = EDGE_LOOP('',(#14711));
#14711 = ORIENTED_EDGE('',*,*,#14712,.T.);
#14712 = EDGE_CURVE('',#14713,#14713,#14715,.T.);
#14713 = VERTEX_POINT('',#14714);
#14714 = CARTESIAN_POINT('',(163.96,-93.5,1.6));
#14715 = CIRCLE('',#14716,0.5);
#14716 = AXIS2_PLACEMENT_3D('',#14717,#14718,#14719);
#14717 = CARTESIAN_POINT('',(163.96,-93.,1.6));
#14718 = DIRECTION('',(-0.,0.,-1.));
#14719 = DIRECTION('',(-0.,-1.,0.));
#14720 = FACE_BOUND('',#14721,.T.);
#14721 = EDGE_LOOP('',(#14722));
#14722 = ORIENTED_EDGE('',*,*,#14723,.T.);
#14723 = EDGE_CURVE('',#14724,#14724,#14726,.T.);
#14724 = VERTEX_POINT('',#14725);
#14725 = CARTESIAN_POINT('',(166.5,-93.5,1.6));
#14726 = CIRCLE('',#14727,0.5);
#14727 = AXIS2_PLACEMENT_3D('',#14728,#14729,#14730);
#14728 = CARTESIAN_POINT('',(166.5,-93.,1.6));
#14729 = DIRECTION('',(-0.,0.,-1.));
#14730 = DIRECTION('',(-0.,-1.,0.));
#14731 = FACE_BOUND('',#14732,.T.);
#14732 = EDGE_LOOP('',(#14733));
#14733 = ORIENTED_EDGE('',*,*,#14734,.T.);
#14734 = EDGE_CURVE('',#14735,#14735,#14737,.T.);
#14735 = VERTEX_POINT('',#14736);
#14736 = CARTESIAN_POINT('',(163.33,-91.5,1.6));
#14737 = CIRCLE('',#14738,1.25);
#14738 = AXIS2_PLACEMENT_3D('',#14739,#14740,#14741);
#14739 = CARTESIAN_POINT('',(163.33,-90.25,1.6));
#14740 = DIRECTION('',(-0.,0.,-1.));
#14741 = DIRECTION('',(-0.,-1.,0.));
#14742 = FACE_BOUND('',#14743,.T.);
#14743 = EDGE_LOOP('',(#14744));
#14744 = ORIENTED_EDGE('',*,*,#14745,.T.);
#14745 = EDGE_CURVE('',#14746,#14746,#14748,.T.);
#14746 = VERTEX_POINT('',#14747);
#14747 = CARTESIAN_POINT('',(163.96,-88.,1.6));
#14748 = CIRCLE('',#14749,0.5);
#14749 = AXIS2_PLACEMENT_3D('',#14750,#14751,#14752);
#14750 = CARTESIAN_POINT('',(163.96,-87.5,1.6));
#14751 = DIRECTION('',(-0.,0.,-1.));
#14752 = DIRECTION('',(-0.,-1.,0.));
#14753 = FACE_BOUND('',#14754,.T.);
#14754 = EDGE_LOOP('',(#14755));
#14755 = ORIENTED_EDGE('',*,*,#14756,.T.);
#14756 = EDGE_CURVE('',#14757,#14757,#14759,.T.);
#14757 = VERTEX_POINT('',#14758);
#14758 = CARTESIAN_POINT('',(167.13,-91.5,1.6));
#14759 = CIRCLE('',#14760,1.25);
#14760 = AXIS2_PLACEMENT_3D('',#14761,#14762,#14763);
#14761 = CARTESIAN_POINT('',(167.13,-90.25,1.6));
#14762 = DIRECTION('',(-0.,0.,-1.));
#14763 = DIRECTION('',(-0.,-1.,0.));
#14764 = FACE_BOUND('',#14765,.T.);
#14765 = EDGE_LOOP('',(#14766));
#14766 = ORIENTED_EDGE('',*,*,#14767,.T.);
#14767 = EDGE_CURVE('',#14768,#14768,#14770,.T.);
#14768 = VERTEX_POINT('',#14769);
#14769 = CARTESIAN_POINT('',(166.5,-88.,1.6));
#14770 = CIRCLE('',#14771,0.5);
#14771 = AXIS2_PLACEMENT_3D('',#14772,#14773,#14774);
#14772 = CARTESIAN_POINT('',(166.5,-87.5,1.6));
#14773 = DIRECTION('',(-0.,0.,-1.));
#14774 = DIRECTION('',(-0.,-1.,0.));
#14775 = FACE_BOUND('',#14776,.T.);
#14776 = EDGE_LOOP('',(#14777));
#14777 = ORIENTED_EDGE('',*,*,#14778,.T.);
#14778 = EDGE_CURVE('',#14779,#14779,#14781,.T.);
#14779 = VERTEX_POINT('',#14780);
#14780 = CARTESIAN_POINT('',(121.38,-72.2816,1.6));
#14781 = CIRCLE('',#14782,0.5);
#14782 = AXIS2_PLACEMENT_3D('',#14783,#14784,#14785);
#14783 = CARTESIAN_POINT('',(121.38,-71.7816,1.6));
#14784 = DIRECTION('',(-0.,0.,-1.));
#14785 = DIRECTION('',(-0.,-1.,0.));
#14786 = FACE_BOUND('',#14787,.T.);
#14787 = EDGE_LOOP('',(#14788));
#14788 = ORIENTED_EDGE('',*,*,#14789,.T.);
#14789 = EDGE_CURVE('',#14790,#14790,#14792,.T.);
#14790 = VERTEX_POINT('',#14791);
#14791 = CARTESIAN_POINT('',(123.92,-72.2816,1.6));
#14792 = CIRCLE('',#14793,0.5);
#14793 = AXIS2_PLACEMENT_3D('',#14794,#14795,#14796);
#14794 = CARTESIAN_POINT('',(123.92,-71.7816,1.6));
#14795 = DIRECTION('',(-0.,0.,-1.));
#14796 = DIRECTION('',(-0.,-1.,0.));
#14797 = FACE_BOUND('',#14798,.T.);
#14798 = EDGE_LOOP('',(#14799));
#14799 = ORIENTED_EDGE('',*,*,#14800,.T.);
#14800 = EDGE_CURVE('',#14801,#14801,#14803,.T.);
#14801 = VERTEX_POINT('',#14802);
#14802 = CARTESIAN_POINT('',(126.46,-72.2816,1.6));
#14803 = CIRCLE('',#14804,0.5);
#14804 = AXIS2_PLACEMENT_3D('',#14805,#14806,#14807);
#14805 = CARTESIAN_POINT('',(126.46,-71.7816,1.6));
#14806 = DIRECTION('',(-0.,0.,-1.));
#14807 = DIRECTION('',(-0.,-1.,0.));
#14808 = FACE_BOUND('',#14809,.T.);
#14809 = EDGE_LOOP('',(#14810));
#14810 = ORIENTED_EDGE('',*,*,#14811,.T.);
#14811 = EDGE_CURVE('',#14812,#14812,#14814,.T.);
#14812 = VERTEX_POINT('',#14813);
#14813 = CARTESIAN_POINT('',(129.,-72.2816,1.6));
#14814 = CIRCLE('',#14815,0.5);
#14815 = AXIS2_PLACEMENT_3D('',#14816,#14817,#14818);
#14816 = CARTESIAN_POINT('',(129.,-71.7816,1.6));
#14817 = DIRECTION('',(-0.,0.,-1.));
#14818 = DIRECTION('',(-0.,-1.,0.));
#14819 = FACE_BOUND('',#14820,.T.);
#14820 = EDGE_LOOP('',(#14821));
#14821 = ORIENTED_EDGE('',*,*,#14822,.T.);
#14822 = EDGE_CURVE('',#14823,#14823,#14825,.T.);
#14823 = VERTEX_POINT('',#14824);
#14824 = CARTESIAN_POINT('',(120.46,-54.855,1.6));
#14825 = CIRCLE('',#14826,0.355);
#14826 = AXIS2_PLACEMENT_3D('',#14827,#14828,#14829);
#14827 = CARTESIAN_POINT('',(120.46,-54.5,1.6));
#14828 = DIRECTION('',(-0.,0.,-1.));
#14829 = DIRECTION('',(-4.003057666254E-14,-1.,0.));
#14830 = FACE_BOUND('',#14831,.T.);
#14831 = EDGE_LOOP('',(#14832));
#14832 = ORIENTED_EDGE('',*,*,#14833,.T.);
#14833 = EDGE_CURVE('',#14834,#14834,#14836,.T.);
#14834 = VERTEX_POINT('',#14835);
#14835 = CARTESIAN_POINT('',(125.54,-54.855,1.6));
#14836 = CIRCLE('',#14837,0.355);
#14837 = AXIS2_PLACEMENT_3D('',#14838,#14839,#14840);
#14838 = CARTESIAN_POINT('',(125.54,-54.5,1.6));
#14839 = DIRECTION('',(-0.,0.,-1.));
#14840 = DIRECTION('',(4.003057666254E-14,-1.,-0.));
#14841 = FACE_BOUND('',#14842,.T.);
#14842 = EDGE_LOOP('',(#14843));
#14843 = ORIENTED_EDGE('',*,*,#14844,.F.);
#14844 = EDGE_CURVE('',#14845,#14845,#14847,.T.);
#14845 = VERTEX_POINT('',#14846);
#14846 = CARTESIAN_POINT('',(130.55,-59.5,1.6));
#14847 = CIRCLE('',#14848,2.55);
#14848 = AXIS2_PLACEMENT_3D('',#14849,#14850,#14851);
#14849 = CARTESIAN_POINT('',(128.,-59.5,1.6));
#14850 = DIRECTION('',(0.,0.,1.));
#14851 = DIRECTION('',(1.,0.,-0.));
#14852 = FACE_BOUND('',#14853,.T.);
#14853 = EDGE_LOOP('',(#14854));
#14854 = ORIENTED_EDGE('',*,*,#14855,.T.);
#14855 = EDGE_CURVE('',#14856,#14856,#14858,.T.);
#14856 = VERTEX_POINT('',#14857);
#14857 = CARTESIAN_POINT('',(121.,-49.85,1.6));
#14858 = CIRCLE('',#14859,0.35);
#14859 = AXIS2_PLACEMENT_3D('',#14860,#14861,#14862);
#14860 = CARTESIAN_POINT('',(121.,-49.5,1.6));
#14861 = DIRECTION('',(-0.,0.,-1.));
#14862 = DIRECTION('',(-0.,-1.,0.));
#14863 = FACE_BOUND('',#14864,.T.);
#14864 = EDGE_LOOP('',(#14865));
#14865 = ORIENTED_EDGE('',*,*,#14866,.T.);
#14866 = EDGE_CURVE('',#14867,#14867,#14869,.T.);
#14867 = VERTEX_POINT('',#14868);
#14868 = CARTESIAN_POINT('',(122.27,-49.85,1.6));
#14869 = CIRCLE('',#14870,0.35);
#14870 = AXIS2_PLACEMENT_3D('',#14871,#14872,#14873);
#14871 = CARTESIAN_POINT('',(122.27,-49.5,1.6));
#14872 = DIRECTION('',(-0.,0.,-1.));
#14873 = DIRECTION('',(-4.060244204344E-14,-1.,0.));
#14874 = FACE_BOUND('',#14875,.T.);
#14875 = EDGE_LOOP('',(#14876));
#14876 = ORIENTED_EDGE('',*,*,#14877,.T.);
#14877 = EDGE_CURVE('',#14878,#14878,#14880,.T.);
#14878 = VERTEX_POINT('',#14879);
#14879 = CARTESIAN_POINT('',(123.54,-49.85,1.6));
#14880 = CIRCLE('',#14881,0.35);
#14881 = AXIS2_PLACEMENT_3D('',#14882,#14883,#14884);
#14882 = CARTESIAN_POINT('',(123.54,-49.5,1.6));
#14883 = DIRECTION('',(-0.,0.,-1.));
#14884 = DIRECTION('',(4.060244204343E-14,-1.,-0.));
#14885 = FACE_BOUND('',#14886,.T.);
#14886 = EDGE_LOOP('',(#14887,#14898,#14906,#14915));
#14887 = ORIENTED_EDGE('',*,*,#14888,.F.);
#14888 = EDGE_CURVE('',#14889,#14891,#14893,.T.);
#14889 = VERTEX_POINT('',#14890);
#14890 = CARTESIAN_POINT('',(128.5,-46.,1.6));
#14891 = VERTEX_POINT('',#14892);
#14892 = CARTESIAN_POINT('',(128.5,-48.,1.6));
#14893 = CIRCLE('',#14894,1.);
#14894 = AXIS2_PLACEMENT_3D('',#14895,#14896,#14897);
#14895 = CARTESIAN_POINT('',(128.5,-47.,1.6));
#14896 = DIRECTION('',(0.,-0.,1.));
#14897 = DIRECTION('',(0.,1.,0.));
#14898 = ORIENTED_EDGE('',*,*,#14899,.F.);
#14899 = EDGE_CURVE('',#14900,#14889,#14902,.T.);
#14900 = VERTEX_POINT('',#14901);
#14901 = CARTESIAN_POINT('',(132.5,-46.,1.6));
#14902 = LINE('',#14903,#14904);
#14903 = CARTESIAN_POINT('',(132.5,-46.,1.6));
#14904 = VECTOR('',#14905,1.);
#14905 = DIRECTION('',(-1.,0.,0.));
#14906 = ORIENTED_EDGE('',*,*,#14907,.F.);
#14907 = EDGE_CURVE('',#14908,#14900,#14910,.T.);
#14908 = VERTEX_POINT('',#14909);
#14909 = CARTESIAN_POINT('',(132.5,-48.,1.6));
#14910 = CIRCLE('',#14911,1.);
#14911 = AXIS2_PLACEMENT_3D('',#14912,#14913,#14914);
#14912 = CARTESIAN_POINT('',(132.5,-47.,1.6));
#14913 = DIRECTION('',(0.,0.,1.));
#14914 = DIRECTION('',(-0.,-1.,0.));
#14915 = ORIENTED_EDGE('',*,*,#14916,.F.);
#14916 = EDGE_CURVE('',#14891,#14908,#14917,.T.);
#14917 = LINE('',#14918,#14919);
#14918 = CARTESIAN_POINT('',(128.5,-48.,1.6));
#14919 = VECTOR('',#14920,1.);
#14920 = DIRECTION('',(1.,0.,0.));
#14921 = FACE_BOUND('',#14922,.T.);
#14922 = EDGE_LOOP('',(#14923));
#14923 = ORIENTED_EDGE('',*,*,#14924,.T.);
#14924 = EDGE_CURVE('',#14925,#14925,#14927,.T.);
#14925 = VERTEX_POINT('',#14926);
#14926 = CARTESIAN_POINT('',(147.78,-64.1,1.6));
#14927 = CIRCLE('',#14928,0.5);
#14928 = AXIS2_PLACEMENT_3D('',#14929,#14930,#14931);
#14929 = CARTESIAN_POINT('',(147.78,-63.6,1.6));
#14930 = DIRECTION('',(-0.,0.,-1.));
#14931 = DIRECTION('',(-0.,-1.,0.));
#14932 = FACE_BOUND('',#14933,.T.);
#14933 = EDGE_LOOP('',(#14934));
#14934 = ORIENTED_EDGE('',*,*,#14935,.T.);
#14935 = EDGE_CURVE('',#14936,#14936,#14938,.T.);
#14936 = VERTEX_POINT('',#14937);
#14937 = CARTESIAN_POINT('',(150.32,-64.1,1.6));
#14938 = CIRCLE('',#14939,0.5);
#14939 = AXIS2_PLACEMENT_3D('',#14940,#14941,#14942);
#14940 = CARTESIAN_POINT('',(150.32,-63.6,1.6));
#14941 = DIRECTION('',(-0.,0.,-1.));
#14942 = DIRECTION('',(-0.,-1.,0.));
#14943 = FACE_BOUND('',#14944,.T.);
#14944 = EDGE_LOOP('',(#14945));
#14945 = ORIENTED_EDGE('',*,*,#14946,.T.);
#14946 = EDGE_CURVE('',#14947,#14947,#14949,.T.);
#14947 = VERTEX_POINT('',#14948);
#14948 = CARTESIAN_POINT('',(147.15,-62.1,1.6));
#14949 = CIRCLE('',#14950,1.25);
#14950 = AXIS2_PLACEMENT_3D('',#14951,#14952,#14953);
#14951 = CARTESIAN_POINT('',(147.15,-60.85,1.6));
#14952 = DIRECTION('',(-0.,0.,-1.));
#14953 = DIRECTION('',(-0.,-1.,0.));
#14954 = FACE_BOUND('',#14955,.T.);
#14955 = EDGE_LOOP('',(#14956));
#14956 = ORIENTED_EDGE('',*,*,#14957,.T.);
#14957 = EDGE_CURVE('',#14958,#14958,#14960,.T.);
#14958 = VERTEX_POINT('',#14959);
#14959 = CARTESIAN_POINT('',(151.5,-66.,1.6));
#14960 = CIRCLE('',#14961,0.5);
#14961 = AXIS2_PLACEMENT_3D('',#14962,#14963,#14964);
#14962 = CARTESIAN_POINT('',(151.5,-65.5,1.6));
#14963 = DIRECTION('',(-0.,0.,-1.));
#14964 = DIRECTION('',(-0.,-1.,0.));
#14965 = FACE_BOUND('',#14966,.T.);
#14966 = EDGE_LOOP('',(#14967));
#14967 = ORIENTED_EDGE('',*,*,#14968,.T.);
#14968 = EDGE_CURVE('',#14969,#14969,#14971,.T.);
#14969 = VERTEX_POINT('',#14970);
#14970 = CARTESIAN_POINT('',(150.95,-62.1,1.6));
#14971 = CIRCLE('',#14972,1.25);
#14972 = AXIS2_PLACEMENT_3D('',#14973,#14974,#14975);
#14973 = CARTESIAN_POINT('',(150.95,-60.85,1.6));
#14974 = DIRECTION('',(-0.,0.,-1.));
#14975 = DIRECTION('',(-0.,-1.,0.));
#14976 = FACE_BOUND('',#14977,.T.);
#14977 = EDGE_LOOP('',(#14978));
#14978 = ORIENTED_EDGE('',*,*,#14979,.T.);
#14979 = EDGE_CURVE('',#14980,#14980,#14982,.T.);
#14980 = VERTEX_POINT('',#14981);
#14981 = CARTESIAN_POINT('',(147.78,-58.6,1.6));
#14982 = CIRCLE('',#14983,0.5);
#14983 = AXIS2_PLACEMENT_3D('',#14984,#14985,#14986);
#14984 = CARTESIAN_POINT('',(147.78,-58.1,1.6));
#14985 = DIRECTION('',(-0.,0.,-1.));
#14986 = DIRECTION('',(-0.,-1.,0.));
#14987 = FACE_BOUND('',#14988,.T.);
#14988 = EDGE_LOOP('',(#14989));
#14989 = ORIENTED_EDGE('',*,*,#14990,.T.);
#14990 = EDGE_CURVE('',#14991,#14991,#14993,.T.);
#14991 = VERTEX_POINT('',#14992);
#14992 = CARTESIAN_POINT('',(150.32,-58.6,1.6));
#14993 = CIRCLE('',#14994,0.5);
#14994 = AXIS2_PLACEMENT_3D('',#14995,#14996,#14997);
#14995 = CARTESIAN_POINT('',(150.32,-58.1,1.6));
#14996 = DIRECTION('',(-0.,0.,-1.));
#14997 = DIRECTION('',(-0.,-1.,0.));
#14998 = PLANE('',#14999);
#14999 = AXIS2_PLACEMENT_3D('',#15000,#15001,#15002);
#15000 = CARTESIAN_POINT('',(0.,0.,1.6));
#15001 = DIRECTION('',(0.,0.,1.));
#15002 = DIRECTION('',(1.,0.,-0.));
#15003 = ADVANCED_FACE('',(#15004),#15015,.T.);
#15004 = FACE_BOUND('',#15005,.T.);
#15005 = EDGE_LOOP('',(#15006,#15012,#15013,#15014));
#15006 = ORIENTED_EDGE('',*,*,#15007,.T.);
#15007 = EDGE_CURVE('',#11498,#13254,#15008,.T.);
#15008 = LINE('',#15009,#15010);
#15009 = CARTESIAN_POINT('',(89.,-100.,0.));
#15010 = VECTOR('',#15011,1.);
#15011 = DIRECTION('',(0.,0.,1.));
#15012 = ORIENTED_EDGE('',*,*,#13253,.T.);
#15013 = ORIENTED_EDGE('',*,*,#11433,.F.);
#15014 = ORIENTED_EDGE('',*,*,#11497,.F.);
#15015 = PLANE('',#15016);
#15016 = AXIS2_PLACEMENT_3D('',#15017,#15018,#15019);
#15017 = CARTESIAN_POINT('',(89.,-100.,0.));
#15018 = DIRECTION('',(0.,-1.,0.));
#15019 = DIRECTION('',(-1.,0.,0.));
#15020 = ADVANCED_FACE('',(#15021),#15032,.T.);
#15021 = FACE_BOUND('',#15022,.T.);
#15022 = EDGE_LOOP('',(#15023,#15024,#15025,#15031));
#15023 = ORIENTED_EDGE('',*,*,#11473,.T.);
#15024 = ORIENTED_EDGE('',*,*,#13357,.T.);
#15025 = ORIENTED_EDGE('',*,*,#15026,.F.);
#15026 = EDGE_CURVE('',#11594,#13350,#15027,.T.);
#15027 = LINE('',#15028,#15029);
#15028 = CARTESIAN_POINT('',(152.,-100.,0.));
#15029 = VECTOR('',#15030,1.);
#15030 = DIRECTION('',(0.,0.,1.));
#15031 = ORIENTED_EDGE('',*,*,#11601,.F.);
#15032 = PLANE('',#15033);
#15033 = AXIS2_PLACEMENT_3D('',#15034,#15035,#15036);
#15034 = CARTESIAN_POINT('',(170.5,-100.,0.));
#15035 = DIRECTION('',(0.,-1.,0.));
#15036 = DIRECTION('',(-1.,0.,0.));
#15037 = ADVANCED_FACE('',(#15038),#15049,.T.);
#15038 = FACE_BOUND('',#15039,.T.);
#15039 = EDGE_LOOP('',(#15040,#15046,#15047,#15048));
#15040 = ORIENTED_EDGE('',*,*,#15041,.T.);
#15041 = EDGE_CURVE('',#11506,#13262,#15042,.T.);
#15042 = LINE('',#15043,#15044);
#15043 = CARTESIAN_POINT('',(89.,-146.,0.));
#15044 = VECTOR('',#15045,1.);
#15045 = DIRECTION('',(0.,0.,1.));
#15046 = ORIENTED_EDGE('',*,*,#13261,.T.);
#15047 = ORIENTED_EDGE('',*,*,#15007,.F.);
#15048 = ORIENTED_EDGE('',*,*,#11505,.F.);
#15049 = PLANE('',#15050);
#15050 = AXIS2_PLACEMENT_3D('',#15051,#15052,#15053);
#15051 = CARTESIAN_POINT('',(89.,-146.,0.));
#15052 = DIRECTION('',(-1.,0.,0.));
#15053 = DIRECTION('',(0.,1.,0.));
#15054 = ADVANCED_FACE('',(#15055),#15066,.T.);
#15055 = FACE_BOUND('',#15056,.T.);
#15056 = EDGE_LOOP('',(#15057,#15058,#15059,#15065));
#15057 = ORIENTED_EDGE('',*,*,#15026,.T.);
#15058 = ORIENTED_EDGE('',*,*,#13349,.T.);
#15059 = ORIENTED_EDGE('',*,*,#15060,.F.);
#15060 = EDGE_CURVE('',#11586,#13342,#15061,.T.);
#15061 = LINE('',#15062,#15063);
#15062 = CARTESIAN_POINT('',(152.,-123.,0.));
#15063 = VECTOR('',#15064,1.);
#15064 = DIRECTION('',(0.,0.,1.));
#15065 = ORIENTED_EDGE('',*,*,#11593,.F.);
#15066 = PLANE('',#15067);
#15067 = AXIS2_PLACEMENT_3D('',#15068,#15069,#15070);
#15068 = CARTESIAN_POINT('',(152.,-100.,0.));
#15069 = DIRECTION('',(1.,0.,-0.));
#15070 = DIRECTION('',(0.,-1.,0.));
#15071 = ADVANCED_FACE('',(#15072),#15083,.T.);
#15072 = FACE_BOUND('',#15073,.T.);
#15073 = EDGE_LOOP('',(#15074,#15080,#15081,#15082));
#15074 = ORIENTED_EDGE('',*,*,#15075,.T.);
#15075 = EDGE_CURVE('',#11514,#13270,#15076,.T.);
#15076 = LINE('',#15077,#15078);
#15077 = CARTESIAN_POINT('',(71.5,-146.,0.));
#15078 = VECTOR('',#15079,1.);
#15079 = DIRECTION('',(0.,0.,1.));
#15080 = ORIENTED_EDGE('',*,*,#13269,.T.);
#15081 = ORIENTED_EDGE('',*,*,#15041,.F.);
#15082 = ORIENTED_EDGE('',*,*,#11513,.F.);
#15083 = PLANE('',#15084);
#15084 = AXIS2_PLACEMENT_3D('',#15085,#15086,#15087);
#15085 = CARTESIAN_POINT('',(71.5,-146.,0.));
#15086 = DIRECTION('',(0.,1.,0.));
#15087 = DIRECTION('',(1.,0.,0.));
#15088 = ADVANCED_FACE('',(#15089),#15100,.T.);
#15089 = FACE_BOUND('',#15090,.T.);
#15090 = EDGE_LOOP('',(#15091,#15092,#15093,#15099));
#15091 = ORIENTED_EDGE('',*,*,#15060,.T.);
#15092 = ORIENTED_EDGE('',*,*,#13341,.T.);
#15093 = ORIENTED_EDGE('',*,*,#15094,.F.);
#15094 = EDGE_CURVE('',#11578,#13334,#15095,.T.);
#15095 = LINE('',#15096,#15097);
#15096 = CARTESIAN_POINT('',(152.,-146.,0.));
#15097 = VECTOR('',#15098,1.);
#15098 = DIRECTION('',(0.,0.,1.));
#15099 = ORIENTED_EDGE('',*,*,#11585,.F.);
#15100 = PLANE('',#15101);
#15101 = AXIS2_PLACEMENT_3D('',#15102,#15103,#15104);
#15102 = CARTESIAN_POINT('',(152.,-123.,0.));
#15103 = DIRECTION('',(1.,0.,-0.));
#15104 = DIRECTION('',(0.,-1.,0.));
#15105 = ADVANCED_FACE('',(#15106),#15117,.T.);
#15106 = FACE_BOUND('',#15107,.T.);
#15107 = EDGE_LOOP('',(#15108,#15114,#15115,#15116));
#15108 = ORIENTED_EDGE('',*,*,#15109,.T.);
#15109 = EDGE_CURVE('',#11522,#13278,#15110,.T.);
#15110 = LINE('',#15111,#15112);
#15111 = CARTESIAN_POINT('',(71.5,-152.5,0.));
#15112 = VECTOR('',#15113,1.);
#15113 = DIRECTION('',(0.,0.,1.));
#15114 = ORIENTED_EDGE('',*,*,#13277,.T.);
#15115 = ORIENTED_EDGE('',*,*,#15075,.F.);
#15116 = ORIENTED_EDGE('',*,*,#11521,.F.);
#15117 = PLANE('',#15118);
#15118 = AXIS2_PLACEMENT_3D('',#15119,#15120,#15121);
#15119 = CARTESIAN_POINT('',(71.5,-152.5,0.));
#15120 = DIRECTION('',(-1.,0.,0.));
#15121 = DIRECTION('',(0.,1.,0.));
#15122 = ADVANCED_FACE('',(#15123),#15134,.T.);
#15123 = FACE_BOUND('',#15124,.T.);
#15124 = EDGE_LOOP('',(#15125,#15126,#15127,#15133));
#15125 = ORIENTED_EDGE('',*,*,#15094,.T.);
#15126 = ORIENTED_EDGE('',*,*,#13333,.T.);
#15127 = ORIENTED_EDGE('',*,*,#15128,.F.);
#15128 = EDGE_CURVE('',#11570,#13326,#15129,.T.);
#15129 = LINE('',#15130,#15131);
#15130 = CARTESIAN_POINT('',(169.5,-146.,0.));
#15131 = VECTOR('',#15132,1.);
#15132 = DIRECTION('',(0.,0.,1.));
#15133 = ORIENTED_EDGE('',*,*,#11577,.F.);
#15134 = PLANE('',#15135);
#15135 = AXIS2_PLACEMENT_3D('',#15136,#15137,#15138);
#15136 = CARTESIAN_POINT('',(152.,-146.,0.));
#15137 = DIRECTION('',(0.,1.,0.));
#15138 = DIRECTION('',(1.,0.,0.));
#15139 = ADVANCED_FACE('',(#15140),#15151,.T.);
#15140 = FACE_BOUND('',#15141,.T.);
#15141 = EDGE_LOOP('',(#15142,#15148,#15149,#15150));
#15142 = ORIENTED_EDGE('',*,*,#15143,.T.);
#15143 = EDGE_CURVE('',#11530,#13286,#15144,.T.);
#15144 = LINE('',#15145,#15146);
#15145 = CARTESIAN_POINT('',(89.,-152.5,0.));
#15146 = VECTOR('',#15147,1.);
#15147 = DIRECTION('',(0.,0.,1.));
#15148 = ORIENTED_EDGE('',*,*,#13285,.T.);
#15149 = ORIENTED_EDGE('',*,*,#15109,.F.);
#15150 = ORIENTED_EDGE('',*,*,#11529,.F.);
#15151 = PLANE('',#15152);
#15152 = AXIS2_PLACEMENT_3D('',#15153,#15154,#15155);
#15153 = CARTESIAN_POINT('',(89.,-152.5,0.));
#15154 = DIRECTION('',(0.,-1.,0.));
#15155 = DIRECTION('',(-1.,0.,0.));
#15156 = ADVANCED_FACE('',(#15157),#15168,.T.);
#15157 = FACE_BOUND('',#15158,.T.);
#15158 = EDGE_LOOP('',(#15159,#15160,#15161,#15167));
#15159 = ORIENTED_EDGE('',*,*,#15128,.T.);
#15160 = ORIENTED_EDGE('',*,*,#13325,.T.);
#15161 = ORIENTED_EDGE('',*,*,#15162,.F.);
#15162 = EDGE_CURVE('',#11562,#13318,#15163,.T.);
#15163 = LINE('',#15164,#15165);
#15164 = CARTESIAN_POINT('',(169.5,-152.5,0.));
#15165 = VECTOR('',#15166,1.);
#15166 = DIRECTION('',(0.,0.,1.));
#15167 = ORIENTED_EDGE('',*,*,#11569,.F.);
#15168 = PLANE('',#15169);
#15169 = AXIS2_PLACEMENT_3D('',#15170,#15171,#15172);
#15170 = CARTESIAN_POINT('',(169.5,-146.,0.));
#15171 = DIRECTION('',(1.,0.,-0.));
#15172 = DIRECTION('',(0.,-1.,0.));
#15173 = ADVANCED_FACE('',(#15174),#15185,.T.);
#15174 = FACE_BOUND('',#15175,.T.);
#15175 = EDGE_LOOP('',(#15176,#15182,#15183,#15184));
#15176 = ORIENTED_EDGE('',*,*,#15177,.T.);
#15177 = EDGE_CURVE('',#11538,#13294,#15178,.T.);
#15178 = LINE('',#15179,#15180);
#15179 = CARTESIAN_POINT('',(89.,-156.,0.));
#15180 = VECTOR('',#15181,1.);
#15181 = DIRECTION('',(0.,0.,1.));
#15182 = ORIENTED_EDGE('',*,*,#13293,.T.);
#15183 = ORIENTED_EDGE('',*,*,#15143,.F.);
#15184 = ORIENTED_EDGE('',*,*,#11537,.F.);
#15185 = PLANE('',#15186);
#15186 = AXIS2_PLACEMENT_3D('',#15187,#15188,#15189);
#15187 = CARTESIAN_POINT('',(89.,-156.,0.));
#15188 = DIRECTION('',(-1.,0.,0.));
#15189 = DIRECTION('',(0.,1.,0.));
#15190 = ADVANCED_FACE('',(#15191),#15202,.T.);
#15191 = FACE_BOUND('',#15192,.T.);
#15192 = EDGE_LOOP('',(#15193,#15194,#15195,#15201));
#15193 = ORIENTED_EDGE('',*,*,#15162,.T.);
#15194 = ORIENTED_EDGE('',*,*,#13317,.T.);
#15195 = ORIENTED_EDGE('',*,*,#15196,.F.);
#15196 = EDGE_CURVE('',#11554,#13310,#15197,.T.);
#15197 = LINE('',#15198,#15199);
#15198 = CARTESIAN_POINT('',(152.,-152.5,0.));
#15199 = VECTOR('',#15200,1.);
#15200 = DIRECTION('',(0.,0.,1.));
#15201 = ORIENTED_EDGE('',*,*,#11561,.F.);
#15202 = PLANE('',#15203);
#15203 = AXIS2_PLACEMENT_3D('',#15204,#15205,#15206);
#15204 = CARTESIAN_POINT('',(169.5,-152.5,0.));
#15205 = DIRECTION('',(0.,-1.,0.));
#15206 = DIRECTION('',(-1.,0.,0.));
#15207 = ADVANCED_FACE('',(#15208),#15219,.T.);
#15208 = FACE_BOUND('',#15209,.T.);
#15209 = EDGE_LOOP('',(#15210,#15216,#15217,#15218));
#15210 = ORIENTED_EDGE('',*,*,#15211,.T.);
#15211 = EDGE_CURVE('',#11546,#13302,#15212,.T.);
#15212 = LINE('',#15213,#15214);
#15213 = CARTESIAN_POINT('',(152.,-156.,0.));
#15214 = VECTOR('',#15215,1.);
#15215 = DIRECTION('',(0.,0.,1.));
#15216 = ORIENTED_EDGE('',*,*,#13301,.T.);
#15217 = ORIENTED_EDGE('',*,*,#15177,.F.);
#15218 = ORIENTED_EDGE('',*,*,#11545,.F.);
#15219 = PLANE('',#15220);
#15220 = AXIS2_PLACEMENT_3D('',#15221,#15222,#15223);
#15221 = CARTESIAN_POINT('',(152.,-156.,0.));
#15222 = DIRECTION('',(0.,-1.,0.));
#15223 = DIRECTION('',(-1.,0.,0.));
#15224 = ADVANCED_FACE('',(#15225),#15231,.T.);
#15225 = FACE_BOUND('',#15226,.T.);
#15226 = EDGE_LOOP('',(#15227,#15228,#15229,#15230));
#15227 = ORIENTED_EDGE('',*,*,#15196,.T.);
#15228 = ORIENTED_EDGE('',*,*,#13309,.T.);
#15229 = ORIENTED_EDGE('',*,*,#15211,.F.);
#15230 = ORIENTED_EDGE('',*,*,#11553,.F.);
#15231 = PLANE('',#15232);
#15232 = AXIS2_PLACEMENT_3D('',#15233,#15234,#15235);
#15233 = CARTESIAN_POINT('',(152.,-152.5,0.));
#15234 = DIRECTION('',(1.,0.,-0.));
#15235 = DIRECTION('',(0.,-1.,0.));
#15236 = ADVANCED_FACE('',(#15237),#15248,.F.);
#15237 = FACE_BOUND('',#15238,.T.);
#15238 = EDGE_LOOP('',(#15239,#15240,#15246,#15247));
#15239 = ORIENTED_EDGE('',*,*,#11610,.T.);
#15240 = ORIENTED_EDGE('',*,*,#15241,.T.);
#15241 = EDGE_CURVE('',#11611,#13367,#15242,.T.);
#15242 = LINE('',#15243,#15244);
#15243 = CARTESIAN_POINT('',(80.335,-150.72,-4.6E-02));
#15244 = VECTOR('',#15245,1.);
#15245 = DIRECTION('',(0.,0.,1.));
#15246 = ORIENTED_EDGE('',*,*,#13366,.F.);
#15247 = ORIENTED_EDGE('',*,*,#15241,.F.);
#15248 = CYLINDRICAL_SURFACE('',#15249,0.45);
#15249 = AXIS2_PLACEMENT_3D('',#15250,#15251,#15252);
#15250 = CARTESIAN_POINT('',(80.335,-150.27,-4.6E-02));
#15251 = DIRECTION('',(-0.,-0.,-1.));
#15252 = DIRECTION('',(-3.157967714489E-14,-1.,0.));
#15253 = ADVANCED_FACE('',(#15254),#15265,.F.);
#15254 = FACE_BOUND('',#15255,.T.);
#15255 = EDGE_LOOP('',(#15256,#15257,#15263,#15264));
#15256 = ORIENTED_EDGE('',*,*,#11621,.T.);
#15257 = ORIENTED_EDGE('',*,*,#15258,.T.);
#15258 = EDGE_CURVE('',#11622,#13378,#15259,.T.);
#15259 = LINE('',#15260,#15261);
#15260 = CARTESIAN_POINT('',(80.335,-148.18,-4.6E-02));
#15261 = VECTOR('',#15262,1.);
#15262 = DIRECTION('',(0.,0.,1.));
#15263 = ORIENTED_EDGE('',*,*,#13377,.F.);
#15264 = ORIENTED_EDGE('',*,*,#15258,.F.);
#15265 = CYLINDRICAL_SURFACE('',#15266,0.45);
#15266 = AXIS2_PLACEMENT_3D('',#15267,#15268,#15269);
#15267 = CARTESIAN_POINT('',(80.335,-147.73,-4.6E-02));
#15268 = DIRECTION('',(-0.,-0.,-1.));
#15269 = DIRECTION('',(-3.157967714489E-14,-1.,0.));
#15270 = ADVANCED_FACE('',(#15271),#15282,.F.);
#15271 = FACE_BOUND('',#15272,.T.);
#15272 = EDGE_LOOP('',(#15273,#15279,#15280,#15281));
#15273 = ORIENTED_EDGE('',*,*,#15274,.T.);
#15274 = EDGE_CURVE('',#11633,#13389,#15275,.T.);
#15275 = LINE('',#15276,#15277);
#15276 = CARTESIAN_POINT('',(96.55,-152.5,0.));
#15277 = VECTOR('',#15278,1.);
#15278 = DIRECTION('',(0.,0.,1.));
#15279 = ORIENTED_EDGE('',*,*,#13388,.T.);
#15280 = ORIENTED_EDGE('',*,*,#15274,.F.);
#15281 = ORIENTED_EDGE('',*,*,#11632,.F.);
#15282 = CYLINDRICAL_SURFACE('',#15283,2.55);
#15283 = AXIS2_PLACEMENT_3D('',#15284,#15285,#15286);
#15284 = CARTESIAN_POINT('',(94.,-152.5,0.));
#15285 = DIRECTION('',(-0.,-0.,-1.));
#15286 = DIRECTION('',(1.,0.,-0.));
#15287 = ADVANCED_FACE('',(#15288),#15299,.F.);
#15288 = FACE_BOUND('',#15289,.T.);
#15289 = EDGE_LOOP('',(#15290,#15291,#15297,#15298));
#15290 = ORIENTED_EDGE('',*,*,#11643,.T.);
#15291 = ORIENTED_EDGE('',*,*,#15292,.T.);
#15292 = EDGE_CURVE('',#11644,#13400,#15293,.T.);
#15293 = LINE('',#15294,#15295);
#15294 = CARTESIAN_POINT('',(93.,-146.495,-4.6E-02));
#15295 = VECTOR('',#15296,1.);
#15296 = DIRECTION('',(0.,0.,1.));
#15297 = ORIENTED_EDGE('',*,*,#13399,.F.);
#15298 = ORIENTED_EDGE('',*,*,#15292,.F.);
#15299 = CYLINDRICAL_SURFACE('',#15300,0.495);
#15300 = AXIS2_PLACEMENT_3D('',#15301,#15302,#15303);
#15301 = CARTESIAN_POINT('',(93.,-146.,-4.6E-02));
#15302 = DIRECTION('',(-0.,-0.,-1.));
#15303 = DIRECTION('',(-0.,-1.,0.));
#15304 = ADVANCED_FACE('',(#15305),#15316,.F.);
#15305 = FACE_BOUND('',#15306,.T.);
#15306 = EDGE_LOOP('',(#15307,#15308,#15314,#15315));
#15307 = ORIENTED_EDGE('',*,*,#11654,.T.);
#15308 = ORIENTED_EDGE('',*,*,#15309,.T.);
#15309 = EDGE_CURVE('',#11655,#13411,#15310,.T.);
#15310 = LINE('',#15311,#15312);
#15311 = CARTESIAN_POINT('',(93.,-141.995,-4.6E-02));
#15312 = VECTOR('',#15313,1.);
#15313 = DIRECTION('',(0.,0.,1.));
#15314 = ORIENTED_EDGE('',*,*,#13410,.F.);
#15315 = ORIENTED_EDGE('',*,*,#15309,.F.);
#15316 = CYLINDRICAL_SURFACE('',#15317,0.495);
#15317 = AXIS2_PLACEMENT_3D('',#15318,#15319,#15320);
#15318 = CARTESIAN_POINT('',(93.,-141.5,-4.6E-02));
#15319 = DIRECTION('',(-0.,-0.,-1.));
#15320 = DIRECTION('',(-0.,-1.,0.));
#15321 = ADVANCED_FACE('',(#15322),#15333,.F.);
#15322 = FACE_BOUND('',#15323,.T.);
#15323 = EDGE_LOOP('',(#15324,#15325,#15331,#15332));
#15324 = ORIENTED_EDGE('',*,*,#11665,.T.);
#15325 = ORIENTED_EDGE('',*,*,#15326,.T.);
#15326 = EDGE_CURVE('',#11666,#13422,#15327,.T.);
#15327 = LINE('',#15328,#15329);
#15328 = CARTESIAN_POINT('',(103.5,-151.5,-4.6E-02));
#15329 = VECTOR('',#15330,1.);
#15330 = DIRECTION('',(0.,0.,1.));
#15331 = ORIENTED_EDGE('',*,*,#13421,.F.);
#15332 = ORIENTED_EDGE('',*,*,#15326,.F.);
#15333 = CYLINDRICAL_SURFACE('',#15334,0.5);
#15334 = AXIS2_PLACEMENT_3D('',#15335,#15336,#15337);
#15335 = CARTESIAN_POINT('',(103.5,-151.,-4.6E-02));
#15336 = DIRECTION('',(-0.,-0.,-1.));
#15337 = DIRECTION('',(-0.,-1.,0.));
#15338 = ADVANCED_FACE('',(#15339),#15350,.F.);
#15339 = FACE_BOUND('',#15340,.T.);
#15340 = EDGE_LOOP('',(#15341,#15342,#15348,#15349));
#15341 = ORIENTED_EDGE('',*,*,#11676,.T.);
#15342 = ORIENTED_EDGE('',*,*,#15343,.T.);
#15343 = EDGE_CURVE('',#11677,#13433,#15344,.T.);
#15344 = LINE('',#15345,#15346);
#15345 = CARTESIAN_POINT('',(106.,-151.5,-4.6E-02));
#15346 = VECTOR('',#15347,1.);
#15347 = DIRECTION('',(0.,0.,1.));
#15348 = ORIENTED_EDGE('',*,*,#13432,.F.);
#15349 = ORIENTED_EDGE('',*,*,#15343,.F.);
#15350 = CYLINDRICAL_SURFACE('',#15351,0.5);
#15351 = AXIS2_PLACEMENT_3D('',#15352,#15353,#15354);
#15352 = CARTESIAN_POINT('',(106.,-151.,-4.6E-02));
#15353 = DIRECTION('',(-0.,-0.,-1.));
#15354 = DIRECTION('',(-0.,-1.,0.));
#15355 = ADVANCED_FACE('',(#15356),#15367,.F.);
#15356 = FACE_BOUND('',#15357,.T.);
#15357 = EDGE_LOOP('',(#15358,#15359,#15365,#15366));
#15358 = ORIENTED_EDGE('',*,*,#11687,.T.);
#15359 = ORIENTED_EDGE('',*,*,#15360,.T.);
#15360 = EDGE_CURVE('',#11688,#13444,#15361,.T.);
#15361 = LINE('',#15362,#15363);
#15362 = CARTESIAN_POINT('',(99.5,-146.495,-4.6E-02));
#15363 = VECTOR('',#15364,1.);
#15364 = DIRECTION('',(0.,0.,1.));
#15365 = ORIENTED_EDGE('',*,*,#13443,.F.);
#15366 = ORIENTED_EDGE('',*,*,#15360,.F.);
#15367 = CYLINDRICAL_SURFACE('',#15368,0.495);
#15368 = AXIS2_PLACEMENT_3D('',#15369,#15370,#15371);
#15369 = CARTESIAN_POINT('',(99.5,-146.,-4.6E-02));
#15370 = DIRECTION('',(-0.,-0.,-1.));
#15371 = DIRECTION('',(-0.,-1.,0.));
#15372 = ADVANCED_FACE('',(#15373),#15384,.F.);
#15373 = FACE_BOUND('',#15374,.T.);
#15374 = EDGE_LOOP('',(#15375,#15376,#15382,#15383));
#15375 = ORIENTED_EDGE('',*,*,#11698,.T.);
#15376 = ORIENTED_EDGE('',*,*,#15377,.T.);
#15377 = EDGE_CURVE('',#11699,#13455,#15378,.T.);
#15378 = LINE('',#15379,#15380);
#15379 = CARTESIAN_POINT('',(99.5,-141.995,-4.6E-02));
#15380 = VECTOR('',#15381,1.);
#15381 = DIRECTION('',(0.,0.,1.));
#15382 = ORIENTED_EDGE('',*,*,#13454,.F.);
#15383 = ORIENTED_EDGE('',*,*,#15377,.F.);
#15384 = CYLINDRICAL_SURFACE('',#15385,0.495);
#15385 = AXIS2_PLACEMENT_3D('',#15386,#15387,#15388);
#15386 = CARTESIAN_POINT('',(99.5,-141.5,-4.6E-02));
#15387 = DIRECTION('',(-0.,-0.,-1.));
#15388 = DIRECTION('',(-0.,-1.,0.));
#15389 = ADVANCED_FACE('',(#15390),#15401,.F.);
#15390 = FACE_BOUND('',#15391,.T.);
#15391 = EDGE_LOOP('',(#15392,#15393,#15399,#15400));
#15392 = ORIENTED_EDGE('',*,*,#11709,.T.);
#15393 = ORIENTED_EDGE('',*,*,#15394,.T.);
#15394 = EDGE_CURVE('',#11710,#13466,#15395,.T.);
#15395 = LINE('',#15396,#15397);
#15396 = CARTESIAN_POINT('',(113.38,-144.05,-4.6E-02));
#15397 = VECTOR('',#15398,1.);
#15398 = DIRECTION('',(0.,0.,1.));
#15399 = ORIENTED_EDGE('',*,*,#13465,.F.);
#15400 = ORIENTED_EDGE('',*,*,#15394,.F.);
#15401 = CYLINDRICAL_SURFACE('',#15402,0.66);
#15402 = AXIS2_PLACEMENT_3D('',#15403,#15404,#15405);
#15403 = CARTESIAN_POINT('',(113.38,-143.39,-4.6E-02));
#15404 = DIRECTION('',(-0.,-0.,-1.));
#15405 = DIRECTION('',(-0.,-1.,0.));
#15406 = ADVANCED_FACE('',(#15407),#15418,.F.);
#15407 = FACE_BOUND('',#15408,.T.);
#15408 = EDGE_LOOP('',(#15409,#15415,#15416,#15417));
#15409 = ORIENTED_EDGE('',*,*,#15410,.T.);
#15410 = EDGE_CURVE('',#11721,#13477,#15411,.T.);
#15411 = LINE('',#15412,#15413);
#15412 = CARTESIAN_POINT('',(98.05,-135.,0.));
#15413 = VECTOR('',#15414,1.);
#15414 = DIRECTION('',(0.,0.,1.));
#15415 = ORIENTED_EDGE('',*,*,#13476,.T.);
#15416 = ORIENTED_EDGE('',*,*,#15410,.F.);
#15417 = ORIENTED_EDGE('',*,*,#11720,.F.);
#15418 = CYLINDRICAL_SURFACE('',#15419,1.55);
#15419 = AXIS2_PLACEMENT_3D('',#15420,#15421,#15422);
#15420 = CARTESIAN_POINT('',(96.5,-135.,0.));
#15421 = DIRECTION('',(-0.,-0.,-1.));
#15422 = DIRECTION('',(1.,0.,-0.));
#15423 = ADVANCED_FACE('',(#15424),#15435,.F.);
#15424 = FACE_BOUND('',#15425,.T.);
#15425 = EDGE_LOOP('',(#15426,#15432,#15433,#15434));
#15426 = ORIENTED_EDGE('',*,*,#15427,.T.);
#15427 = EDGE_CURVE('',#11732,#13488,#15428,.T.);
#15428 = LINE('',#15429,#15430);
#15429 = CARTESIAN_POINT('',(106.05,-135.,0.));
#15430 = VECTOR('',#15431,1.);
#15431 = DIRECTION('',(0.,0.,1.));
#15432 = ORIENTED_EDGE('',*,*,#13487,.T.);
#15433 = ORIENTED_EDGE('',*,*,#15427,.F.);
#15434 = ORIENTED_EDGE('',*,*,#11731,.F.);
#15435 = CYLINDRICAL_SURFACE('',#15436,1.55);
#15436 = AXIS2_PLACEMENT_3D('',#15437,#15438,#15439);
#15437 = CARTESIAN_POINT('',(104.5,-135.,0.));
#15438 = DIRECTION('',(-0.,-0.,-1.));
#15439 = DIRECTION('',(1.,0.,-0.));
#15440 = ADVANCED_FACE('',(#15441),#15452,.F.);
#15441 = FACE_BOUND('',#15442,.T.);
#15442 = EDGE_LOOP('',(#15443,#15444,#15450,#15451));
#15443 = ORIENTED_EDGE('',*,*,#11742,.T.);
#15444 = ORIENTED_EDGE('',*,*,#15445,.T.);
#15445 = EDGE_CURVE('',#11743,#13499,#15446,.T.);
#15446 = LINE('',#15447,#15448);
#15447 = CARTESIAN_POINT('',(113.38,-141.51,-4.6E-02));
#15448 = VECTOR('',#15449,1.);
#15449 = DIRECTION('',(0.,0.,1.));
#15450 = ORIENTED_EDGE('',*,*,#13498,.F.);
#15451 = ORIENTED_EDGE('',*,*,#15445,.F.);
#15452 = CYLINDRICAL_SURFACE('',#15453,0.66);
#15453 = AXIS2_PLACEMENT_3D('',#15454,#15455,#15456);
#15454 = CARTESIAN_POINT('',(113.38,-140.85,-4.6E-02));
#15455 = DIRECTION('',(-0.,-0.,-1.));
#15456 = DIRECTION('',(-0.,-1.,0.));
#15457 = ADVANCED_FACE('',(#15458),#15469,.F.);
#15458 = FACE_BOUND('',#15459,.T.);
#15459 = EDGE_LOOP('',(#15460,#15461,#15467,#15468));
#15460 = ORIENTED_EDGE('',*,*,#11753,.T.);
#15461 = ORIENTED_EDGE('',*,*,#15462,.T.);
#15462 = EDGE_CURVE('',#11754,#13510,#15463,.T.);
#15463 = LINE('',#15464,#15465);
#15464 = CARTESIAN_POINT('',(113.38,-138.97,-4.6E-02));
#15465 = VECTOR('',#15466,1.);
#15466 = DIRECTION('',(0.,0.,1.));
#15467 = ORIENTED_EDGE('',*,*,#13509,.F.);
#15468 = ORIENTED_EDGE('',*,*,#15462,.F.);
#15469 = CYLINDRICAL_SURFACE('',#15470,0.66);
#15470 = AXIS2_PLACEMENT_3D('',#15471,#15472,#15473);
#15471 = CARTESIAN_POINT('',(113.38,-138.31,-4.6E-02));
#15472 = DIRECTION('',(-0.,-0.,-1.));
#15473 = DIRECTION('',(-0.,-1.,0.));
#15474 = ADVANCED_FACE('',(#15475),#15486,.F.);
#15475 = FACE_BOUND('',#15476,.T.);
#15476 = EDGE_LOOP('',(#15477,#15478,#15484,#15485));
#15477 = ORIENTED_EDGE('',*,*,#11764,.T.);
#15478 = ORIENTED_EDGE('',*,*,#15479,.T.);
#15479 = EDGE_CURVE('',#11765,#13521,#15480,.T.);
#15480 = LINE('',#15481,#15482);
#15481 = CARTESIAN_POINT('',(113.38,-136.43,-4.6E-02));
#15482 = VECTOR('',#15483,1.);
#15483 = DIRECTION('',(0.,0.,1.));
#15484 = ORIENTED_EDGE('',*,*,#13520,.F.);
#15485 = ORIENTED_EDGE('',*,*,#15479,.F.);
#15486 = CYLINDRICAL_SURFACE('',#15487,0.66);
#15487 = AXIS2_PLACEMENT_3D('',#15488,#15489,#15490);
#15488 = CARTESIAN_POINT('',(113.38,-135.77,-4.6E-02));
#15489 = DIRECTION('',(-0.,-0.,-1.));
#15490 = DIRECTION('',(-0.,-1.,0.));
#15491 = ADVANCED_FACE('',(#15492),#15503,.F.);
#15492 = FACE_BOUND('',#15493,.T.);
#15493 = EDGE_LOOP('',(#15494,#15495,#15501,#15502));
#15494 = ORIENTED_EDGE('',*,*,#11775,.T.);
#15495 = ORIENTED_EDGE('',*,*,#15496,.T.);
#15496 = EDGE_CURVE('',#11776,#13532,#15497,.T.);
#15497 = LINE('',#15498,#15499);
#15498 = CARTESIAN_POINT('',(113.38,-133.89,-4.6E-02));
#15499 = VECTOR('',#15500,1.);
#15500 = DIRECTION('',(0.,0.,1.));
#15501 = ORIENTED_EDGE('',*,*,#13531,.F.);
#15502 = ORIENTED_EDGE('',*,*,#15496,.F.);
#15503 = CYLINDRICAL_SURFACE('',#15504,0.66);
#15504 = AXIS2_PLACEMENT_3D('',#15505,#15506,#15507);
#15505 = CARTESIAN_POINT('',(113.38,-133.23,-4.6E-02));
#15506 = DIRECTION('',(-0.,-0.,-1.));
#15507 = DIRECTION('',(-0.,-1.,0.));
#15508 = ADVANCED_FACE('',(#15509),#15520,.F.);
#15509 = FACE_BOUND('',#15510,.T.);
#15510 = EDGE_LOOP('',(#15511,#15512,#15518,#15519));
#15511 = ORIENTED_EDGE('',*,*,#11786,.T.);
#15512 = ORIENTED_EDGE('',*,*,#15513,.T.);
#15513 = EDGE_CURVE('',#11787,#13543,#15514,.T.);
#15514 = LINE('',#15515,#15516);
#15515 = CARTESIAN_POINT('',(113.38,-131.35,-4.6E-02));
#15516 = VECTOR('',#15517,1.);
#15517 = DIRECTION('',(0.,0.,1.));
#15518 = ORIENTED_EDGE('',*,*,#13542,.F.);
#15519 = ORIENTED_EDGE('',*,*,#15513,.F.);
#15520 = CYLINDRICAL_SURFACE('',#15521,0.66);
#15521 = AXIS2_PLACEMENT_3D('',#15522,#15523,#15524);
#15522 = CARTESIAN_POINT('',(113.38,-130.69,-4.6E-02));
#15523 = DIRECTION('',(-0.,-0.,-1.));
#15524 = DIRECTION('',(-0.,-1.,0.));
#15525 = ADVANCED_FACE('',(#15526),#15537,.F.);
#15526 = FACE_BOUND('',#15527,.T.);
#15527 = EDGE_LOOP('',(#15528,#15529,#15535,#15536));
#15528 = ORIENTED_EDGE('',*,*,#11797,.T.);
#15529 = ORIENTED_EDGE('',*,*,#15530,.T.);
#15530 = EDGE_CURVE('',#11798,#13554,#15531,.T.);
#15531 = LINE('',#15532,#15533);
#15532 = CARTESIAN_POINT('',(113.38,-128.81,-4.6E-02));
#15533 = VECTOR('',#15534,1.);
#15534 = DIRECTION('',(0.,0.,1.));
#15535 = ORIENTED_EDGE('',*,*,#13553,.F.);
#15536 = ORIENTED_EDGE('',*,*,#15530,.F.);
#15537 = CYLINDRICAL_SURFACE('',#15538,0.66);
#15538 = AXIS2_PLACEMENT_3D('',#15539,#15540,#15541);
#15539 = CARTESIAN_POINT('',(113.38,-128.15,-4.6E-02));
#15540 = DIRECTION('',(-0.,-0.,-1.));
#15541 = DIRECTION('',(-0.,-1.,0.));
#15542 = ADVANCED_FACE('',(#15543),#15554,.F.);
#15543 = FACE_BOUND('',#15544,.T.);
#15544 = EDGE_LOOP('',(#15545,#15546,#15552,#15553));
#15545 = ORIENTED_EDGE('',*,*,#11808,.T.);
#15546 = ORIENTED_EDGE('',*,*,#15547,.T.);
#15547 = EDGE_CURVE('',#11809,#13565,#15548,.T.);
#15548 = LINE('',#15549,#15550);
#15549 = CARTESIAN_POINT('',(93.5,-104.875,-4.6E-02));
#15550 = VECTOR('',#15551,1.);
#15551 = DIRECTION('',(0.,0.,1.));
#15552 = ORIENTED_EDGE('',*,*,#13564,.F.);
#15553 = ORIENTED_EDGE('',*,*,#15547,.F.);
#15554 = CYLINDRICAL_SURFACE('',#15555,0.375);
#15555 = AXIS2_PLACEMENT_3D('',#15556,#15557,#15558);
#15556 = CARTESIAN_POINT('',(93.5,-104.5,-4.6E-02));
#15557 = DIRECTION('',(-0.,-0.,-1.));
#15558 = DIRECTION('',(-0.,-1.,0.));
#15559 = ADVANCED_FACE('',(#15560),#15571,.F.);
#15560 = FACE_BOUND('',#15561,.T.);
#15561 = EDGE_LOOP('',(#15562,#15563,#15569,#15570));
#15562 = ORIENTED_EDGE('',*,*,#11819,.T.);
#15563 = ORIENTED_EDGE('',*,*,#15564,.T.);
#15564 = EDGE_CURVE('',#11820,#13576,#15565,.T.);
#15565 = LINE('',#15566,#15567);
#15566 = CARTESIAN_POINT('',(93.5,-102.875,-4.6E-02));
#15567 = VECTOR('',#15568,1.);
#15568 = DIRECTION('',(0.,0.,1.));
#15569 = ORIENTED_EDGE('',*,*,#13575,.F.);
#15570 = ORIENTED_EDGE('',*,*,#15564,.F.);
#15571 = CYLINDRICAL_SURFACE('',#15572,0.375);
#15572 = AXIS2_PLACEMENT_3D('',#15573,#15574,#15575);
#15573 = CARTESIAN_POINT('',(93.5,-102.5,-4.6E-02));
#15574 = DIRECTION('',(-0.,-0.,-1.));
#15575 = DIRECTION('',(-0.,-1.,0.));
#15576 = ADVANCED_FACE('',(#15577),#15588,.F.);
#15577 = FACE_BOUND('',#15578,.T.);
#15578 = EDGE_LOOP('',(#15579,#15580,#15586,#15587));
#15579 = ORIENTED_EDGE('',*,*,#11830,.T.);
#15580 = ORIENTED_EDGE('',*,*,#15581,.T.);
#15581 = EDGE_CURVE('',#11831,#13587,#15582,.T.);
#15582 = LINE('',#15583,#15584);
#15583 = CARTESIAN_POINT('',(113.38,-126.27,-4.6E-02));
#15584 = VECTOR('',#15585,1.);
#15585 = DIRECTION('',(0.,0.,1.));
#15586 = ORIENTED_EDGE('',*,*,#13586,.F.);
#15587 = ORIENTED_EDGE('',*,*,#15581,.F.);
#15588 = CYLINDRICAL_SURFACE('',#15589,0.66);
#15589 = AXIS2_PLACEMENT_3D('',#15590,#15591,#15592);
#15590 = CARTESIAN_POINT('',(113.38,-125.61,-4.6E-02));
#15591 = DIRECTION('',(-0.,-0.,-1.));
#15592 = DIRECTION('',(-0.,-1.,0.));
#15593 = ADVANCED_FACE('',(#15594),#15605,.F.);
#15594 = FACE_BOUND('',#15595,.T.);
#15595 = EDGE_LOOP('',(#15596,#15597,#15603,#15604));
#15596 = ORIENTED_EDGE('',*,*,#11841,.T.);
#15597 = ORIENTED_EDGE('',*,*,#15598,.T.);
#15598 = EDGE_CURVE('',#11842,#13598,#15599,.T.);
#15599 = LINE('',#15600,#15601);
#15600 = CARTESIAN_POINT('',(112.88,-117.02,-4.6E-02));
#15601 = VECTOR('',#15602,1.);
#15602 = DIRECTION('',(0.,0.,1.));
#15603 = ORIENTED_EDGE('',*,*,#13597,.F.);
#15604 = ORIENTED_EDGE('',*,*,#15598,.F.);
#15605 = CYLINDRICAL_SURFACE('',#15606,0.51);
#15606 = AXIS2_PLACEMENT_3D('',#15607,#15608,#15609);
#15607 = CARTESIAN_POINT('',(112.88,-116.51,-4.6E-02));
#15608 = DIRECTION('',(-0.,-0.,-1.));
#15609 = DIRECTION('',(-0.,-1.,0.));
#15610 = ADVANCED_FACE('',(#15611),#15622,.F.);
#15611 = FACE_BOUND('',#15612,.T.);
#15612 = EDGE_LOOP('',(#15613,#15614,#15620,#15621));
#15613 = ORIENTED_EDGE('',*,*,#11852,.T.);
#15614 = ORIENTED_EDGE('',*,*,#15615,.T.);
#15615 = EDGE_CURVE('',#11853,#13609,#15616,.T.);
#15616 = LINE('',#15617,#15618);
#15617 = CARTESIAN_POINT('',(115.42,-117.02,-4.6E-02));
#15618 = VECTOR('',#15619,1.);
#15619 = DIRECTION('',(0.,0.,1.));
#15620 = ORIENTED_EDGE('',*,*,#13608,.F.);
#15621 = ORIENTED_EDGE('',*,*,#15615,.F.);
#15622 = CYLINDRICAL_SURFACE('',#15623,0.51);
#15623 = AXIS2_PLACEMENT_3D('',#15624,#15625,#15626);
#15624 = CARTESIAN_POINT('',(115.42,-116.51,-4.6E-02));
#15625 = DIRECTION('',(-0.,-0.,-1.));
#15626 = DIRECTION('',(-0.,-1.,0.));
#15627 = ADVANCED_FACE('',(#15628),#15639,.F.);
#15628 = FACE_BOUND('',#15629,.T.);
#15629 = EDGE_LOOP('',(#15630,#15631,#15637,#15638));
#15630 = ORIENTED_EDGE('',*,*,#11863,.T.);
#15631 = ORIENTED_EDGE('',*,*,#15632,.T.);
#15632 = EDGE_CURVE('',#11864,#13620,#15633,.T.);
#15633 = LINE('',#15634,#15635);
#15634 = CARTESIAN_POINT('',(117.96,-117.02,-4.6E-02));
#15635 = VECTOR('',#15636,1.);
#15636 = DIRECTION('',(0.,0.,1.));
#15637 = ORIENTED_EDGE('',*,*,#13619,.F.);
#15638 = ORIENTED_EDGE('',*,*,#15632,.F.);
#15639 = CYLINDRICAL_SURFACE('',#15640,0.51);
#15640 = AXIS2_PLACEMENT_3D('',#15641,#15642,#15643);
#15641 = CARTESIAN_POINT('',(117.96,-116.51,-4.6E-02));
#15642 = DIRECTION('',(-0.,-0.,-1.));
#15643 = DIRECTION('',(-2.78644210102E-14,-1.,0.));
#15644 = ADVANCED_FACE('',(#15645),#15656,.F.);
#15645 = FACE_BOUND('',#15646,.T.);
#15646 = EDGE_LOOP('',(#15647,#15653,#15654,#15655));
#15647 = ORIENTED_EDGE('',*,*,#15648,.T.);
#15648 = EDGE_CURVE('',#11875,#13631,#15649,.T.);
#15649 = LINE('',#15650,#15651);
#15650 = CARTESIAN_POINT('',(98.05,-111.,0.));
#15651 = VECTOR('',#15652,1.);
#15652 = DIRECTION('',(0.,0.,1.));
#15653 = ORIENTED_EDGE('',*,*,#13630,.T.);
#15654 = ORIENTED_EDGE('',*,*,#15648,.F.);
#15655 = ORIENTED_EDGE('',*,*,#11874,.F.);
#15656 = CYLINDRICAL_SURFACE('',#15657,1.55);
#15657 = AXIS2_PLACEMENT_3D('',#15658,#15659,#15660);
#15658 = CARTESIAN_POINT('',(96.5,-111.,0.));
#15659 = DIRECTION('',(-0.,-0.,-1.));
#15660 = DIRECTION('',(1.,0.,-0.));
#15661 = ADVANCED_FACE('',(#15662),#15673,.F.);
#15662 = FACE_BOUND('',#15663,.T.);
#15663 = EDGE_LOOP('',(#15664,#15670,#15671,#15672));
#15664 = ORIENTED_EDGE('',*,*,#15665,.T.);
#15665 = EDGE_CURVE('',#11886,#13642,#15666,.T.);
#15666 = LINE('',#15667,#15668);
#15667 = CARTESIAN_POINT('',(106.05,-111.,0.));
#15668 = VECTOR('',#15669,1.);
#15669 = DIRECTION('',(0.,0.,1.));
#15670 = ORIENTED_EDGE('',*,*,#13641,.T.);
#15671 = ORIENTED_EDGE('',*,*,#15665,.F.);
#15672 = ORIENTED_EDGE('',*,*,#11885,.F.);
#15673 = CYLINDRICAL_SURFACE('',#15674,1.55);
#15674 = AXIS2_PLACEMENT_3D('',#15675,#15676,#15677);
#15675 = CARTESIAN_POINT('',(104.5,-111.,0.));
#15676 = DIRECTION('',(-0.,-0.,-1.));
#15677 = DIRECTION('',(1.,0.,-0.));
#15678 = ADVANCED_FACE('',(#15679),#15690,.F.);
#15679 = FACE_BOUND('',#15680,.T.);
#15680 = EDGE_LOOP('',(#15681,#15682,#15688,#15689));
#15681 = ORIENTED_EDGE('',*,*,#11896,.T.);
#15682 = ORIENTED_EDGE('',*,*,#15683,.T.);
#15683 = EDGE_CURVE('',#11897,#13653,#15684,.T.);
#15684 = LINE('',#15685,#15686);
#15685 = CARTESIAN_POINT('',(101.,-101.375,-4.6E-02));
#15686 = VECTOR('',#15687,1.);
#15687 = DIRECTION('',(0.,0.,1.));
#15688 = ORIENTED_EDGE('',*,*,#13652,.F.);
#15689 = ORIENTED_EDGE('',*,*,#15683,.F.);
#15690 = CYLINDRICAL_SURFACE('',#15691,0.375);
#15691 = AXIS2_PLACEMENT_3D('',#15692,#15693,#15694);
#15692 = CARTESIAN_POINT('',(101.,-101.,-4.6E-02));
#15693 = DIRECTION('',(-0.,-0.,-1.));
#15694 = DIRECTION('',(-0.,-1.,0.));
#15695 = ADVANCED_FACE('',(#15696),#15707,.F.);
#15696 = FACE_BOUND('',#15697,.T.);
#15697 = EDGE_LOOP('',(#15698,#15699,#15705,#15706));
#15698 = ORIENTED_EDGE('',*,*,#11907,.T.);
#15699 = ORIENTED_EDGE('',*,*,#15700,.T.);
#15700 = EDGE_CURVE('',#11908,#13664,#15701,.T.);
#15701 = LINE('',#15702,#15703);
#15702 = CARTESIAN_POINT('',(103.5,-101.375,-4.6E-02));
#15703 = VECTOR('',#15704,1.);
#15704 = DIRECTION('',(0.,0.,1.));
#15705 = ORIENTED_EDGE('',*,*,#13663,.F.);
#15706 = ORIENTED_EDGE('',*,*,#15700,.F.);
#15707 = CYLINDRICAL_SURFACE('',#15708,0.375);
#15708 = AXIS2_PLACEMENT_3D('',#15709,#15710,#15711);
#15709 = CARTESIAN_POINT('',(103.5,-101.,-4.6E-02));
#15710 = DIRECTION('',(-0.,-0.,-1.));
#15711 = DIRECTION('',(-0.,-1.,0.));
#15712 = ADVANCED_FACE('',(#15713),#15724,.F.);
#15713 = FACE_BOUND('',#15714,.T.);
#15714 = EDGE_LOOP('',(#15715,#15716,#15722,#15723));
#15715 = ORIENTED_EDGE('',*,*,#11918,.T.);
#15716 = ORIENTED_EDGE('',*,*,#15717,.T.);
#15717 = EDGE_CURVE('',#11919,#13675,#15718,.T.);
#15718 = LINE('',#15719,#15720);
#15719 = CARTESIAN_POINT('',(112.88,-114.48,-4.6E-02));
#15720 = VECTOR('',#15721,1.);
#15721 = DIRECTION('',(0.,0.,1.));
#15722 = ORIENTED_EDGE('',*,*,#13674,.F.);
#15723 = ORIENTED_EDGE('',*,*,#15717,.F.);
#15724 = CYLINDRICAL_SURFACE('',#15725,0.51);
#15725 = AXIS2_PLACEMENT_3D('',#15726,#15727,#15728);
#15726 = CARTESIAN_POINT('',(112.88,-113.97,-4.6E-02));
#15727 = DIRECTION('',(-0.,-0.,-1.));
#15728 = DIRECTION('',(-0.,-1.,0.));
#15729 = ADVANCED_FACE('',(#15730),#15741,.F.);
#15730 = FACE_BOUND('',#15731,.T.);
#15731 = EDGE_LOOP('',(#15732,#15733,#15739,#15740));
#15732 = ORIENTED_EDGE('',*,*,#11929,.T.);
#15733 = ORIENTED_EDGE('',*,*,#15734,.T.);
#15734 = EDGE_CURVE('',#11930,#13686,#15735,.T.);
#15735 = LINE('',#15736,#15737);
#15736 = CARTESIAN_POINT('',(112.88,-111.94,-4.6E-02));
#15737 = VECTOR('',#15738,1.);
#15738 = DIRECTION('',(0.,0.,1.));
#15739 = ORIENTED_EDGE('',*,*,#13685,.F.);
#15740 = ORIENTED_EDGE('',*,*,#15734,.F.);
#15741 = CYLINDRICAL_SURFACE('',#15742,0.51);
#15742 = AXIS2_PLACEMENT_3D('',#15743,#15744,#15745);
#15743 = CARTESIAN_POINT('',(112.88,-111.43,-4.6E-02));
#15744 = DIRECTION('',(-0.,-0.,-1.));
#15745 = DIRECTION('',(-0.,-1.,0.));
#15746 = ADVANCED_FACE('',(#15747),#15758,.F.);
#15747 = FACE_BOUND('',#15748,.T.);
#15748 = EDGE_LOOP('',(#15749,#15750,#15756,#15757));
#15749 = ORIENTED_EDGE('',*,*,#11940,.T.);
#15750 = ORIENTED_EDGE('',*,*,#15751,.T.);
#15751 = EDGE_CURVE('',#11941,#13697,#15752,.T.);
#15752 = LINE('',#15753,#15754);
#15753 = CARTESIAN_POINT('',(112.88,-109.4,-4.6E-02));
#15754 = VECTOR('',#15755,1.);
#15755 = DIRECTION('',(0.,0.,1.));
#15756 = ORIENTED_EDGE('',*,*,#13696,.F.);
#15757 = ORIENTED_EDGE('',*,*,#15751,.F.);
#15758 = CYLINDRICAL_SURFACE('',#15759,0.51);
#15759 = AXIS2_PLACEMENT_3D('',#15760,#15761,#15762);
#15760 = CARTESIAN_POINT('',(112.88,-108.89,-4.6E-02));
#15761 = DIRECTION('',(-0.,-0.,-1.));
#15762 = DIRECTION('',(-0.,-1.,0.));
#15763 = ADVANCED_FACE('',(#15764),#15775,.F.);
#15764 = FACE_BOUND('',#15765,.T.);
#15765 = EDGE_LOOP('',(#15766,#15767,#15773,#15774));
#15766 = ORIENTED_EDGE('',*,*,#11951,.T.);
#15767 = ORIENTED_EDGE('',*,*,#15768,.T.);
#15768 = EDGE_CURVE('',#11952,#13708,#15769,.T.);
#15769 = LINE('',#15770,#15771);
#15770 = CARTESIAN_POINT('',(112.88,-106.86,-4.6E-02));
#15771 = VECTOR('',#15772,1.);
#15772 = DIRECTION('',(0.,0.,1.));
#15773 = ORIENTED_EDGE('',*,*,#13707,.F.);
#15774 = ORIENTED_EDGE('',*,*,#15768,.F.);
#15775 = CYLINDRICAL_SURFACE('',#15776,0.51);
#15776 = AXIS2_PLACEMENT_3D('',#15777,#15778,#15779);
#15777 = CARTESIAN_POINT('',(112.88,-106.35,-4.6E-02));
#15778 = DIRECTION('',(-0.,-0.,-1.));
#15779 = DIRECTION('',(-0.,-1.,0.));
#15780 = ADVANCED_FACE('',(#15781),#15792,.F.);
#15781 = FACE_BOUND('',#15782,.T.);
#15782 = EDGE_LOOP('',(#15783,#15784,#15790,#15791));
#15783 = ORIENTED_EDGE('',*,*,#11962,.T.);
#15784 = ORIENTED_EDGE('',*,*,#15785,.T.);
#15785 = EDGE_CURVE('',#11963,#13719,#15786,.T.);
#15786 = LINE('',#15787,#15788);
#15787 = CARTESIAN_POINT('',(112.88,-104.32,-4.6E-02));
#15788 = VECTOR('',#15789,1.);
#15789 = DIRECTION('',(0.,0.,1.));
#15790 = ORIENTED_EDGE('',*,*,#13718,.F.);
#15791 = ORIENTED_EDGE('',*,*,#15785,.F.);
#15792 = CYLINDRICAL_SURFACE('',#15793,0.51);
#15793 = AXIS2_PLACEMENT_3D('',#15794,#15795,#15796);
#15794 = CARTESIAN_POINT('',(112.88,-103.81,-4.6E-02));
#15795 = DIRECTION('',(-0.,-0.,-1.));
#15796 = DIRECTION('',(-0.,-1.,0.));
#15797 = ADVANCED_FACE('',(#15798),#15809,.F.);
#15798 = FACE_BOUND('',#15799,.T.);
#15799 = EDGE_LOOP('',(#15800,#15801,#15807,#15808));
#15800 = ORIENTED_EDGE('',*,*,#11973,.T.);
#15801 = ORIENTED_EDGE('',*,*,#15802,.T.);
#15802 = EDGE_CURVE('',#11974,#13730,#15803,.T.);
#15803 = LINE('',#15804,#15805);
#15804 = CARTESIAN_POINT('',(112.88,-101.78,-4.6E-02));
#15805 = VECTOR('',#15806,1.);
#15806 = DIRECTION('',(0.,0.,1.));
#15807 = ORIENTED_EDGE('',*,*,#13729,.F.);
#15808 = ORIENTED_EDGE('',*,*,#15802,.F.);
#15809 = CYLINDRICAL_SURFACE('',#15810,0.51);
#15810 = AXIS2_PLACEMENT_3D('',#15811,#15812,#15813);
#15811 = CARTESIAN_POINT('',(112.88,-101.27,-4.6E-02));
#15812 = DIRECTION('',(-0.,-0.,-1.));
#15813 = DIRECTION('',(-0.,-1.,0.));
#15814 = ADVANCED_FACE('',(#15815),#15831,.T.);
#15815 = FACE_BOUND('',#15816,.T.);
#15816 = EDGE_LOOP('',(#15817,#15823,#15824,#15830));
#15817 = ORIENTED_EDGE('',*,*,#15818,.T.);
#15818 = EDGE_CURVE('',#11985,#13741,#15819,.T.);
#15819 = LINE('',#15820,#15821);
#15820 = CARTESIAN_POINT('',(111.,-153.5,0.));
#15821 = VECTOR('',#15822,1.);
#15822 = DIRECTION('',(0.,0.,1.));
#15823 = ORIENTED_EDGE('',*,*,#13740,.T.);
#15824 = ORIENTED_EDGE('',*,*,#15825,.F.);
#15825 = EDGE_CURVE('',#11987,#13743,#15826,.T.);
#15826 = LINE('',#15827,#15828);
#15827 = CARTESIAN_POINT('',(132.,-153.5,0.));
#15828 = VECTOR('',#15829,1.);
#15829 = DIRECTION('',(0.,0.,1.));
#15830 = ORIENTED_EDGE('',*,*,#11984,.F.);
#15831 = PLANE('',#15832);
#15832 = AXIS2_PLACEMENT_3D('',#15833,#15834,#15835);
#15833 = CARTESIAN_POINT('',(111.,-153.5,0.));
#15834 = DIRECTION('',(0.,1.,0.));
#15835 = DIRECTION('',(1.,0.,0.));
#15836 = ADVANCED_FACE('',(#15837),#15848,.T.);
#15837 = FACE_BOUND('',#15838,.T.);
#15838 = EDGE_LOOP('',(#15839,#15845,#15846,#15847));
#15839 = ORIENTED_EDGE('',*,*,#15840,.T.);
#15840 = EDGE_CURVE('',#11995,#13751,#15841,.T.);
#15841 = LINE('',#15842,#15843);
#15842 = CARTESIAN_POINT('',(111.,-150.,0.));
#15843 = VECTOR('',#15844,1.);
#15844 = DIRECTION('',(0.,0.,1.));
#15845 = ORIENTED_EDGE('',*,*,#13750,.T.);
#15846 = ORIENTED_EDGE('',*,*,#15818,.F.);
#15847 = ORIENTED_EDGE('',*,*,#11994,.F.);
#15848 = PLANE('',#15849);
#15849 = AXIS2_PLACEMENT_3D('',#15850,#15851,#15852);
#15850 = CARTESIAN_POINT('',(111.,-150.,0.));
#15851 = DIRECTION('',(1.,0.,-0.));
#15852 = DIRECTION('',(0.,-1.,0.));
#15853 = ADVANCED_FACE('',(#15854),#15865,.T.);
#15854 = FACE_BOUND('',#15855,.T.);
#15855 = EDGE_LOOP('',(#15856,#15857,#15858,#15864));
#15856 = ORIENTED_EDGE('',*,*,#15825,.T.);
#15857 = ORIENTED_EDGE('',*,*,#13766,.T.);
#15858 = ORIENTED_EDGE('',*,*,#15859,.F.);
#15859 = EDGE_CURVE('',#12003,#13759,#15860,.T.);
#15860 = LINE('',#15861,#15862);
#15861 = CARTESIAN_POINT('',(132.,-150.,0.));
#15862 = VECTOR('',#15863,1.);
#15863 = DIRECTION('',(0.,0.,1.));
#15864 = ORIENTED_EDGE('',*,*,#12010,.F.);
#15865 = PLANE('',#15866);
#15866 = AXIS2_PLACEMENT_3D('',#15867,#15868,#15869);
#15867 = CARTESIAN_POINT('',(132.,-153.5,0.));
#15868 = DIRECTION('',(-1.,0.,0.));
#15869 = DIRECTION('',(0.,1.,0.));
#15870 = ADVANCED_FACE('',(#15871),#15877,.T.);
#15871 = FACE_BOUND('',#15872,.T.);
#15872 = EDGE_LOOP('',(#15873,#15874,#15875,#15876));
#15873 = ORIENTED_EDGE('',*,*,#15859,.T.);
#15874 = ORIENTED_EDGE('',*,*,#13758,.T.);
#15875 = ORIENTED_EDGE('',*,*,#15840,.F.);
#15876 = ORIENTED_EDGE('',*,*,#12002,.F.);
#15877 = PLANE('',#15878);
#15878 = AXIS2_PLACEMENT_3D('',#15879,#15880,#15881);
#15879 = CARTESIAN_POINT('',(132.,-150.,0.));
#15880 = DIRECTION('',(0.,-1.,0.));
#15881 = DIRECTION('',(-1.,0.,0.));
#15882 = ADVANCED_FACE('',(#15883),#15894,.F.);
#15883 = FACE_BOUND('',#15884,.T.);
#15884 = EDGE_LOOP('',(#15885,#15886,#15892,#15893));
#15885 = ORIENTED_EDGE('',*,*,#12018,.T.);
#15886 = ORIENTED_EDGE('',*,*,#15887,.T.);
#15887 = EDGE_CURVE('',#12019,#13775,#15888,.T.);
#15888 = LINE('',#15889,#15890);
#15889 = CARTESIAN_POINT('',(128.62,-144.05,-4.6E-02));
#15890 = VECTOR('',#15891,1.);
#15891 = DIRECTION('',(0.,0.,1.));
#15892 = ORIENTED_EDGE('',*,*,#13774,.F.);
#15893 = ORIENTED_EDGE('',*,*,#15887,.F.);
#15894 = CYLINDRICAL_SURFACE('',#15895,0.66);
#15895 = AXIS2_PLACEMENT_3D('',#15896,#15897,#15898);
#15896 = CARTESIAN_POINT('',(128.62,-143.39,-4.6E-02));
#15897 = DIRECTION('',(-0.,-0.,-1.));
#15898 = DIRECTION('',(-0.,-1.,0.));
#15899 = ADVANCED_FACE('',(#15900),#15911,.F.);
#15900 = FACE_BOUND('',#15901,.T.);
#15901 = EDGE_LOOP('',(#15902,#15903,#15909,#15910));
#15902 = ORIENTED_EDGE('',*,*,#12029,.T.);
#15903 = ORIENTED_EDGE('',*,*,#15904,.T.);
#15904 = EDGE_CURVE('',#12030,#13786,#15905,.T.);
#15905 = LINE('',#15906,#15907);
#15906 = CARTESIAN_POINT('',(139.25,-148.745,-4.6E-02));
#15907 = VECTOR('',#15908,1.);
#15908 = DIRECTION('',(0.,0.,1.));
#15909 = ORIENTED_EDGE('',*,*,#13785,.F.);
#15910 = ORIENTED_EDGE('',*,*,#15904,.F.);
#15911 = CYLINDRICAL_SURFACE('',#15912,0.495);
#15912 = AXIS2_PLACEMENT_3D('',#15913,#15914,#15915);
#15913 = CARTESIAN_POINT('',(139.25,-148.25,-4.6E-02));
#15914 = DIRECTION('',(-0.,-0.,-1.));
#15915 = DIRECTION('',(-0.,-1.,0.));
#15916 = ADVANCED_FACE('',(#15917),#15928,.F.);
#15917 = FACE_BOUND('',#15918,.T.);
#15918 = EDGE_LOOP('',(#15919,#15920,#15926,#15927));
#15919 = ORIENTED_EDGE('',*,*,#12040,.T.);
#15920 = ORIENTED_EDGE('',*,*,#15921,.T.);
#15921 = EDGE_CURVE('',#12041,#13797,#15922,.T.);
#15922 = LINE('',#15923,#15924);
#15923 = CARTESIAN_POINT('',(143.75,-148.745,-4.6E-02));
#15924 = VECTOR('',#15925,1.);
#15925 = DIRECTION('',(0.,0.,1.));
#15926 = ORIENTED_EDGE('',*,*,#13796,.F.);
#15927 = ORIENTED_EDGE('',*,*,#15921,.F.);
#15928 = CYLINDRICAL_SURFACE('',#15929,0.495);
#15929 = AXIS2_PLACEMENT_3D('',#15930,#15931,#15932);
#15930 = CARTESIAN_POINT('',(143.75,-148.25,-4.6E-02));
#15931 = DIRECTION('',(-0.,-0.,-1.));
#15932 = DIRECTION('',(-0.,-1.,0.));
#15933 = ADVANCED_FACE('',(#15934),#15945,.F.);
#15934 = FACE_BOUND('',#15935,.T.);
#15935 = EDGE_LOOP('',(#15936,#15937,#15943,#15944));
#15936 = ORIENTED_EDGE('',*,*,#12051,.T.);
#15937 = ORIENTED_EDGE('',*,*,#15938,.T.);
#15938 = EDGE_CURVE('',#12052,#13808,#15939,.T.);
#15939 = LINE('',#15940,#15941);
#15940 = CARTESIAN_POINT('',(139.25,-142.245,-4.6E-02));
#15941 = VECTOR('',#15942,1.);
#15942 = DIRECTION('',(0.,0.,1.));
#15943 = ORIENTED_EDGE('',*,*,#13807,.F.);
#15944 = ORIENTED_EDGE('',*,*,#15938,.F.);
#15945 = CYLINDRICAL_SURFACE('',#15946,0.495);
#15946 = AXIS2_PLACEMENT_3D('',#15947,#15948,#15949);
#15947 = CARTESIAN_POINT('',(139.25,-141.75,-4.6E-02));
#15948 = DIRECTION('',(-0.,-0.,-1.));
#15949 = DIRECTION('',(-0.,-1.,0.));
#15950 = ADVANCED_FACE('',(#15951),#15962,.F.);
#15951 = FACE_BOUND('',#15952,.T.);
#15952 = EDGE_LOOP('',(#15953,#15954,#15960,#15961));
#15953 = ORIENTED_EDGE('',*,*,#12062,.T.);
#15954 = ORIENTED_EDGE('',*,*,#15955,.T.);
#15955 = EDGE_CURVE('',#12063,#13819,#15956,.T.);
#15956 = LINE('',#15957,#15958);
#15957 = CARTESIAN_POINT('',(143.75,-142.245,-4.6E-02));
#15958 = VECTOR('',#15959,1.);
#15959 = DIRECTION('',(0.,0.,1.));
#15960 = ORIENTED_EDGE('',*,*,#13818,.F.);
#15961 = ORIENTED_EDGE('',*,*,#15955,.F.);
#15962 = CYLINDRICAL_SURFACE('',#15963,0.495);
#15963 = AXIS2_PLACEMENT_3D('',#15964,#15965,#15966);
#15964 = CARTESIAN_POINT('',(143.75,-141.75,-4.6E-02));
#15965 = DIRECTION('',(-0.,-0.,-1.));
#15966 = DIRECTION('',(-0.,-1.,0.));
#15967 = ADVANCED_FACE('',(#15968),#15979,.F.);
#15968 = FACE_BOUND('',#15969,.T.);
#15969 = EDGE_LOOP('',(#15970,#15971,#15977,#15978));
#15970 = ORIENTED_EDGE('',*,*,#12073,.T.);
#15971 = ORIENTED_EDGE('',*,*,#15972,.T.);
#15972 = EDGE_CURVE('',#12074,#13830,#15973,.T.);
#15973 = LINE('',#15974,#15975);
#15974 = CARTESIAN_POINT('',(128.62,-141.51,-4.6E-02));
#15975 = VECTOR('',#15976,1.);
#15976 = DIRECTION('',(0.,0.,1.));
#15977 = ORIENTED_EDGE('',*,*,#13829,.F.);
#15978 = ORIENTED_EDGE('',*,*,#15972,.F.);
#15979 = CYLINDRICAL_SURFACE('',#15980,0.66);
#15980 = AXIS2_PLACEMENT_3D('',#15981,#15982,#15983);
#15981 = CARTESIAN_POINT('',(128.62,-140.85,-4.6E-02));
#15982 = DIRECTION('',(-0.,-0.,-1.));
#15983 = DIRECTION('',(-0.,-1.,0.));
#15984 = ADVANCED_FACE('',(#15985),#15996,.F.);
#15985 = FACE_BOUND('',#15986,.T.);
#15986 = EDGE_LOOP('',(#15987,#15988,#15994,#15995));
#15987 = ORIENTED_EDGE('',*,*,#12084,.T.);
#15988 = ORIENTED_EDGE('',*,*,#15989,.T.);
#15989 = EDGE_CURVE('',#12085,#13841,#15990,.T.);
#15990 = LINE('',#15991,#15992);
#15991 = CARTESIAN_POINT('',(128.62,-138.97,-4.6E-02));
#15992 = VECTOR('',#15993,1.);
#15993 = DIRECTION('',(0.,0.,1.));
#15994 = ORIENTED_EDGE('',*,*,#13840,.F.);
#15995 = ORIENTED_EDGE('',*,*,#15989,.F.);
#15996 = CYLINDRICAL_SURFACE('',#15997,0.66);
#15997 = AXIS2_PLACEMENT_3D('',#15998,#15999,#16000);
#15998 = CARTESIAN_POINT('',(128.62,-138.31,-4.6E-02));
#15999 = DIRECTION('',(-0.,-0.,-1.));
#16000 = DIRECTION('',(-0.,-1.,0.));
#16001 = ADVANCED_FACE('',(#16002),#16013,.F.);
#16002 = FACE_BOUND('',#16003,.T.);
#16003 = EDGE_LOOP('',(#16004,#16005,#16011,#16012));
#16004 = ORIENTED_EDGE('',*,*,#12095,.T.);
#16005 = ORIENTED_EDGE('',*,*,#16006,.T.);
#16006 = EDGE_CURVE('',#12096,#13852,#16007,.T.);
#16007 = LINE('',#16008,#16009);
#16008 = CARTESIAN_POINT('',(128.62,-136.43,-4.6E-02));
#16009 = VECTOR('',#16010,1.);
#16010 = DIRECTION('',(0.,0.,1.));
#16011 = ORIENTED_EDGE('',*,*,#13851,.F.);
#16012 = ORIENTED_EDGE('',*,*,#16006,.F.);
#16013 = CYLINDRICAL_SURFACE('',#16014,0.66);
#16014 = AXIS2_PLACEMENT_3D('',#16015,#16016,#16017);
#16015 = CARTESIAN_POINT('',(128.62,-135.77,-4.6E-02));
#16016 = DIRECTION('',(-0.,-0.,-1.));
#16017 = DIRECTION('',(-0.,-1.,0.));
#16018 = ADVANCED_FACE('',(#16019),#16030,.F.);
#16019 = FACE_BOUND('',#16020,.T.);
#16020 = EDGE_LOOP('',(#16021,#16022,#16028,#16029));
#16021 = ORIENTED_EDGE('',*,*,#12106,.T.);
#16022 = ORIENTED_EDGE('',*,*,#16023,.T.);
#16023 = EDGE_CURVE('',#12107,#13863,#16024,.T.);
#16024 = LINE('',#16025,#16026);
#16025 = CARTESIAN_POINT('',(128.62,-133.89,-4.6E-02));
#16026 = VECTOR('',#16027,1.);
#16027 = DIRECTION('',(0.,0.,1.));
#16028 = ORIENTED_EDGE('',*,*,#13862,.F.);
#16029 = ORIENTED_EDGE('',*,*,#16023,.F.);
#16030 = CYLINDRICAL_SURFACE('',#16031,0.66);
#16031 = AXIS2_PLACEMENT_3D('',#16032,#16033,#16034);
#16032 = CARTESIAN_POINT('',(128.62,-133.23,-4.6E-02));
#16033 = DIRECTION('',(-0.,-0.,-1.));
#16034 = DIRECTION('',(-0.,-1.,0.));
#16035 = ADVANCED_FACE('',(#16036),#16047,.F.);
#16036 = FACE_BOUND('',#16037,.T.);
#16037 = EDGE_LOOP('',(#16038,#16039,#16045,#16046));
#16038 = ORIENTED_EDGE('',*,*,#12117,.T.);
#16039 = ORIENTED_EDGE('',*,*,#16040,.T.);
#16040 = EDGE_CURVE('',#12118,#13874,#16041,.T.);
#16041 = LINE('',#16042,#16043);
#16042 = CARTESIAN_POINT('',(128.62,-131.35,-4.6E-02));
#16043 = VECTOR('',#16044,1.);
#16044 = DIRECTION('',(0.,0.,1.));
#16045 = ORIENTED_EDGE('',*,*,#13873,.F.);
#16046 = ORIENTED_EDGE('',*,*,#16040,.F.);
#16047 = CYLINDRICAL_SURFACE('',#16048,0.66);
#16048 = AXIS2_PLACEMENT_3D('',#16049,#16050,#16051);
#16049 = CARTESIAN_POINT('',(128.62,-130.69,-4.6E-02));
#16050 = DIRECTION('',(-0.,-0.,-1.));
#16051 = DIRECTION('',(-0.,-1.,0.));
#16052 = ADVANCED_FACE('',(#16053),#16064,.F.);
#16053 = FACE_BOUND('',#16054,.T.);
#16054 = EDGE_LOOP('',(#16055,#16056,#16062,#16063));
#16055 = ORIENTED_EDGE('',*,*,#12128,.T.);
#16056 = ORIENTED_EDGE('',*,*,#16057,.T.);
#16057 = EDGE_CURVE('',#12129,#13885,#16058,.T.);
#16058 = LINE('',#16059,#16060);
#16059 = CARTESIAN_POINT('',(128.62,-128.81,-4.6E-02));
#16060 = VECTOR('',#16061,1.);
#16061 = DIRECTION('',(0.,0.,1.));
#16062 = ORIENTED_EDGE('',*,*,#13884,.F.);
#16063 = ORIENTED_EDGE('',*,*,#16057,.F.);
#16064 = CYLINDRICAL_SURFACE('',#16065,0.66);
#16065 = AXIS2_PLACEMENT_3D('',#16066,#16067,#16068);
#16066 = CARTESIAN_POINT('',(128.62,-128.15,-4.6E-02));
#16067 = DIRECTION('',(-0.,-0.,-1.));
#16068 = DIRECTION('',(-0.,-1.,0.));
#16069 = ADVANCED_FACE('',(#16070),#16081,.F.);
#16070 = FACE_BOUND('',#16071,.T.);
#16071 = EDGE_LOOP('',(#16072,#16078,#16079,#16080));
#16072 = ORIENTED_EDGE('',*,*,#16073,.T.);
#16073 = EDGE_CURVE('',#12140,#13896,#16074,.T.);
#16074 = LINE('',#16075,#16076);
#16075 = CARTESIAN_POINT('',(138.05,-135.,0.));
#16076 = VECTOR('',#16077,1.);
#16077 = DIRECTION('',(0.,0.,1.));
#16078 = ORIENTED_EDGE('',*,*,#13895,.T.);
#16079 = ORIENTED_EDGE('',*,*,#16073,.F.);
#16080 = ORIENTED_EDGE('',*,*,#12139,.F.);
#16081 = CYLINDRICAL_SURFACE('',#16082,1.55);
#16082 = AXIS2_PLACEMENT_3D('',#16083,#16084,#16085);
#16083 = CARTESIAN_POINT('',(136.5,-135.,0.));
#16084 = DIRECTION('',(-0.,-0.,-1.));
#16085 = DIRECTION('',(1.,0.,-0.));
#16086 = ADVANCED_FACE('',(#16087),#16098,.F.);
#16087 = FACE_BOUND('',#16088,.T.);
#16088 = EDGE_LOOP('',(#16089,#16095,#16096,#16097));
#16089 = ORIENTED_EDGE('',*,*,#16090,.T.);
#16090 = EDGE_CURVE('',#12151,#13907,#16091,.T.);
#16091 = LINE('',#16092,#16093);
#16092 = CARTESIAN_POINT('',(149.55,-152.5,0.));
#16093 = VECTOR('',#16094,1.);
#16094 = DIRECTION('',(0.,0.,1.));
#16095 = ORIENTED_EDGE('',*,*,#13906,.T.);
#16096 = ORIENTED_EDGE('',*,*,#16090,.F.);
#16097 = ORIENTED_EDGE('',*,*,#12150,.F.);
#16098 = CYLINDRICAL_SURFACE('',#16099,2.55);
#16099 = AXIS2_PLACEMENT_3D('',#16100,#16101,#16102);
#16100 = CARTESIAN_POINT('',(147.,-152.5,0.));
#16101 = DIRECTION('',(-0.,-0.,-1.));
#16102 = DIRECTION('',(1.,0.,-0.));
#16103 = ADVANCED_FACE('',(#16104),#16115,.F.);
#16104 = FACE_BOUND('',#16105,.T.);
#16105 = EDGE_LOOP('',(#16106,#16107,#16113,#16114));
#16106 = ORIENTED_EDGE('',*,*,#12161,.T.);
#16107 = ORIENTED_EDGE('',*,*,#16108,.T.);
#16108 = EDGE_CURVE('',#12162,#13918,#16109,.T.);
#16109 = LINE('',#16110,#16111);
#16110 = CARTESIAN_POINT('',(162.165,-151.22,-4.6E-02));
#16111 = VECTOR('',#16112,1.);
#16112 = DIRECTION('',(0.,0.,1.));
#16113 = ORIENTED_EDGE('',*,*,#13917,.F.);
#16114 = ORIENTED_EDGE('',*,*,#16108,.F.);
#16115 = CYLINDRICAL_SURFACE('',#16116,0.45);
#16116 = AXIS2_PLACEMENT_3D('',#16117,#16118,#16119);
#16117 = CARTESIAN_POINT('',(162.165,-150.77,-4.6E-02));
#16118 = DIRECTION('',(-0.,-0.,-1.));
#16119 = DIRECTION('',(-6.315935428979E-14,-1.,0.));
#16120 = ADVANCED_FACE('',(#16121),#16132,.F.);
#16121 = FACE_BOUND('',#16122,.T.);
#16122 = EDGE_LOOP('',(#16123,#16124,#16130,#16131));
#16123 = ORIENTED_EDGE('',*,*,#12172,.T.);
#16124 = ORIENTED_EDGE('',*,*,#16125,.T.);
#16125 = EDGE_CURVE('',#12173,#13929,#16126,.T.);
#16126 = LINE('',#16127,#16128);
#16127 = CARTESIAN_POINT('',(162.165,-148.68,-4.6E-02));
#16128 = VECTOR('',#16129,1.);
#16129 = DIRECTION('',(0.,0.,1.));
#16130 = ORIENTED_EDGE('',*,*,#13928,.F.);
#16131 = ORIENTED_EDGE('',*,*,#16125,.F.);
#16132 = CYLINDRICAL_SURFACE('',#16133,0.45);
#16133 = AXIS2_PLACEMENT_3D('',#16134,#16135,#16136);
#16134 = CARTESIAN_POINT('',(162.165,-148.23,-4.6E-02));
#16135 = DIRECTION('',(-0.,-0.,-1.));
#16136 = DIRECTION('',(-6.315935428979E-14,-1.,0.));
#16137 = ADVANCED_FACE('',(#16138),#16149,.F.);
#16138 = FACE_BOUND('',#16139,.T.);
#16139 = EDGE_LOOP('',(#16140,#16146,#16147,#16148));
#16140 = ORIENTED_EDGE('',*,*,#16141,.T.);
#16141 = EDGE_CURVE('',#12184,#13940,#16142,.T.);
#16142 = LINE('',#16143,#16144);
#16143 = CARTESIAN_POINT('',(146.05,-135.,0.));
#16144 = VECTOR('',#16145,1.);
#16145 = DIRECTION('',(0.,0.,1.));
#16146 = ORIENTED_EDGE('',*,*,#13939,.T.);
#16147 = ORIENTED_EDGE('',*,*,#16141,.F.);
#16148 = ORIENTED_EDGE('',*,*,#12183,.F.);
#16149 = CYLINDRICAL_SURFACE('',#16150,1.55);
#16150 = AXIS2_PLACEMENT_3D('',#16151,#16152,#16153);
#16151 = CARTESIAN_POINT('',(144.5,-135.,0.));
#16152 = DIRECTION('',(-0.,-0.,-1.));
#16153 = DIRECTION('',(1.,0.,-0.));
#16154 = ADVANCED_FACE('',(#16155),#16166,.F.);
#16155 = FACE_BOUND('',#16156,.T.);
#16156 = EDGE_LOOP('',(#16157,#16158,#16164,#16165));
#16157 = ORIENTED_EDGE('',*,*,#12194,.T.);
#16158 = ORIENTED_EDGE('',*,*,#16159,.T.);
#16159 = EDGE_CURVE('',#12195,#13951,#16160,.T.);
#16160 = LINE('',#16161,#16162);
#16161 = CARTESIAN_POINT('',(128.62,-126.27,-4.6E-02));
#16162 = VECTOR('',#16163,1.);
#16163 = DIRECTION('',(0.,0.,1.));
#16164 = ORIENTED_EDGE('',*,*,#13950,.F.);
#16165 = ORIENTED_EDGE('',*,*,#16159,.F.);
#16166 = CYLINDRICAL_SURFACE('',#16167,0.66);
#16167 = AXIS2_PLACEMENT_3D('',#16168,#16169,#16170);
#16168 = CARTESIAN_POINT('',(128.62,-125.61,-4.6E-02));
#16169 = DIRECTION('',(-0.,-0.,-1.));
#16170 = DIRECTION('',(-0.,-1.,0.));
#16171 = ADVANCED_FACE('',(#16172),#16183,.F.);
#16172 = FACE_BOUND('',#16173,.T.);
#16173 = EDGE_LOOP('',(#16174,#16175,#16181,#16182));
#16174 = ORIENTED_EDGE('',*,*,#12205,.T.);
#16175 = ORIENTED_EDGE('',*,*,#16176,.T.);
#16176 = EDGE_CURVE('',#12206,#13962,#16177,.T.);
#16177 = LINE('',#16178,#16179);
#16178 = CARTESIAN_POINT('',(120.5,-117.02,-4.6E-02));
#16179 = VECTOR('',#16180,1.);
#16180 = DIRECTION('',(0.,0.,1.));
#16181 = ORIENTED_EDGE('',*,*,#13961,.F.);
#16182 = ORIENTED_EDGE('',*,*,#16176,.F.);
#16183 = CYLINDRICAL_SURFACE('',#16184,0.51);
#16184 = AXIS2_PLACEMENT_3D('',#16185,#16186,#16187);
#16185 = CARTESIAN_POINT('',(120.5,-116.51,-4.6E-02));
#16186 = DIRECTION('',(-0.,-0.,-1.));
#16187 = DIRECTION('',(-0.,-1.,0.));
#16188 = ADVANCED_FACE('',(#16189),#16200,.F.);
#16189 = FACE_BOUND('',#16190,.T.);
#16190 = EDGE_LOOP('',(#16191,#16192,#16198,#16199));
#16191 = ORIENTED_EDGE('',*,*,#12216,.T.);
#16192 = ORIENTED_EDGE('',*,*,#16193,.T.);
#16193 = EDGE_CURVE('',#12217,#13973,#16194,.T.);
#16194 = LINE('',#16195,#16196);
#16195 = CARTESIAN_POINT('',(123.04,-117.02,-4.6E-02));
#16196 = VECTOR('',#16197,1.);
#16197 = DIRECTION('',(0.,0.,1.));
#16198 = ORIENTED_EDGE('',*,*,#13972,.F.);
#16199 = ORIENTED_EDGE('',*,*,#16193,.F.);
#16200 = CYLINDRICAL_SURFACE('',#16201,0.51);
#16201 = AXIS2_PLACEMENT_3D('',#16202,#16203,#16204);
#16202 = CARTESIAN_POINT('',(123.04,-116.51,-4.6E-02));
#16203 = DIRECTION('',(-0.,0.,-1.));
#16204 = DIRECTION('',(2.78644210102E-14,-1.,-0.));
#16205 = ADVANCED_FACE('',(#16206),#16217,.F.);
#16206 = FACE_BOUND('',#16207,.T.);
#16207 = EDGE_LOOP('',(#16208,#16209,#16215,#16216));
#16208 = ORIENTED_EDGE('',*,*,#12227,.T.);
#16209 = ORIENTED_EDGE('',*,*,#16210,.T.);
#16210 = EDGE_CURVE('',#12228,#13984,#16211,.T.);
#16211 = LINE('',#16212,#16213);
#16212 = CARTESIAN_POINT('',(125.58,-117.02,-4.6E-02));
#16213 = VECTOR('',#16214,1.);
#16214 = DIRECTION('',(0.,0.,1.));
#16215 = ORIENTED_EDGE('',*,*,#13983,.F.);
#16216 = ORIENTED_EDGE('',*,*,#16210,.F.);
#16217 = CYLINDRICAL_SURFACE('',#16218,0.51);
#16218 = AXIS2_PLACEMENT_3D('',#16219,#16220,#16221);
#16219 = CARTESIAN_POINT('',(125.58,-116.51,-4.6E-02));
#16220 = DIRECTION('',(-0.,-0.,-1.));
#16221 = DIRECTION('',(-0.,-1.,0.));
#16222 = ADVANCED_FACE('',(#16223),#16234,.F.);
#16223 = FACE_BOUND('',#16224,.T.);
#16224 = EDGE_LOOP('',(#16225,#16226,#16232,#16233));
#16225 = ORIENTED_EDGE('',*,*,#12238,.T.);
#16226 = ORIENTED_EDGE('',*,*,#16227,.T.);
#16227 = EDGE_CURVE('',#12239,#13995,#16228,.T.);
#16228 = LINE('',#16229,#16230);
#16229 = CARTESIAN_POINT('',(128.12,-117.02,-4.6E-02));
#16230 = VECTOR('',#16231,1.);
#16231 = DIRECTION('',(0.,0.,1.));
#16232 = ORIENTED_EDGE('',*,*,#13994,.F.);
#16233 = ORIENTED_EDGE('',*,*,#16227,.F.);
#16234 = CYLINDRICAL_SURFACE('',#16235,0.51);
#16235 = AXIS2_PLACEMENT_3D('',#16236,#16237,#16238);
#16236 = CARTESIAN_POINT('',(128.12,-116.51,-4.6E-02));
#16237 = DIRECTION('',(-0.,-0.,-1.));
#16238 = DIRECTION('',(-0.,-1.,0.));
#16239 = ADVANCED_FACE('',(#16240),#16251,.F.);
#16240 = FACE_BOUND('',#16241,.T.);
#16241 = EDGE_LOOP('',(#16242,#16243,#16249,#16250));
#16242 = ORIENTED_EDGE('',*,*,#12249,.T.);
#16243 = ORIENTED_EDGE('',*,*,#16244,.T.);
#16244 = EDGE_CURVE('',#12250,#14006,#16245,.T.);
#16245 = LINE('',#16246,#16247);
#16246 = CARTESIAN_POINT('',(128.12,-114.48,-4.6E-02));
#16247 = VECTOR('',#16248,1.);
#16248 = DIRECTION('',(0.,0.,1.));
#16249 = ORIENTED_EDGE('',*,*,#14005,.F.);
#16250 = ORIENTED_EDGE('',*,*,#16244,.F.);
#16251 = CYLINDRICAL_SURFACE('',#16252,0.51);
#16252 = AXIS2_PLACEMENT_3D('',#16253,#16254,#16255);
#16253 = CARTESIAN_POINT('',(128.12,-113.97,-4.6E-02));
#16254 = DIRECTION('',(-0.,-0.,-1.));
#16255 = DIRECTION('',(-0.,-1.,0.));
#16256 = ADVANCED_FACE('',(#16257),#16268,.F.);
#16257 = FACE_BOUND('',#16258,.T.);
#16258 = EDGE_LOOP('',(#16259,#16260,#16266,#16267));
#16259 = ORIENTED_EDGE('',*,*,#12260,.T.);
#16260 = ORIENTED_EDGE('',*,*,#16261,.T.);
#16261 = EDGE_CURVE('',#12261,#14017,#16262,.T.);
#16262 = LINE('',#16263,#16264);
#16263 = CARTESIAN_POINT('',(128.12,-111.94,-4.6E-02));
#16264 = VECTOR('',#16265,1.);
#16265 = DIRECTION('',(0.,0.,1.));
#16266 = ORIENTED_EDGE('',*,*,#14016,.F.);
#16267 = ORIENTED_EDGE('',*,*,#16261,.F.);
#16268 = CYLINDRICAL_SURFACE('',#16269,0.51);
#16269 = AXIS2_PLACEMENT_3D('',#16270,#16271,#16272);
#16270 = CARTESIAN_POINT('',(128.12,-111.43,-4.6E-02));
#16271 = DIRECTION('',(-0.,-0.,-1.));
#16272 = DIRECTION('',(-0.,-1.,0.));
#16273 = ADVANCED_FACE('',(#16274),#16285,.F.);
#16274 = FACE_BOUND('',#16275,.T.);
#16275 = EDGE_LOOP('',(#16276,#16277,#16283,#16284));
#16276 = ORIENTED_EDGE('',*,*,#12271,.T.);
#16277 = ORIENTED_EDGE('',*,*,#16278,.T.);
#16278 = EDGE_CURVE('',#12272,#14028,#16279,.T.);
#16279 = LINE('',#16280,#16281);
#16280 = CARTESIAN_POINT('',(128.12,-109.4,-4.6E-02));
#16281 = VECTOR('',#16282,1.);
#16282 = DIRECTION('',(0.,0.,1.));
#16283 = ORIENTED_EDGE('',*,*,#14027,.F.);
#16284 = ORIENTED_EDGE('',*,*,#16278,.F.);
#16285 = CYLINDRICAL_SURFACE('',#16286,0.51);
#16286 = AXIS2_PLACEMENT_3D('',#16287,#16288,#16289);
#16287 = CARTESIAN_POINT('',(128.12,-108.89,-4.6E-02));
#16288 = DIRECTION('',(-0.,-0.,-1.));
#16289 = DIRECTION('',(-0.,-1.,0.));
#16290 = ADVANCED_FACE('',(#16291),#16302,.F.);
#16291 = FACE_BOUND('',#16292,.T.);
#16292 = EDGE_LOOP('',(#16293,#16294,#16300,#16301));
#16293 = ORIENTED_EDGE('',*,*,#12282,.T.);
#16294 = ORIENTED_EDGE('',*,*,#16295,.T.);
#16295 = EDGE_CURVE('',#12283,#14039,#16296,.T.);
#16296 = LINE('',#16297,#16298);
#16297 = CARTESIAN_POINT('',(128.12,-106.86,-4.6E-02));
#16298 = VECTOR('',#16299,1.);
#16299 = DIRECTION('',(0.,0.,1.));
#16300 = ORIENTED_EDGE('',*,*,#14038,.F.);
#16301 = ORIENTED_EDGE('',*,*,#16295,.F.);
#16302 = CYLINDRICAL_SURFACE('',#16303,0.51);
#16303 = AXIS2_PLACEMENT_3D('',#16304,#16305,#16306);
#16304 = CARTESIAN_POINT('',(128.12,-106.35,-4.6E-02));
#16305 = DIRECTION('',(-0.,-0.,-1.));
#16306 = DIRECTION('',(-0.,-1.,0.));
#16307 = ADVANCED_FACE('',(#16308),#16319,.F.);
#16308 = FACE_BOUND('',#16309,.T.);
#16309 = EDGE_LOOP('',(#16310,#16311,#16317,#16318));
#16310 = ORIENTED_EDGE('',*,*,#12293,.T.);
#16311 = ORIENTED_EDGE('',*,*,#16312,.T.);
#16312 = EDGE_CURVE('',#12294,#14050,#16313,.T.);
#16313 = LINE('',#16314,#16315);
#16314 = CARTESIAN_POINT('',(128.12,-104.32,-4.6E-02));
#16315 = VECTOR('',#16316,1.);
#16316 = DIRECTION('',(0.,0.,1.));
#16317 = ORIENTED_EDGE('',*,*,#14049,.F.);
#16318 = ORIENTED_EDGE('',*,*,#16312,.F.);
#16319 = CYLINDRICAL_SURFACE('',#16320,0.51);
#16320 = AXIS2_PLACEMENT_3D('',#16321,#16322,#16323);
#16321 = CARTESIAN_POINT('',(128.12,-103.81,-4.6E-02));
#16322 = DIRECTION('',(-0.,-0.,-1.));
#16323 = DIRECTION('',(-0.,-1.,0.));
#16324 = ADVANCED_FACE('',(#16325),#16336,.F.);
#16325 = FACE_BOUND('',#16326,.T.);
#16326 = EDGE_LOOP('',(#16327,#16328,#16334,#16335));
#16327 = ORIENTED_EDGE('',*,*,#12304,.T.);
#16328 = ORIENTED_EDGE('',*,*,#16329,.T.);
#16329 = EDGE_CURVE('',#12305,#14061,#16330,.T.);
#16330 = LINE('',#16331,#16332);
#16331 = CARTESIAN_POINT('',(128.12,-101.78,-4.6E-02));
#16332 = VECTOR('',#16333,1.);
#16333 = DIRECTION('',(0.,0.,1.));
#16334 = ORIENTED_EDGE('',*,*,#14060,.F.);
#16335 = ORIENTED_EDGE('',*,*,#16329,.F.);
#16336 = CYLINDRICAL_SURFACE('',#16337,0.51);
#16337 = AXIS2_PLACEMENT_3D('',#16338,#16339,#16340);
#16338 = CARTESIAN_POINT('',(128.12,-101.27,-4.6E-02));
#16339 = DIRECTION('',(-0.,-0.,-1.));
#16340 = DIRECTION('',(-0.,-1.,0.));
#16341 = ADVANCED_FACE('',(#16342),#16353,.F.);
#16342 = FACE_BOUND('',#16343,.T.);
#16343 = EDGE_LOOP('',(#16344,#16350,#16351,#16352));
#16344 = ORIENTED_EDGE('',*,*,#16345,.T.);
#16345 = EDGE_CURVE('',#12316,#14072,#16346,.T.);
#16346 = LINE('',#16347,#16348);
#16347 = CARTESIAN_POINT('',(138.05,-111.,0.));
#16348 = VECTOR('',#16349,1.);
#16349 = DIRECTION('',(0.,0.,1.));
#16350 = ORIENTED_EDGE('',*,*,#14071,.T.);
#16351 = ORIENTED_EDGE('',*,*,#16345,.F.);
#16352 = ORIENTED_EDGE('',*,*,#12315,.F.);
#16353 = CYLINDRICAL_SURFACE('',#16354,1.55);
#16354 = AXIS2_PLACEMENT_3D('',#16355,#16356,#16357);
#16355 = CARTESIAN_POINT('',(136.5,-111.,0.));
#16356 = DIRECTION('',(-0.,-0.,-1.));
#16357 = DIRECTION('',(1.,0.,-0.));
#16358 = ADVANCED_FACE('',(#16359),#16370,.F.);
#16359 = FACE_BOUND('',#16360,.T.);
#16360 = EDGE_LOOP('',(#16361,#16362,#16368,#16369));
#16361 = ORIENTED_EDGE('',*,*,#12326,.T.);
#16362 = ORIENTED_EDGE('',*,*,#16363,.T.);
#16363 = EDGE_CURVE('',#12327,#14083,#16364,.T.);
#16364 = LINE('',#16365,#16366);
#16365 = CARTESIAN_POINT('',(136.,-101.375,-4.6E-02));
#16366 = VECTOR('',#16367,1.);
#16367 = DIRECTION('',(0.,0.,1.));
#16368 = ORIENTED_EDGE('',*,*,#14082,.F.);
#16369 = ORIENTED_EDGE('',*,*,#16363,.F.);
#16370 = CYLINDRICAL_SURFACE('',#16371,0.375);
#16371 = AXIS2_PLACEMENT_3D('',#16372,#16373,#16374);
#16372 = CARTESIAN_POINT('',(136.,-101.,-4.6E-02));
#16373 = DIRECTION('',(-0.,-0.,-1.));
#16374 = DIRECTION('',(-0.,-1.,0.));
#16375 = ADVANCED_FACE('',(#16376),#16387,.F.);
#16376 = FACE_BOUND('',#16377,.T.);
#16377 = EDGE_LOOP('',(#16378,#16379,#16385,#16386));
#16378 = ORIENTED_EDGE('',*,*,#12337,.T.);
#16379 = ORIENTED_EDGE('',*,*,#16380,.T.);
#16380 = EDGE_CURVE('',#12338,#14094,#16381,.T.);
#16381 = LINE('',#16382,#16383);
#16382 = CARTESIAN_POINT('',(138.5,-101.375,-4.6E-02));
#16383 = VECTOR('',#16384,1.);
#16384 = DIRECTION('',(0.,0.,1.));
#16385 = ORIENTED_EDGE('',*,*,#14093,.F.);
#16386 = ORIENTED_EDGE('',*,*,#16380,.F.);
#16387 = CYLINDRICAL_SURFACE('',#16388,0.375);
#16388 = AXIS2_PLACEMENT_3D('',#16389,#16390,#16391);
#16389 = CARTESIAN_POINT('',(138.5,-101.,-4.6E-02));
#16390 = DIRECTION('',(-0.,-0.,-1.));
#16391 = DIRECTION('',(-0.,-1.,0.));
#16392 = ADVANCED_FACE('',(#16393),#16404,.F.);
#16393 = FACE_BOUND('',#16394,.T.);
#16394 = EDGE_LOOP('',(#16395,#16401,#16402,#16403));
#16395 = ORIENTED_EDGE('',*,*,#16396,.T.);
#16396 = EDGE_CURVE('',#12349,#14105,#16397,.T.);
#16397 = LINE('',#16398,#16399);
#16398 = CARTESIAN_POINT('',(146.05,-111.,0.));
#16399 = VECTOR('',#16400,1.);
#16400 = DIRECTION('',(0.,0.,1.));
#16401 = ORIENTED_EDGE('',*,*,#14104,.T.);
#16402 = ORIENTED_EDGE('',*,*,#16396,.F.);
#16403 = ORIENTED_EDGE('',*,*,#12348,.F.);
#16404 = CYLINDRICAL_SURFACE('',#16405,1.55);
#16405 = AXIS2_PLACEMENT_3D('',#16406,#16407,#16408);
#16406 = CARTESIAN_POINT('',(144.5,-111.,0.));
#16407 = DIRECTION('',(-0.,-0.,-1.));
#16408 = DIRECTION('',(1.,0.,-0.));
#16409 = ADVANCED_FACE('',(#16410),#16421,.F.);
#16410 = FACE_BOUND('',#16411,.T.);
#16411 = EDGE_LOOP('',(#16412,#16413,#16419,#16420));
#16412 = ORIENTED_EDGE('',*,*,#12359,.T.);
#16413 = ORIENTED_EDGE('',*,*,#16414,.T.);
#16414 = EDGE_CURVE('',#12360,#14116,#16415,.T.);
#16415 = LINE('',#16416,#16417);
#16416 = CARTESIAN_POINT('',(147.,-104.875,-4.6E-02));
#16417 = VECTOR('',#16418,1.);
#16418 = DIRECTION('',(0.,0.,1.));
#16419 = ORIENTED_EDGE('',*,*,#14115,.F.);
#16420 = ORIENTED_EDGE('',*,*,#16414,.F.);
#16421 = CYLINDRICAL_SURFACE('',#16422,0.375);
#16422 = AXIS2_PLACEMENT_3D('',#16423,#16424,#16425);
#16423 = CARTESIAN_POINT('',(147.,-104.5,-4.6E-02));
#16424 = DIRECTION('',(-0.,-0.,-1.));
#16425 = DIRECTION('',(-0.,-1.,0.));
#16426 = ADVANCED_FACE('',(#16427),#16438,.F.);
#16427 = FACE_BOUND('',#16428,.T.);
#16428 = EDGE_LOOP('',(#16429,#16430,#16436,#16437));
#16429 = ORIENTED_EDGE('',*,*,#12370,.T.);
#16430 = ORIENTED_EDGE('',*,*,#16431,.T.);
#16431 = EDGE_CURVE('',#12371,#14127,#16432,.T.);
#16432 = LINE('',#16433,#16434);
#16433 = CARTESIAN_POINT('',(147.,-102.875,-4.6E-02));
#16434 = VECTOR('',#16435,1.);
#16435 = DIRECTION('',(0.,0.,1.));
#16436 = ORIENTED_EDGE('',*,*,#14126,.F.);
#16437 = ORIENTED_EDGE('',*,*,#16431,.F.);
#16438 = CYLINDRICAL_SURFACE('',#16439,0.375);
#16439 = AXIS2_PLACEMENT_3D('',#16440,#16441,#16442);
#16440 = CARTESIAN_POINT('',(147.,-102.5,-4.6E-02));
#16441 = DIRECTION('',(-0.,-0.,-1.));
#16442 = DIRECTION('',(-0.,-1.,0.));
#16443 = ADVANCED_FACE('',(#16444),#16455,.F.);
#16444 = FACE_BOUND('',#16445,.T.);
#16445 = EDGE_LOOP('',(#16446,#16447,#16453,#16454));
#16446 = ORIENTED_EDGE('',*,*,#12381,.T.);
#16447 = ORIENTED_EDGE('',*,*,#16448,.T.);
#16448 = EDGE_CURVE('',#12382,#14138,#16449,.T.);
#16449 = LINE('',#16450,#16451);
#16450 = CARTESIAN_POINT('',(78.,-95.5,-4.6E-02));
#16451 = VECTOR('',#16452,1.);
#16452 = DIRECTION('',(0.,0.,1.));
#16453 = ORIENTED_EDGE('',*,*,#14137,.F.);
#16454 = ORIENTED_EDGE('',*,*,#16448,.F.);
#16455 = CYLINDRICAL_SURFACE('',#16456,0.5);
#16456 = AXIS2_PLACEMENT_3D('',#16457,#16458,#16459);
#16457 = CARTESIAN_POINT('',(78.,-95.,-4.6E-02));
#16458 = DIRECTION('',(-0.,-0.,-1.));
#16459 = DIRECTION('',(-0.,-1.,0.));
#16460 = ADVANCED_FACE('',(#16461),#16472,.F.);
#16461 = FACE_BOUND('',#16462,.T.);
#16462 = EDGE_LOOP('',(#16463,#16464,#16470,#16471));
#16463 = ORIENTED_EDGE('',*,*,#12392,.T.);
#16464 = ORIENTED_EDGE('',*,*,#16465,.T.);
#16465 = EDGE_CURVE('',#12393,#14149,#16466,.T.);
#16466 = LINE('',#16467,#16468);
#16467 = CARTESIAN_POINT('',(74.28,-93.6,-4.6E-02));
#16468 = VECTOR('',#16469,1.);
#16469 = DIRECTION('',(0.,0.,1.));
#16470 = ORIENTED_EDGE('',*,*,#14148,.F.);
#16471 = ORIENTED_EDGE('',*,*,#16465,.F.);
#16472 = CYLINDRICAL_SURFACE('',#16473,0.5);
#16473 = AXIS2_PLACEMENT_3D('',#16474,#16475,#16476);
#16474 = CARTESIAN_POINT('',(74.28,-93.1,-4.6E-02));
#16475 = DIRECTION('',(-0.,-0.,-1.));
#16476 = DIRECTION('',(-0.,-1.,0.));
#16477 = ADVANCED_FACE('',(#16478),#16489,.F.);
#16478 = FACE_BOUND('',#16479,.T.);
#16479 = EDGE_LOOP('',(#16480,#16481,#16487,#16488));
#16480 = ORIENTED_EDGE('',*,*,#12403,.T.);
#16481 = ORIENTED_EDGE('',*,*,#16482,.T.);
#16482 = EDGE_CURVE('',#12404,#14160,#16483,.T.);
#16483 = LINE('',#16484,#16485);
#16484 = CARTESIAN_POINT('',(73.65,-91.6,-4.6E-02));
#16485 = VECTOR('',#16486,1.);
#16486 = DIRECTION('',(0.,0.,1.));
#16487 = ORIENTED_EDGE('',*,*,#14159,.F.);
#16488 = ORIENTED_EDGE('',*,*,#16482,.F.);
#16489 = CYLINDRICAL_SURFACE('',#16490,1.25);
#16490 = AXIS2_PLACEMENT_3D('',#16491,#16492,#16493);
#16491 = CARTESIAN_POINT('',(73.65,-90.35,-4.6E-02));
#16492 = DIRECTION('',(-0.,-0.,-1.));
#16493 = DIRECTION('',(-0.,-1.,0.));
#16494 = ADVANCED_FACE('',(#16495),#16506,.F.);
#16495 = FACE_BOUND('',#16496,.T.);
#16496 = EDGE_LOOP('',(#16497,#16498,#16504,#16505));
#16497 = ORIENTED_EDGE('',*,*,#12414,.T.);
#16498 = ORIENTED_EDGE('',*,*,#16499,.T.);
#16499 = EDGE_CURVE('',#12415,#14171,#16500,.T.);
#16500 = LINE('',#16501,#16502);
#16501 = CARTESIAN_POINT('',(76.82,-93.6,-4.6E-02));
#16502 = VECTOR('',#16503,1.);
#16503 = DIRECTION('',(0.,0.,1.));
#16504 = ORIENTED_EDGE('',*,*,#14170,.F.);
#16505 = ORIENTED_EDGE('',*,*,#16499,.F.);
#16506 = CYLINDRICAL_SURFACE('',#16507,0.5);
#16507 = AXIS2_PLACEMENT_3D('',#16508,#16509,#16510);
#16508 = CARTESIAN_POINT('',(76.82,-93.1,-4.6E-02));
#16509 = DIRECTION('',(-0.,-0.,-1.));
#16510 = DIRECTION('',(-0.,-1.,0.));
#16511 = ADVANCED_FACE('',(#16512),#16523,.F.);
#16512 = FACE_BOUND('',#16513,.T.);
#16513 = EDGE_LOOP('',(#16514,#16515,#16521,#16522));
#16514 = ORIENTED_EDGE('',*,*,#12425,.T.);
#16515 = ORIENTED_EDGE('',*,*,#16516,.T.);
#16516 = EDGE_CURVE('',#12426,#14182,#16517,.T.);
#16517 = LINE('',#16518,#16519);
#16518 = CARTESIAN_POINT('',(77.45,-91.6,-4.6E-02));
#16519 = VECTOR('',#16520,1.);
#16520 = DIRECTION('',(0.,0.,1.));
#16521 = ORIENTED_EDGE('',*,*,#14181,.F.);
#16522 = ORIENTED_EDGE('',*,*,#16516,.F.);
#16523 = CYLINDRICAL_SURFACE('',#16524,1.25);
#16524 = AXIS2_PLACEMENT_3D('',#16525,#16526,#16527);
#16525 = CARTESIAN_POINT('',(77.45,-90.35,-4.6E-02));
#16526 = DIRECTION('',(-0.,-0.,-1.));
#16527 = DIRECTION('',(-0.,-1.,0.));
#16528 = ADVANCED_FACE('',(#16529),#16540,.F.);
#16529 = FACE_BOUND('',#16530,.T.);
#16530 = EDGE_LOOP('',(#16531,#16532,#16538,#16539));
#16531 = ORIENTED_EDGE('',*,*,#12436,.T.);
#16532 = ORIENTED_EDGE('',*,*,#16533,.T.);
#16533 = EDGE_CURVE('',#12437,#14193,#16534,.T.);
#16534 = LINE('',#16535,#16536);
#16535 = CARTESIAN_POINT('',(74.28,-88.1,-4.6E-02));
#16536 = VECTOR('',#16537,1.);
#16537 = DIRECTION('',(0.,0.,1.));
#16538 = ORIENTED_EDGE('',*,*,#14192,.F.);
#16539 = ORIENTED_EDGE('',*,*,#16533,.F.);
#16540 = CYLINDRICAL_SURFACE('',#16541,0.5);
#16541 = AXIS2_PLACEMENT_3D('',#16542,#16543,#16544);
#16542 = CARTESIAN_POINT('',(74.28,-87.6,-4.6E-02));
#16543 = DIRECTION('',(-0.,-0.,-1.));
#16544 = DIRECTION('',(-0.,-1.,0.));
#16545 = ADVANCED_FACE('',(#16546),#16557,.F.);
#16546 = FACE_BOUND('',#16547,.T.);
#16547 = EDGE_LOOP('',(#16548,#16549,#16555,#16556));
#16548 = ORIENTED_EDGE('',*,*,#12447,.T.);
#16549 = ORIENTED_EDGE('',*,*,#16550,.T.);
#16550 = EDGE_CURVE('',#12448,#14204,#16551,.T.);
#16551 = LINE('',#16552,#16553);
#16552 = CARTESIAN_POINT('',(76.82,-88.1,-4.6E-02));
#16553 = VECTOR('',#16554,1.);
#16554 = DIRECTION('',(0.,0.,1.));
#16555 = ORIENTED_EDGE('',*,*,#14203,.F.);
#16556 = ORIENTED_EDGE('',*,*,#16550,.F.);
#16557 = CYLINDRICAL_SURFACE('',#16558,0.5);
#16558 = AXIS2_PLACEMENT_3D('',#16559,#16560,#16561);
#16559 = CARTESIAN_POINT('',(76.82,-87.6,-4.6E-02));
#16560 = DIRECTION('',(-0.,-0.,-1.));
#16561 = DIRECTION('',(-0.,-1.,0.));
#16562 = ADVANCED_FACE('',(#16563),#16574,.F.);
#16563 = FACE_BOUND('',#16564,.T.);
#16564 = EDGE_LOOP('',(#16565,#16571,#16572,#16573));
#16565 = ORIENTED_EDGE('',*,*,#16566,.T.);
#16566 = EDGE_CURVE('',#12459,#14215,#16567,.T.);
#16567 = LINE('',#16568,#16569);
#16568 = CARTESIAN_POINT('',(86.55,-91.,0.));
#16569 = VECTOR('',#16570,1.);
#16570 = DIRECTION('',(0.,0.,1.));
#16571 = ORIENTED_EDGE('',*,*,#14214,.T.);
#16572 = ORIENTED_EDGE('',*,*,#16566,.F.);
#16573 = ORIENTED_EDGE('',*,*,#12458,.F.);
#16574 = CYLINDRICAL_SURFACE('',#16575,2.55);
#16575 = AXIS2_PLACEMENT_3D('',#16576,#16577,#16578);
#16576 = CARTESIAN_POINT('',(84.,-91.,0.));
#16577 = DIRECTION('',(-0.,-0.,-1.));
#16578 = DIRECTION('',(1.,0.,-0.));
#16579 = ADVANCED_FACE('',(#16580),#16591,.F.);
#16580 = FACE_BOUND('',#16581,.T.);
#16581 = EDGE_LOOP('',(#16582,#16583,#16589,#16590));
#16582 = ORIENTED_EDGE('',*,*,#12469,.T.);
#16583 = ORIENTED_EDGE('',*,*,#16584,.T.);
#16584 = EDGE_CURVE('',#12470,#14226,#16585,.T.);
#16585 = LINE('',#16586,#16587);
#16586 = CARTESIAN_POINT('',(95.81,-77.375,-4.6E-02));
#16587 = VECTOR('',#16588,1.);
#16588 = DIRECTION('',(0.,0.,1.));
#16589 = ORIENTED_EDGE('',*,*,#14225,.F.);
#16590 = ORIENTED_EDGE('',*,*,#16584,.F.);
#16591 = CYLINDRICAL_SURFACE('',#16592,0.375);
#16592 = AXIS2_PLACEMENT_3D('',#16593,#16594,#16595);
#16593 = CARTESIAN_POINT('',(95.81,-77.,-4.6E-02));
#16594 = DIRECTION('',(-0.,-0.,-1.));
#16595 = DIRECTION('',(-0.,-1.,0.));
#16596 = ADVANCED_FACE('',(#16597),#16608,.F.);
#16597 = FACE_BOUND('',#16598,.T.);
#16598 = EDGE_LOOP('',(#16599,#16600,#16606,#16607));
#16599 = ORIENTED_EDGE('',*,*,#12480,.T.);
#16600 = ORIENTED_EDGE('',*,*,#16601,.T.);
#16601 = EDGE_CURVE('',#12481,#14237,#16602,.T.);
#16602 = LINE('',#16603,#16604);
#16603 = CARTESIAN_POINT('',(95.81,-74.875,-4.6E-02));
#16604 = VECTOR('',#16605,1.);
#16605 = DIRECTION('',(0.,0.,1.));
#16606 = ORIENTED_EDGE('',*,*,#14236,.F.);
#16607 = ORIENTED_EDGE('',*,*,#16601,.F.);
#16608 = CYLINDRICAL_SURFACE('',#16609,0.375);
#16609 = AXIS2_PLACEMENT_3D('',#16610,#16611,#16612);
#16610 = CARTESIAN_POINT('',(95.81,-74.5,-4.6E-02));
#16611 = DIRECTION('',(-0.,-0.,-1.));
#16612 = DIRECTION('',(-0.,-1.,0.));
#16613 = ADVANCED_FACE('',(#16614),#16625,.F.);
#16614 = FACE_BOUND('',#16615,.T.);
#16615 = EDGE_LOOP('',(#16616,#16617,#16623,#16624));
#16616 = ORIENTED_EDGE('',*,*,#12491,.T.);
#16617 = ORIENTED_EDGE('',*,*,#16618,.T.);
#16618 = EDGE_CURVE('',#12492,#14248,#16619,.T.);
#16619 = LINE('',#16620,#16621);
#16620 = CARTESIAN_POINT('',(101.,-89.375,-4.6E-02));
#16621 = VECTOR('',#16622,1.);
#16622 = DIRECTION('',(0.,0.,1.));
#16623 = ORIENTED_EDGE('',*,*,#14247,.F.);
#16624 = ORIENTED_EDGE('',*,*,#16618,.F.);
#16625 = CYLINDRICAL_SURFACE('',#16626,0.375);
#16626 = AXIS2_PLACEMENT_3D('',#16627,#16628,#16629);
#16627 = CARTESIAN_POINT('',(101.,-89.,-4.6E-02));
#16628 = DIRECTION('',(-0.,-0.,-1.));
#16629 = DIRECTION('',(-0.,-1.,0.));
#16630 = ADVANCED_FACE('',(#16631),#16642,.F.);
#16631 = FACE_BOUND('',#16632,.T.);
#16632 = EDGE_LOOP('',(#16633,#16634,#16640,#16641));
#16633 = ORIENTED_EDGE('',*,*,#12502,.T.);
#16634 = ORIENTED_EDGE('',*,*,#16635,.T.);
#16635 = EDGE_CURVE('',#12503,#14259,#16636,.T.);
#16636 = LINE('',#16637,#16638);
#16637 = CARTESIAN_POINT('',(103.5,-89.375,-4.6E-02));
#16638 = VECTOR('',#16639,1.);
#16639 = DIRECTION('',(0.,0.,1.));
#16640 = ORIENTED_EDGE('',*,*,#14258,.F.);
#16641 = ORIENTED_EDGE('',*,*,#16635,.F.);
#16642 = CYLINDRICAL_SURFACE('',#16643,0.375);
#16643 = AXIS2_PLACEMENT_3D('',#16644,#16645,#16646);
#16644 = CARTESIAN_POINT('',(103.5,-89.,-4.6E-02));
#16645 = DIRECTION('',(-0.,-0.,-1.));
#16646 = DIRECTION('',(-0.,-1.,0.));
#16647 = ADVANCED_FACE('',(#16648),#16659,.F.);
#16648 = FACE_BOUND('',#16649,.T.);
#16649 = EDGE_LOOP('',(#16650,#16651,#16657,#16658));
#16650 = ORIENTED_EDGE('',*,*,#12513,.T.);
#16651 = ORIENTED_EDGE('',*,*,#16652,.T.);
#16652 = EDGE_CURVE('',#12514,#14270,#16653,.T.);
#16653 = LINE('',#16654,#16655);
#16654 = CARTESIAN_POINT('',(112.88,-99.24,-4.6E-02));
#16655 = VECTOR('',#16656,1.);
#16656 = DIRECTION('',(0.,0.,1.));
#16657 = ORIENTED_EDGE('',*,*,#14269,.F.);
#16658 = ORIENTED_EDGE('',*,*,#16652,.F.);
#16659 = CYLINDRICAL_SURFACE('',#16660,0.51);
#16660 = AXIS2_PLACEMENT_3D('',#16661,#16662,#16663);
#16661 = CARTESIAN_POINT('',(112.88,-98.73,-4.6E-02));
#16662 = DIRECTION('',(-0.,-0.,-1.));
#16663 = DIRECTION('',(-0.,-1.,0.));
#16664 = ADVANCED_FACE('',(#16665),#16676,.F.);
#16665 = FACE_BOUND('',#16666,.T.);
#16666 = EDGE_LOOP('',(#16667,#16668,#16674,#16675));
#16667 = ORIENTED_EDGE('',*,*,#12524,.T.);
#16668 = ORIENTED_EDGE('',*,*,#16669,.T.);
#16669 = EDGE_CURVE('',#12525,#14281,#16670,.T.);
#16670 = LINE('',#16671,#16672);
#16671 = CARTESIAN_POINT('',(112.88,-96.7,-4.6E-02));
#16672 = VECTOR('',#16673,1.);
#16673 = DIRECTION('',(0.,0.,1.));
#16674 = ORIENTED_EDGE('',*,*,#14280,.F.);
#16675 = ORIENTED_EDGE('',*,*,#16669,.F.);
#16676 = CYLINDRICAL_SURFACE('',#16677,0.51);
#16677 = AXIS2_PLACEMENT_3D('',#16678,#16679,#16680);
#16678 = CARTESIAN_POINT('',(112.88,-96.19,-4.6E-02));
#16679 = DIRECTION('',(-0.,-0.,-1.));
#16680 = DIRECTION('',(-0.,-1.,0.));
#16681 = ADVANCED_FACE('',(#16682),#16693,.F.);
#16682 = FACE_BOUND('',#16683,.T.);
#16683 = EDGE_LOOP('',(#16684,#16685,#16691,#16692));
#16684 = ORIENTED_EDGE('',*,*,#12535,.T.);
#16685 = ORIENTED_EDGE('',*,*,#16686,.T.);
#16686 = EDGE_CURVE('',#12536,#14292,#16687,.T.);
#16687 = LINE('',#16688,#16689);
#16688 = CARTESIAN_POINT('',(112.88,-94.16,-4.6E-02));
#16689 = VECTOR('',#16690,1.);
#16690 = DIRECTION('',(0.,0.,1.));
#16691 = ORIENTED_EDGE('',*,*,#14291,.F.);
#16692 = ORIENTED_EDGE('',*,*,#16686,.F.);
#16693 = CYLINDRICAL_SURFACE('',#16694,0.51);
#16694 = AXIS2_PLACEMENT_3D('',#16695,#16696,#16697);
#16695 = CARTESIAN_POINT('',(112.88,-93.65,-4.6E-02));
#16696 = DIRECTION('',(-0.,-0.,-1.));
#16697 = DIRECTION('',(-0.,-1.,0.));
#16698 = ADVANCED_FACE('',(#16699),#16710,.F.);
#16699 = FACE_BOUND('',#16700,.T.);
#16700 = EDGE_LOOP('',(#16701,#16702,#16708,#16709));
#16701 = ORIENTED_EDGE('',*,*,#12546,.T.);
#16702 = ORIENTED_EDGE('',*,*,#16703,.T.);
#16703 = EDGE_CURVE('',#12547,#14303,#16704,.T.);
#16704 = LINE('',#16705,#16706);
#16705 = CARTESIAN_POINT('',(112.88,-91.62,-4.6E-02));
#16706 = VECTOR('',#16707,1.);
#16707 = DIRECTION('',(0.,0.,1.));
#16708 = ORIENTED_EDGE('',*,*,#14302,.F.);
#16709 = ORIENTED_EDGE('',*,*,#16703,.F.);
#16710 = CYLINDRICAL_SURFACE('',#16711,0.51);
#16711 = AXIS2_PLACEMENT_3D('',#16712,#16713,#16714);
#16712 = CARTESIAN_POINT('',(112.88,-91.11,-4.6E-02));
#16713 = DIRECTION('',(-0.,-0.,-1.));
#16714 = DIRECTION('',(-0.,-1.,0.));
#16715 = ADVANCED_FACE('',(#16716),#16727,.F.);
#16716 = FACE_BOUND('',#16717,.T.);
#16717 = EDGE_LOOP('',(#16718,#16719,#16725,#16726));
#16718 = ORIENTED_EDGE('',*,*,#12557,.T.);
#16719 = ORIENTED_EDGE('',*,*,#16720,.T.);
#16720 = EDGE_CURVE('',#12558,#14314,#16721,.T.);
#16721 = LINE('',#16722,#16723);
#16722 = CARTESIAN_POINT('',(112.88,-89.08,-4.6E-02));
#16723 = VECTOR('',#16724,1.);
#16724 = DIRECTION('',(0.,0.,1.));
#16725 = ORIENTED_EDGE('',*,*,#14313,.F.);
#16726 = ORIENTED_EDGE('',*,*,#16720,.F.);
#16727 = CYLINDRICAL_SURFACE('',#16728,0.51);
#16728 = AXIS2_PLACEMENT_3D('',#16729,#16730,#16731);
#16729 = CARTESIAN_POINT('',(112.88,-88.57,-4.6E-02));
#16730 = DIRECTION('',(-0.,-0.,-1.));
#16731 = DIRECTION('',(-0.,-1.,0.));
#16732 = ADVANCED_FACE('',(#16733),#16744,.F.);
#16733 = FACE_BOUND('',#16734,.T.);
#16734 = EDGE_LOOP('',(#16735,#16736,#16742,#16743));
#16735 = ORIENTED_EDGE('',*,*,#12568,.T.);
#16736 = ORIENTED_EDGE('',*,*,#16737,.T.);
#16737 = EDGE_CURVE('',#12569,#14325,#16738,.T.);
#16738 = LINE('',#16739,#16740);
#16739 = CARTESIAN_POINT('',(112.88,-86.54,-4.6E-02));
#16740 = VECTOR('',#16741,1.);
#16741 = DIRECTION('',(0.,0.,1.));
#16742 = ORIENTED_EDGE('',*,*,#14324,.F.);
#16743 = ORIENTED_EDGE('',*,*,#16737,.F.);
#16744 = CYLINDRICAL_SURFACE('',#16745,0.51);
#16745 = AXIS2_PLACEMENT_3D('',#16746,#16747,#16748);
#16746 = CARTESIAN_POINT('',(112.88,-86.03,-4.6E-02));
#16747 = DIRECTION('',(-0.,-0.,-1.));
#16748 = DIRECTION('',(-0.,-1.,0.));
#16749 = ADVANCED_FACE('',(#16750),#16761,.F.);
#16750 = FACE_BOUND('',#16751,.T.);
#16751 = EDGE_LOOP('',(#16752,#16753,#16759,#16760));
#16752 = ORIENTED_EDGE('',*,*,#12579,.T.);
#16753 = ORIENTED_EDGE('',*,*,#16754,.T.);
#16754 = EDGE_CURVE('',#12580,#14336,#16755,.T.);
#16755 = LINE('',#16756,#16757);
#16756 = CARTESIAN_POINT('',(112.88,-84.,-4.6E-02));
#16757 = VECTOR('',#16758,1.);
#16758 = DIRECTION('',(0.,0.,1.));
#16759 = ORIENTED_EDGE('',*,*,#14335,.F.);
#16760 = ORIENTED_EDGE('',*,*,#16754,.F.);
#16761 = CYLINDRICAL_SURFACE('',#16762,0.51);
#16762 = AXIS2_PLACEMENT_3D('',#16763,#16764,#16765);
#16763 = CARTESIAN_POINT('',(112.88,-83.49,-4.6E-02));
#16764 = DIRECTION('',(-0.,-0.,-1.));
#16765 = DIRECTION('',(-0.,-1.,0.));
#16766 = ADVANCED_FACE('',(#16767),#16778,.F.);
#16767 = FACE_BOUND('',#16768,.T.);
#16768 = EDGE_LOOP('',(#16769,#16770,#16776,#16777));
#16769 = ORIENTED_EDGE('',*,*,#12590,.T.);
#16770 = ORIENTED_EDGE('',*,*,#16771,.T.);
#16771 = EDGE_CURVE('',#12591,#14347,#16772,.T.);
#16772 = LINE('',#16773,#16774);
#16773 = CARTESIAN_POINT('',(109.42,-76.855,-4.6E-02));
#16774 = VECTOR('',#16775,1.);
#16775 = DIRECTION('',(0.,0.,1.));
#16776 = ORIENTED_EDGE('',*,*,#14346,.F.);
#16777 = ORIENTED_EDGE('',*,*,#16771,.F.);
#16778 = CYLINDRICAL_SURFACE('',#16779,0.355);
#16779 = AXIS2_PLACEMENT_3D('',#16780,#16781,#16782);
#16780 = CARTESIAN_POINT('',(109.42,-76.5,-4.6E-02));
#16781 = DIRECTION('',(-0.,-0.,-1.));
#16782 = DIRECTION('',(-0.,-1.,0.));
#16783 = ADVANCED_FACE('',(#16784),#16795,.F.);
#16784 = FACE_BOUND('',#16785,.T.);
#16785 = EDGE_LOOP('',(#16786,#16787,#16793,#16794));
#16786 = ORIENTED_EDGE('',*,*,#12601,.T.);
#16787 = ORIENTED_EDGE('',*,*,#16788,.T.);
#16788 = EDGE_CURVE('',#12602,#14358,#16789,.T.);
#16789 = LINE('',#16790,#16791);
#16790 = CARTESIAN_POINT('',(114.5,-76.855,-4.6E-02));
#16791 = VECTOR('',#16792,1.);
#16792 = DIRECTION('',(0.,0.,1.));
#16793 = ORIENTED_EDGE('',*,*,#14357,.F.);
#16794 = ORIENTED_EDGE('',*,*,#16788,.F.);
#16795 = CYLINDRICAL_SURFACE('',#16796,0.355);
#16796 = AXIS2_PLACEMENT_3D('',#16797,#16798,#16799);
#16797 = CARTESIAN_POINT('',(114.5,-76.5,-4.6E-02));
#16798 = DIRECTION('',(-0.,-0.,-1.));
#16799 = DIRECTION('',(-0.,-1.,0.));
#16800 = ADVANCED_FACE('',(#16801),#16812,.F.);
#16801 = FACE_BOUND('',#16802,.T.);
#16802 = EDGE_LOOP('',(#16803,#16804,#16810,#16811));
#16803 = ORIENTED_EDGE('',*,*,#12612,.T.);
#16804 = ORIENTED_EDGE('',*,*,#16805,.T.);
#16805 = EDGE_CURVE('',#12613,#14369,#16806,.T.);
#16806 = LINE('',#16807,#16808);
#16807 = CARTESIAN_POINT('',(90.33,-62.,-4.6E-02));
#16808 = VECTOR('',#16809,1.);
#16809 = DIRECTION('',(0.,0.,1.));
#16810 = ORIENTED_EDGE('',*,*,#14368,.F.);
#16811 = ORIENTED_EDGE('',*,*,#16805,.F.);
#16812 = CYLINDRICAL_SURFACE('',#16813,1.25);
#16813 = AXIS2_PLACEMENT_3D('',#16814,#16815,#16816);
#16814 = CARTESIAN_POINT('',(90.33,-60.75,-4.6E-02));
#16815 = DIRECTION('',(-0.,-0.,-1.));
#16816 = DIRECTION('',(-0.,-1.,0.));
#16817 = ADVANCED_FACE('',(#16818),#16829,.F.);
#16818 = FACE_BOUND('',#16819,.T.);
#16819 = EDGE_LOOP('',(#16820,#16821,#16827,#16828));
#16820 = ORIENTED_EDGE('',*,*,#12623,.T.);
#16821 = ORIENTED_EDGE('',*,*,#16822,.T.);
#16822 = EDGE_CURVE('',#12624,#14380,#16823,.T.);
#16823 = LINE('',#16824,#16825);
#16824 = CARTESIAN_POINT('',(90.96,-64.,-4.6E-02));
#16825 = VECTOR('',#16826,1.);
#16826 = DIRECTION('',(0.,0.,1.));
#16827 = ORIENTED_EDGE('',*,*,#14379,.F.);
#16828 = ORIENTED_EDGE('',*,*,#16822,.F.);
#16829 = CYLINDRICAL_SURFACE('',#16830,0.5);
#16830 = AXIS2_PLACEMENT_3D('',#16831,#16832,#16833);
#16831 = CARTESIAN_POINT('',(90.96,-63.5,-4.6E-02));
#16832 = DIRECTION('',(-0.,-0.,-1.));
#16833 = DIRECTION('',(-0.,-1.,0.));
#16834 = ADVANCED_FACE('',(#16835),#16846,.F.);
#16835 = FACE_BOUND('',#16836,.T.);
#16836 = EDGE_LOOP('',(#16837,#16838,#16844,#16845));
#16837 = ORIENTED_EDGE('',*,*,#12634,.T.);
#16838 = ORIENTED_EDGE('',*,*,#16839,.T.);
#16839 = EDGE_CURVE('',#12635,#14391,#16840,.T.);
#16840 = LINE('',#16841,#16842);
#16841 = CARTESIAN_POINT('',(94.68,-65.9,-4.6E-02));
#16842 = VECTOR('',#16843,1.);
#16843 = DIRECTION('',(0.,0.,1.));
#16844 = ORIENTED_EDGE('',*,*,#14390,.F.);
#16845 = ORIENTED_EDGE('',*,*,#16839,.F.);
#16846 = CYLINDRICAL_SURFACE('',#16847,0.5);
#16847 = AXIS2_PLACEMENT_3D('',#16848,#16849,#16850);
#16848 = CARTESIAN_POINT('',(94.68,-65.4,-4.6E-02));
#16849 = DIRECTION('',(-0.,-0.,-1.));
#16850 = DIRECTION('',(-0.,-1.,0.));
#16851 = ADVANCED_FACE('',(#16852),#16863,.F.);
#16852 = FACE_BOUND('',#16853,.T.);
#16853 = EDGE_LOOP('',(#16854,#16855,#16861,#16862));
#16854 = ORIENTED_EDGE('',*,*,#12645,.T.);
#16855 = ORIENTED_EDGE('',*,*,#16856,.T.);
#16856 = EDGE_CURVE('',#12646,#14402,#16857,.T.);
#16857 = LINE('',#16858,#16859);
#16858 = CARTESIAN_POINT('',(93.5,-64.,-4.6E-02));
#16859 = VECTOR('',#16860,1.);
#16860 = DIRECTION('',(0.,0.,1.));
#16861 = ORIENTED_EDGE('',*,*,#14401,.F.);
#16862 = ORIENTED_EDGE('',*,*,#16856,.F.);
#16863 = CYLINDRICAL_SURFACE('',#16864,0.5);
#16864 = AXIS2_PLACEMENT_3D('',#16865,#16866,#16867);
#16865 = CARTESIAN_POINT('',(93.5,-63.5,-4.6E-02));
#16866 = DIRECTION('',(-0.,-0.,-1.));
#16867 = DIRECTION('',(-0.,-1.,0.));
#16868 = ADVANCED_FACE('',(#16869),#16880,.F.);
#16869 = FACE_BOUND('',#16870,.T.);
#16870 = EDGE_LOOP('',(#16871,#16872,#16878,#16879));
#16871 = ORIENTED_EDGE('',*,*,#12656,.T.);
#16872 = ORIENTED_EDGE('',*,*,#16873,.T.);
#16873 = EDGE_CURVE('',#12657,#14413,#16874,.T.);
#16874 = LINE('',#16875,#16876);
#16875 = CARTESIAN_POINT('',(94.13,-62.,-4.6E-02));
#16876 = VECTOR('',#16877,1.);
#16877 = DIRECTION('',(0.,0.,1.));
#16878 = ORIENTED_EDGE('',*,*,#14412,.F.);
#16879 = ORIENTED_EDGE('',*,*,#16873,.F.);
#16880 = CYLINDRICAL_SURFACE('',#16881,1.25);
#16881 = AXIS2_PLACEMENT_3D('',#16882,#16883,#16884);
#16882 = CARTESIAN_POINT('',(94.13,-60.75,-4.6E-02));
#16883 = DIRECTION('',(-0.,-0.,-1.));
#16884 = DIRECTION('',(-0.,-1.,0.));
#16885 = ADVANCED_FACE('',(#16886),#16897,.F.);
#16886 = FACE_BOUND('',#16887,.T.);
#16887 = EDGE_LOOP('',(#16888,#16889,#16895,#16896));
#16888 = ORIENTED_EDGE('',*,*,#12667,.T.);
#16889 = ORIENTED_EDGE('',*,*,#16890,.T.);
#16890 = EDGE_CURVE('',#12668,#14424,#16891,.T.);
#16891 = LINE('',#16892,#16893);
#16892 = CARTESIAN_POINT('',(90.96,-58.5,-4.6E-02));
#16893 = VECTOR('',#16894,1.);
#16894 = DIRECTION('',(0.,0.,1.));
#16895 = ORIENTED_EDGE('',*,*,#14423,.F.);
#16896 = ORIENTED_EDGE('',*,*,#16890,.F.);
#16897 = CYLINDRICAL_SURFACE('',#16898,0.5);
#16898 = AXIS2_PLACEMENT_3D('',#16899,#16900,#16901);
#16899 = CARTESIAN_POINT('',(90.96,-58.,-4.6E-02));
#16900 = DIRECTION('',(-0.,-0.,-1.));
#16901 = DIRECTION('',(-0.,-1.,0.));
#16902 = ADVANCED_FACE('',(#16903),#16914,.F.);
#16903 = FACE_BOUND('',#16904,.T.);
#16904 = EDGE_LOOP('',(#16905,#16906,#16912,#16913));
#16905 = ORIENTED_EDGE('',*,*,#12678,.T.);
#16906 = ORIENTED_EDGE('',*,*,#16907,.T.);
#16907 = EDGE_CURVE('',#12679,#14435,#16908,.T.);
#16908 = LINE('',#16909,#16910);
#16909 = CARTESIAN_POINT('',(93.5,-58.5,-4.6E-02));
#16910 = VECTOR('',#16911,1.);
#16911 = DIRECTION('',(0.,0.,1.));
#16912 = ORIENTED_EDGE('',*,*,#14434,.F.);
#16913 = ORIENTED_EDGE('',*,*,#16907,.F.);
#16914 = CYLINDRICAL_SURFACE('',#16915,0.5);
#16915 = AXIS2_PLACEMENT_3D('',#16916,#16917,#16918);
#16916 = CARTESIAN_POINT('',(93.5,-58.,-4.6E-02));
#16917 = DIRECTION('',(-0.,-0.,-1.));
#16918 = DIRECTION('',(-0.,-1.,0.));
#16919 = ADVANCED_FACE('',(#16920),#16931,.F.);
#16920 = FACE_BOUND('',#16921,.T.);
#16921 = EDGE_LOOP('',(#16922,#16923,#16929,#16930));
#16922 = ORIENTED_EDGE('',*,*,#12689,.T.);
#16923 = ORIENTED_EDGE('',*,*,#16924,.T.);
#16924 = EDGE_CURVE('',#12690,#14446,#16925,.T.);
#16925 = LINE('',#16926,#16927);
#16926 = CARTESIAN_POINT('',(111.22,-72.2816,-4.6E-02));
#16927 = VECTOR('',#16928,1.);
#16928 = DIRECTION('',(0.,0.,1.));
#16929 = ORIENTED_EDGE('',*,*,#14445,.F.);
#16930 = ORIENTED_EDGE('',*,*,#16924,.F.);
#16931 = CYLINDRICAL_SURFACE('',#16932,0.5);
#16932 = AXIS2_PLACEMENT_3D('',#16933,#16934,#16935);
#16933 = CARTESIAN_POINT('',(111.22,-71.7816,-4.6E-02));
#16934 = DIRECTION('',(-0.,-0.,-1.));
#16935 = DIRECTION('',(-0.,-1.,0.));
#16936 = ADVANCED_FACE('',(#16937),#16948,.F.);
#16937 = FACE_BOUND('',#16938,.T.);
#16938 = EDGE_LOOP('',(#16939,#16940,#16946,#16947));
#16939 = ORIENTED_EDGE('',*,*,#12700,.T.);
#16940 = ORIENTED_EDGE('',*,*,#16941,.T.);
#16941 = EDGE_CURVE('',#12701,#14457,#16942,.T.);
#16942 = LINE('',#16943,#16944);
#16943 = CARTESIAN_POINT('',(113.76,-72.2816,-4.6E-02));
#16944 = VECTOR('',#16945,1.);
#16945 = DIRECTION('',(0.,0.,1.));
#16946 = ORIENTED_EDGE('',*,*,#14456,.F.);
#16947 = ORIENTED_EDGE('',*,*,#16941,.F.);
#16948 = CYLINDRICAL_SURFACE('',#16949,0.5);
#16949 = AXIS2_PLACEMENT_3D('',#16950,#16951,#16952);
#16950 = CARTESIAN_POINT('',(113.76,-71.7816,-4.6E-02));
#16951 = DIRECTION('',(-0.,-0.,-1.));
#16952 = DIRECTION('',(-0.,-1.,0.));
#16953 = ADVANCED_FACE('',(#16954),#16965,.F.);
#16954 = FACE_BOUND('',#16955,.T.);
#16955 = EDGE_LOOP('',(#16956,#16957,#16963,#16964));
#16956 = ORIENTED_EDGE('',*,*,#12711,.T.);
#16957 = ORIENTED_EDGE('',*,*,#16958,.T.);
#16958 = EDGE_CURVE('',#12712,#14468,#16959,.T.);
#16959 = LINE('',#16960,#16961);
#16960 = CARTESIAN_POINT('',(116.3,-72.2816,-4.6E-02));
#16961 = VECTOR('',#16962,1.);
#16962 = DIRECTION('',(0.,0.,1.));
#16963 = ORIENTED_EDGE('',*,*,#14467,.F.);
#16964 = ORIENTED_EDGE('',*,*,#16958,.F.);
#16965 = CYLINDRICAL_SURFACE('',#16966,0.5);
#16966 = AXIS2_PLACEMENT_3D('',#16967,#16968,#16969);
#16967 = CARTESIAN_POINT('',(116.3,-71.7816,-4.6E-02));
#16968 = DIRECTION('',(-0.,-0.,-1.));
#16969 = DIRECTION('',(-0.,-1.,0.));
#16970 = ADVANCED_FACE('',(#16971),#16982,.F.);
#16971 = FACE_BOUND('',#16972,.T.);
#16972 = EDGE_LOOP('',(#16973,#16974,#16980,#16981));
#16973 = ORIENTED_EDGE('',*,*,#12722,.T.);
#16974 = ORIENTED_EDGE('',*,*,#16975,.T.);
#16975 = EDGE_CURVE('',#12723,#14479,#16976,.T.);
#16976 = LINE('',#16977,#16978);
#16977 = CARTESIAN_POINT('',(118.84,-72.2816,-4.6E-02));
#16978 = VECTOR('',#16979,1.);
#16979 = DIRECTION('',(0.,0.,1.));
#16980 = ORIENTED_EDGE('',*,*,#14478,.F.);
#16981 = ORIENTED_EDGE('',*,*,#16975,.F.);
#16982 = CYLINDRICAL_SURFACE('',#16983,0.5);
#16983 = AXIS2_PLACEMENT_3D('',#16984,#16985,#16986);
#16984 = CARTESIAN_POINT('',(118.84,-71.7816,-4.6E-02));
#16985 = DIRECTION('',(-0.,-0.,-1.));
#16986 = DIRECTION('',(-0.,-1.,0.));
#16987 = ADVANCED_FACE('',(#16988),#16999,.F.);
#16988 = FACE_BOUND('',#16989,.T.);
#16989 = EDGE_LOOP('',(#16990,#16996,#16997,#16998));
#16990 = ORIENTED_EDGE('',*,*,#16991,.T.);
#16991 = EDGE_CURVE('',#12734,#14490,#16992,.T.);
#16992 = LINE('',#16993,#16994);
#16993 = CARTESIAN_POINT('',(115.9,-60.,0.));
#16994 = VECTOR('',#16995,1.);
#16995 = DIRECTION('',(0.,0.,1.));
#16996 = ORIENTED_EDGE('',*,*,#14489,.T.);
#16997 = ORIENTED_EDGE('',*,*,#16991,.F.);
#16998 = ORIENTED_EDGE('',*,*,#12733,.F.);
#16999 = CYLINDRICAL_SURFACE('',#17000,2.55);
#17000 = AXIS2_PLACEMENT_3D('',#17001,#17002,#17003);
#17001 = CARTESIAN_POINT('',(113.35,-60.,0.));
#17002 = DIRECTION('',(-0.,-0.,-1.));
#17003 = DIRECTION('',(1.,0.,-0.));
#17004 = ADVANCED_FACE('',(#17005),#17021,.F.);
#17005 = FACE_BOUND('',#17006,.T.);
#17006 = EDGE_LOOP('',(#17007,#17013,#17014,#17020));
#17007 = ORIENTED_EDGE('',*,*,#17008,.T.);
#17008 = EDGE_CURVE('',#12745,#14501,#17009,.T.);
#17009 = LINE('',#17010,#17011);
#17010 = CARTESIAN_POINT('',(108.5,-46.,0.));
#17011 = VECTOR('',#17012,1.);
#17012 = DIRECTION('',(0.,0.,1.));
#17013 = ORIENTED_EDGE('',*,*,#14500,.T.);
#17014 = ORIENTED_EDGE('',*,*,#17015,.F.);
#17015 = EDGE_CURVE('',#12747,#14503,#17016,.T.);
#17016 = LINE('',#17017,#17018);
#17017 = CARTESIAN_POINT('',(108.5,-48.,0.));
#17018 = VECTOR('',#17019,1.);
#17019 = DIRECTION('',(0.,0.,1.));
#17020 = ORIENTED_EDGE('',*,*,#12744,.F.);
#17021 = CYLINDRICAL_SURFACE('',#17022,1.);
#17022 = AXIS2_PLACEMENT_3D('',#17023,#17024,#17025);
#17023 = CARTESIAN_POINT('',(108.5,-47.,0.));
#17024 = DIRECTION('',(-0.,0.,-1.));
#17025 = DIRECTION('',(0.,1.,0.));
#17026 = ADVANCED_FACE('',(#17027),#17038,.T.);
#17027 = FACE_BOUND('',#17028,.T.);
#17028 = EDGE_LOOP('',(#17029,#17035,#17036,#17037));
#17029 = ORIENTED_EDGE('',*,*,#17030,.T.);
#17030 = EDGE_CURVE('',#12756,#14512,#17031,.T.);
#17031 = LINE('',#17032,#17033);
#17032 = CARTESIAN_POINT('',(112.5,-46.,0.));
#17033 = VECTOR('',#17034,1.);
#17034 = DIRECTION('',(0.,0.,1.));
#17035 = ORIENTED_EDGE('',*,*,#14511,.T.);
#17036 = ORIENTED_EDGE('',*,*,#17008,.F.);
#17037 = ORIENTED_EDGE('',*,*,#12755,.F.);
#17038 = PLANE('',#17039);
#17039 = AXIS2_PLACEMENT_3D('',#17040,#17041,#17042);
#17040 = CARTESIAN_POINT('',(112.5,-46.,0.));
#17041 = DIRECTION('',(0.,-1.,0.));
#17042 = DIRECTION('',(-1.,0.,0.));
#17043 = ADVANCED_FACE('',(#17044),#17055,.T.);
#17044 = FACE_BOUND('',#17045,.T.);
#17045 = EDGE_LOOP('',(#17046,#17047,#17048,#17054));
#17046 = ORIENTED_EDGE('',*,*,#17015,.T.);
#17047 = ORIENTED_EDGE('',*,*,#14528,.T.);
#17048 = ORIENTED_EDGE('',*,*,#17049,.F.);
#17049 = EDGE_CURVE('',#12764,#14520,#17050,.T.);
#17050 = LINE('',#17051,#17052);
#17051 = CARTESIAN_POINT('',(112.5,-48.,0.));
#17052 = VECTOR('',#17053,1.);
#17053 = DIRECTION('',(0.,0.,1.));
#17054 = ORIENTED_EDGE('',*,*,#12772,.F.);
#17055 = PLANE('',#17056);
#17056 = AXIS2_PLACEMENT_3D('',#17057,#17058,#17059);
#17057 = CARTESIAN_POINT('',(108.5,-48.,0.));
#17058 = DIRECTION('',(0.,1.,0.));
#17059 = DIRECTION('',(1.,0.,0.));
#17060 = ADVANCED_FACE('',(#17061),#17067,.F.);
#17061 = FACE_BOUND('',#17062,.T.);
#17062 = EDGE_LOOP('',(#17063,#17064,#17065,#17066));
#17063 = ORIENTED_EDGE('',*,*,#17049,.T.);
#17064 = ORIENTED_EDGE('',*,*,#14519,.T.);
#17065 = ORIENTED_EDGE('',*,*,#17030,.F.);
#17066 = ORIENTED_EDGE('',*,*,#12763,.F.);
#17067 = CYLINDRICAL_SURFACE('',#17068,1.);
#17068 = AXIS2_PLACEMENT_3D('',#17069,#17070,#17071);
#17069 = CARTESIAN_POINT('',(112.5,-47.,0.));
#17070 = DIRECTION('',(-0.,-0.,-1.));
#17071 = DIRECTION('',(-0.,-1.,0.));
#17072 = ADVANCED_FACE('',(#17073),#17084,.F.);
#17073 = FACE_BOUND('',#17074,.T.);
#17074 = EDGE_LOOP('',(#17075,#17076,#17082,#17083));
#17075 = ORIENTED_EDGE('',*,*,#12780,.T.);
#17076 = ORIENTED_EDGE('',*,*,#17077,.T.);
#17077 = EDGE_CURVE('',#12781,#14537,#17078,.T.);
#17078 = LINE('',#17079,#17080);
#17079 = CARTESIAN_POINT('',(117.19,-49.85,-4.6E-02));
#17080 = VECTOR('',#17081,1.);
#17081 = DIRECTION('',(0.,0.,1.));
#17082 = ORIENTED_EDGE('',*,*,#14536,.F.);
#17083 = ORIENTED_EDGE('',*,*,#17077,.F.);
#17084 = CYLINDRICAL_SURFACE('',#17085,0.35);
#17085 = AXIS2_PLACEMENT_3D('',#17086,#17087,#17088);
#17086 = CARTESIAN_POINT('',(117.19,-49.5,-4.6E-02));
#17087 = DIRECTION('',(-0.,-0.,-1.));
#17088 = DIRECTION('',(-0.,-1.,0.));
#17089 = ADVANCED_FACE('',(#17090),#17101,.F.);
#17090 = FACE_BOUND('',#17091,.T.);
#17091 = EDGE_LOOP('',(#17092,#17093,#17099,#17100));
#17092 = ORIENTED_EDGE('',*,*,#12791,.T.);
#17093 = ORIENTED_EDGE('',*,*,#17094,.T.);
#17094 = EDGE_CURVE('',#12792,#14548,#17095,.T.);
#17095 = LINE('',#17096,#17097);
#17096 = CARTESIAN_POINT('',(118.46,-49.85,-4.6E-02));
#17097 = VECTOR('',#17098,1.);
#17098 = DIRECTION('',(0.,0.,1.));
#17099 = ORIENTED_EDGE('',*,*,#14547,.F.);
#17100 = ORIENTED_EDGE('',*,*,#17094,.F.);
#17101 = CYLINDRICAL_SURFACE('',#17102,0.35);
#17102 = AXIS2_PLACEMENT_3D('',#17103,#17104,#17105);
#17103 = CARTESIAN_POINT('',(118.46,-49.5,-4.6E-02));
#17104 = DIRECTION('',(-0.,-0.,-1.));
#17105 = DIRECTION('',(-4.060244204344E-14,-1.,0.));
#17106 = ADVANCED_FACE('',(#17107),#17118,.F.);
#17107 = FACE_BOUND('',#17108,.T.);
#17108 = EDGE_LOOP('',(#17109,#17110,#17116,#17117));
#17109 = ORIENTED_EDGE('',*,*,#12802,.T.);
#17110 = ORIENTED_EDGE('',*,*,#17111,.T.);
#17111 = EDGE_CURVE('',#12803,#14559,#17112,.T.);
#17112 = LINE('',#17113,#17114);
#17113 = CARTESIAN_POINT('',(119.73,-49.85,-4.6E-02));
#17114 = VECTOR('',#17115,1.);
#17115 = DIRECTION('',(0.,0.,1.));
#17116 = ORIENTED_EDGE('',*,*,#14558,.F.);
#17117 = ORIENTED_EDGE('',*,*,#17111,.F.);
#17118 = CYLINDRICAL_SURFACE('',#17119,0.35);
#17119 = AXIS2_PLACEMENT_3D('',#17120,#17121,#17122);
#17120 = CARTESIAN_POINT('',(119.73,-49.5,-4.6E-02));
#17121 = DIRECTION('',(-0.,0.,-1.));
#17122 = DIRECTION('',(4.060244204343E-14,-1.,-0.));
#17123 = ADVANCED_FACE('',(#17124),#17135,.F.);
#17124 = FACE_BOUND('',#17125,.T.);
#17125 = EDGE_LOOP('',(#17126,#17127,#17133,#17134));
#17126 = ORIENTED_EDGE('',*,*,#12813,.T.);
#17127 = ORIENTED_EDGE('',*,*,#17128,.T.);
#17128 = EDGE_CURVE('',#12814,#14570,#17129,.T.);
#17129 = LINE('',#17130,#17131);
#17130 = CARTESIAN_POINT('',(128.12,-99.24,-4.6E-02));
#17131 = VECTOR('',#17132,1.);
#17132 = DIRECTION('',(0.,0.,1.));
#17133 = ORIENTED_EDGE('',*,*,#14569,.F.);
#17134 = ORIENTED_EDGE('',*,*,#17128,.F.);
#17135 = CYLINDRICAL_SURFACE('',#17136,0.51);
#17136 = AXIS2_PLACEMENT_3D('',#17137,#17138,#17139);
#17137 = CARTESIAN_POINT('',(128.12,-98.73,-4.6E-02));
#17138 = DIRECTION('',(-0.,-0.,-1.));
#17139 = DIRECTION('',(-0.,-1.,0.));
#17140 = ADVANCED_FACE('',(#17141),#17152,.F.);
#17141 = FACE_BOUND('',#17142,.T.);
#17142 = EDGE_LOOP('',(#17143,#17144,#17150,#17151));
#17143 = ORIENTED_EDGE('',*,*,#12824,.T.);
#17144 = ORIENTED_EDGE('',*,*,#17145,.T.);
#17145 = EDGE_CURVE('',#12825,#14581,#17146,.T.);
#17146 = LINE('',#17147,#17148);
#17147 = CARTESIAN_POINT('',(128.12,-96.7,-4.6E-02));
#17148 = VECTOR('',#17149,1.);
#17149 = DIRECTION('',(0.,0.,1.));
#17150 = ORIENTED_EDGE('',*,*,#14580,.F.);
#17151 = ORIENTED_EDGE('',*,*,#17145,.F.);
#17152 = CYLINDRICAL_SURFACE('',#17153,0.51);
#17153 = AXIS2_PLACEMENT_3D('',#17154,#17155,#17156);
#17154 = CARTESIAN_POINT('',(128.12,-96.19,-4.6E-02));
#17155 = DIRECTION('',(-0.,-0.,-1.));
#17156 = DIRECTION('',(-0.,-1.,0.));
#17157 = ADVANCED_FACE('',(#17158),#17169,.F.);
#17158 = FACE_BOUND('',#17159,.T.);
#17159 = EDGE_LOOP('',(#17160,#17161,#17167,#17168));
#17160 = ORIENTED_EDGE('',*,*,#12835,.T.);
#17161 = ORIENTED_EDGE('',*,*,#17162,.T.);
#17162 = EDGE_CURVE('',#12836,#14592,#17163,.T.);
#17163 = LINE('',#17164,#17165);
#17164 = CARTESIAN_POINT('',(128.12,-94.16,-4.6E-02));
#17165 = VECTOR('',#17166,1.);
#17166 = DIRECTION('',(0.,0.,1.));
#17167 = ORIENTED_EDGE('',*,*,#14591,.F.);
#17168 = ORIENTED_EDGE('',*,*,#17162,.F.);
#17169 = CYLINDRICAL_SURFACE('',#17170,0.51);
#17170 = AXIS2_PLACEMENT_3D('',#17171,#17172,#17173);
#17171 = CARTESIAN_POINT('',(128.12,-93.65,-4.6E-02));
#17172 = DIRECTION('',(-0.,-0.,-1.));
#17173 = DIRECTION('',(-0.,-1.,0.));
#17174 = ADVANCED_FACE('',(#17175),#17186,.F.);
#17175 = FACE_BOUND('',#17176,.T.);
#17176 = EDGE_LOOP('',(#17177,#17178,#17184,#17185));
#17177 = ORIENTED_EDGE('',*,*,#12846,.T.);
#17178 = ORIENTED_EDGE('',*,*,#17179,.T.);
#17179 = EDGE_CURVE('',#12847,#14603,#17180,.T.);
#17180 = LINE('',#17181,#17182);
#17181 = CARTESIAN_POINT('',(128.12,-91.62,-4.6E-02));
#17182 = VECTOR('',#17183,1.);
#17183 = DIRECTION('',(0.,0.,1.));
#17184 = ORIENTED_EDGE('',*,*,#14602,.F.);
#17185 = ORIENTED_EDGE('',*,*,#17179,.F.);
#17186 = CYLINDRICAL_SURFACE('',#17187,0.51);
#17187 = AXIS2_PLACEMENT_3D('',#17188,#17189,#17190);
#17188 = CARTESIAN_POINT('',(128.12,-91.11,-4.6E-02));
#17189 = DIRECTION('',(-0.,-0.,-1.));
#17190 = DIRECTION('',(-0.,-1.,0.));
#17191 = ADVANCED_FACE('',(#17192),#17203,.F.);
#17192 = FACE_BOUND('',#17193,.T.);
#17193 = EDGE_LOOP('',(#17194,#17195,#17201,#17202));
#17194 = ORIENTED_EDGE('',*,*,#12857,.T.);
#17195 = ORIENTED_EDGE('',*,*,#17196,.T.);
#17196 = EDGE_CURVE('',#12858,#14614,#17197,.T.);
#17197 = LINE('',#17198,#17199);
#17198 = CARTESIAN_POINT('',(128.12,-89.08,-4.6E-02));
#17199 = VECTOR('',#17200,1.);
#17200 = DIRECTION('',(0.,0.,1.));
#17201 = ORIENTED_EDGE('',*,*,#14613,.F.);
#17202 = ORIENTED_EDGE('',*,*,#17196,.F.);
#17203 = CYLINDRICAL_SURFACE('',#17204,0.51);
#17204 = AXIS2_PLACEMENT_3D('',#17205,#17206,#17207);
#17205 = CARTESIAN_POINT('',(128.12,-88.57,-4.6E-02));
#17206 = DIRECTION('',(-0.,-0.,-1.));
#17207 = DIRECTION('',(-0.,-1.,0.));
#17208 = ADVANCED_FACE('',(#17209),#17220,.F.);
#17209 = FACE_BOUND('',#17210,.T.);
#17210 = EDGE_LOOP('',(#17211,#17212,#17218,#17219));
#17211 = ORIENTED_EDGE('',*,*,#12868,.T.);
#17212 = ORIENTED_EDGE('',*,*,#17213,.T.);
#17213 = EDGE_CURVE('',#12869,#14625,#17214,.T.);
#17214 = LINE('',#17215,#17216);
#17215 = CARTESIAN_POINT('',(136.25,-91.375,-4.6E-02));
#17216 = VECTOR('',#17217,1.);
#17217 = DIRECTION('',(0.,0.,1.));
#17218 = ORIENTED_EDGE('',*,*,#14624,.F.);
#17219 = ORIENTED_EDGE('',*,*,#17213,.F.);
#17220 = CYLINDRICAL_SURFACE('',#17221,0.375);
#17221 = AXIS2_PLACEMENT_3D('',#17222,#17223,#17224);
#17222 = CARTESIAN_POINT('',(136.25,-91.,-4.6E-02));
#17223 = DIRECTION('',(-0.,-0.,-1.));
#17224 = DIRECTION('',(-0.,-1.,0.));
#17225 = ADVANCED_FACE('',(#17226),#17237,.F.);
#17226 = FACE_BOUND('',#17227,.T.);
#17227 = EDGE_LOOP('',(#17228,#17229,#17235,#17236));
#17228 = ORIENTED_EDGE('',*,*,#12879,.T.);
#17229 = ORIENTED_EDGE('',*,*,#17230,.T.);
#17230 = EDGE_CURVE('',#12880,#14636,#17231,.T.);
#17231 = LINE('',#17232,#17233);
#17232 = CARTESIAN_POINT('',(138.75,-91.375,-4.6E-02));
#17233 = VECTOR('',#17234,1.);
#17234 = DIRECTION('',(0.,0.,1.));
#17235 = ORIENTED_EDGE('',*,*,#14635,.F.);
#17236 = ORIENTED_EDGE('',*,*,#17230,.F.);
#17237 = CYLINDRICAL_SURFACE('',#17238,0.375);
#17238 = AXIS2_PLACEMENT_3D('',#17239,#17240,#17241);
#17239 = CARTESIAN_POINT('',(138.75,-91.,-4.6E-02));
#17240 = DIRECTION('',(-0.,-0.,-1.));
#17241 = DIRECTION('',(-0.,-1.,0.));
#17242 = ADVANCED_FACE('',(#17243),#17254,.F.);
#17243 = FACE_BOUND('',#17244,.T.);
#17244 = EDGE_LOOP('',(#17245,#17246,#17252,#17253));
#17245 = ORIENTED_EDGE('',*,*,#12890,.T.);
#17246 = ORIENTED_EDGE('',*,*,#17247,.T.);
#17247 = EDGE_CURVE('',#12891,#14647,#17248,.T.);
#17248 = LINE('',#17249,#17250);
#17249 = CARTESIAN_POINT('',(128.12,-86.54,-4.6E-02));
#17250 = VECTOR('',#17251,1.);
#17251 = DIRECTION('',(0.,0.,1.));
#17252 = ORIENTED_EDGE('',*,*,#14646,.F.);
#17253 = ORIENTED_EDGE('',*,*,#17247,.F.);
#17254 = CYLINDRICAL_SURFACE('',#17255,0.51);
#17255 = AXIS2_PLACEMENT_3D('',#17256,#17257,#17258);
#17256 = CARTESIAN_POINT('',(128.12,-86.03,-4.6E-02));
#17257 = DIRECTION('',(-0.,-0.,-1.));
#17258 = DIRECTION('',(-0.,-1.,0.));
#17259 = ADVANCED_FACE('',(#17260),#17271,.F.);
#17260 = FACE_BOUND('',#17261,.T.);
#17261 = EDGE_LOOP('',(#17262,#17263,#17269,#17270));
#17262 = ORIENTED_EDGE('',*,*,#12901,.T.);
#17263 = ORIENTED_EDGE('',*,*,#17264,.T.);
#17264 = EDGE_CURVE('',#12902,#14658,#17265,.T.);
#17265 = LINE('',#17266,#17267);
#17266 = CARTESIAN_POINT('',(128.12,-84.,-4.6E-02));
#17267 = VECTOR('',#17268,1.);
#17268 = DIRECTION('',(0.,0.,1.));
#17269 = ORIENTED_EDGE('',*,*,#14657,.F.);
#17270 = ORIENTED_EDGE('',*,*,#17264,.F.);
#17271 = CYLINDRICAL_SURFACE('',#17272,0.51);
#17272 = AXIS2_PLACEMENT_3D('',#17273,#17274,#17275);
#17273 = CARTESIAN_POINT('',(128.12,-83.49,-4.6E-02));
#17274 = DIRECTION('',(-0.,-0.,-1.));
#17275 = DIRECTION('',(-0.,-1.,0.));
#17276 = ADVANCED_FACE('',(#17277),#17288,.F.);
#17277 = FACE_BOUND('',#17278,.T.);
#17278 = EDGE_LOOP('',(#17279,#17280,#17286,#17287));
#17279 = ORIENTED_EDGE('',*,*,#12912,.T.);
#17280 = ORIENTED_EDGE('',*,*,#17281,.T.);
#17281 = EDGE_CURVE('',#12913,#14669,#17282,.T.);
#17282 = LINE('',#17283,#17284);
#17283 = CARTESIAN_POINT('',(142.155,-79.165,-4.6E-02));
#17284 = VECTOR('',#17285,1.);
#17285 = DIRECTION('',(0.,0.,1.));
#17286 = ORIENTED_EDGE('',*,*,#14668,.F.);
#17287 = ORIENTED_EDGE('',*,*,#17281,.F.);
#17288 = CYLINDRICAL_SURFACE('',#17289,0.375);
#17289 = AXIS2_PLACEMENT_3D('',#17290,#17291,#17292);
#17290 = CARTESIAN_POINT('',(142.155,-78.79,-4.6E-02));
#17291 = DIRECTION('',(-0.,-0.,-1.));
#17292 = DIRECTION('',(-0.,-1.,0.));
#17293 = ADVANCED_FACE('',(#17294),#17305,.F.);
#17294 = FACE_BOUND('',#17295,.T.);
#17295 = EDGE_LOOP('',(#17296,#17297,#17303,#17304));
#17296 = ORIENTED_EDGE('',*,*,#12923,.T.);
#17297 = ORIENTED_EDGE('',*,*,#17298,.T.);
#17298 = EDGE_CURVE('',#12924,#14680,#17299,.T.);
#17299 = LINE('',#17300,#17301);
#17300 = CARTESIAN_POINT('',(142.155,-76.665,-4.6E-02));
#17301 = VECTOR('',#17302,1.);
#17302 = DIRECTION('',(0.,0.,1.));
#17303 = ORIENTED_EDGE('',*,*,#14679,.F.);
#17304 = ORIENTED_EDGE('',*,*,#17298,.F.);
#17305 = CYLINDRICAL_SURFACE('',#17306,0.375);
#17306 = AXIS2_PLACEMENT_3D('',#17307,#17308,#17309);
#17307 = CARTESIAN_POINT('',(142.155,-76.29,-4.6E-02));
#17308 = DIRECTION('',(-0.,-0.,-1.));
#17309 = DIRECTION('',(-0.,-1.,0.));
#17310 = ADVANCED_FACE('',(#17311),#17322,.F.);
#17311 = FACE_BOUND('',#17312,.T.);
#17312 = EDGE_LOOP('',(#17313,#17314,#17320,#17321));
#17313 = ORIENTED_EDGE('',*,*,#12934,.T.);
#17314 = ORIENTED_EDGE('',*,*,#17315,.T.);
#17315 = EDGE_CURVE('',#12935,#14691,#17316,.T.);
#17316 = LINE('',#17317,#17318);
#17317 = CARTESIAN_POINT('',(167.68,-95.4,-4.6E-02));
#17318 = VECTOR('',#17319,1.);
#17319 = DIRECTION('',(0.,0.,1.));
#17320 = ORIENTED_EDGE('',*,*,#14690,.F.);
#17321 = ORIENTED_EDGE('',*,*,#17315,.F.);
#17322 = CYLINDRICAL_SURFACE('',#17323,0.5);
#17323 = AXIS2_PLACEMENT_3D('',#17324,#17325,#17326);
#17324 = CARTESIAN_POINT('',(167.68,-94.9,-4.6E-02));
#17325 = DIRECTION('',(-0.,-0.,-1.));
#17326 = DIRECTION('',(-0.,-1.,0.));
#17327 = ADVANCED_FACE('',(#17328),#17339,.F.);
#17328 = FACE_BOUND('',#17329,.T.);
#17329 = EDGE_LOOP('',(#17330,#17336,#17337,#17338));
#17330 = ORIENTED_EDGE('',*,*,#17331,.T.);
#17331 = EDGE_CURVE('',#12946,#14702,#17332,.T.);
#17332 = LINE('',#17333,#17334);
#17333 = CARTESIAN_POINT('',(159.55,-91.,0.));
#17334 = VECTOR('',#17335,1.);
#17335 = DIRECTION('',(0.,0.,1.));
#17336 = ORIENTED_EDGE('',*,*,#14701,.T.);
#17337 = ORIENTED_EDGE('',*,*,#17331,.F.);
#17338 = ORIENTED_EDGE('',*,*,#12945,.F.);
#17339 = CYLINDRICAL_SURFACE('',#17340,2.55);
#17340 = AXIS2_PLACEMENT_3D('',#17341,#17342,#17343);
#17341 = CARTESIAN_POINT('',(157.,-91.,0.));
#17342 = DIRECTION('',(-0.,-0.,-1.));
#17343 = DIRECTION('',(1.,0.,-0.));
#17344 = ADVANCED_FACE('',(#17345),#17356,.F.);
#17345 = FACE_BOUND('',#17346,.T.);
#17346 = EDGE_LOOP('',(#17347,#17348,#17354,#17355));
#17347 = ORIENTED_EDGE('',*,*,#12956,.T.);
#17348 = ORIENTED_EDGE('',*,*,#17349,.T.);
#17349 = EDGE_CURVE('',#12957,#14713,#17350,.T.);
#17350 = LINE('',#17351,#17352);
#17351 = CARTESIAN_POINT('',(163.96,-93.5,-4.6E-02));
#17352 = VECTOR('',#17353,1.);
#17353 = DIRECTION('',(0.,0.,1.));
#17354 = ORIENTED_EDGE('',*,*,#14712,.F.);
#17355 = ORIENTED_EDGE('',*,*,#17349,.F.);
#17356 = CYLINDRICAL_SURFACE('',#17357,0.5);
#17357 = AXIS2_PLACEMENT_3D('',#17358,#17359,#17360);
#17358 = CARTESIAN_POINT('',(163.96,-93.,-4.6E-02));
#17359 = DIRECTION('',(-0.,-0.,-1.));
#17360 = DIRECTION('',(-0.,-1.,0.));
#17361 = ADVANCED_FACE('',(#17362),#17373,.F.);
#17362 = FACE_BOUND('',#17363,.T.);
#17363 = EDGE_LOOP('',(#17364,#17365,#17371,#17372));
#17364 = ORIENTED_EDGE('',*,*,#12967,.T.);
#17365 = ORIENTED_EDGE('',*,*,#17366,.T.);
#17366 = EDGE_CURVE('',#12968,#14724,#17367,.T.);
#17367 = LINE('',#17368,#17369);
#17368 = CARTESIAN_POINT('',(166.5,-93.5,-4.6E-02));
#17369 = VECTOR('',#17370,1.);
#17370 = DIRECTION('',(0.,0.,1.));
#17371 = ORIENTED_EDGE('',*,*,#14723,.F.);
#17372 = ORIENTED_EDGE('',*,*,#17366,.F.);
#17373 = CYLINDRICAL_SURFACE('',#17374,0.5);
#17374 = AXIS2_PLACEMENT_3D('',#17375,#17376,#17377);
#17375 = CARTESIAN_POINT('',(166.5,-93.,-4.6E-02));
#17376 = DIRECTION('',(-0.,-0.,-1.));
#17377 = DIRECTION('',(-0.,-1.,0.));
#17378 = ADVANCED_FACE('',(#17379),#17390,.F.);
#17379 = FACE_BOUND('',#17380,.T.);
#17380 = EDGE_LOOP('',(#17381,#17382,#17388,#17389));
#17381 = ORIENTED_EDGE('',*,*,#12978,.T.);
#17382 = ORIENTED_EDGE('',*,*,#17383,.T.);
#17383 = EDGE_CURVE('',#12979,#14735,#17384,.T.);
#17384 = LINE('',#17385,#17386);
#17385 = CARTESIAN_POINT('',(163.33,-91.5,-4.6E-02));
#17386 = VECTOR('',#17387,1.);
#17387 = DIRECTION('',(0.,0.,1.));
#17388 = ORIENTED_EDGE('',*,*,#14734,.F.);
#17389 = ORIENTED_EDGE('',*,*,#17383,.F.);
#17390 = CYLINDRICAL_SURFACE('',#17391,1.25);
#17391 = AXIS2_PLACEMENT_3D('',#17392,#17393,#17394);
#17392 = CARTESIAN_POINT('',(163.33,-90.25,-4.6E-02));
#17393 = DIRECTION('',(-0.,-0.,-1.));
#17394 = DIRECTION('',(-0.,-1.,0.));
#17395 = ADVANCED_FACE('',(#17396),#17407,.F.);
#17396 = FACE_BOUND('',#17397,.T.);
#17397 = EDGE_LOOP('',(#17398,#17399,#17405,#17406));
#17398 = ORIENTED_EDGE('',*,*,#12989,.T.);
#17399 = ORIENTED_EDGE('',*,*,#17400,.T.);
#17400 = EDGE_CURVE('',#12990,#14746,#17401,.T.);
#17401 = LINE('',#17402,#17403);
#17402 = CARTESIAN_POINT('',(163.96,-88.,-4.6E-02));
#17403 = VECTOR('',#17404,1.);
#17404 = DIRECTION('',(0.,0.,1.));
#17405 = ORIENTED_EDGE('',*,*,#14745,.F.);
#17406 = ORIENTED_EDGE('',*,*,#17400,.F.);
#17407 = CYLINDRICAL_SURFACE('',#17408,0.5);
#17408 = AXIS2_PLACEMENT_3D('',#17409,#17410,#17411);
#17409 = CARTESIAN_POINT('',(163.96,-87.5,-4.6E-02));
#17410 = DIRECTION('',(-0.,-0.,-1.));
#17411 = DIRECTION('',(-0.,-1.,0.));
#17412 = ADVANCED_FACE('',(#17413),#17424,.F.);
#17413 = FACE_BOUND('',#17414,.T.);
#17414 = EDGE_LOOP('',(#17415,#17416,#17422,#17423));
#17415 = ORIENTED_EDGE('',*,*,#13000,.T.);
#17416 = ORIENTED_EDGE('',*,*,#17417,.T.);
#17417 = EDGE_CURVE('',#13001,#14757,#17418,.T.);
#17418 = LINE('',#17419,#17420);
#17419 = CARTESIAN_POINT('',(167.13,-91.5,-4.6E-02));
#17420 = VECTOR('',#17421,1.);
#17421 = DIRECTION('',(0.,0.,1.));
#17422 = ORIENTED_EDGE('',*,*,#14756,.F.);
#17423 = ORIENTED_EDGE('',*,*,#17417,.F.);
#17424 = CYLINDRICAL_SURFACE('',#17425,1.25);
#17425 = AXIS2_PLACEMENT_3D('',#17426,#17427,#17428);
#17426 = CARTESIAN_POINT('',(167.13,-90.25,-4.6E-02));
#17427 = DIRECTION('',(-0.,-0.,-1.));
#17428 = DIRECTION('',(-0.,-1.,0.));
#17429 = ADVANCED_FACE('',(#17430),#17441,.F.);
#17430 = FACE_BOUND('',#17431,.T.);
#17431 = EDGE_LOOP('',(#17432,#17433,#17439,#17440));
#17432 = ORIENTED_EDGE('',*,*,#13011,.T.);
#17433 = ORIENTED_EDGE('',*,*,#17434,.T.);
#17434 = EDGE_CURVE('',#13012,#14768,#17435,.T.);
#17435 = LINE('',#17436,#17437);
#17436 = CARTESIAN_POINT('',(166.5,-88.,-4.6E-02));
#17437 = VECTOR('',#17438,1.);
#17438 = DIRECTION('',(0.,0.,1.));
#17439 = ORIENTED_EDGE('',*,*,#14767,.F.);
#17440 = ORIENTED_EDGE('',*,*,#17434,.F.);
#17441 = CYLINDRICAL_SURFACE('',#17442,0.5);
#17442 = AXIS2_PLACEMENT_3D('',#17443,#17444,#17445);
#17443 = CARTESIAN_POINT('',(166.5,-87.5,-4.6E-02));
#17444 = DIRECTION('',(-0.,-0.,-1.));
#17445 = DIRECTION('',(-0.,-1.,0.));
#17446 = ADVANCED_FACE('',(#17447),#17458,.F.);
#17447 = FACE_BOUND('',#17448,.T.);
#17448 = EDGE_LOOP('',(#17449,#17450,#17456,#17457));
#17449 = ORIENTED_EDGE('',*,*,#13022,.T.);
#17450 = ORIENTED_EDGE('',*,*,#17451,.T.);
#17451 = EDGE_CURVE('',#13023,#14779,#17452,.T.);
#17452 = LINE('',#17453,#17454);
#17453 = CARTESIAN_POINT('',(121.38,-72.2816,-4.6E-02));
#17454 = VECTOR('',#17455,1.);
#17455 = DIRECTION('',(0.,0.,1.));
#17456 = ORIENTED_EDGE('',*,*,#14778,.F.);
#17457 = ORIENTED_EDGE('',*,*,#17451,.F.);
#17458 = CYLINDRICAL_SURFACE('',#17459,0.5);
#17459 = AXIS2_PLACEMENT_3D('',#17460,#17461,#17462);
#17460 = CARTESIAN_POINT('',(121.38,-71.7816,-4.6E-02));
#17461 = DIRECTION('',(-0.,-0.,-1.));
#17462 = DIRECTION('',(-0.,-1.,0.));
#17463 = ADVANCED_FACE('',(#17464),#17475,.F.);
#17464 = FACE_BOUND('',#17465,.T.);
#17465 = EDGE_LOOP('',(#17466,#17467,#17473,#17474));
#17466 = ORIENTED_EDGE('',*,*,#13033,.T.);
#17467 = ORIENTED_EDGE('',*,*,#17468,.T.);
#17468 = EDGE_CURVE('',#13034,#14790,#17469,.T.);
#17469 = LINE('',#17470,#17471);
#17470 = CARTESIAN_POINT('',(123.92,-72.2816,-4.6E-02));
#17471 = VECTOR('',#17472,1.);
#17472 = DIRECTION('',(0.,0.,1.));
#17473 = ORIENTED_EDGE('',*,*,#14789,.F.);
#17474 = ORIENTED_EDGE('',*,*,#17468,.F.);
#17475 = CYLINDRICAL_SURFACE('',#17476,0.5);
#17476 = AXIS2_PLACEMENT_3D('',#17477,#17478,#17479);
#17477 = CARTESIAN_POINT('',(123.92,-71.7816,-4.6E-02));
#17478 = DIRECTION('',(-0.,-0.,-1.));
#17479 = DIRECTION('',(-0.,-1.,0.));
#17480 = ADVANCED_FACE('',(#17481),#17492,.F.);
#17481 = FACE_BOUND('',#17482,.T.);
#17482 = EDGE_LOOP('',(#17483,#17484,#17490,#17491));
#17483 = ORIENTED_EDGE('',*,*,#13044,.T.);
#17484 = ORIENTED_EDGE('',*,*,#17485,.T.);
#17485 = EDGE_CURVE('',#13045,#14801,#17486,.T.);
#17486 = LINE('',#17487,#17488);
#17487 = CARTESIAN_POINT('',(126.46,-72.2816,-4.6E-02));
#17488 = VECTOR('',#17489,1.);
#17489 = DIRECTION('',(0.,0.,1.));
#17490 = ORIENTED_EDGE('',*,*,#14800,.F.);
#17491 = ORIENTED_EDGE('',*,*,#17485,.F.);
#17492 = CYLINDRICAL_SURFACE('',#17493,0.5);
#17493 = AXIS2_PLACEMENT_3D('',#17494,#17495,#17496);
#17494 = CARTESIAN_POINT('',(126.46,-71.7816,-4.6E-02));
#17495 = DIRECTION('',(-0.,-0.,-1.));
#17496 = DIRECTION('',(-0.,-1.,0.));
#17497 = ADVANCED_FACE('',(#17498),#17509,.F.);
#17498 = FACE_BOUND('',#17499,.T.);
#17499 = EDGE_LOOP('',(#17500,#17501,#17507,#17508));
#17500 = ORIENTED_EDGE('',*,*,#13055,.T.);
#17501 = ORIENTED_EDGE('',*,*,#17502,.T.);
#17502 = EDGE_CURVE('',#13056,#14812,#17503,.T.);
#17503 = LINE('',#17504,#17505);
#17504 = CARTESIAN_POINT('',(129.,-72.2816,-4.6E-02));
#17505 = VECTOR('',#17506,1.);
#17506 = DIRECTION('',(0.,0.,1.));
#17507 = ORIENTED_EDGE('',*,*,#14811,.F.);
#17508 = ORIENTED_EDGE('',*,*,#17502,.F.);
#17509 = CYLINDRICAL_SURFACE('',#17510,0.5);
#17510 = AXIS2_PLACEMENT_3D('',#17511,#17512,#17513);
#17511 = CARTESIAN_POINT('',(129.,-71.7816,-4.6E-02));
#17512 = DIRECTION('',(-0.,-0.,-1.));
#17513 = DIRECTION('',(-0.,-1.,0.));
#17514 = ADVANCED_FACE('',(#17515),#17526,.F.);
#17515 = FACE_BOUND('',#17516,.T.);
#17516 = EDGE_LOOP('',(#17517,#17518,#17524,#17525));
#17517 = ORIENTED_EDGE('',*,*,#13066,.T.);
#17518 = ORIENTED_EDGE('',*,*,#17519,.T.);
#17519 = EDGE_CURVE('',#13067,#14823,#17520,.T.);
#17520 = LINE('',#17521,#17522);
#17521 = CARTESIAN_POINT('',(120.46,-54.855,-4.6E-02));
#17522 = VECTOR('',#17523,1.);
#17523 = DIRECTION('',(0.,0.,1.));
#17524 = ORIENTED_EDGE('',*,*,#14822,.F.);
#17525 = ORIENTED_EDGE('',*,*,#17519,.F.);
#17526 = CYLINDRICAL_SURFACE('',#17527,0.355);
#17527 = AXIS2_PLACEMENT_3D('',#17528,#17529,#17530);
#17528 = CARTESIAN_POINT('',(120.46,-54.5,-4.6E-02));
#17529 = DIRECTION('',(-0.,-0.,-1.));
#17530 = DIRECTION('',(-4.003057666254E-14,-1.,0.));
#17531 = ADVANCED_FACE('',(#17532),#17543,.F.);
#17532 = FACE_BOUND('',#17533,.T.);
#17533 = EDGE_LOOP('',(#17534,#17535,#17541,#17542));
#17534 = ORIENTED_EDGE('',*,*,#13077,.T.);
#17535 = ORIENTED_EDGE('',*,*,#17536,.T.);
#17536 = EDGE_CURVE('',#13078,#14834,#17537,.T.);
#17537 = LINE('',#17538,#17539);
#17538 = CARTESIAN_POINT('',(125.54,-54.855,-4.6E-02));
#17539 = VECTOR('',#17540,1.);
#17540 = DIRECTION('',(0.,0.,1.));
#17541 = ORIENTED_EDGE('',*,*,#14833,.F.);
#17542 = ORIENTED_EDGE('',*,*,#17536,.F.);
#17543 = CYLINDRICAL_SURFACE('',#17544,0.355);
#17544 = AXIS2_PLACEMENT_3D('',#17545,#17546,#17547);
#17545 = CARTESIAN_POINT('',(125.54,-54.5,-4.6E-02));
#17546 = DIRECTION('',(-0.,0.,-1.));
#17547 = DIRECTION('',(4.003057666254E-14,-1.,-0.));
#17548 = ADVANCED_FACE('',(#17549),#17560,.F.);
#17549 = FACE_BOUND('',#17550,.T.);
#17550 = EDGE_LOOP('',(#17551,#17557,#17558,#17559));
#17551 = ORIENTED_EDGE('',*,*,#17552,.T.);
#17552 = EDGE_CURVE('',#13089,#14845,#17553,.T.);
#17553 = LINE('',#17554,#17555);
#17554 = CARTESIAN_POINT('',(130.55,-59.5,0.));
#17555 = VECTOR('',#17556,1.);
#17556 = DIRECTION('',(0.,0.,1.));
#17557 = ORIENTED_EDGE('',*,*,#14844,.T.);
#17558 = ORIENTED_EDGE('',*,*,#17552,.F.);
#17559 = ORIENTED_EDGE('',*,*,#13088,.F.);
#17560 = CYLINDRICAL_SURFACE('',#17561,2.55);
#17561 = AXIS2_PLACEMENT_3D('',#17562,#17563,#17564);
#17562 = CARTESIAN_POINT('',(128.,-59.5,0.));
#17563 = DIRECTION('',(-0.,-0.,-1.));
#17564 = DIRECTION('',(1.,0.,-0.));
#17565 = ADVANCED_FACE('',(#17566),#17577,.F.);
#17566 = FACE_BOUND('',#17567,.T.);
#17567 = EDGE_LOOP('',(#17568,#17569,#17575,#17576));
#17568 = ORIENTED_EDGE('',*,*,#13099,.T.);
#17569 = ORIENTED_EDGE('',*,*,#17570,.T.);
#17570 = EDGE_CURVE('',#13100,#14856,#17571,.T.);
#17571 = LINE('',#17572,#17573);
#17572 = CARTESIAN_POINT('',(121.,-49.85,-4.6E-02));
#17573 = VECTOR('',#17574,1.);
#17574 = DIRECTION('',(0.,0.,1.));
#17575 = ORIENTED_EDGE('',*,*,#14855,.F.);
#17576 = ORIENTED_EDGE('',*,*,#17570,.F.);
#17577 = CYLINDRICAL_SURFACE('',#17578,0.35);
#17578 = AXIS2_PLACEMENT_3D('',#17579,#17580,#17581);
#17579 = CARTESIAN_POINT('',(121.,-49.5,-4.6E-02));
#17580 = DIRECTION('',(-0.,-0.,-1.));
#17581 = DIRECTION('',(-0.,-1.,0.));
#17582 = ADVANCED_FACE('',(#17583),#17594,.F.);
#17583 = FACE_BOUND('',#17584,.T.);
#17584 = EDGE_LOOP('',(#17585,#17586,#17592,#17593));
#17585 = ORIENTED_EDGE('',*,*,#13110,.T.);
#17586 = ORIENTED_EDGE('',*,*,#17587,.T.);
#17587 = EDGE_CURVE('',#13111,#14867,#17588,.T.);
#17588 = LINE('',#17589,#17590);
#17589 = CARTESIAN_POINT('',(122.27,-49.85,-4.6E-02));
#17590 = VECTOR('',#17591,1.);
#17591 = DIRECTION('',(0.,0.,1.));
#17592 = ORIENTED_EDGE('',*,*,#14866,.F.);
#17593 = ORIENTED_EDGE('',*,*,#17587,.F.);
#17594 = CYLINDRICAL_SURFACE('',#17595,0.35);
#17595 = AXIS2_PLACEMENT_3D('',#17596,#17597,#17598);
#17596 = CARTESIAN_POINT('',(122.27,-49.5,-4.6E-02));
#17597 = DIRECTION('',(-0.,-0.,-1.));
#17598 = DIRECTION('',(-4.060244204344E-14,-1.,0.));
#17599 = ADVANCED_FACE('',(#17600),#17611,.F.);
#17600 = FACE_BOUND('',#17601,.T.);
#17601 = EDGE_LOOP('',(#17602,#17603,#17609,#17610));
#17602 = ORIENTED_EDGE('',*,*,#13121,.T.);
#17603 = ORIENTED_EDGE('',*,*,#17604,.T.);
#17604 = EDGE_CURVE('',#13122,#14878,#17605,.T.);
#17605 = LINE('',#17606,#17607);
#17606 = CARTESIAN_POINT('',(123.54,-49.85,-4.6E-02));
#17607 = VECTOR('',#17608,1.);
#17608 = DIRECTION('',(0.,0.,1.));
#17609 = ORIENTED_EDGE('',*,*,#14877,.F.);
#17610 = ORIENTED_EDGE('',*,*,#17604,.F.);
#17611 = CYLINDRICAL_SURFACE('',#17612,0.35);
#17612 = AXIS2_PLACEMENT_3D('',#17613,#17614,#17615);
#17613 = CARTESIAN_POINT('',(123.54,-49.5,-4.6E-02));
#17614 = DIRECTION('',(-0.,0.,-1.));
#17615 = DIRECTION('',(4.060244204343E-14,-1.,-0.));
#17616 = ADVANCED_FACE('',(#17617),#17633,.F.);
#17617 = FACE_BOUND('',#17618,.T.);
#17618 = EDGE_LOOP('',(#17619,#17625,#17626,#17632));
#17619 = ORIENTED_EDGE('',*,*,#17620,.T.);
#17620 = EDGE_CURVE('',#13133,#14889,#17621,.T.);
#17621 = LINE('',#17622,#17623);
#17622 = CARTESIAN_POINT('',(128.5,-46.,0.));
#17623 = VECTOR('',#17624,1.);
#17624 = DIRECTION('',(0.,0.,1.));
#17625 = ORIENTED_EDGE('',*,*,#14888,.T.);
#17626 = ORIENTED_EDGE('',*,*,#17627,.F.);
#17627 = EDGE_CURVE('',#13135,#14891,#17628,.T.);
#17628 = LINE('',#17629,#17630);
#17629 = CARTESIAN_POINT('',(128.5,-48.,0.));
#17630 = VECTOR('',#17631,1.);
#17631 = DIRECTION('',(0.,0.,1.));
#17632 = ORIENTED_EDGE('',*,*,#13132,.F.);
#17633 = CYLINDRICAL_SURFACE('',#17634,1.);
#17634 = AXIS2_PLACEMENT_3D('',#17635,#17636,#17637);
#17635 = CARTESIAN_POINT('',(128.5,-47.,0.));
#17636 = DIRECTION('',(-0.,0.,-1.));
#17637 = DIRECTION('',(0.,1.,0.));
#17638 = ADVANCED_FACE('',(#17639),#17650,.T.);
#17639 = FACE_BOUND('',#17640,.T.);
#17640 = EDGE_LOOP('',(#17641,#17647,#17648,#17649));
#17641 = ORIENTED_EDGE('',*,*,#17642,.T.);
#17642 = EDGE_CURVE('',#13144,#14900,#17643,.T.);
#17643 = LINE('',#17644,#17645);
#17644 = CARTESIAN_POINT('',(132.5,-46.,0.));
#17645 = VECTOR('',#17646,1.);
#17646 = DIRECTION('',(0.,0.,1.));
#17647 = ORIENTED_EDGE('',*,*,#14899,.T.);
#17648 = ORIENTED_EDGE('',*,*,#17620,.F.);
#17649 = ORIENTED_EDGE('',*,*,#13143,.F.);
#17650 = PLANE('',#17651);
#17651 = AXIS2_PLACEMENT_3D('',#17652,#17653,#17654);
#17652 = CARTESIAN_POINT('',(132.5,-46.,0.));
#17653 = DIRECTION('',(0.,-1.,0.));
#17654 = DIRECTION('',(-1.,0.,0.));
#17655 = ADVANCED_FACE('',(#17656),#17667,.T.);
#17656 = FACE_BOUND('',#17657,.T.);
#17657 = EDGE_LOOP('',(#17658,#17659,#17660,#17666));
#17658 = ORIENTED_EDGE('',*,*,#17627,.T.);
#17659 = ORIENTED_EDGE('',*,*,#14916,.T.);
#17660 = ORIENTED_EDGE('',*,*,#17661,.F.);
#17661 = EDGE_CURVE('',#13152,#14908,#17662,.T.);
#17662 = LINE('',#17663,#17664);
#17663 = CARTESIAN_POINT('',(132.5,-48.,0.));
#17664 = VECTOR('',#17665,1.);
#17665 = DIRECTION('',(0.,0.,1.));
#17666 = ORIENTED_EDGE('',*,*,#13160,.F.);
#17667 = PLANE('',#17668);
#17668 = AXIS2_PLACEMENT_3D('',#17669,#17670,#17671);
#17669 = CARTESIAN_POINT('',(128.5,-48.,0.));
#17670 = DIRECTION('',(0.,1.,0.));
#17671 = DIRECTION('',(1.,0.,0.));
#17672 = ADVANCED_FACE('',(#17673),#17679,.F.);
#17673 = FACE_BOUND('',#17674,.T.);
#17674 = EDGE_LOOP('',(#17675,#17676,#17677,#17678));
#17675 = ORIENTED_EDGE('',*,*,#17661,.T.);
#17676 = ORIENTED_EDGE('',*,*,#14907,.T.);
#17677 = ORIENTED_EDGE('',*,*,#17642,.F.);
#17678 = ORIENTED_EDGE('',*,*,#13151,.F.);
#17679 = CYLINDRICAL_SURFACE('',#17680,1.);
#17680 = AXIS2_PLACEMENT_3D('',#17681,#17682,#17683);
#17681 = CARTESIAN_POINT('',(132.5,-47.,0.));
#17682 = DIRECTION('',(-0.,-0.,-1.));
#17683 = DIRECTION('',(-0.,-1.,0.));
#17684 = ADVANCED_FACE('',(#17685),#17696,.F.);
#17685 = FACE_BOUND('',#17686,.T.);
#17686 = EDGE_LOOP('',(#17687,#17688,#17694,#17695));
#17687 = ORIENTED_EDGE('',*,*,#13168,.T.);
#17688 = ORIENTED_EDGE('',*,*,#17689,.T.);
#17689 = EDGE_CURVE('',#13169,#14925,#17690,.T.);
#17690 = LINE('',#17691,#17692);
#17691 = CARTESIAN_POINT('',(147.78,-64.1,-4.6E-02));
#17692 = VECTOR('',#17693,1.);
#17693 = DIRECTION('',(0.,0.,1.));
#17694 = ORIENTED_EDGE('',*,*,#14924,.F.);
#17695 = ORIENTED_EDGE('',*,*,#17689,.F.);
#17696 = CYLINDRICAL_SURFACE('',#17697,0.5);
#17697 = AXIS2_PLACEMENT_3D('',#17698,#17699,#17700);
#17698 = CARTESIAN_POINT('',(147.78,-63.6,-4.6E-02));
#17699 = DIRECTION('',(-0.,-0.,-1.));
#17700 = DIRECTION('',(-0.,-1.,0.));
#17701 = ADVANCED_FACE('',(#17702),#17713,.F.);
#17702 = FACE_BOUND('',#17703,.T.);
#17703 = EDGE_LOOP('',(#17704,#17705,#17711,#17712));
#17704 = ORIENTED_EDGE('',*,*,#13179,.T.);
#17705 = ORIENTED_EDGE('',*,*,#17706,.T.);
#17706 = EDGE_CURVE('',#13180,#14936,#17707,.T.);
#17707 = LINE('',#17708,#17709);
#17708 = CARTESIAN_POINT('',(150.32,-64.1,-4.6E-02));
#17709 = VECTOR('',#17710,1.);
#17710 = DIRECTION('',(0.,0.,1.));
#17711 = ORIENTED_EDGE('',*,*,#14935,.F.);
#17712 = ORIENTED_EDGE('',*,*,#17706,.F.);
#17713 = CYLINDRICAL_SURFACE('',#17714,0.5);
#17714 = AXIS2_PLACEMENT_3D('',#17715,#17716,#17717);
#17715 = CARTESIAN_POINT('',(150.32,-63.6,-4.6E-02));
#17716 = DIRECTION('',(-0.,-0.,-1.));
#17717 = DIRECTION('',(-0.,-1.,0.));
#17718 = ADVANCED_FACE('',(#17719),#17730,.F.);
#17719 = FACE_BOUND('',#17720,.T.);
#17720 = EDGE_LOOP('',(#17721,#17722,#17728,#17729));
#17721 = ORIENTED_EDGE('',*,*,#13190,.T.);
#17722 = ORIENTED_EDGE('',*,*,#17723,.T.);
#17723 = EDGE_CURVE('',#13191,#14947,#17724,.T.);
#17724 = LINE('',#17725,#17726);
#17725 = CARTESIAN_POINT('',(147.15,-62.1,-4.6E-02));
#17726 = VECTOR('',#17727,1.);
#17727 = DIRECTION('',(0.,0.,1.));
#17728 = ORIENTED_EDGE('',*,*,#14946,.F.);
#17729 = ORIENTED_EDGE('',*,*,#17723,.F.);
#17730 = CYLINDRICAL_SURFACE('',#17731,1.25);
#17731 = AXIS2_PLACEMENT_3D('',#17732,#17733,#17734);
#17732 = CARTESIAN_POINT('',(147.15,-60.85,-4.6E-02));
#17733 = DIRECTION('',(-0.,-0.,-1.));
#17734 = DIRECTION('',(-0.,-1.,0.));
#17735 = ADVANCED_FACE('',(#17736),#17747,.F.);
#17736 = FACE_BOUND('',#17737,.T.);
#17737 = EDGE_LOOP('',(#17738,#17739,#17745,#17746));
#17738 = ORIENTED_EDGE('',*,*,#13201,.T.);
#17739 = ORIENTED_EDGE('',*,*,#17740,.T.);
#17740 = EDGE_CURVE('',#13202,#14958,#17741,.T.);
#17741 = LINE('',#17742,#17743);
#17742 = CARTESIAN_POINT('',(151.5,-66.,-4.6E-02));
#17743 = VECTOR('',#17744,1.);
#17744 = DIRECTION('',(0.,0.,1.));
#17745 = ORIENTED_EDGE('',*,*,#14957,.F.);
#17746 = ORIENTED_EDGE('',*,*,#17740,.F.);
#17747 = CYLINDRICAL_SURFACE('',#17748,0.5);
#17748 = AXIS2_PLACEMENT_3D('',#17749,#17750,#17751);
#17749 = CARTESIAN_POINT('',(151.5,-65.5,-4.6E-02));
#17750 = DIRECTION('',(-0.,-0.,-1.));
#17751 = DIRECTION('',(-0.,-1.,0.));
#17752 = ADVANCED_FACE('',(#17753),#17764,.F.);
#17753 = FACE_BOUND('',#17754,.T.);
#17754 = EDGE_LOOP('',(#17755,#17756,#17762,#17763));
#17755 = ORIENTED_EDGE('',*,*,#13212,.T.);
#17756 = ORIENTED_EDGE('',*,*,#17757,.T.);
#17757 = EDGE_CURVE('',#13213,#14969,#17758,.T.);
#17758 = LINE('',#17759,#17760);
#17759 = CARTESIAN_POINT('',(150.95,-62.1,-4.6E-02));
#17760 = VECTOR('',#17761,1.);
#17761 = DIRECTION('',(0.,0.,1.));
#17762 = ORIENTED_EDGE('',*,*,#14968,.F.);
#17763 = ORIENTED_EDGE('',*,*,#17757,.F.);
#17764 = CYLINDRICAL_SURFACE('',#17765,1.25);
#17765 = AXIS2_PLACEMENT_3D('',#17766,#17767,#17768);
#17766 = CARTESIAN_POINT('',(150.95,-60.85,-4.6E-02));
#17767 = DIRECTION('',(-0.,-0.,-1.));
#17768 = DIRECTION('',(-0.,-1.,0.));
#17769 = ADVANCED_FACE('',(#17770),#17781,.F.);
#17770 = FACE_BOUND('',#17771,.T.);
#17771 = EDGE_LOOP('',(#17772,#17773,#17779,#17780));
#17772 = ORIENTED_EDGE('',*,*,#13223,.T.);
#17773 = ORIENTED_EDGE('',*,*,#17774,.T.);
#17774 = EDGE_CURVE('',#13224,#14980,#17775,.T.);
#17775 = LINE('',#17776,#17777);
#17776 = CARTESIAN_POINT('',(147.78,-58.6,-4.6E-02));
#17777 = VECTOR('',#17778,1.);
#17778 = DIRECTION('',(0.,0.,1.));
#17779 = ORIENTED_EDGE('',*,*,#14979,.F.);
#17780 = ORIENTED_EDGE('',*,*,#17774,.F.);
#17781 = CYLINDRICAL_SURFACE('',#17782,0.5);
#17782 = AXIS2_PLACEMENT_3D('',#17783,#17784,#17785);
#17783 = CARTESIAN_POINT('',(147.78,-58.1,-4.6E-02));
#17784 = DIRECTION('',(-0.,-0.,-1.));
#17785 = DIRECTION('',(-0.,-1.,0.));
#17786 = ADVANCED_FACE('',(#17787),#17798,.F.);
#17787 = FACE_BOUND('',#17788,.T.);
#17788 = EDGE_LOOP('',(#17789,#17790,#17796,#17797));
#17789 = ORIENTED_EDGE('',*,*,#13234,.T.);
#17790 = ORIENTED_EDGE('',*,*,#17791,.T.);
#17791 = EDGE_CURVE('',#13235,#14991,#17792,.T.);
#17792 = LINE('',#17793,#17794);
#17793 = CARTESIAN_POINT('',(150.32,-58.6,-4.6E-02));
#17794 = VECTOR('',#17795,1.);
#17795 = DIRECTION('',(0.,0.,1.));
#17796 = ORIENTED_EDGE('',*,*,#14990,.F.);
#17797 = ORIENTED_EDGE('',*,*,#17791,.F.);
#17798 = CYLINDRICAL_SURFACE('',#17799,0.5);
#17799 = AXIS2_PLACEMENT_3D('',#17800,#17801,#17802);
#17800 = CARTESIAN_POINT('',(150.32,-58.1,-4.6E-02));
#17801 = DIRECTION('',(-0.,-0.,-1.));
#17802 = DIRECTION('',(-0.,-1.,0.));
#17803 = ( GEOMETRIC_REPRESENTATION_CONTEXT(3) 
GLOBAL_UNCERTAINTY_ASSIGNED_CONTEXT((#17807)) 
GLOBAL_UNIT_ASSIGNED_CONTEXT((#17804,#17805,#17806)) 
REPRESENTATION_CONTEXT('Context #1',
  '3D Context with UNIT and UNCERTAINTY') );
#17804 = ( LENGTH_UNIT() NAMED_UNIT(*) SI_UNIT(.MILLI.,.METRE.) );
#17805 = ( NAMED_UNIT(*) PLANE_ANGLE_UNIT() SI_UNIT($,.RADIAN.) );
#17806 = ( NAMED_UNIT(*) SI_UNIT($,.STERADIAN.) SOLID_ANGLE_UNIT() );
#17807 = UNCERTAINTY_MEASURE_WITH_UNIT(LENGTH_MEASURE(1.E-07),#17804,
  'distance_accuracy_value','confusion accuracy');
#17808 = CONTEXT_DEPENDENT_SHAPE_REPRESENTATION(#17809,#17811);
#17809 = ( REPRESENTATION_RELATIONSHIP('','',#11384,#10) 
REPRESENTATION_RELATIONSHIP_WITH_TRANSFORMATION(#17810) 
SHAPE_REPRESENTATION_RELATIONSHIP() );
#17810 = ITEM_DEFINED_TRANSFORMATION('','',#11,#39);
#17811 = PRODUCT_DEFINITION_SHAPE('Placement','Placement of an item',
  #17812);
#17812 = NEXT_ASSEMBLY_USAGE_OCCURRENCE('7','=>[0:1:1:6]','',#5,#11379,$
  );
#17813 = PRODUCT_RELATED_PRODUCT_CATEGORY('part',$,(#11381));
#17814 = MECHANICAL_DESIGN_GEOMETRIC_PRESENTATION_REPRESENTATION('',(
    #17815,#17823,#17830,#17837,#17844,#17851,#17858,#17865,#17872,
    #17879,#17886,#17893,#17900,#17907,#17914,#17921,#17928,#17935,
    #17942,#17950,#17957,#17964,#17971,#17978,#17985,#17992,#17999,
    #18006,#18013,#18020,#18027,#18034,#18041,#18048,#18055,#18062,
    #18069,#18076,#18083,#18090,#18097,#18104,#18111,#18118,#18125,
    #18132,#18139,#18146,#18153,#18160,#18167,#18174,#18181,#18188,
    #18195,#18202,#18209,#18216,#18223,#18230,#18237,#18244,#18251,
    #18258,#18265,#18272,#18279,#18286,#18293,#18300,#18307,#18314,
    #18321,#18328,#18335,#18342,#18349,#18356,#18363,#18370,#18377,
    #18384),#8445);
#17815 = STYLED_ITEM('color',(#17816),#5953);
#17816 = PRESENTATION_STYLE_ASSIGNMENT((#17817));
#17817 = SURFACE_STYLE_USAGE(.BOTH.,#17818);
#17818 = SURFACE_SIDE_STYLE('',(#17819));
#17819 = SURFACE_STYLE_FILL_AREA(#17820);
#17820 = FILL_AREA_STYLE('',(#17821));
#17821 = FILL_AREA_STYLE_COLOUR('',#17822);
#17822 = COLOUR_RGB('',0.894117649055,0.890196087049,0.811764731185);
#17823 = STYLED_ITEM('color',(#17824),#6089);
#17824 = PRESENTATION_STYLE_ASSIGNMENT((#17825));
#17825 = SURFACE_STYLE_USAGE(.BOTH.,#17826);
#17826 = SURFACE_SIDE_STYLE('',(#17827));
#17827 = SURFACE_STYLE_FILL_AREA(#17828);
#17828 = FILL_AREA_STYLE('',(#17829));
#17829 = FILL_AREA_STYLE_COLOUR('',#17822);
#17830 = STYLED_ITEM('color',(#17831),#6120);
#17831 = PRESENTATION_STYLE_ASSIGNMENT((#17832));
#17832 = SURFACE_STYLE_USAGE(.BOTH.,#17833);
#17833 = SURFACE_SIDE_STYLE('',(#17834));
#17834 = SURFACE_STYLE_FILL_AREA(#17835);
#17835 = FILL_AREA_STYLE('',(#17836));
#17836 = FILL_AREA_STYLE_COLOUR('',#17822);
#17837 = STYLED_ITEM('color',(#17838),#6144);
#17838 = PRESENTATION_STYLE_ASSIGNMENT((#17839));
#17839 = SURFACE_STYLE_USAGE(.BOTH.,#17840);
#17840 = SURFACE_SIDE_STYLE('',(#17841));
#17841 = SURFACE_STYLE_FILL_AREA(#17842);
#17842 = FILL_AREA_STYLE('',(#17843));
#17843 = FILL_AREA_STYLE_COLOUR('',#17822);
#17844 = STYLED_ITEM('color',(#17845),#6202);
#17845 = PRESENTATION_STYLE_ASSIGNMENT((#17846));
#17846 = SURFACE_STYLE_USAGE(.BOTH.,#17847);
#17847 = SURFACE_SIDE_STYLE('',(#17848));
#17848 = SURFACE_STYLE_FILL_AREA(#17849);
#17849 = FILL_AREA_STYLE('',(#17850));
#17850 = FILL_AREA_STYLE_COLOUR('',#17822);
#17851 = STYLED_ITEM('color',(#17852),#6226);
#17852 = PRESENTATION_STYLE_ASSIGNMENT((#17853));
#17853 = SURFACE_STYLE_USAGE(.BOTH.,#17854);
#17854 = SURFACE_SIDE_STYLE('',(#17855));
#17855 = SURFACE_STYLE_FILL_AREA(#17856);
#17856 = FILL_AREA_STYLE('',(#17857));
#17857 = FILL_AREA_STYLE_COLOUR('',#17822);
#17858 = STYLED_ITEM('color',(#17859),#6250);
#17859 = PRESENTATION_STYLE_ASSIGNMENT((#17860));
#17860 = SURFACE_STYLE_USAGE(.BOTH.,#17861);
#17861 = SURFACE_SIDE_STYLE('',(#17862));
#17862 = SURFACE_STYLE_FILL_AREA(#17863);
#17863 = FILL_AREA_STYLE('',(#17864));
#17864 = FILL_AREA_STYLE_COLOUR('',#17822);
#17865 = STYLED_ITEM('color',(#17866),#6274);
#17866 = PRESENTATION_STYLE_ASSIGNMENT((#17867));
#17867 = SURFACE_STYLE_USAGE(.BOTH.,#17868);
#17868 = SURFACE_SIDE_STYLE('',(#17869));
#17869 = SURFACE_STYLE_FILL_AREA(#17870);
#17870 = FILL_AREA_STYLE('',(#17871));
#17871 = FILL_AREA_STYLE_COLOUR('',#17822);
#17872 = STYLED_ITEM('color',(#17873),#6332);
#17873 = PRESENTATION_STYLE_ASSIGNMENT((#17874));
#17874 = SURFACE_STYLE_USAGE(.BOTH.,#17875);
#17875 = SURFACE_SIDE_STYLE('',(#17876));
#17876 = SURFACE_STYLE_FILL_AREA(#17877);
#17877 = FILL_AREA_STYLE('',(#17878));
#17878 = FILL_AREA_STYLE_COLOUR('',#17822);
#17879 = STYLED_ITEM('color',(#17880),#6356);
#17880 = PRESENTATION_STYLE_ASSIGNMENT((#17881));
#17881 = SURFACE_STYLE_USAGE(.BOTH.,#17882);
#17882 = SURFACE_SIDE_STYLE('',(#17883));
#17883 = SURFACE_STYLE_FILL_AREA(#17884);
#17884 = FILL_AREA_STYLE('',(#17885));
#17885 = FILL_AREA_STYLE_COLOUR('',#17822);
#17886 = STYLED_ITEM('color',(#17887),#6380);
#17887 = PRESENTATION_STYLE_ASSIGNMENT((#17888));
#17888 = SURFACE_STYLE_USAGE(.BOTH.,#17889);
#17889 = SURFACE_SIDE_STYLE('',(#17890));
#17890 = SURFACE_STYLE_FILL_AREA(#17891);
#17891 = FILL_AREA_STYLE('',(#17892));
#17892 = FILL_AREA_STYLE_COLOUR('',#17822);
#17893 = STYLED_ITEM('color',(#17894),#6460);
#17894 = PRESENTATION_STYLE_ASSIGNMENT((#17895));
#17895 = SURFACE_STYLE_USAGE(.BOTH.,#17896);
#17896 = SURFACE_SIDE_STYLE('',(#17897));
#17897 = SURFACE_STYLE_FILL_AREA(#17898);
#17898 = FILL_AREA_STYLE('',(#17899));
#17899 = FILL_AREA_STYLE_COLOUR('',#17822);
#17900 = STYLED_ITEM('color',(#17901),#6484);
#17901 = PRESENTATION_STYLE_ASSIGNMENT((#17902));
#17902 = SURFACE_STYLE_USAGE(.BOTH.,#17903);
#17903 = SURFACE_SIDE_STYLE('',(#17904));
#17904 = SURFACE_STYLE_FILL_AREA(#17905);
#17905 = FILL_AREA_STYLE('',(#17906));
#17906 = FILL_AREA_STYLE_COLOUR('',#17822);
#17907 = STYLED_ITEM('color',(#17908),#6548);
#17908 = PRESENTATION_STYLE_ASSIGNMENT((#17909));
#17909 = SURFACE_STYLE_USAGE(.BOTH.,#17910);
#17910 = SURFACE_SIDE_STYLE('',(#17911));
#17911 = SURFACE_STYLE_FILL_AREA(#17912);
#17912 = FILL_AREA_STYLE('',(#17913));
#17913 = FILL_AREA_STYLE_COLOUR('',#17822);
#17914 = STYLED_ITEM('color',(#17915),#6572);
#17915 = PRESENTATION_STYLE_ASSIGNMENT((#17916));
#17916 = SURFACE_STYLE_USAGE(.BOTH.,#17917);
#17917 = SURFACE_SIDE_STYLE('',(#17918));
#17918 = SURFACE_STYLE_FILL_AREA(#17919);
#17919 = FILL_AREA_STYLE('',(#17920));
#17920 = FILL_AREA_STYLE_COLOUR('',#17822);
#17921 = STYLED_ITEM('color',(#17922),#6636);
#17922 = PRESENTATION_STYLE_ASSIGNMENT((#17923));
#17923 = SURFACE_STYLE_USAGE(.BOTH.,#17924);
#17924 = SURFACE_SIDE_STYLE('',(#17925));
#17925 = SURFACE_STYLE_FILL_AREA(#17926);
#17926 = FILL_AREA_STYLE('',(#17927));
#17927 = FILL_AREA_STYLE_COLOUR('',#17822);
#17928 = STYLED_ITEM('color',(#17929),#6660);
#17929 = PRESENTATION_STYLE_ASSIGNMENT((#17930));
#17930 = SURFACE_STYLE_USAGE(.BOTH.,#17931);
#17931 = SURFACE_SIDE_STYLE('',(#17932));
#17932 = SURFACE_STYLE_FILL_AREA(#17933);
#17933 = FILL_AREA_STYLE('',(#17934));
#17934 = FILL_AREA_STYLE_COLOUR('',#17822);
#17935 = STYLED_ITEM('color',(#17936),#6733);
#17936 = PRESENTATION_STYLE_ASSIGNMENT((#17937));
#17937 = SURFACE_STYLE_USAGE(.BOTH.,#17938);
#17938 = SURFACE_SIDE_STYLE('',(#17939));
#17939 = SURFACE_STYLE_FILL_AREA(#17940);
#17940 = FILL_AREA_STYLE('',(#17941));
#17941 = FILL_AREA_STYLE_COLOUR('',#17822);
#17942 = STYLED_ITEM('color',(#17943),#6758);
#17943 = PRESENTATION_STYLE_ASSIGNMENT((#17944));
#17944 = SURFACE_STYLE_USAGE(.BOTH.,#17945);
#17945 = SURFACE_SIDE_STYLE('',(#17946));
#17946 = SURFACE_STYLE_FILL_AREA(#17947);
#17947 = FILL_AREA_STYLE('',(#17948));
#17948 = FILL_AREA_STYLE_COLOUR('',#17949);
#17949 = COLOUR_RGB('',0.823529417451,0.819607860991,0.780392170416);
#17950 = STYLED_ITEM('color',(#17951),#6821);
#17951 = PRESENTATION_STYLE_ASSIGNMENT((#17952));
#17952 = SURFACE_STYLE_USAGE(.BOTH.,#17953);
#17953 = SURFACE_SIDE_STYLE('',(#17954));
#17954 = SURFACE_STYLE_FILL_AREA(#17955);
#17955 = FILL_AREA_STYLE('',(#17956));
#17956 = FILL_AREA_STYLE_COLOUR('',#17949);
#17957 = STYLED_ITEM('color',(#17958),#6845);
#17958 = PRESENTATION_STYLE_ASSIGNMENT((#17959));
#17959 = SURFACE_STYLE_USAGE(.BOTH.,#17960);
#17960 = SURFACE_SIDE_STYLE('',(#17961));
#17961 = SURFACE_STYLE_FILL_AREA(#17962);
#17962 = FILL_AREA_STYLE('',(#17963));
#17963 = FILL_AREA_STYLE_COLOUR('',#17949);
#17964 = STYLED_ITEM('color',(#17965),#6901);
#17965 = PRESENTATION_STYLE_ASSIGNMENT((#17966));
#17966 = SURFACE_STYLE_USAGE(.BOTH.,#17967);
#17967 = SURFACE_SIDE_STYLE('',(#17968));
#17968 = SURFACE_STYLE_FILL_AREA(#17969);
#17969 = FILL_AREA_STYLE('',(#17970));
#17970 = FILL_AREA_STYLE_COLOUR('',#17949);
#17971 = STYLED_ITEM('color',(#17972),#6918);
#17972 = PRESENTATION_STYLE_ASSIGNMENT((#17973));
#17973 = SURFACE_STYLE_USAGE(.BOTH.,#17974);
#17974 = SURFACE_SIDE_STYLE('',(#17975));
#17975 = SURFACE_STYLE_FILL_AREA(#17976);
#17976 = FILL_AREA_STYLE('',(#17977));
#17977 = FILL_AREA_STYLE_COLOUR('',#17949);
#17978 = STYLED_ITEM('color',(#17979),#6981);
#17979 = PRESENTATION_STYLE_ASSIGNMENT((#17980));
#17980 = SURFACE_STYLE_USAGE(.BOTH.,#17981);
#17981 = SURFACE_SIDE_STYLE('',(#17982));
#17982 = SURFACE_STYLE_FILL_AREA(#17983);
#17983 = FILL_AREA_STYLE('',(#17984));
#17984 = FILL_AREA_STYLE_COLOUR('',#17949);
#17985 = STYLED_ITEM('color',(#17986),#7005);
#17986 = PRESENTATION_STYLE_ASSIGNMENT((#17987));
#17987 = SURFACE_STYLE_USAGE(.BOTH.,#17988);
#17988 = SURFACE_SIDE_STYLE('',(#17989));
#17989 = SURFACE_STYLE_FILL_AREA(#17990);
#17990 = FILL_AREA_STYLE('',(#17991));
#17991 = FILL_AREA_STYLE_COLOUR('',#17949);
#17992 = STYLED_ITEM('color',(#17993),#7061);
#17993 = PRESENTATION_STYLE_ASSIGNMENT((#17994));
#17994 = SURFACE_STYLE_USAGE(.BOTH.,#17995);
#17995 = SURFACE_SIDE_STYLE('',(#17996));
#17996 = SURFACE_STYLE_FILL_AREA(#17997);
#17997 = FILL_AREA_STYLE('',(#17998));
#17998 = FILL_AREA_STYLE_COLOUR('',#17949);
#17999 = STYLED_ITEM('color',(#18000),#7078);
#18000 = PRESENTATION_STYLE_ASSIGNMENT((#18001));
#18001 = SURFACE_STYLE_USAGE(.BOTH.,#18002);
#18002 = SURFACE_SIDE_STYLE('',(#18003));
#18003 = SURFACE_STYLE_FILL_AREA(#18004);
#18004 = FILL_AREA_STYLE('',(#18005));
#18005 = FILL_AREA_STYLE_COLOUR('',#17822);
#18006 = STYLED_ITEM('color',(#18007),#7159);
#18007 = PRESENTATION_STYLE_ASSIGNMENT((#18008));
#18008 = SURFACE_STYLE_USAGE(.BOTH.,#18009);
#18009 = SURFACE_SIDE_STYLE('',(#18010));
#18010 = SURFACE_STYLE_FILL_AREA(#18011);
#18011 = FILL_AREA_STYLE('',(#18012));
#18012 = FILL_AREA_STYLE_COLOUR('',#17822);
#18013 = STYLED_ITEM('color',(#18014),#7183);
#18014 = PRESENTATION_STYLE_ASSIGNMENT((#18015));
#18015 = SURFACE_STYLE_USAGE(.BOTH.,#18016);
#18016 = SURFACE_SIDE_STYLE('',(#18017));
#18017 = SURFACE_STYLE_FILL_AREA(#18018);
#18018 = FILL_AREA_STYLE('',(#18019));
#18019 = FILL_AREA_STYLE_COLOUR('',#17822);
#18020 = STYLED_ITEM('color',(#18021),#7344);
#18021 = PRESENTATION_STYLE_ASSIGNMENT((#18022));
#18022 = SURFACE_STYLE_USAGE(.BOTH.,#18023);
#18023 = SURFACE_SIDE_STYLE('',(#18024));
#18024 = SURFACE_STYLE_FILL_AREA(#18025);
#18025 = FILL_AREA_STYLE('',(#18026));
#18026 = FILL_AREA_STYLE_COLOUR('',#17822);
#18027 = STYLED_ITEM('color',(#18028),#7361);
#18028 = PRESENTATION_STYLE_ASSIGNMENT((#18029));
#18029 = SURFACE_STYLE_USAGE(.BOTH.,#18030);
#18030 = SURFACE_SIDE_STYLE('',(#18031));
#18031 = SURFACE_STYLE_FILL_AREA(#18032);
#18032 = FILL_AREA_STYLE('',(#18033));
#18033 = FILL_AREA_STYLE_COLOUR('',#17822);
#18034 = STYLED_ITEM('color',(#18035),#7378);
#18035 = PRESENTATION_STYLE_ASSIGNMENT((#18036));
#18036 = SURFACE_STYLE_USAGE(.BOTH.,#18037);
#18037 = SURFACE_SIDE_STYLE('',(#18038));
#18038 = SURFACE_STYLE_FILL_AREA(#18039);
#18039 = FILL_AREA_STYLE('',(#18040));
#18040 = FILL_AREA_STYLE_COLOUR('',#17822);
#18041 = STYLED_ITEM('color',(#18042),#7395);
#18042 = PRESENTATION_STYLE_ASSIGNMENT((#18043));
#18043 = SURFACE_STYLE_USAGE(.BOTH.,#18044);
#18044 = SURFACE_SIDE_STYLE('',(#18045));
#18045 = SURFACE_STYLE_FILL_AREA(#18046);
#18046 = FILL_AREA_STYLE('',(#18047));
#18047 = FILL_AREA_STYLE_COLOUR('',#17822);
#18048 = STYLED_ITEM('color',(#18049),#7407);
#18049 = PRESENTATION_STYLE_ASSIGNMENT((#18050));
#18050 = SURFACE_STYLE_USAGE(.BOTH.,#18051);
#18051 = SURFACE_SIDE_STYLE('',(#18052));
#18052 = SURFACE_STYLE_FILL_AREA(#18053);
#18053 = FILL_AREA_STYLE('',(#18054));
#18054 = FILL_AREA_STYLE_COLOUR('',#17822);
#18055 = STYLED_ITEM('color',(#18056),#7419);
#18056 = PRESENTATION_STYLE_ASSIGNMENT((#18057));
#18057 = SURFACE_STYLE_USAGE(.BOTH.,#18058);
#18058 = SURFACE_SIDE_STYLE('',(#18059));
#18059 = SURFACE_STYLE_FILL_AREA(#18060);
#18060 = FILL_AREA_STYLE('',(#18061));
#18061 = FILL_AREA_STYLE_COLOUR('',#17822);
#18062 = STYLED_ITEM('color',(#18063),#7436);
#18063 = PRESENTATION_STYLE_ASSIGNMENT((#18064));
#18064 = SURFACE_STYLE_USAGE(.BOTH.,#18065);
#18065 = SURFACE_SIDE_STYLE('',(#18066));
#18066 = SURFACE_STYLE_FILL_AREA(#18067);
#18067 = FILL_AREA_STYLE('',(#18068));
#18068 = FILL_AREA_STYLE_COLOUR('',#17822);
#18069 = STYLED_ITEM('color',(#18070),#7453);
#18070 = PRESENTATION_STYLE_ASSIGNMENT((#18071));
#18071 = SURFACE_STYLE_USAGE(.BOTH.,#18072);
#18072 = SURFACE_SIDE_STYLE('',(#18073));
#18073 = SURFACE_STYLE_FILL_AREA(#18074);
#18074 = FILL_AREA_STYLE('',(#18075));
#18075 = FILL_AREA_STYLE_COLOUR('',#17822);
#18076 = STYLED_ITEM('color',(#18077),#7470);
#18077 = PRESENTATION_STYLE_ASSIGNMENT((#18078));
#18078 = SURFACE_STYLE_USAGE(.BOTH.,#18079);
#18079 = SURFACE_SIDE_STYLE('',(#18080));
#18080 = SURFACE_STYLE_FILL_AREA(#18081);
#18081 = FILL_AREA_STYLE('',(#18082));
#18082 = FILL_AREA_STYLE_COLOUR('',#17822);
#18083 = STYLED_ITEM('color',(#18084),#7482);
#18084 = PRESENTATION_STYLE_ASSIGNMENT((#18085));
#18085 = SURFACE_STYLE_USAGE(.BOTH.,#18086);
#18086 = SURFACE_SIDE_STYLE('',(#18087));
#18087 = SURFACE_STYLE_FILL_AREA(#18088);
#18088 = FILL_AREA_STYLE('',(#18089));
#18089 = FILL_AREA_STYLE_COLOUR('',#17822);
#18090 = STYLED_ITEM('color',(#18091),#7499);
#18091 = PRESENTATION_STYLE_ASSIGNMENT((#18092));
#18092 = SURFACE_STYLE_USAGE(.BOTH.,#18093);
#18093 = SURFACE_SIDE_STYLE('',(#18094));
#18094 = SURFACE_STYLE_FILL_AREA(#18095);
#18095 = FILL_AREA_STYLE('',(#18096));
#18096 = FILL_AREA_STYLE_COLOUR('',#17949);
#18097 = STYLED_ITEM('color',(#18098),#7546);
#18098 = PRESENTATION_STYLE_ASSIGNMENT((#18099));
#18099 = SURFACE_STYLE_USAGE(.BOTH.,#18100);
#18100 = SURFACE_SIDE_STYLE('',(#18101));
#18101 = SURFACE_STYLE_FILL_AREA(#18102);
#18102 = FILL_AREA_STYLE('',(#18103));
#18103 = FILL_AREA_STYLE_COLOUR('',#17949);
#18104 = STYLED_ITEM('color',(#18105),#7577);
#18105 = PRESENTATION_STYLE_ASSIGNMENT((#18106));
#18106 = SURFACE_STYLE_USAGE(.BOTH.,#18107);
#18107 = SURFACE_SIDE_STYLE('',(#18108));
#18108 = SURFACE_STYLE_FILL_AREA(#18109);
#18109 = FILL_AREA_STYLE('',(#18110));
#18110 = FILL_AREA_STYLE_COLOUR('',#17949);
#18111 = STYLED_ITEM('color',(#18112),#7589);
#18112 = PRESENTATION_STYLE_ASSIGNMENT((#18113));
#18113 = SURFACE_STYLE_USAGE(.BOTH.,#18114);
#18114 = SURFACE_SIDE_STYLE('',(#18115));
#18115 = SURFACE_STYLE_FILL_AREA(#18116);
#18116 = FILL_AREA_STYLE('',(#18117));
#18117 = FILL_AREA_STYLE_COLOUR('',#17949);
#18118 = STYLED_ITEM('color',(#18119),#7606);
#18119 = PRESENTATION_STYLE_ASSIGNMENT((#18120));
#18120 = SURFACE_STYLE_USAGE(.BOTH.,#18121);
#18121 = SURFACE_SIDE_STYLE('',(#18122));
#18122 = SURFACE_STYLE_FILL_AREA(#18123);
#18123 = FILL_AREA_STYLE('',(#18124));
#18124 = FILL_AREA_STYLE_COLOUR('',#17949);
#18125 = STYLED_ITEM('color',(#18126),#7632);
#18126 = PRESENTATION_STYLE_ASSIGNMENT((#18127));
#18127 = SURFACE_STYLE_USAGE(.BOTH.,#18128);
#18128 = SURFACE_SIDE_STYLE('',(#18129));
#18129 = SURFACE_STYLE_FILL_AREA(#18130);
#18130 = FILL_AREA_STYLE('',(#18131));
#18131 = FILL_AREA_STYLE_COLOUR('',#17949);
#18132 = STYLED_ITEM('color',(#18133),#7665);
#18133 = PRESENTATION_STYLE_ASSIGNMENT((#18134));
#18134 = SURFACE_STYLE_USAGE(.BOTH.,#18135);
#18135 = SURFACE_SIDE_STYLE('',(#18136));
#18136 = SURFACE_STYLE_FILL_AREA(#18137);
#18137 = FILL_AREA_STYLE('',(#18138));
#18138 = FILL_AREA_STYLE_COLOUR('',#17949);
#18139 = STYLED_ITEM('color',(#18140),#7712);
#18140 = PRESENTATION_STYLE_ASSIGNMENT((#18141));
#18141 = SURFACE_STYLE_USAGE(.BOTH.,#18142);
#18142 = SURFACE_SIDE_STYLE('',(#18143));
#18143 = SURFACE_STYLE_FILL_AREA(#18144);
#18144 = FILL_AREA_STYLE('',(#18145));
#18145 = FILL_AREA_STYLE_COLOUR('',#17949);
#18146 = STYLED_ITEM('color',(#18147),#7743);
#18147 = PRESENTATION_STYLE_ASSIGNMENT((#18148));
#18148 = SURFACE_STYLE_USAGE(.BOTH.,#18149);
#18149 = SURFACE_SIDE_STYLE('',(#18150));
#18150 = SURFACE_STYLE_FILL_AREA(#18151);
#18151 = FILL_AREA_STYLE('',(#18152));
#18152 = FILL_AREA_STYLE_COLOUR('',#17949);
#18153 = STYLED_ITEM('color',(#18154),#7755);
#18154 = PRESENTATION_STYLE_ASSIGNMENT((#18155));
#18155 = SURFACE_STYLE_USAGE(.BOTH.,#18156);
#18156 = SURFACE_SIDE_STYLE('',(#18157));
#18157 = SURFACE_STYLE_FILL_AREA(#18158);
#18158 = FILL_AREA_STYLE('',(#18159));
#18159 = FILL_AREA_STYLE_COLOUR('',#17949);
#18160 = STYLED_ITEM('color',(#18161),#7772);
#18161 = PRESENTATION_STYLE_ASSIGNMENT((#18162));
#18162 = SURFACE_STYLE_USAGE(.BOTH.,#18163);
#18163 = SURFACE_SIDE_STYLE('',(#18164));
#18164 = SURFACE_STYLE_FILL_AREA(#18165);
#18165 = FILL_AREA_STYLE('',(#18166));
#18166 = FILL_AREA_STYLE_COLOUR('',#17949);
#18167 = STYLED_ITEM('color',(#18168),#7798);
#18168 = PRESENTATION_STYLE_ASSIGNMENT((#18169));
#18169 = SURFACE_STYLE_USAGE(.BOTH.,#18170);
#18170 = SURFACE_SIDE_STYLE('',(#18171));
#18171 = SURFACE_STYLE_FILL_AREA(#18172);
#18172 = FILL_AREA_STYLE('',(#18173));
#18173 = FILL_AREA_STYLE_COLOUR('',#17949);
#18174 = STYLED_ITEM('color',(#18175),#7831);
#18175 = PRESENTATION_STYLE_ASSIGNMENT((#18176));
#18176 = SURFACE_STYLE_USAGE(.BOTH.,#18177);
#18177 = SURFACE_SIDE_STYLE('',(#18178));
#18178 = SURFACE_STYLE_FILL_AREA(#18179);
#18179 = FILL_AREA_STYLE('',(#18180));
#18180 = FILL_AREA_STYLE_COLOUR('',#17822);
#18181 = STYLED_ITEM('color',(#18182),#7848);
#18182 = PRESENTATION_STYLE_ASSIGNMENT((#18183));
#18183 = SURFACE_STYLE_USAGE(.BOTH.,#18184);
#18184 = SURFACE_SIDE_STYLE('',(#18185));
#18185 = SURFACE_STYLE_FILL_AREA(#18186);
#18186 = FILL_AREA_STYLE('',(#18187));
#18187 = FILL_AREA_STYLE_COLOUR('',#17822);
#18188 = STYLED_ITEM('color',(#18189),#7865);
#18189 = PRESENTATION_STYLE_ASSIGNMENT((#18190));
#18190 = SURFACE_STYLE_USAGE(.BOTH.,#18191);
#18191 = SURFACE_SIDE_STYLE('',(#18192));
#18192 = SURFACE_STYLE_FILL_AREA(#18193);
#18193 = FILL_AREA_STYLE('',(#18194));
#18194 = FILL_AREA_STYLE_COLOUR('',#17822);
#18195 = STYLED_ITEM('color',(#18196),#7882);
#18196 = PRESENTATION_STYLE_ASSIGNMENT((#18197));
#18197 = SURFACE_STYLE_USAGE(.BOTH.,#18198);
#18198 = SURFACE_SIDE_STYLE('',(#18199));
#18199 = SURFACE_STYLE_FILL_AREA(#18200);
#18200 = FILL_AREA_STYLE('',(#18201));
#18201 = FILL_AREA_STYLE_COLOUR('',#17822);
#18202 = STYLED_ITEM('color',(#18203),#7899);
#18203 = PRESENTATION_STYLE_ASSIGNMENT((#18204));
#18204 = SURFACE_STYLE_USAGE(.BOTH.,#18205);
#18205 = SURFACE_SIDE_STYLE('',(#18206));
#18206 = SURFACE_STYLE_FILL_AREA(#18207);
#18207 = FILL_AREA_STYLE('',(#18208));
#18208 = FILL_AREA_STYLE_COLOUR('',#17822);
#18209 = STYLED_ITEM('color',(#18210),#7916);
#18210 = PRESENTATION_STYLE_ASSIGNMENT((#18211));
#18211 = SURFACE_STYLE_USAGE(.BOTH.,#18212);
#18212 = SURFACE_SIDE_STYLE('',(#18213));
#18213 = SURFACE_STYLE_FILL_AREA(#18214);
#18214 = FILL_AREA_STYLE('',(#18215));
#18215 = FILL_AREA_STYLE_COLOUR('',#17822);
#18216 = STYLED_ITEM('color',(#18217),#7933);
#18217 = PRESENTATION_STYLE_ASSIGNMENT((#18218));
#18218 = SURFACE_STYLE_USAGE(.BOTH.,#18219);
#18219 = SURFACE_SIDE_STYLE('',(#18220));
#18220 = SURFACE_STYLE_FILL_AREA(#18221);
#18221 = FILL_AREA_STYLE('',(#18222));
#18222 = FILL_AREA_STYLE_COLOUR('',#17822);
#18223 = STYLED_ITEM('color',(#18224),#7945);
#18224 = PRESENTATION_STYLE_ASSIGNMENT((#18225));
#18225 = SURFACE_STYLE_USAGE(.BOTH.,#18226);
#18226 = SURFACE_SIDE_STYLE('',(#18227));
#18227 = SURFACE_STYLE_FILL_AREA(#18228);
#18228 = FILL_AREA_STYLE('',(#18229));
#18229 = FILL_AREA_STYLE_COLOUR('',#17949);
#18230 = STYLED_ITEM('color',(#18231),#7976);
#18231 = PRESENTATION_STYLE_ASSIGNMENT((#18232));
#18232 = SURFACE_STYLE_USAGE(.BOTH.,#18233);
#18233 = SURFACE_SIDE_STYLE('',(#18234));
#18234 = SURFACE_STYLE_FILL_AREA(#18235);
#18235 = FILL_AREA_STYLE('',(#18236));
#18236 = FILL_AREA_STYLE_COLOUR('',#17949);
#18237 = STYLED_ITEM('color',(#18238),#8000);
#18238 = PRESENTATION_STYLE_ASSIGNMENT((#18239));
#18239 = SURFACE_STYLE_USAGE(.BOTH.,#18240);
#18240 = SURFACE_SIDE_STYLE('',(#18241));
#18241 = SURFACE_STYLE_FILL_AREA(#18242);
#18242 = FILL_AREA_STYLE('',(#18243));
#18243 = FILL_AREA_STYLE_COLOUR('',#17949);
#18244 = STYLED_ITEM('color',(#18245),#8024);
#18245 = PRESENTATION_STYLE_ASSIGNMENT((#18246));
#18246 = SURFACE_STYLE_USAGE(.BOTH.,#18247);
#18247 = SURFACE_SIDE_STYLE('',(#18248));
#18248 = SURFACE_STYLE_FILL_AREA(#18249);
#18249 = FILL_AREA_STYLE('',(#18250));
#18250 = FILL_AREA_STYLE_COLOUR('',#17949);
#18251 = STYLED_ITEM('color',(#18252),#8041);
#18252 = PRESENTATION_STYLE_ASSIGNMENT((#18253));
#18253 = SURFACE_STYLE_USAGE(.BOTH.,#18254);
#18254 = SURFACE_SIDE_STYLE('',(#18255));
#18255 = SURFACE_STYLE_FILL_AREA(#18256);
#18256 = FILL_AREA_STYLE('',(#18257));
#18257 = FILL_AREA_STYLE_COLOUR('',#17949);
#18258 = STYLED_ITEM('color',(#18259),#8072);
#18259 = PRESENTATION_STYLE_ASSIGNMENT((#18260));
#18260 = SURFACE_STYLE_USAGE(.BOTH.,#18261);
#18261 = SURFACE_SIDE_STYLE('',(#18262));
#18262 = SURFACE_STYLE_FILL_AREA(#18263);
#18263 = FILL_AREA_STYLE('',(#18264));
#18264 = FILL_AREA_STYLE_COLOUR('',#17949);
#18265 = STYLED_ITEM('color',(#18266),#8096);
#18266 = PRESENTATION_STYLE_ASSIGNMENT((#18267));
#18267 = SURFACE_STYLE_USAGE(.BOTH.,#18268);
#18268 = SURFACE_SIDE_STYLE('',(#18269));
#18269 = SURFACE_STYLE_FILL_AREA(#18270);
#18270 = FILL_AREA_STYLE('',(#18271));
#18271 = FILL_AREA_STYLE_COLOUR('',#17949);
#18272 = STYLED_ITEM('color',(#18273),#8120);
#18273 = PRESENTATION_STYLE_ASSIGNMENT((#18274));
#18274 = SURFACE_STYLE_USAGE(.BOTH.,#18275);
#18275 = SURFACE_SIDE_STYLE('',(#18276));
#18276 = SURFACE_STYLE_FILL_AREA(#18277);
#18277 = FILL_AREA_STYLE('',(#18278));
#18278 = FILL_AREA_STYLE_COLOUR('',#17949);
#18279 = STYLED_ITEM('color',(#18280),#8137);
#18280 = PRESENTATION_STYLE_ASSIGNMENT((#18281));
#18281 = SURFACE_STYLE_USAGE(.BOTH.,#18282);
#18282 = SURFACE_SIDE_STYLE('',(#18283));
#18283 = SURFACE_STYLE_FILL_AREA(#18284);
#18284 = FILL_AREA_STYLE('',(#18285));
#18285 = FILL_AREA_STYLE_COLOUR('',#17949);
#18286 = STYLED_ITEM('color',(#18287),#8154);
#18287 = PRESENTATION_STYLE_ASSIGNMENT((#18288));
#18288 = SURFACE_STYLE_USAGE(.BOTH.,#18289);
#18289 = SURFACE_SIDE_STYLE('',(#18290));
#18290 = SURFACE_STYLE_FILL_AREA(#18291);
#18291 = FILL_AREA_STYLE('',(#18292));
#18292 = FILL_AREA_STYLE_COLOUR('',#17949);
#18293 = STYLED_ITEM('color',(#18294),#8171);
#18294 = PRESENTATION_STYLE_ASSIGNMENT((#18295));
#18295 = SURFACE_STYLE_USAGE(.BOTH.,#18296);
#18296 = SURFACE_SIDE_STYLE('',(#18297));
#18297 = SURFACE_STYLE_FILL_AREA(#18298);
#18298 = FILL_AREA_STYLE('',(#18299));
#18299 = FILL_AREA_STYLE_COLOUR('',#17949);
#18300 = STYLED_ITEM('color',(#18301),#8183);
#18301 = PRESENTATION_STYLE_ASSIGNMENT((#18302));
#18302 = SURFACE_STYLE_USAGE(.BOTH.,#18303);
#18303 = SURFACE_SIDE_STYLE('',(#18304));
#18304 = SURFACE_STYLE_FILL_AREA(#18305);
#18305 = FILL_AREA_STYLE('',(#18306));
#18306 = FILL_AREA_STYLE_COLOUR('',#17949);
#18307 = STYLED_ITEM('color',(#18308),#8200);
#18308 = PRESENTATION_STYLE_ASSIGNMENT((#18309));
#18309 = SURFACE_STYLE_USAGE(.BOTH.,#18310);
#18310 = SURFACE_SIDE_STYLE('',(#18311));
#18311 = SURFACE_STYLE_FILL_AREA(#18312);
#18312 = FILL_AREA_STYLE('',(#18313));
#18313 = FILL_AREA_STYLE_COLOUR('',#17949);
#18314 = STYLED_ITEM('color',(#18315),#8217);
#18315 = PRESENTATION_STYLE_ASSIGNMENT((#18316));
#18316 = SURFACE_STYLE_USAGE(.BOTH.,#18317);
#18317 = SURFACE_SIDE_STYLE('',(#18318));
#18318 = SURFACE_STYLE_FILL_AREA(#18319);
#18319 = FILL_AREA_STYLE('',(#18320));
#18320 = FILL_AREA_STYLE_COLOUR('',#17949);
#18321 = STYLED_ITEM('color',(#18322),#8229);
#18322 = PRESENTATION_STYLE_ASSIGNMENT((#18323));
#18323 = SURFACE_STYLE_USAGE(.BOTH.,#18324);
#18324 = SURFACE_SIDE_STYLE('',(#18325));
#18325 = SURFACE_STYLE_FILL_AREA(#18326);
#18326 = FILL_AREA_STYLE('',(#18327));
#18327 = FILL_AREA_STYLE_COLOUR('',#17949);
#18328 = STYLED_ITEM('color',(#18329),#8260);
#18329 = PRESENTATION_STYLE_ASSIGNMENT((#18330));
#18330 = SURFACE_STYLE_USAGE(.BOTH.,#18331);
#18331 = SURFACE_SIDE_STYLE('',(#18332));
#18332 = SURFACE_STYLE_FILL_AREA(#18333);
#18333 = FILL_AREA_STYLE('',(#18334));
#18334 = FILL_AREA_STYLE_COLOUR('',#17949);
#18335 = STYLED_ITEM('color',(#18336),#8284);
#18336 = PRESENTATION_STYLE_ASSIGNMENT((#18337));
#18337 = SURFACE_STYLE_USAGE(.BOTH.,#18338);
#18338 = SURFACE_SIDE_STYLE('',(#18339));
#18339 = SURFACE_STYLE_FILL_AREA(#18340);
#18340 = FILL_AREA_STYLE('',(#18341));
#18341 = FILL_AREA_STYLE_COLOUR('',#17949);
#18342 = STYLED_ITEM('color',(#18343),#8308);
#18343 = PRESENTATION_STYLE_ASSIGNMENT((#18344));
#18344 = SURFACE_STYLE_USAGE(.BOTH.,#18345);
#18345 = SURFACE_SIDE_STYLE('',(#18346));
#18346 = SURFACE_STYLE_FILL_AREA(#18347);
#18347 = FILL_AREA_STYLE('',(#18348));
#18348 = FILL_AREA_STYLE_COLOUR('',#17949);
#18349 = STYLED_ITEM('color',(#18350),#8325);
#18350 = PRESENTATION_STYLE_ASSIGNMENT((#18351));
#18351 = SURFACE_STYLE_USAGE(.BOTH.,#18352);
#18352 = SURFACE_SIDE_STYLE('',(#18353));
#18353 = SURFACE_STYLE_FILL_AREA(#18354);
#18354 = FILL_AREA_STYLE('',(#18355));
#18355 = FILL_AREA_STYLE_COLOUR('',#17949);
#18356 = STYLED_ITEM('color',(#18357),#8356);
#18357 = PRESENTATION_STYLE_ASSIGNMENT((#18358));
#18358 = SURFACE_STYLE_USAGE(.BOTH.,#18359);
#18359 = SURFACE_SIDE_STYLE('',(#18360));
#18360 = SURFACE_STYLE_FILL_AREA(#18361);
#18361 = FILL_AREA_STYLE('',(#18362));
#18362 = FILL_AREA_STYLE_COLOUR('',#17949);
#18363 = STYLED_ITEM('color',(#18364),#8380);
#18364 = PRESENTATION_STYLE_ASSIGNMENT((#18365));
#18365 = SURFACE_STYLE_USAGE(.BOTH.,#18366);
#18366 = SURFACE_SIDE_STYLE('',(#18367));
#18367 = SURFACE_STYLE_FILL_AREA(#18368);
#18368 = FILL_AREA_STYLE('',(#18369));
#18369 = FILL_AREA_STYLE_COLOUR('',#17949);
#18370 = STYLED_ITEM('color',(#18371),#8404);
#18371 = PRESENTATION_STYLE_ASSIGNMENT((#18372));
#18372 = SURFACE_STYLE_USAGE(.BOTH.,#18373);
#18373 = SURFACE_SIDE_STYLE('',(#18374));
#18374 = SURFACE_STYLE_FILL_AREA(#18375);
#18375 = FILL_AREA_STYLE('',(#18376));
#18376 = FILL_AREA_STYLE_COLOUR('',#17949);
#18377 = STYLED_ITEM('color',(#18378),#8421);
#18378 = PRESENTATION_STYLE_ASSIGNMENT((#18379));
#18379 = SURFACE_STYLE_USAGE(.BOTH.,#18380);
#18380 = SURFACE_SIDE_STYLE('',(#18381));
#18381 = SURFACE_STYLE_FILL_AREA(#18382);
#18382 = FILL_AREA_STYLE('',(#18383));
#18383 = FILL_AREA_STYLE_COLOUR('',#17949);
#18384 = STYLED_ITEM('color',(#18385),#8433);
#18385 = PRESENTATION_STYLE_ASSIGNMENT((#18386));
#18386 = SURFACE_STYLE_USAGE(.BOTH.,#18387);
#18387 = SURFACE_SIDE_STYLE('',(#18388));
#18388 = SURFACE_STYLE_FILL_AREA(#18389);
#18389 = FILL_AREA_STYLE('',(#18390));
#18390 = FILL_AREA_STYLE_COLOUR('',#17949);
#18391 = MECHANICAL_DESIGN_GEOMETRIC_PRESENTATION_REPRESENTATION('',(
    #18392,#18399,#18406,#18413,#18420,#18427,#18434,#18441,#18448,
    #18455,#18462,#18469,#18476,#18483,#18490,#18497,#18504,#18511,
    #18518,#18525,#18532,#18539,#18546,#18553,#18560,#18567,#18574,
    #18581,#18588,#18595,#18602,#18609,#18616,#18623,#18630,#18637,
    #18644,#18651,#18658,#18665,#18672,#18679,#18686,#18693,#18700,
    #18707,#18714,#18721,#18728,#18735,#18742,#18749,#18756,#18763,
    #18770,#18777,#18784,#18791,#18798,#18805,#18812,#18819,#18826,
    #18833,#18840,#18847,#18854,#18861,#18868,#18875,#18882,#18889,
    #18896,#18903,#18910,#18917,#18924,#18931,#18938,#18945,#18952,
    #18959,#18966,#18973,#18980,#18987,#18994,#19001,#19008,#19015,
    #19022,#19029,#19036),#11361);
#18392 = STYLED_ITEM('color',(#18393),#8471);
#18393 = PRESENTATION_STYLE_ASSIGNMENT((#18394));
#18394 = SURFACE_STYLE_USAGE(.BOTH.,#18395);
#18395 = SURFACE_SIDE_STYLE('',(#18396));
#18396 = SURFACE_STYLE_FILL_AREA(#18397);
#18397 = FILL_AREA_STYLE('',(#18398));
#18398 = FILL_AREA_STYLE_COLOUR('',#17822);
#18399 = STYLED_ITEM('color',(#18400),#8511);
#18400 = PRESENTATION_STYLE_ASSIGNMENT((#18401));
#18401 = SURFACE_STYLE_USAGE(.BOTH.,#18402);
#18402 = SURFACE_SIDE_STYLE('',(#18403));
#18403 = SURFACE_STYLE_FILL_AREA(#18404);
#18404 = FILL_AREA_STYLE('',(#18405));
#18405 = FILL_AREA_STYLE_COLOUR('',#17822);
#18406 = STYLED_ITEM('color',(#18407),#8575);
#18407 = PRESENTATION_STYLE_ASSIGNMENT((#18408));
#18408 = SURFACE_STYLE_USAGE(.BOTH.,#18409);
#18409 = SURFACE_SIDE_STYLE('',(#18410));
#18410 = SURFACE_STYLE_FILL_AREA(#18411);
#18411 = FILL_AREA_STYLE('',(#18412));
#18412 = FILL_AREA_STYLE_COLOUR('',#17822);
#18413 = STYLED_ITEM('color',(#18414),#8663);
#18414 = PRESENTATION_STYLE_ASSIGNMENT((#18415));
#18415 = SURFACE_STYLE_USAGE(.BOTH.,#18416);
#18416 = SURFACE_SIDE_STYLE('',(#18417));
#18417 = SURFACE_STYLE_FILL_AREA(#18418);
#18418 = FILL_AREA_STYLE('',(#18419));
#18419 = FILL_AREA_STYLE_COLOUR('',#17822);
#18420 = STYLED_ITEM('color',(#18421),#8703);
#18421 = PRESENTATION_STYLE_ASSIGNMENT((#18422));
#18422 = SURFACE_STYLE_USAGE(.BOTH.,#18423);
#18423 = SURFACE_SIDE_STYLE('',(#18424));
#18424 = SURFACE_STYLE_FILL_AREA(#18425);
#18425 = FILL_AREA_STYLE('',(#18426));
#18426 = FILL_AREA_STYLE_COLOUR('',#17822);
#18427 = STYLED_ITEM('color',(#18428),#8914);
#18428 = PRESENTATION_STYLE_ASSIGNMENT((#18429));
#18429 = SURFACE_STYLE_USAGE(.BOTH.,#18430);
#18430 = SURFACE_SIDE_STYLE('',(#18431));
#18431 = SURFACE_STYLE_FILL_AREA(#18432);
#18432 = FILL_AREA_STYLE('',(#18433));
#18433 = FILL_AREA_STYLE_COLOUR('',#17822);
#18434 = STYLED_ITEM('color',(#18435),#8954);
#18435 = PRESENTATION_STYLE_ASSIGNMENT((#18436));
#18436 = SURFACE_STYLE_USAGE(.BOTH.,#18437);
#18437 = SURFACE_SIDE_STYLE('',(#18438));
#18438 = SURFACE_STYLE_FILL_AREA(#18439);
#18439 = FILL_AREA_STYLE('',(#18440));
#18440 = FILL_AREA_STYLE_COLOUR('',#17822);
#18441 = STYLED_ITEM('color',(#18442),#8978);
#18442 = PRESENTATION_STYLE_ASSIGNMENT((#18443));
#18443 = SURFACE_STYLE_USAGE(.BOTH.,#18444);
#18444 = SURFACE_SIDE_STYLE('',(#18445));
#18445 = SURFACE_STYLE_FILL_AREA(#18446);
#18446 = FILL_AREA_STYLE('',(#18447));
#18447 = FILL_AREA_STYLE_COLOUR('',#17822);
#18448 = STYLED_ITEM('color',(#18449),#9003);
#18449 = PRESENTATION_STYLE_ASSIGNMENT((#18450));
#18450 = SURFACE_STYLE_USAGE(.BOTH.,#18451);
#18451 = SURFACE_SIDE_STYLE('',(#18452));
#18452 = SURFACE_STYLE_FILL_AREA(#18453);
#18453 = FILL_AREA_STYLE('',(#18454));
#18454 = FILL_AREA_STYLE_COLOUR('',#17822);
#18455 = STYLED_ITEM('color',(#18456),#9027);
#18456 = PRESENTATION_STYLE_ASSIGNMENT((#18457));
#18457 = SURFACE_STYLE_USAGE(.BOTH.,#18458);
#18458 = SURFACE_SIDE_STYLE('',(#18459));
#18459 = SURFACE_STYLE_FILL_AREA(#18460);
#18460 = FILL_AREA_STYLE('',(#18461));
#18461 = FILL_AREA_STYLE_COLOUR('',#17822);
#18462 = STYLED_ITEM('color',(#18463),#9076);
#18463 = PRESENTATION_STYLE_ASSIGNMENT((#18464));
#18464 = SURFACE_STYLE_USAGE(.BOTH.,#18465);
#18465 = SURFACE_SIDE_STYLE('',(#18466));
#18466 = SURFACE_STYLE_FILL_AREA(#18467);
#18467 = FILL_AREA_STYLE('',(#18468));
#18468 = FILL_AREA_STYLE_COLOUR('',#17822);
#18469 = STYLED_ITEM('color',(#18470),#9098);
#18470 = PRESENTATION_STYLE_ASSIGNMENT((#18471));
#18471 = SURFACE_STYLE_USAGE(.BOTH.,#18472);
#18472 = SURFACE_SIDE_STYLE('',(#18473));
#18473 = SURFACE_STYLE_FILL_AREA(#18474);
#18474 = FILL_AREA_STYLE('',(#18475));
#18475 = FILL_AREA_STYLE_COLOUR('',#17822);
#18476 = STYLED_ITEM('color',(#18477),#9131);
#18477 = PRESENTATION_STYLE_ASSIGNMENT((#18478));
#18478 = SURFACE_STYLE_USAGE(.BOTH.,#18479);
#18479 = SURFACE_SIDE_STYLE('',(#18480));
#18480 = SURFACE_STYLE_FILL_AREA(#18481);
#18481 = FILL_AREA_STYLE('',(#18482));
#18482 = FILL_AREA_STYLE_COLOUR('',#17822);
#18483 = STYLED_ITEM('color',(#18484),#9155);
#18484 = PRESENTATION_STYLE_ASSIGNMENT((#18485));
#18485 = SURFACE_STYLE_USAGE(.BOTH.,#18486);
#18486 = SURFACE_SIDE_STYLE('',(#18487));
#18487 = SURFACE_STYLE_FILL_AREA(#18488);
#18488 = FILL_AREA_STYLE('',(#18489));
#18489 = FILL_AREA_STYLE_COLOUR('',#17822);
#18490 = STYLED_ITEM('color',(#18491),#9186);
#18491 = PRESENTATION_STYLE_ASSIGNMENT((#18492));
#18492 = SURFACE_STYLE_USAGE(.BOTH.,#18493);
#18493 = SURFACE_SIDE_STYLE('',(#18494));
#18494 = SURFACE_STYLE_FILL_AREA(#18495);
#18495 = FILL_AREA_STYLE('',(#18496));
#18496 = FILL_AREA_STYLE_COLOUR('',#17822);
#18497 = STYLED_ITEM('color',(#18498),#9203);
#18498 = PRESENTATION_STYLE_ASSIGNMENT((#18499));
#18499 = SURFACE_STYLE_USAGE(.BOTH.,#18500);
#18500 = SURFACE_SIDE_STYLE('',(#18501));
#18501 = SURFACE_STYLE_FILL_AREA(#18502);
#18502 = FILL_AREA_STYLE('',(#18503));
#18503 = FILL_AREA_STYLE_COLOUR('',#17822);
#18504 = STYLED_ITEM('color',(#18505),#9236);
#18505 = PRESENTATION_STYLE_ASSIGNMENT((#18506));
#18506 = SURFACE_STYLE_USAGE(.BOTH.,#18507);
#18507 = SURFACE_SIDE_STYLE('',(#18508));
#18508 = SURFACE_STYLE_FILL_AREA(#18509);
#18509 = FILL_AREA_STYLE('',(#18510));
#18510 = FILL_AREA_STYLE_COLOUR('',#17822);
#18511 = STYLED_ITEM('color',(#18512),#9253);
#18512 = PRESENTATION_STYLE_ASSIGNMENT((#18513));
#18513 = SURFACE_STYLE_USAGE(.BOTH.,#18514);
#18514 = SURFACE_SIDE_STYLE('',(#18515));
#18515 = SURFACE_STYLE_FILL_AREA(#18516);
#18516 = FILL_AREA_STYLE('',(#18517));
#18517 = FILL_AREA_STYLE_COLOUR('',#17822);
#18518 = STYLED_ITEM('color',(#18519),#9296);
#18519 = PRESENTATION_STYLE_ASSIGNMENT((#18520));
#18520 = SURFACE_STYLE_USAGE(.BOTH.,#18521);
#18521 = SURFACE_SIDE_STYLE('',(#18522));
#18522 = SURFACE_STYLE_FILL_AREA(#18523);
#18523 = FILL_AREA_STYLE('',(#18524));
#18524 = FILL_AREA_STYLE_COLOUR('',#17822);
#18525 = STYLED_ITEM('color',(#18526),#9313);
#18526 = PRESENTATION_STYLE_ASSIGNMENT((#18527));
#18527 = SURFACE_STYLE_USAGE(.BOTH.,#18528);
#18528 = SURFACE_SIDE_STYLE('',(#18529));
#18529 = SURFACE_STYLE_FILL_AREA(#18530);
#18530 = FILL_AREA_STYLE('',(#18531));
#18531 = FILL_AREA_STYLE_COLOUR('',#17822);
#18532 = STYLED_ITEM('color',(#18533),#9359);
#18533 = PRESENTATION_STYLE_ASSIGNMENT((#18534));
#18534 = SURFACE_STYLE_USAGE(.BOTH.,#18535);
#18535 = SURFACE_SIDE_STYLE('',(#18536));
#18536 = SURFACE_STYLE_FILL_AREA(#18537);
#18537 = FILL_AREA_STYLE('',(#18538));
#18538 = FILL_AREA_STYLE_COLOUR('',#17822);
#18539 = STYLED_ITEM('color',(#18540),#9376);
#18540 = PRESENTATION_STYLE_ASSIGNMENT((#18541));
#18541 = SURFACE_STYLE_USAGE(.BOTH.,#18542);
#18542 = SURFACE_SIDE_STYLE('',(#18543));
#18543 = SURFACE_STYLE_FILL_AREA(#18544);
#18544 = FILL_AREA_STYLE('',(#18545));
#18545 = FILL_AREA_STYLE_COLOUR('',#17822);
#18546 = STYLED_ITEM('color',(#18547),#9439);
#18547 = PRESENTATION_STYLE_ASSIGNMENT((#18548));
#18548 = SURFACE_STYLE_USAGE(.BOTH.,#18549);
#18549 = SURFACE_SIDE_STYLE('',(#18550));
#18550 = SURFACE_STYLE_FILL_AREA(#18551);
#18551 = FILL_AREA_STYLE('',(#18552));
#18552 = FILL_AREA_STYLE_COLOUR('',#17822);
#18553 = STYLED_ITEM('color',(#18554),#9463);
#18554 = PRESENTATION_STYLE_ASSIGNMENT((#18555));
#18555 = SURFACE_STYLE_USAGE(.BOTH.,#18556);
#18556 = SURFACE_SIDE_STYLE('',(#18557));
#18557 = SURFACE_STYLE_FILL_AREA(#18558);
#18558 = FILL_AREA_STYLE('',(#18559));
#18559 = FILL_AREA_STYLE_COLOUR('',#17822);
#18560 = STYLED_ITEM('color',(#18561),#9510);
#18561 = PRESENTATION_STYLE_ASSIGNMENT((#18562));
#18562 = SURFACE_STYLE_USAGE(.BOTH.,#18563);
#18563 = SURFACE_SIDE_STYLE('',(#18564));
#18564 = SURFACE_STYLE_FILL_AREA(#18565);
#18565 = FILL_AREA_STYLE('',(#18566));
#18566 = FILL_AREA_STYLE_COLOUR('',#17822);
#18567 = STYLED_ITEM('color',(#18568),#9534);
#18568 = PRESENTATION_STYLE_ASSIGNMENT((#18569));
#18569 = SURFACE_STYLE_USAGE(.BOTH.,#18570);
#18570 = SURFACE_SIDE_STYLE('',(#18571));
#18571 = SURFACE_STYLE_FILL_AREA(#18572);
#18572 = FILL_AREA_STYLE('',(#18573));
#18573 = FILL_AREA_STYLE_COLOUR('',#17822);
#18574 = STYLED_ITEM('color',(#18575),#9558);
#18575 = PRESENTATION_STYLE_ASSIGNMENT((#18576));
#18576 = SURFACE_STYLE_USAGE(.BOTH.,#18577);
#18577 = SURFACE_SIDE_STYLE('',(#18578));
#18578 = SURFACE_STYLE_FILL_AREA(#18579);
#18579 = FILL_AREA_STYLE('',(#18580));
#18580 = FILL_AREA_STYLE_COLOUR('',#17822);
#18581 = STYLED_ITEM('color',(#18582),#9575);
#18582 = PRESENTATION_STYLE_ASSIGNMENT((#18583));
#18583 = SURFACE_STYLE_USAGE(.BOTH.,#18584);
#18584 = SURFACE_SIDE_STYLE('',(#18585));
#18585 = SURFACE_STYLE_FILL_AREA(#18586);
#18586 = FILL_AREA_STYLE('',(#18587));
#18587 = FILL_AREA_STYLE_COLOUR('',#17822);
#18588 = STYLED_ITEM('color',(#18589),#9592);
#18589 = PRESENTATION_STYLE_ASSIGNMENT((#18590));
#18590 = SURFACE_STYLE_USAGE(.BOTH.,#18591);
#18591 = SURFACE_SIDE_STYLE('',(#18592));
#18592 = SURFACE_STYLE_FILL_AREA(#18593);
#18593 = FILL_AREA_STYLE('',(#18594));
#18594 = FILL_AREA_STYLE_COLOUR('',#17822);
#18595 = STYLED_ITEM('color',(#18596),#9616);
#18596 = PRESENTATION_STYLE_ASSIGNMENT((#18597));
#18597 = SURFACE_STYLE_USAGE(.BOTH.,#18598);
#18598 = SURFACE_SIDE_STYLE('',(#18599));
#18599 = SURFACE_STYLE_FILL_AREA(#18600);
#18600 = FILL_AREA_STYLE('',(#18601));
#18601 = FILL_AREA_STYLE_COLOUR('',#17822);
#18602 = STYLED_ITEM('color',(#18603),#9640);
#18603 = PRESENTATION_STYLE_ASSIGNMENT((#18604));
#18604 = SURFACE_STYLE_USAGE(.BOTH.,#18605);
#18605 = SURFACE_SIDE_STYLE('',(#18606));
#18606 = SURFACE_STYLE_FILL_AREA(#18607);
#18607 = FILL_AREA_STYLE('',(#18608));
#18608 = FILL_AREA_STYLE_COLOUR('',#17822);
#18609 = STYLED_ITEM('color',(#18610),#9657);
#18610 = PRESENTATION_STYLE_ASSIGNMENT((#18611));
#18611 = SURFACE_STYLE_USAGE(.BOTH.,#18612);
#18612 = SURFACE_SIDE_STYLE('',(#18613));
#18613 = SURFACE_STYLE_FILL_AREA(#18614);
#18614 = FILL_AREA_STYLE('',(#18615));
#18615 = FILL_AREA_STYLE_COLOUR('',#17822);
#18616 = STYLED_ITEM('color',(#18617),#9688);
#18617 = PRESENTATION_STYLE_ASSIGNMENT((#18618));
#18618 = SURFACE_STYLE_USAGE(.BOTH.,#18619);
#18619 = SURFACE_SIDE_STYLE('',(#18620));
#18620 = SURFACE_STYLE_FILL_AREA(#18621);
#18621 = FILL_AREA_STYLE('',(#18622));
#18622 = FILL_AREA_STYLE_COLOUR('',#17822);
#18623 = STYLED_ITEM('color',(#18624),#9712);
#18624 = PRESENTATION_STYLE_ASSIGNMENT((#18625));
#18625 = SURFACE_STYLE_USAGE(.BOTH.,#18626);
#18626 = SURFACE_SIDE_STYLE('',(#18627));
#18627 = SURFACE_STYLE_FILL_AREA(#18628);
#18628 = FILL_AREA_STYLE('',(#18629));
#18629 = FILL_AREA_STYLE_COLOUR('',#17822);
#18630 = STYLED_ITEM('color',(#18631),#9736);
#18631 = PRESENTATION_STYLE_ASSIGNMENT((#18632));
#18632 = SURFACE_STYLE_USAGE(.BOTH.,#18633);
#18633 = SURFACE_SIDE_STYLE('',(#18634));
#18634 = SURFACE_STYLE_FILL_AREA(#18635);
#18635 = FILL_AREA_STYLE('',(#18636));
#18636 = FILL_AREA_STYLE_COLOUR('',#17822);
#18637 = STYLED_ITEM('color',(#18638),#9753);
#18638 = PRESENTATION_STYLE_ASSIGNMENT((#18639));
#18639 = SURFACE_STYLE_USAGE(.BOTH.,#18640);
#18640 = SURFACE_SIDE_STYLE('',(#18641));
#18641 = SURFACE_STYLE_FILL_AREA(#18642);
#18642 = FILL_AREA_STYLE('',(#18643));
#18643 = FILL_AREA_STYLE_COLOUR('',#17822);
#18644 = STYLED_ITEM('color',(#18645),#9788);
#18645 = PRESENTATION_STYLE_ASSIGNMENT((#18646));
#18646 = SURFACE_STYLE_USAGE(.BOTH.,#18647);
#18647 = SURFACE_SIDE_STYLE('',(#18648));
#18648 = SURFACE_STYLE_FILL_AREA(#18649);
#18649 = FILL_AREA_STYLE('',(#18650));
#18650 = FILL_AREA_STYLE_COLOUR('',#17822);
#18651 = STYLED_ITEM('color',(#18652),#9828);
#18652 = PRESENTATION_STYLE_ASSIGNMENT((#18653));
#18653 = SURFACE_STYLE_USAGE(.BOTH.,#18654);
#18654 = SURFACE_SIDE_STYLE('',(#18655));
#18655 = SURFACE_STYLE_FILL_AREA(#18656);
#18656 = FILL_AREA_STYLE('',(#18657));
#18657 = FILL_AREA_STYLE_COLOUR('',#17822);
#18658 = STYLED_ITEM('color',(#18659),#9852);
#18659 = PRESENTATION_STYLE_ASSIGNMENT((#18660));
#18660 = SURFACE_STYLE_USAGE(.BOTH.,#18661);
#18661 = SURFACE_SIDE_STYLE('',(#18662));
#18662 = SURFACE_STYLE_FILL_AREA(#18663);
#18663 = FILL_AREA_STYLE('',(#18664));
#18664 = FILL_AREA_STYLE_COLOUR('',#17822);
#18665 = STYLED_ITEM('color',(#18666),#9893);
#18666 = PRESENTATION_STYLE_ASSIGNMENT((#18667));
#18667 = SURFACE_STYLE_USAGE(.BOTH.,#18668);
#18668 = SURFACE_SIDE_STYLE('',(#18669));
#18669 = SURFACE_STYLE_FILL_AREA(#18670);
#18670 = FILL_AREA_STYLE('',(#18671));
#18671 = FILL_AREA_STYLE_COLOUR('',#17822);
#18672 = STYLED_ITEM('color',(#18673),#9942);
#18673 = PRESENTATION_STYLE_ASSIGNMENT((#18674));
#18674 = SURFACE_STYLE_USAGE(.BOTH.,#18675);
#18675 = SURFACE_SIDE_STYLE('',(#18676));
#18676 = SURFACE_STYLE_FILL_AREA(#18677);
#18677 = FILL_AREA_STYLE('',(#18678));
#18678 = FILL_AREA_STYLE_COLOUR('',#17822);
#18679 = STYLED_ITEM('color',(#18680),#9988);
#18680 = PRESENTATION_STYLE_ASSIGNMENT((#18681));
#18681 = SURFACE_STYLE_USAGE(.BOTH.,#18682);
#18682 = SURFACE_SIDE_STYLE('',(#18683));
#18683 = SURFACE_STYLE_FILL_AREA(#18684);
#18684 = FILL_AREA_STYLE('',(#18685));
#18685 = FILL_AREA_STYLE_COLOUR('',#17822);
#18686 = STYLED_ITEM('color',(#18687),#10005);
#18687 = PRESENTATION_STYLE_ASSIGNMENT((#18688));
#18688 = SURFACE_STYLE_USAGE(.BOTH.,#18689);
#18689 = SURFACE_SIDE_STYLE('',(#18690));
#18690 = SURFACE_STYLE_FILL_AREA(#18691);
#18691 = FILL_AREA_STYLE('',(#18692));
#18692 = FILL_AREA_STYLE_COLOUR('',#17822);
#18693 = STYLED_ITEM('color',(#18694),#10017);
#18694 = PRESENTATION_STYLE_ASSIGNMENT((#18695));
#18695 = SURFACE_STYLE_USAGE(.BOTH.,#18696);
#18696 = SURFACE_SIDE_STYLE('',(#18697));
#18697 = SURFACE_STYLE_FILL_AREA(#18698);
#18698 = FILL_AREA_STYLE('',(#18699));
#18699 = FILL_AREA_STYLE_COLOUR('',#17949);
#18700 = STYLED_ITEM('color',(#18701),#10048);
#18701 = PRESENTATION_STYLE_ASSIGNMENT((#18702));
#18702 = SURFACE_STYLE_USAGE(.BOTH.,#18703);
#18703 = SURFACE_SIDE_STYLE('',(#18704));
#18704 = SURFACE_STYLE_FILL_AREA(#18705);
#18705 = FILL_AREA_STYLE('',(#18706));
#18706 = FILL_AREA_STYLE_COLOUR('',#17949);
#18707 = STYLED_ITEM('color',(#18708),#10104);
#18708 = PRESENTATION_STYLE_ASSIGNMENT((#18709));
#18709 = SURFACE_STYLE_USAGE(.BOTH.,#18710);
#18710 = SURFACE_SIDE_STYLE('',(#18711));
#18711 = SURFACE_STYLE_FILL_AREA(#18712);
#18712 = FILL_AREA_STYLE('',(#18713));
#18713 = FILL_AREA_STYLE_COLOUR('',#17949);
#18714 = STYLED_ITEM('color',(#18715),#10128);
#18715 = PRESENTATION_STYLE_ASSIGNMENT((#18716));
#18716 = SURFACE_STYLE_USAGE(.BOTH.,#18717);
#18717 = SURFACE_SIDE_STYLE('',(#18718));
#18718 = SURFACE_STYLE_FILL_AREA(#18719);
#18719 = FILL_AREA_STYLE('',(#18720));
#18720 = FILL_AREA_STYLE_COLOUR('',#17949);
#18721 = STYLED_ITEM('color',(#18722),#10177);
#18722 = PRESENTATION_STYLE_ASSIGNMENT((#18723));
#18723 = SURFACE_STYLE_USAGE(.BOTH.,#18724);
#18724 = SURFACE_SIDE_STYLE('',(#18725));
#18725 = SURFACE_STYLE_FILL_AREA(#18726);
#18726 = FILL_AREA_STYLE('',(#18727));
#18727 = FILL_AREA_STYLE_COLOUR('',#17822);
#18728 = STYLED_ITEM('color',(#18729),#10189);
#18729 = PRESENTATION_STYLE_ASSIGNMENT((#18730));
#18730 = SURFACE_STYLE_USAGE(.BOTH.,#18731);
#18731 = SURFACE_SIDE_STYLE('',(#18732));
#18732 = SURFACE_STYLE_FILL_AREA(#18733);
#18733 = FILL_AREA_STYLE('',(#18734));
#18734 = FILL_AREA_STYLE_COLOUR('',#17822);
#18735 = STYLED_ITEM('color',(#18736),#10292);
#18736 = PRESENTATION_STYLE_ASSIGNMENT((#18737));
#18737 = SURFACE_STYLE_USAGE(.BOTH.,#18738);
#18738 = SURFACE_SIDE_STYLE('',(#18739));
#18739 = SURFACE_STYLE_FILL_AREA(#18740);
#18740 = FILL_AREA_STYLE('',(#18741));
#18741 = FILL_AREA_STYLE_COLOUR('',#17822);
#18742 = STYLED_ITEM('color',(#18743),#10316);
#18743 = PRESENTATION_STYLE_ASSIGNMENT((#18744));
#18744 = SURFACE_STYLE_USAGE(.BOTH.,#18745);
#18745 = SURFACE_SIDE_STYLE('',(#18746));
#18746 = SURFACE_STYLE_FILL_AREA(#18747);
#18747 = FILL_AREA_STYLE('',(#18748));
#18748 = FILL_AREA_STYLE_COLOUR('',#17822);
#18749 = STYLED_ITEM('color',(#18750),#10340);
#18750 = PRESENTATION_STYLE_ASSIGNMENT((#18751));
#18751 = SURFACE_STYLE_USAGE(.BOTH.,#18752);
#18752 = SURFACE_SIDE_STYLE('',(#18753));
#18753 = SURFACE_STYLE_FILL_AREA(#18754);
#18754 = FILL_AREA_STYLE('',(#18755));
#18755 = FILL_AREA_STYLE_COLOUR('',#17822);
#18756 = STYLED_ITEM('color',(#18757),#10357);
#18757 = PRESENTATION_STYLE_ASSIGNMENT((#18758));
#18758 = SURFACE_STYLE_USAGE(.BOTH.,#18759);
#18759 = SURFACE_SIDE_STYLE('',(#18760));
#18760 = SURFACE_STYLE_FILL_AREA(#18761);
#18761 = FILL_AREA_STYLE('',(#18762));
#18762 = FILL_AREA_STYLE_COLOUR('',#17949);
#18763 = STYLED_ITEM('color',(#18764),#10388);
#18764 = PRESENTATION_STYLE_ASSIGNMENT((#18765));
#18765 = SURFACE_STYLE_USAGE(.BOTH.,#18766);
#18766 = SURFACE_SIDE_STYLE('',(#18767));
#18767 = SURFACE_STYLE_FILL_AREA(#18768);
#18768 = FILL_AREA_STYLE('',(#18769));
#18769 = FILL_AREA_STYLE_COLOUR('',#17949);
#18770 = STYLED_ITEM('color',(#18771),#10444);
#18771 = PRESENTATION_STYLE_ASSIGNMENT((#18772));
#18772 = SURFACE_STYLE_USAGE(.BOTH.,#18773);
#18773 = SURFACE_SIDE_STYLE('',(#18774));
#18774 = SURFACE_STYLE_FILL_AREA(#18775);
#18775 = FILL_AREA_STYLE('',(#18776));
#18776 = FILL_AREA_STYLE_COLOUR('',#17949);
#18777 = STYLED_ITEM('color',(#18778),#10468);
#18778 = PRESENTATION_STYLE_ASSIGNMENT((#18779));
#18779 = SURFACE_STYLE_USAGE(.BOTH.,#18780);
#18780 = SURFACE_SIDE_STYLE('',(#18781));
#18781 = SURFACE_STYLE_FILL_AREA(#18782);
#18782 = FILL_AREA_STYLE('',(#18783));
#18783 = FILL_AREA_STYLE_COLOUR('',#17949);
#18784 = STYLED_ITEM('color',(#18785),#10517);
#18785 = PRESENTATION_STYLE_ASSIGNMENT((#18786));
#18786 = SURFACE_STYLE_USAGE(.BOTH.,#18787);
#18787 = SURFACE_SIDE_STYLE('',(#18788));
#18788 = SURFACE_STYLE_FILL_AREA(#18789);
#18789 = FILL_AREA_STYLE('',(#18790));
#18790 = FILL_AREA_STYLE_COLOUR('',#17949);
#18791 = STYLED_ITEM('color',(#18792),#10534);
#18792 = PRESENTATION_STYLE_ASSIGNMENT((#18793));
#18793 = SURFACE_STYLE_USAGE(.BOTH.,#18794);
#18794 = SURFACE_SIDE_STYLE('',(#18795));
#18795 = SURFACE_STYLE_FILL_AREA(#18796);
#18796 = FILL_AREA_STYLE('',(#18797));
#18797 = FILL_AREA_STYLE_COLOUR('',#17949);
#18798 = STYLED_ITEM('color',(#18799),#10581);
#18799 = PRESENTATION_STYLE_ASSIGNMENT((#18800));
#18800 = SURFACE_STYLE_USAGE(.BOTH.,#18801);
#18801 = SURFACE_SIDE_STYLE('',(#18802));
#18802 = SURFACE_STYLE_FILL_AREA(#18803);
#18803 = FILL_AREA_STYLE('',(#18804));
#18804 = FILL_AREA_STYLE_COLOUR('',#17949);
#18805 = STYLED_ITEM('color',(#18806),#10607);
#18806 = PRESENTATION_STYLE_ASSIGNMENT((#18807));
#18807 = SURFACE_STYLE_USAGE(.BOTH.,#18808);
#18808 = SURFACE_SIDE_STYLE('',(#18809));
#18809 = SURFACE_STYLE_FILL_AREA(#18810);
#18810 = FILL_AREA_STYLE('',(#18811));
#18811 = FILL_AREA_STYLE_COLOUR('',#17949);
#18812 = STYLED_ITEM('color',(#18813),#10624);
#18813 = PRESENTATION_STYLE_ASSIGNMENT((#18814));
#18814 = SURFACE_STYLE_USAGE(.BOTH.,#18815);
#18815 = SURFACE_SIDE_STYLE('',(#18816));
#18816 = SURFACE_STYLE_FILL_AREA(#18817);
#18817 = FILL_AREA_STYLE('',(#18818));
#18818 = FILL_AREA_STYLE_COLOUR('',#17949);
#18819 = STYLED_ITEM('color',(#18820),#10650);
#18820 = PRESENTATION_STYLE_ASSIGNMENT((#18821));
#18821 = SURFACE_STYLE_USAGE(.BOTH.,#18822);
#18822 = SURFACE_SIDE_STYLE('',(#18823));
#18823 = SURFACE_STYLE_FILL_AREA(#18824);
#18824 = FILL_AREA_STYLE('',(#18825));
#18825 = FILL_AREA_STYLE_COLOUR('',#17949);
#18826 = STYLED_ITEM('color',(#18827),#10683);
#18827 = PRESENTATION_STYLE_ASSIGNMENT((#18828));
#18828 = SURFACE_STYLE_USAGE(.BOTH.,#18829);
#18829 = SURFACE_SIDE_STYLE('',(#18830));
#18830 = SURFACE_STYLE_FILL_AREA(#18831);
#18831 = FILL_AREA_STYLE('',(#18832));
#18832 = FILL_AREA_STYLE_COLOUR('',#17822);
#18833 = STYLED_ITEM('color',(#18834),#10695);
#18834 = PRESENTATION_STYLE_ASSIGNMENT((#18835));
#18835 = SURFACE_STYLE_USAGE(.BOTH.,#18836);
#18836 = SURFACE_SIDE_STYLE('',(#18837));
#18837 = SURFACE_STYLE_FILL_AREA(#18838);
#18838 = FILL_AREA_STYLE('',(#18839));
#18839 = FILL_AREA_STYLE_COLOUR('',#17949);
#18840 = STYLED_ITEM('color',(#18841),#10726);
#18841 = PRESENTATION_STYLE_ASSIGNMENT((#18842));
#18842 = SURFACE_STYLE_USAGE(.BOTH.,#18843);
#18843 = SURFACE_SIDE_STYLE('',(#18844));
#18844 = SURFACE_STYLE_FILL_AREA(#18845);
#18845 = FILL_AREA_STYLE('',(#18846));
#18846 = FILL_AREA_STYLE_COLOUR('',#17949);
#18847 = STYLED_ITEM('color',(#18848),#10750);
#18848 = PRESENTATION_STYLE_ASSIGNMENT((#18849));
#18849 = SURFACE_STYLE_USAGE(.BOTH.,#18850);
#18850 = SURFACE_SIDE_STYLE('',(#18851));
#18851 = SURFACE_STYLE_FILL_AREA(#18852);
#18852 = FILL_AREA_STYLE('',(#18853));
#18853 = FILL_AREA_STYLE_COLOUR('',#17949);
#18854 = STYLED_ITEM('color',(#18855),#10774);
#18855 = PRESENTATION_STYLE_ASSIGNMENT((#18856));
#18856 = SURFACE_STYLE_USAGE(.BOTH.,#18857);
#18857 = SURFACE_SIDE_STYLE('',(#18858));
#18858 = SURFACE_STYLE_FILL_AREA(#18859);
#18859 = FILL_AREA_STYLE('',(#18860));
#18860 = FILL_AREA_STYLE_COLOUR('',#17949);
#18861 = STYLED_ITEM('color',(#18862),#10791);
#18862 = PRESENTATION_STYLE_ASSIGNMENT((#18863));
#18863 = SURFACE_STYLE_USAGE(.BOTH.,#18864);
#18864 = SURFACE_SIDE_STYLE('',(#18865));
#18865 = SURFACE_STYLE_FILL_AREA(#18866);
#18866 = FILL_AREA_STYLE('',(#18867));
#18867 = FILL_AREA_STYLE_COLOUR('',#17949);
#18868 = STYLED_ITEM('color',(#18869),#10822);
#18869 = PRESENTATION_STYLE_ASSIGNMENT((#18870));
#18870 = SURFACE_STYLE_USAGE(.BOTH.,#18871);
#18871 = SURFACE_SIDE_STYLE('',(#18872));
#18872 = SURFACE_STYLE_FILL_AREA(#18873);
#18873 = FILL_AREA_STYLE('',(#18874));
#18874 = FILL_AREA_STYLE_COLOUR('',#17949);
#18875 = STYLED_ITEM('color',(#18876),#10846);
#18876 = PRESENTATION_STYLE_ASSIGNMENT((#18877));
#18877 = SURFACE_STYLE_USAGE(.BOTH.,#18878);
#18878 = SURFACE_SIDE_STYLE('',(#18879));
#18879 = SURFACE_STYLE_FILL_AREA(#18880);
#18880 = FILL_AREA_STYLE('',(#18881));
#18881 = FILL_AREA_STYLE_COLOUR('',#17949);
#18882 = STYLED_ITEM('color',(#18883),#10870);
#18883 = PRESENTATION_STYLE_ASSIGNMENT((#18884));
#18884 = SURFACE_STYLE_USAGE(.BOTH.,#18885);
#18885 = SURFACE_SIDE_STYLE('',(#18886));
#18886 = SURFACE_STYLE_FILL_AREA(#18887);
#18887 = FILL_AREA_STYLE('',(#18888));
#18888 = FILL_AREA_STYLE_COLOUR('',#17949);
#18889 = STYLED_ITEM('color',(#18890),#10887);
#18890 = PRESENTATION_STYLE_ASSIGNMENT((#18891));
#18891 = SURFACE_STYLE_USAGE(.BOTH.,#18892);
#18892 = SURFACE_SIDE_STYLE('',(#18893));
#18893 = SURFACE_STYLE_FILL_AREA(#18894);
#18894 = FILL_AREA_STYLE('',(#18895));
#18895 = FILL_AREA_STYLE_COLOUR('',#17949);
#18896 = STYLED_ITEM('color',(#18897),#10904);
#18897 = PRESENTATION_STYLE_ASSIGNMENT((#18898));
#18898 = SURFACE_STYLE_USAGE(.BOTH.,#18899);
#18899 = SURFACE_SIDE_STYLE('',(#18900));
#18900 = SURFACE_STYLE_FILL_AREA(#18901);
#18901 = FILL_AREA_STYLE('',(#18902));
#18902 = FILL_AREA_STYLE_COLOUR('',#17949);
#18903 = STYLED_ITEM('color',(#18904),#10951);
#18904 = PRESENTATION_STYLE_ASSIGNMENT((#18905));
#18905 = SURFACE_STYLE_USAGE(.BOTH.,#18906);
#18906 = SURFACE_SIDE_STYLE('',(#18907));
#18907 = SURFACE_STYLE_FILL_AREA(#18908);
#18908 = FILL_AREA_STYLE('',(#18909));
#18909 = FILL_AREA_STYLE_COLOUR('',#17949);
#18910 = STYLED_ITEM('color',(#18911),#10977);
#18911 = PRESENTATION_STYLE_ASSIGNMENT((#18912));
#18912 = SURFACE_STYLE_USAGE(.BOTH.,#18913);
#18913 = SURFACE_SIDE_STYLE('',(#18914));
#18914 = SURFACE_STYLE_FILL_AREA(#18915);
#18915 = FILL_AREA_STYLE('',(#18916));
#18916 = FILL_AREA_STYLE_COLOUR('',#17949);
#18917 = STYLED_ITEM('color',(#18918),#10994);
#18918 = PRESENTATION_STYLE_ASSIGNMENT((#18919));
#18919 = SURFACE_STYLE_USAGE(.BOTH.,#18920);
#18920 = SURFACE_SIDE_STYLE('',(#18921));
#18921 = SURFACE_STYLE_FILL_AREA(#18922);
#18922 = FILL_AREA_STYLE('',(#18923));
#18923 = FILL_AREA_STYLE_COLOUR('',#17949);
#18924 = STYLED_ITEM('color',(#18925),#11020);
#18925 = PRESENTATION_STYLE_ASSIGNMENT((#18926));
#18926 = SURFACE_STYLE_USAGE(.BOTH.,#18927);
#18927 = SURFACE_SIDE_STYLE('',(#18928));
#18928 = SURFACE_STYLE_FILL_AREA(#18929);
#18929 = FILL_AREA_STYLE('',(#18930));
#18930 = FILL_AREA_STYLE_COLOUR('',#17949);
#18931 = STYLED_ITEM('color',(#18932),#11053);
#18932 = PRESENTATION_STYLE_ASSIGNMENT((#18933));
#18933 = SURFACE_STYLE_USAGE(.BOTH.,#18934);
#18934 = SURFACE_SIDE_STYLE('',(#18935));
#18935 = SURFACE_STYLE_FILL_AREA(#18936);
#18936 = FILL_AREA_STYLE('',(#18937));
#18937 = FILL_AREA_STYLE_COLOUR('',#17949);
#18938 = STYLED_ITEM('color',(#18939),#11070);
#18939 = PRESENTATION_STYLE_ASSIGNMENT((#18940));
#18940 = SURFACE_STYLE_USAGE(.BOTH.,#18941);
#18941 = SURFACE_SIDE_STYLE('',(#18942));
#18942 = SURFACE_STYLE_FILL_AREA(#18943);
#18943 = FILL_AREA_STYLE('',(#18944));
#18944 = FILL_AREA_STYLE_COLOUR('',#17949);
#18945 = STYLED_ITEM('color',(#18946),#11087);
#18946 = PRESENTATION_STYLE_ASSIGNMENT((#18947));
#18947 = SURFACE_STYLE_USAGE(.BOTH.,#18948);
#18948 = SURFACE_SIDE_STYLE('',(#18949));
#18949 = SURFACE_STYLE_FILL_AREA(#18950);
#18950 = FILL_AREA_STYLE('',(#18951));
#18951 = FILL_AREA_STYLE_COLOUR('',#17949);
#18952 = STYLED_ITEM('color',(#18953),#11099);
#18953 = PRESENTATION_STYLE_ASSIGNMENT((#18954));
#18954 = SURFACE_STYLE_USAGE(.BOTH.,#18955);
#18955 = SURFACE_SIDE_STYLE('',(#18956));
#18956 = SURFACE_STYLE_FILL_AREA(#18957);
#18957 = FILL_AREA_STYLE('',(#18958));
#18958 = FILL_AREA_STYLE_COLOUR('',#17949);
#18959 = STYLED_ITEM('color',(#18960),#11130);
#18960 = PRESENTATION_STYLE_ASSIGNMENT((#18961));
#18961 = SURFACE_STYLE_USAGE(.BOTH.,#18962);
#18962 = SURFACE_SIDE_STYLE('',(#18963));
#18963 = SURFACE_STYLE_FILL_AREA(#18964);
#18964 = FILL_AREA_STYLE('',(#18965));
#18965 = FILL_AREA_STYLE_COLOUR('',#17949);
#18966 = STYLED_ITEM('color',(#18967),#11154);
#18967 = PRESENTATION_STYLE_ASSIGNMENT((#18968));
#18968 = SURFACE_STYLE_USAGE(.BOTH.,#18969);
#18969 = SURFACE_SIDE_STYLE('',(#18970));
#18970 = SURFACE_STYLE_FILL_AREA(#18971);
#18971 = FILL_AREA_STYLE('',(#18972));
#18972 = FILL_AREA_STYLE_COLOUR('',#17949);
#18973 = STYLED_ITEM('color',(#18974),#11178);
#18974 = PRESENTATION_STYLE_ASSIGNMENT((#18975));
#18975 = SURFACE_STYLE_USAGE(.BOTH.,#18976);
#18976 = SURFACE_SIDE_STYLE('',(#18977));
#18977 = SURFACE_STYLE_FILL_AREA(#18978);
#18978 = FILL_AREA_STYLE('',(#18979));
#18979 = FILL_AREA_STYLE_COLOUR('',#17949);
#18980 = STYLED_ITEM('color',(#18981),#11195);
#18981 = PRESENTATION_STYLE_ASSIGNMENT((#18982));
#18982 = SURFACE_STYLE_USAGE(.BOTH.,#18983);
#18983 = SURFACE_SIDE_STYLE('',(#18984));
#18984 = SURFACE_STYLE_FILL_AREA(#18985);
#18985 = FILL_AREA_STYLE('',(#18986));
#18986 = FILL_AREA_STYLE_COLOUR('',#17949);
#18987 = STYLED_ITEM('color',(#18988),#11226);
#18988 = PRESENTATION_STYLE_ASSIGNMENT((#18989));
#18989 = SURFACE_STYLE_USAGE(.BOTH.,#18990);
#18990 = SURFACE_SIDE_STYLE('',(#18991));
#18991 = SURFACE_STYLE_FILL_AREA(#18992);
#18992 = FILL_AREA_STYLE('',(#18993));
#18993 = FILL_AREA_STYLE_COLOUR('',#17949);
#18994 = STYLED_ITEM('color',(#18995),#11250);
#18995 = PRESENTATION_STYLE_ASSIGNMENT((#18996));
#18996 = SURFACE_STYLE_USAGE(.BOTH.,#18997);
#18997 = SURFACE_SIDE_STYLE('',(#18998));
#18998 = SURFACE_STYLE_FILL_AREA(#18999);
#18999 = FILL_AREA_STYLE('',(#19000));
#19000 = FILL_AREA_STYLE_COLOUR('',#17949);
#19001 = STYLED_ITEM('color',(#19002),#11274);
#19002 = PRESENTATION_STYLE_ASSIGNMENT((#19003));
#19003 = SURFACE_STYLE_USAGE(.BOTH.,#19004);
#19004 = SURFACE_SIDE_STYLE('',(#19005));
#19005 = SURFACE_STYLE_FILL_AREA(#19006);
#19006 = FILL_AREA_STYLE('',(#19007));
#19007 = FILL_AREA_STYLE_COLOUR('',#17949);
#19008 = STYLED_ITEM('color',(#19009),#11291);
#19009 = PRESENTATION_STYLE_ASSIGNMENT((#19010));
#19010 = SURFACE_STYLE_USAGE(.BOTH.,#19011);
#19011 = SURFACE_SIDE_STYLE('',(#19012));
#19012 = SURFACE_STYLE_FILL_AREA(#19013);
#19013 = FILL_AREA_STYLE('',(#19014));
#19014 = FILL_AREA_STYLE_COLOUR('',#17949);
#19015 = STYLED_ITEM('color',(#19016),#11308);
#19016 = PRESENTATION_STYLE_ASSIGNMENT((#19017));
#19017 = SURFACE_STYLE_USAGE(.BOTH.,#19018);
#19018 = SURFACE_SIDE_STYLE('',(#19019));
#19019 = SURFACE_STYLE_FILL_AREA(#19020);
#19020 = FILL_AREA_STYLE('',(#19021));
#19021 = FILL_AREA_STYLE_COLOUR('',#17949);
#19022 = STYLED_ITEM('color',(#19023),#11325);
#19023 = PRESENTATION_STYLE_ASSIGNMENT((#19024));
#19024 = SURFACE_STYLE_USAGE(.BOTH.,#19025);
#19025 = SURFACE_SIDE_STYLE('',(#19026));
#19026 = SURFACE_STYLE_FILL_AREA(#19027);
#19027 = FILL_AREA_STYLE('',(#19028));
#19028 = FILL_AREA_STYLE_COLOUR('',#17949);
#19029 = STYLED_ITEM('color',(#19030),#11337);
#19030 = PRESENTATION_STYLE_ASSIGNMENT((#19031));
#19031 = SURFACE_STYLE_USAGE(.BOTH.,#19032);
#19032 = SURFACE_SIDE_STYLE('',(#19033));
#19033 = SURFACE_STYLE_FILL_AREA(#19034);
#19034 = FILL_AREA_STYLE('',(#19035));
#19035 = FILL_AREA_STYLE_COLOUR('',#17949);
#19036 = STYLED_ITEM('color',(#19037),#11349);
#19037 = PRESENTATION_STYLE_ASSIGNMENT((#19038));
#19038 = SURFACE_STYLE_USAGE(.BOTH.,#19039);
#19039 = SURFACE_SIDE_STYLE('',(#19040));
#19040 = SURFACE_STYLE_FILL_AREA(#19041);
#19041 = FILL_AREA_STYLE('',(#19042));
#19042 = FILL_AREA_STYLE_COLOUR('',#17949);
#19043 = MECHANICAL_DESIGN_GEOMETRIC_PRESENTATION_REPRESENTATION('',(
    #19044,#19054,#19063,#19072,#19081,#19090,#19099,#19108,#19117,
    #19127,#19136,#19145,#19154,#19163,#19172,#19181,#19190,#19199,
    #19208,#19217,#19226,#19235,#19244,#19253,#19262,#19271,#19280,
    #19289,#19298,#19307,#19316,#19325,#19334,#19343,#19352,#19361,
    #19370,#19379,#19388,#19397,#19406,#19415,#19424,#19433,#19442,
    #19451,#19460,#19469,#19478,#19487,#19496,#19505,#19514,#19523,
    #19532,#19541,#19550,#19559,#19568,#19577,#19586,#19595,#19604,
    #19613,#19622,#19631,#19640,#19649,#19658,#19667,#19676,#19685,
    #19694,#19703,#19712,#19721,#19730,#19739,#19748,#19757,#19766,
    #19775,#19784,#19793,#19802,#19811,#19820,#19829,#19838,#19847,
    #19856,#19865,#19874,#19883,#19892,#19901,#19910,#19919,#19928,
    #19937,#19946,#19955,#19964,#19973,#19982,#19991,#20000,#20009,
    #20018,#20027,#20036,#20045,#20054,#20063,#20072,#20081,#20090,
    #20099,#20108,#20117,#20126,#20135,#20144,#20153,#20162,#20171,
    #20180,#20189,#20198,#20207,#20216,#20225,#20234,#20243,#20252,
    #20261,#20270,#20279,#20288,#20297,#20306,#20315,#20324,#20333,
    #20342,#20351,#20360,#20369,#20378,#20387,#20396,#20405,#20414,
    #20423,#20432,#20441,#20450,#20459,#20468,#20477,#20486,#20495,
    #20504,#20513,#20522,#20531,#20540,#20549,#20558,#20567,#20576,
    #20585,#20594,#20603,#20612,#20621,#20630,#20639,#20648,#20657,
    #20666,#20675,#20684,#20693,#20702,#20711,#20720,#20729,#20738,
    #20747,#20756,#20765,#20774,#20783,#20792,#20801,#20810,#20819,
    #20828,#20837,#20846,#20855,#20864,#20873,#20882,#20891,#20900,
    #20909,#20918,#20927,#20936,#20945,#20954,#20963),#5932);
#19044 = STYLED_ITEM('color',(#19045),#996);
#19045 = PRESENTATION_STYLE_ASSIGNMENT((#19046,#19052));
#19046 = SURFACE_STYLE_USAGE(.BOTH.,#19047);
#19047 = SURFACE_SIDE_STYLE('',(#19048));
#19048 = SURFACE_STYLE_FILL_AREA(#19049);
#19049 = FILL_AREA_STYLE('',(#19050));
#19050 = FILL_AREA_STYLE_COLOUR('',#19051);
#19051 = COLOUR_RGB('',0.147999998088,0.145000001626,0.145000001626);
#19052 = CURVE_STYLE('',#19053,POSITIVE_LENGTH_MEASURE(0.1),#19051);
#19053 = DRAUGHTING_PRE_DEFINED_CURVE_FONT('continuous');
#19054 = STYLED_ITEM('color',(#19055),#1036);
#19055 = PRESENTATION_STYLE_ASSIGNMENT((#19056,#19061));
#19056 = SURFACE_STYLE_USAGE(.BOTH.,#19057);
#19057 = SURFACE_SIDE_STYLE('',(#19058));
#19058 = SURFACE_STYLE_FILL_AREA(#19059);
#19059 = FILL_AREA_STYLE('',(#19060));
#19060 = FILL_AREA_STYLE_COLOUR('',#19051);
#19061 = CURVE_STYLE('',#19062,POSITIVE_LENGTH_MEASURE(0.1),#19051);
#19062 = DRAUGHTING_PRE_DEFINED_CURVE_FONT('continuous');
#19063 = STYLED_ITEM('color',(#19064),#1099);
#19064 = PRESENTATION_STYLE_ASSIGNMENT((#19065,#19070));
#19065 = SURFACE_STYLE_USAGE(.BOTH.,#19066);
#19066 = SURFACE_SIDE_STYLE('',(#19067));
#19067 = SURFACE_STYLE_FILL_AREA(#19068);
#19068 = FILL_AREA_STYLE('',(#19069));
#19069 = FILL_AREA_STYLE_COLOUR('',#19051);
#19070 = CURVE_STYLE('',#19071,POSITIVE_LENGTH_MEASURE(0.1),#19051);
#19071 = DRAUGHTING_PRE_DEFINED_CURVE_FONT('continuous');
#19072 = STYLED_ITEM('color',(#19073),#1162);
#19073 = PRESENTATION_STYLE_ASSIGNMENT((#19074,#19079));
#19074 = SURFACE_STYLE_USAGE(.BOTH.,#19075);
#19075 = SURFACE_SIDE_STYLE('',(#19076));
#19076 = SURFACE_STYLE_FILL_AREA(#19077);
#19077 = FILL_AREA_STYLE('',(#19078));
#19078 = FILL_AREA_STYLE_COLOUR('',#19051);
#19079 = CURVE_STYLE('',#19080,POSITIVE_LENGTH_MEASURE(0.1),#19051);
#19080 = DRAUGHTING_PRE_DEFINED_CURVE_FONT('continuous');
#19081 = STYLED_ITEM('color',(#19082),#1179);
#19082 = PRESENTATION_STYLE_ASSIGNMENT((#19083,#19088));
#19083 = SURFACE_STYLE_USAGE(.BOTH.,#19084);
#19084 = SURFACE_SIDE_STYLE('',(#19085));
#19085 = SURFACE_STYLE_FILL_AREA(#19086);
#19086 = FILL_AREA_STYLE('',(#19087));
#19087 = FILL_AREA_STYLE_COLOUR('',#19051);
#19088 = CURVE_STYLE('',#19089,POSITIVE_LENGTH_MEASURE(0.1),#19051);
#19089 = DRAUGHTING_PRE_DEFINED_CURVE_FONT('continuous');
#19090 = STYLED_ITEM('color',(#19091),#1400);
#19091 = PRESENTATION_STYLE_ASSIGNMENT((#19092,#19097));
#19092 = SURFACE_STYLE_USAGE(.BOTH.,#19093);
#19093 = SURFACE_SIDE_STYLE('',(#19094));
#19094 = SURFACE_STYLE_FILL_AREA(#19095);
#19095 = FILL_AREA_STYLE('',(#19096));
#19096 = FILL_AREA_STYLE_COLOUR('',#19051);
#19097 = CURVE_STYLE('',#19098,POSITIVE_LENGTH_MEASURE(0.1),#19051);
#19098 = DRAUGHTING_PRE_DEFINED_CURVE_FONT('continuous');
#19099 = STYLED_ITEM('color',(#19100),#1422);
#19100 = PRESENTATION_STYLE_ASSIGNMENT((#19101,#19106));
#19101 = SURFACE_STYLE_USAGE(.BOTH.,#19102);
#19102 = SURFACE_SIDE_STYLE('',(#19103));
#19103 = SURFACE_STYLE_FILL_AREA(#19104);
#19104 = FILL_AREA_STYLE('',(#19105));
#19105 = FILL_AREA_STYLE_COLOUR('',#19051);
#19106 = CURVE_STYLE('',#19107,POSITIVE_LENGTH_MEASURE(0.1),#19051);
#19107 = DRAUGHTING_PRE_DEFINED_CURVE_FONT('continuous');
#19108 = STYLED_ITEM('color',(#19109),#1439);
#19109 = PRESENTATION_STYLE_ASSIGNMENT((#19110,#19115));
#19110 = SURFACE_STYLE_USAGE(.BOTH.,#19111);
#19111 = SURFACE_SIDE_STYLE('',(#19112));
#19112 = SURFACE_STYLE_FILL_AREA(#19113);
#19113 = FILL_AREA_STYLE('',(#19114));
#19114 = FILL_AREA_STYLE_COLOUR('',#19051);
#19115 = CURVE_STYLE('',#19116,POSITIVE_LENGTH_MEASURE(0.1),#19051);
#19116 = DRAUGHTING_PRE_DEFINED_CURVE_FONT('continuous');
#19117 = OVER_RIDING_STYLED_ITEM('overriding color',(#19118),#1472,
  #19108);
#19118 = PRESENTATION_STYLE_ASSIGNMENT((#19119,#19125));
#19119 = SURFACE_STYLE_USAGE(.BOTH.,#19120);
#19120 = SURFACE_SIDE_STYLE('',(#19121));
#19121 = SURFACE_STYLE_FILL_AREA(#19122);
#19122 = FILL_AREA_STYLE('',(#19123));
#19123 = FILL_AREA_STYLE_COLOUR('',#19124);
#19124 = COLOUR_RGB('',0.858999988747,0.738000004258,0.496000005009);
#19125 = CURVE_STYLE('',#19126,POSITIVE_LENGTH_MEASURE(0.1),#19124);
#19126 = DRAUGHTING_PRE_DEFINED_CURVE_FONT('continuous');
#19127 = OVER_RIDING_STYLED_ITEM('overriding color',(#19128),#1504,
  #19108);
#19128 = PRESENTATION_STYLE_ASSIGNMENT((#19129,#19134));
#19129 = SURFACE_STYLE_USAGE(.BOTH.,#19130);
#19130 = SURFACE_SIDE_STYLE('',(#19131));
#19131 = SURFACE_STYLE_FILL_AREA(#19132);
#19132 = FILL_AREA_STYLE('',(#19133));
#19133 = FILL_AREA_STYLE_COLOUR('',#19124);
#19134 = CURVE_STYLE('',#19135,POSITIVE_LENGTH_MEASURE(0.1),#19124);
#19135 = DRAUGHTING_PRE_DEFINED_CURVE_FONT('continuous');
#19136 = OVER_RIDING_STYLED_ITEM('overriding color',(#19137),#1538,
  #19108);
#19137 = PRESENTATION_STYLE_ASSIGNMENT((#19138,#19143));
#19138 = SURFACE_STYLE_USAGE(.BOTH.,#19139);
#19139 = SURFACE_SIDE_STYLE('',(#19140));
#19140 = SURFACE_STYLE_FILL_AREA(#19141);
#19141 = FILL_AREA_STYLE('',(#19142));
#19142 = FILL_AREA_STYLE_COLOUR('',#19124);
#19143 = CURVE_STYLE('',#19144,POSITIVE_LENGTH_MEASURE(0.1),#19124);
#19144 = DRAUGHTING_PRE_DEFINED_CURVE_FONT('continuous');
#19145 = OVER_RIDING_STYLED_ITEM('overriding color',(#19146),#1570,
  #19108);
#19146 = PRESENTATION_STYLE_ASSIGNMENT((#19147,#19152));
#19147 = SURFACE_STYLE_USAGE(.BOTH.,#19148);
#19148 = SURFACE_SIDE_STYLE('',(#19149));
#19149 = SURFACE_STYLE_FILL_AREA(#19150);
#19150 = FILL_AREA_STYLE('',(#19151));
#19151 = FILL_AREA_STYLE_COLOUR('',#19124);
#19152 = CURVE_STYLE('',#19153,POSITIVE_LENGTH_MEASURE(0.1),#19124);
#19153 = DRAUGHTING_PRE_DEFINED_CURVE_FONT('continuous');
#19154 = OVER_RIDING_STYLED_ITEM('overriding color',(#19155),#1604,
  #19108);
#19155 = PRESENTATION_STYLE_ASSIGNMENT((#19156,#19161));
#19156 = SURFACE_STYLE_USAGE(.BOTH.,#19157);
#19157 = SURFACE_SIDE_STYLE('',(#19158));
#19158 = SURFACE_STYLE_FILL_AREA(#19159);
#19159 = FILL_AREA_STYLE('',(#19160));
#19160 = FILL_AREA_STYLE_COLOUR('',#19124);
#19161 = CURVE_STYLE('',#19162,POSITIVE_LENGTH_MEASURE(0.1),#19124);
#19162 = DRAUGHTING_PRE_DEFINED_CURVE_FONT('continuous');
#19163 = OVER_RIDING_STYLED_ITEM('overriding color',(#19164),#1636,
  #19108);
#19164 = PRESENTATION_STYLE_ASSIGNMENT((#19165,#19170));
#19165 = SURFACE_STYLE_USAGE(.BOTH.,#19166);
#19166 = SURFACE_SIDE_STYLE('',(#19167));
#19167 = SURFACE_STYLE_FILL_AREA(#19168);
#19168 = FILL_AREA_STYLE('',(#19169));
#19169 = FILL_AREA_STYLE_COLOUR('',#19124);
#19170 = CURVE_STYLE('',#19171,POSITIVE_LENGTH_MEASURE(0.1),#19124);
#19171 = DRAUGHTING_PRE_DEFINED_CURVE_FONT('continuous');
#19172 = OVER_RIDING_STYLED_ITEM('overriding color',(#19173),#1670,
  #19108);
#19173 = PRESENTATION_STYLE_ASSIGNMENT((#19174,#19179));
#19174 = SURFACE_STYLE_USAGE(.BOTH.,#19175);
#19175 = SURFACE_SIDE_STYLE('',(#19176));
#19176 = SURFACE_STYLE_FILL_AREA(#19177);
#19177 = FILL_AREA_STYLE('',(#19178));
#19178 = FILL_AREA_STYLE_COLOUR('',#19124);
#19179 = CURVE_STYLE('',#19180,POSITIVE_LENGTH_MEASURE(0.1),#19124);
#19180 = DRAUGHTING_PRE_DEFINED_CURVE_FONT('continuous');
#19181 = OVER_RIDING_STYLED_ITEM('overriding color',(#19182),#1702,
  #19108);
#19182 = PRESENTATION_STYLE_ASSIGNMENT((#19183,#19188));
#19183 = SURFACE_STYLE_USAGE(.BOTH.,#19184);
#19184 = SURFACE_SIDE_STYLE('',(#19185));
#19185 = SURFACE_STYLE_FILL_AREA(#19186);
#19186 = FILL_AREA_STYLE('',(#19187));
#19187 = FILL_AREA_STYLE_COLOUR('',#19124);
#19188 = CURVE_STYLE('',#19189,POSITIVE_LENGTH_MEASURE(0.1),#19124);
#19189 = DRAUGHTING_PRE_DEFINED_CURVE_FONT('continuous');
#19190 = OVER_RIDING_STYLED_ITEM('overriding color',(#19191),#1736,
  #19108);
#19191 = PRESENTATION_STYLE_ASSIGNMENT((#19192,#19197));
#19192 = SURFACE_STYLE_USAGE(.BOTH.,#19193);
#19193 = SURFACE_SIDE_STYLE('',(#19194));
#19194 = SURFACE_STYLE_FILL_AREA(#19195);
#19195 = FILL_AREA_STYLE('',(#19196));
#19196 = FILL_AREA_STYLE_COLOUR('',#19124);
#19197 = CURVE_STYLE('',#19198,POSITIVE_LENGTH_MEASURE(0.1),#19124);
#19198 = DRAUGHTING_PRE_DEFINED_CURVE_FONT('continuous');
#19199 = OVER_RIDING_STYLED_ITEM('overriding color',(#19200),#1768,
  #19108);
#19200 = PRESENTATION_STYLE_ASSIGNMENT((#19201,#19206));
#19201 = SURFACE_STYLE_USAGE(.BOTH.,#19202);
#19202 = SURFACE_SIDE_STYLE('',(#19203));
#19203 = SURFACE_STYLE_FILL_AREA(#19204);
#19204 = FILL_AREA_STYLE('',(#19205));
#19205 = FILL_AREA_STYLE_COLOUR('',#19124);
#19206 = CURVE_STYLE('',#19207,POSITIVE_LENGTH_MEASURE(0.1),#19124);
#19207 = DRAUGHTING_PRE_DEFINED_CURVE_FONT('continuous');
#19208 = OVER_RIDING_STYLED_ITEM('overriding color',(#19209),#1802,
  #19108);
#19209 = PRESENTATION_STYLE_ASSIGNMENT((#19210,#19215));
#19210 = SURFACE_STYLE_USAGE(.BOTH.,#19211);
#19211 = SURFACE_SIDE_STYLE('',(#19212));
#19212 = SURFACE_STYLE_FILL_AREA(#19213);
#19213 = FILL_AREA_STYLE('',(#19214));
#19214 = FILL_AREA_STYLE_COLOUR('',#19124);
#19215 = CURVE_STYLE('',#19216,POSITIVE_LENGTH_MEASURE(0.1),#19124);
#19216 = DRAUGHTING_PRE_DEFINED_CURVE_FONT('continuous');
#19217 = OVER_RIDING_STYLED_ITEM('overriding color',(#19218),#1834,
  #19108);
#19218 = PRESENTATION_STYLE_ASSIGNMENT((#19219,#19224));
#19219 = SURFACE_STYLE_USAGE(.BOTH.,#19220);
#19220 = SURFACE_SIDE_STYLE('',(#19221));
#19221 = SURFACE_STYLE_FILL_AREA(#19222);
#19222 = FILL_AREA_STYLE('',(#19223));
#19223 = FILL_AREA_STYLE_COLOUR('',#19124);
#19224 = CURVE_STYLE('',#19225,POSITIVE_LENGTH_MEASURE(0.1),#19124);
#19225 = DRAUGHTING_PRE_DEFINED_CURVE_FONT('continuous');
#19226 = STYLED_ITEM('color',(#19227),#1852);
#19227 = PRESENTATION_STYLE_ASSIGNMENT((#19228,#19233));
#19228 = SURFACE_STYLE_USAGE(.BOTH.,#19229);
#19229 = SURFACE_SIDE_STYLE('',(#19230));
#19230 = SURFACE_STYLE_FILL_AREA(#19231);
#19231 = FILL_AREA_STYLE('',(#19232));
#19232 = FILL_AREA_STYLE_COLOUR('',#19051);
#19233 = CURVE_STYLE('',#19234,POSITIVE_LENGTH_MEASURE(0.1),#19051);
#19234 = DRAUGHTING_PRE_DEFINED_CURVE_FONT('continuous');
#19235 = STYLED_ITEM('color',(#19236),#1864);
#19236 = PRESENTATION_STYLE_ASSIGNMENT((#19237,#19242));
#19237 = SURFACE_STYLE_USAGE(.BOTH.,#19238);
#19238 = SURFACE_SIDE_STYLE('',(#19239));
#19239 = SURFACE_STYLE_FILL_AREA(#19240);
#19240 = FILL_AREA_STYLE('',(#19241));
#19241 = FILL_AREA_STYLE_COLOUR('',#19051);
#19242 = CURVE_STYLE('',#19243,POSITIVE_LENGTH_MEASURE(0.1),#19051);
#19243 = DRAUGHTING_PRE_DEFINED_CURVE_FONT('continuous');
#19244 = STYLED_ITEM('color',(#19245),#1876);
#19245 = PRESENTATION_STYLE_ASSIGNMENT((#19246,#19251));
#19246 = SURFACE_STYLE_USAGE(.BOTH.,#19247);
#19247 = SURFACE_SIDE_STYLE('',(#19248));
#19248 = SURFACE_STYLE_FILL_AREA(#19249);
#19249 = FILL_AREA_STYLE('',(#19250));
#19250 = FILL_AREA_STYLE_COLOUR('',#19051);
#19251 = CURVE_STYLE('',#19252,POSITIVE_LENGTH_MEASURE(0.1),#19051);
#19252 = DRAUGHTING_PRE_DEFINED_CURVE_FONT('continuous');
#19253 = STYLED_ITEM('color',(#19254),#1907);
#19254 = PRESENTATION_STYLE_ASSIGNMENT((#19255,#19260));
#19255 = SURFACE_STYLE_USAGE(.BOTH.,#19256);
#19256 = SURFACE_SIDE_STYLE('',(#19257));
#19257 = SURFACE_STYLE_FILL_AREA(#19258);
#19258 = FILL_AREA_STYLE('',(#19259));
#19259 = FILL_AREA_STYLE_COLOUR('',#19051);
#19260 = CURVE_STYLE('',#19261,POSITIVE_LENGTH_MEASURE(0.1),#19051);
#19261 = DRAUGHTING_PRE_DEFINED_CURVE_FONT('continuous');
#19262 = STYLED_ITEM('color',(#19263),#1931);
#19263 = PRESENTATION_STYLE_ASSIGNMENT((#19264,#19269));
#19264 = SURFACE_STYLE_USAGE(.BOTH.,#19265);
#19265 = SURFACE_SIDE_STYLE('',(#19266));
#19266 = SURFACE_STYLE_FILL_AREA(#19267);
#19267 = FILL_AREA_STYLE('',(#19268));
#19268 = FILL_AREA_STYLE_COLOUR('',#19051);
#19269 = CURVE_STYLE('',#19270,POSITIVE_LENGTH_MEASURE(0.1),#19051);
#19270 = DRAUGHTING_PRE_DEFINED_CURVE_FONT('continuous');
#19271 = STYLED_ITEM('color',(#19272),#1955);
#19272 = PRESENTATION_STYLE_ASSIGNMENT((#19273,#19278));
#19273 = SURFACE_STYLE_USAGE(.BOTH.,#19274);
#19274 = SURFACE_SIDE_STYLE('',(#19275));
#19275 = SURFACE_STYLE_FILL_AREA(#19276);
#19276 = FILL_AREA_STYLE('',(#19277));
#19277 = FILL_AREA_STYLE_COLOUR('',#19051);
#19278 = CURVE_STYLE('',#19279,POSITIVE_LENGTH_MEASURE(0.1),#19051);
#19279 = DRAUGHTING_PRE_DEFINED_CURVE_FONT('continuous');
#19280 = STYLED_ITEM('color',(#19281),#1972);
#19281 = PRESENTATION_STYLE_ASSIGNMENT((#19282,#19287));
#19282 = SURFACE_STYLE_USAGE(.BOTH.,#19283);
#19283 = SURFACE_SIDE_STYLE('',(#19284));
#19284 = SURFACE_STYLE_FILL_AREA(#19285);
#19285 = FILL_AREA_STYLE('',(#19286));
#19286 = FILL_AREA_STYLE_COLOUR('',#19051);
#19287 = CURVE_STYLE('',#19288,POSITIVE_LENGTH_MEASURE(0.1),#19051);
#19288 = DRAUGHTING_PRE_DEFINED_CURVE_FONT('continuous');
#19289 = STYLED_ITEM('color',(#19290),#2003);
#19290 = PRESENTATION_STYLE_ASSIGNMENT((#19291,#19296));
#19291 = SURFACE_STYLE_USAGE(.BOTH.,#19292);
#19292 = SURFACE_SIDE_STYLE('',(#19293));
#19293 = SURFACE_STYLE_FILL_AREA(#19294);
#19294 = FILL_AREA_STYLE('',(#19295));
#19295 = FILL_AREA_STYLE_COLOUR('',#19051);
#19296 = CURVE_STYLE('',#19297,POSITIVE_LENGTH_MEASURE(0.1),#19051);
#19297 = DRAUGHTING_PRE_DEFINED_CURVE_FONT('continuous');
#19298 = STYLED_ITEM('color',(#19299),#2027);
#19299 = PRESENTATION_STYLE_ASSIGNMENT((#19300,#19305));
#19300 = SURFACE_STYLE_USAGE(.BOTH.,#19301);
#19301 = SURFACE_SIDE_STYLE('',(#19302));
#19302 = SURFACE_STYLE_FILL_AREA(#19303);
#19303 = FILL_AREA_STYLE('',(#19304));
#19304 = FILL_AREA_STYLE_COLOUR('',#19051);
#19305 = CURVE_STYLE('',#19306,POSITIVE_LENGTH_MEASURE(0.1),#19051);
#19306 = DRAUGHTING_PRE_DEFINED_CURVE_FONT('continuous');
#19307 = STYLED_ITEM('color',(#19308),#2051);
#19308 = PRESENTATION_STYLE_ASSIGNMENT((#19309,#19314));
#19309 = SURFACE_STYLE_USAGE(.BOTH.,#19310);
#19310 = SURFACE_SIDE_STYLE('',(#19311));
#19311 = SURFACE_STYLE_FILL_AREA(#19312);
#19312 = FILL_AREA_STYLE('',(#19313));
#19313 = FILL_AREA_STYLE_COLOUR('',#19051);
#19314 = CURVE_STYLE('',#19315,POSITIVE_LENGTH_MEASURE(0.1),#19051);
#19315 = DRAUGHTING_PRE_DEFINED_CURVE_FONT('continuous');
#19316 = STYLED_ITEM('color',(#19317),#2068);
#19317 = PRESENTATION_STYLE_ASSIGNMENT((#19318,#19323));
#19318 = SURFACE_STYLE_USAGE(.BOTH.,#19319);
#19319 = SURFACE_SIDE_STYLE('',(#19320));
#19320 = SURFACE_STYLE_FILL_AREA(#19321);
#19321 = FILL_AREA_STYLE('',(#19322));
#19322 = FILL_AREA_STYLE_COLOUR('',#19051);
#19323 = CURVE_STYLE('',#19324,POSITIVE_LENGTH_MEASURE(0.1),#19051);
#19324 = DRAUGHTING_PRE_DEFINED_CURVE_FONT('continuous');
#19325 = STYLED_ITEM('color',(#19326),#2099);
#19326 = PRESENTATION_STYLE_ASSIGNMENT((#19327,#19332));
#19327 = SURFACE_STYLE_USAGE(.BOTH.,#19328);
#19328 = SURFACE_SIDE_STYLE('',(#19329));
#19329 = SURFACE_STYLE_FILL_AREA(#19330);
#19330 = FILL_AREA_STYLE('',(#19331));
#19331 = FILL_AREA_STYLE_COLOUR('',#19051);
#19332 = CURVE_STYLE('',#19333,POSITIVE_LENGTH_MEASURE(0.1),#19051);
#19333 = DRAUGHTING_PRE_DEFINED_CURVE_FONT('continuous');
#19334 = STYLED_ITEM('color',(#19335),#2123);
#19335 = PRESENTATION_STYLE_ASSIGNMENT((#19336,#19341));
#19336 = SURFACE_STYLE_USAGE(.BOTH.,#19337);
#19337 = SURFACE_SIDE_STYLE('',(#19338));
#19338 = SURFACE_STYLE_FILL_AREA(#19339);
#19339 = FILL_AREA_STYLE('',(#19340));
#19340 = FILL_AREA_STYLE_COLOUR('',#19051);
#19341 = CURVE_STYLE('',#19342,POSITIVE_LENGTH_MEASURE(0.1),#19051);
#19342 = DRAUGHTING_PRE_DEFINED_CURVE_FONT('continuous');
#19343 = STYLED_ITEM('color',(#19344),#2147);
#19344 = PRESENTATION_STYLE_ASSIGNMENT((#19345,#19350));
#19345 = SURFACE_STYLE_USAGE(.BOTH.,#19346);
#19346 = SURFACE_SIDE_STYLE('',(#19347));
#19347 = SURFACE_STYLE_FILL_AREA(#19348);
#19348 = FILL_AREA_STYLE('',(#19349));
#19349 = FILL_AREA_STYLE_COLOUR('',#19051);
#19350 = CURVE_STYLE('',#19351,POSITIVE_LENGTH_MEASURE(0.1),#19051);
#19351 = DRAUGHTING_PRE_DEFINED_CURVE_FONT('continuous');
#19352 = STYLED_ITEM('color',(#19353),#2164);
#19353 = PRESENTATION_STYLE_ASSIGNMENT((#19354,#19359));
#19354 = SURFACE_STYLE_USAGE(.BOTH.,#19355);
#19355 = SURFACE_SIDE_STYLE('',(#19356));
#19356 = SURFACE_STYLE_FILL_AREA(#19357);
#19357 = FILL_AREA_STYLE('',(#19358));
#19358 = FILL_AREA_STYLE_COLOUR('',#19051);
#19359 = CURVE_STYLE('',#19360,POSITIVE_LENGTH_MEASURE(0.1),#19051);
#19360 = DRAUGHTING_PRE_DEFINED_CURVE_FONT('continuous');
#19361 = STYLED_ITEM('color',(#19362),#2195);
#19362 = PRESENTATION_STYLE_ASSIGNMENT((#19363,#19368));
#19363 = SURFACE_STYLE_USAGE(.BOTH.,#19364);
#19364 = SURFACE_SIDE_STYLE('',(#19365));
#19365 = SURFACE_STYLE_FILL_AREA(#19366);
#19366 = FILL_AREA_STYLE('',(#19367));
#19367 = FILL_AREA_STYLE_COLOUR('',#19051);
#19368 = CURVE_STYLE('',#19369,POSITIVE_LENGTH_MEASURE(0.1),#19051);
#19369 = DRAUGHTING_PRE_DEFINED_CURVE_FONT('continuous');
#19370 = STYLED_ITEM('color',(#19371),#2219);
#19371 = PRESENTATION_STYLE_ASSIGNMENT((#19372,#19377));
#19372 = SURFACE_STYLE_USAGE(.BOTH.,#19373);
#19373 = SURFACE_SIDE_STYLE('',(#19374));
#19374 = SURFACE_STYLE_FILL_AREA(#19375);
#19375 = FILL_AREA_STYLE('',(#19376));
#19376 = FILL_AREA_STYLE_COLOUR('',#19051);
#19377 = CURVE_STYLE('',#19378,POSITIVE_LENGTH_MEASURE(0.1),#19051);
#19378 = DRAUGHTING_PRE_DEFINED_CURVE_FONT('continuous');
#19379 = STYLED_ITEM('color',(#19380),#2243);
#19380 = PRESENTATION_STYLE_ASSIGNMENT((#19381,#19386));
#19381 = SURFACE_STYLE_USAGE(.BOTH.,#19382);
#19382 = SURFACE_SIDE_STYLE('',(#19383));
#19383 = SURFACE_STYLE_FILL_AREA(#19384);
#19384 = FILL_AREA_STYLE('',(#19385));
#19385 = FILL_AREA_STYLE_COLOUR('',#19051);
#19386 = CURVE_STYLE('',#19387,POSITIVE_LENGTH_MEASURE(0.1),#19051);
#19387 = DRAUGHTING_PRE_DEFINED_CURVE_FONT('continuous');
#19388 = STYLED_ITEM('color',(#19389),#2260);
#19389 = PRESENTATION_STYLE_ASSIGNMENT((#19390,#19395));
#19390 = SURFACE_STYLE_USAGE(.BOTH.,#19391);
#19391 = SURFACE_SIDE_STYLE('',(#19392));
#19392 = SURFACE_STYLE_FILL_AREA(#19393);
#19393 = FILL_AREA_STYLE('',(#19394));
#19394 = FILL_AREA_STYLE_COLOUR('',#19051);
#19395 = CURVE_STYLE('',#19396,POSITIVE_LENGTH_MEASURE(0.1),#19051);
#19396 = DRAUGHTING_PRE_DEFINED_CURVE_FONT('continuous');
#19397 = STYLED_ITEM('color',(#19398),#2291);
#19398 = PRESENTATION_STYLE_ASSIGNMENT((#19399,#19404));
#19399 = SURFACE_STYLE_USAGE(.BOTH.,#19400);
#19400 = SURFACE_SIDE_STYLE('',(#19401));
#19401 = SURFACE_STYLE_FILL_AREA(#19402);
#19402 = FILL_AREA_STYLE('',(#19403));
#19403 = FILL_AREA_STYLE_COLOUR('',#19051);
#19404 = CURVE_STYLE('',#19405,POSITIVE_LENGTH_MEASURE(0.1),#19051);
#19405 = DRAUGHTING_PRE_DEFINED_CURVE_FONT('continuous');
#19406 = STYLED_ITEM('color',(#19407),#2315);
#19407 = PRESENTATION_STYLE_ASSIGNMENT((#19408,#19413));
#19408 = SURFACE_STYLE_USAGE(.BOTH.,#19409);
#19409 = SURFACE_SIDE_STYLE('',(#19410));
#19410 = SURFACE_STYLE_FILL_AREA(#19411);
#19411 = FILL_AREA_STYLE('',(#19412));
#19412 = FILL_AREA_STYLE_COLOUR('',#19051);
#19413 = CURVE_STYLE('',#19414,POSITIVE_LENGTH_MEASURE(0.1),#19051);
#19414 = DRAUGHTING_PRE_DEFINED_CURVE_FONT('continuous');
#19415 = STYLED_ITEM('color',(#19416),#2339);
#19416 = PRESENTATION_STYLE_ASSIGNMENT((#19417,#19422));
#19417 = SURFACE_STYLE_USAGE(.BOTH.,#19418);
#19418 = SURFACE_SIDE_STYLE('',(#19419));
#19419 = SURFACE_STYLE_FILL_AREA(#19420);
#19420 = FILL_AREA_STYLE('',(#19421));
#19421 = FILL_AREA_STYLE_COLOUR('',#19051);
#19422 = CURVE_STYLE('',#19423,POSITIVE_LENGTH_MEASURE(0.1),#19051);
#19423 = DRAUGHTING_PRE_DEFINED_CURVE_FONT('continuous');
#19424 = STYLED_ITEM('color',(#19425),#2356);
#19425 = PRESENTATION_STYLE_ASSIGNMENT((#19426,#19431));
#19426 = SURFACE_STYLE_USAGE(.BOTH.,#19427);
#19427 = SURFACE_SIDE_STYLE('',(#19428));
#19428 = SURFACE_STYLE_FILL_AREA(#19429);
#19429 = FILL_AREA_STYLE('',(#19430));
#19430 = FILL_AREA_STYLE_COLOUR('',#19051);
#19431 = CURVE_STYLE('',#19432,POSITIVE_LENGTH_MEASURE(0.1),#19051);
#19432 = DRAUGHTING_PRE_DEFINED_CURVE_FONT('continuous');
#19433 = STYLED_ITEM('color',(#19434),#2387);
#19434 = PRESENTATION_STYLE_ASSIGNMENT((#19435,#19440));
#19435 = SURFACE_STYLE_USAGE(.BOTH.,#19436);
#19436 = SURFACE_SIDE_STYLE('',(#19437));
#19437 = SURFACE_STYLE_FILL_AREA(#19438);
#19438 = FILL_AREA_STYLE('',(#19439));
#19439 = FILL_AREA_STYLE_COLOUR('',#19051);
#19440 = CURVE_STYLE('',#19441,POSITIVE_LENGTH_MEASURE(0.1),#19051);
#19441 = DRAUGHTING_PRE_DEFINED_CURVE_FONT('continuous');
#19442 = STYLED_ITEM('color',(#19443),#2411);
#19443 = PRESENTATION_STYLE_ASSIGNMENT((#19444,#19449));
#19444 = SURFACE_STYLE_USAGE(.BOTH.,#19445);
#19445 = SURFACE_SIDE_STYLE('',(#19446));
#19446 = SURFACE_STYLE_FILL_AREA(#19447);
#19447 = FILL_AREA_STYLE('',(#19448));
#19448 = FILL_AREA_STYLE_COLOUR('',#19051);
#19449 = CURVE_STYLE('',#19450,POSITIVE_LENGTH_MEASURE(0.1),#19051);
#19450 = DRAUGHTING_PRE_DEFINED_CURVE_FONT('continuous');
#19451 = STYLED_ITEM('color',(#19452),#2435);
#19452 = PRESENTATION_STYLE_ASSIGNMENT((#19453,#19458));
#19453 = SURFACE_STYLE_USAGE(.BOTH.,#19454);
#19454 = SURFACE_SIDE_STYLE('',(#19455));
#19455 = SURFACE_STYLE_FILL_AREA(#19456);
#19456 = FILL_AREA_STYLE('',(#19457));
#19457 = FILL_AREA_STYLE_COLOUR('',#19051);
#19458 = CURVE_STYLE('',#19459,POSITIVE_LENGTH_MEASURE(0.1),#19051);
#19459 = DRAUGHTING_PRE_DEFINED_CURVE_FONT('continuous');
#19460 = STYLED_ITEM('color',(#19461),#2452);
#19461 = PRESENTATION_STYLE_ASSIGNMENT((#19462,#19467));
#19462 = SURFACE_STYLE_USAGE(.BOTH.,#19463);
#19463 = SURFACE_SIDE_STYLE('',(#19464));
#19464 = SURFACE_STYLE_FILL_AREA(#19465);
#19465 = FILL_AREA_STYLE('',(#19466));
#19466 = FILL_AREA_STYLE_COLOUR('',#19124);
#19467 = CURVE_STYLE('',#19468,POSITIVE_LENGTH_MEASURE(0.1),#19124);
#19468 = DRAUGHTING_PRE_DEFINED_CURVE_FONT('continuous');
#19469 = STYLED_ITEM('color',(#19470),#2469);
#19470 = PRESENTATION_STYLE_ASSIGNMENT((#19471,#19476));
#19471 = SURFACE_STYLE_USAGE(.BOTH.,#19472);
#19472 = SURFACE_SIDE_STYLE('',(#19473));
#19473 = SURFACE_STYLE_FILL_AREA(#19474);
#19474 = FILL_AREA_STYLE('',(#19475));
#19475 = FILL_AREA_STYLE_COLOUR('',#19124);
#19476 = CURVE_STYLE('',#19477,POSITIVE_LENGTH_MEASURE(0.1),#19124);
#19477 = DRAUGHTING_PRE_DEFINED_CURVE_FONT('continuous');
#19478 = STYLED_ITEM('color',(#19479),#2516);
#19479 = PRESENTATION_STYLE_ASSIGNMENT((#19480,#19485));
#19480 = SURFACE_STYLE_USAGE(.BOTH.,#19481);
#19481 = SURFACE_SIDE_STYLE('',(#19482));
#19482 = SURFACE_STYLE_FILL_AREA(#19483);
#19483 = FILL_AREA_STYLE('',(#19484));
#19484 = FILL_AREA_STYLE_COLOUR('',#19124);
#19485 = CURVE_STYLE('',#19486,POSITIVE_LENGTH_MEASURE(0.1),#19124);
#19486 = DRAUGHTING_PRE_DEFINED_CURVE_FONT('continuous');
#19487 = STYLED_ITEM('color',(#19488),#2533);
#19488 = PRESENTATION_STYLE_ASSIGNMENT((#19489,#19494));
#19489 = SURFACE_STYLE_USAGE(.BOTH.,#19490);
#19490 = SURFACE_SIDE_STYLE('',(#19491));
#19491 = SURFACE_STYLE_FILL_AREA(#19492);
#19492 = FILL_AREA_STYLE('',(#19493));
#19493 = FILL_AREA_STYLE_COLOUR('',#19124);
#19494 = CURVE_STYLE('',#19495,POSITIVE_LENGTH_MEASURE(0.1),#19124);
#19495 = DRAUGHTING_PRE_DEFINED_CURVE_FONT('continuous');
#19496 = STYLED_ITEM('color',(#19497),#2580);
#19497 = PRESENTATION_STYLE_ASSIGNMENT((#19498,#19503));
#19498 = SURFACE_STYLE_USAGE(.BOTH.,#19499);
#19499 = SURFACE_SIDE_STYLE('',(#19500));
#19500 = SURFACE_STYLE_FILL_AREA(#19501);
#19501 = FILL_AREA_STYLE('',(#19502));
#19502 = FILL_AREA_STYLE_COLOUR('',#19124);
#19503 = CURVE_STYLE('',#19504,POSITIVE_LENGTH_MEASURE(0.1),#19124);
#19504 = DRAUGHTING_PRE_DEFINED_CURVE_FONT('continuous');
#19505 = STYLED_ITEM('color',(#19506),#2597);
#19506 = PRESENTATION_STYLE_ASSIGNMENT((#19507,#19512));
#19507 = SURFACE_STYLE_USAGE(.BOTH.,#19508);
#19508 = SURFACE_SIDE_STYLE('',(#19509));
#19509 = SURFACE_STYLE_FILL_AREA(#19510);
#19510 = FILL_AREA_STYLE('',(#19511));
#19511 = FILL_AREA_STYLE_COLOUR('',#19124);
#19512 = CURVE_STYLE('',#19513,POSITIVE_LENGTH_MEASURE(0.1),#19124);
#19513 = DRAUGHTING_PRE_DEFINED_CURVE_FONT('continuous');
#19514 = STYLED_ITEM('color',(#19515),#2644);
#19515 = PRESENTATION_STYLE_ASSIGNMENT((#19516,#19521));
#19516 = SURFACE_STYLE_USAGE(.BOTH.,#19517);
#19517 = SURFACE_SIDE_STYLE('',(#19518));
#19518 = SURFACE_STYLE_FILL_AREA(#19519);
#19519 = FILL_AREA_STYLE('',(#19520));
#19520 = FILL_AREA_STYLE_COLOUR('',#19124);
#19521 = CURVE_STYLE('',#19522,POSITIVE_LENGTH_MEASURE(0.1),#19124);
#19522 = DRAUGHTING_PRE_DEFINED_CURVE_FONT('continuous');
#19523 = STYLED_ITEM('color',(#19524),#2661);
#19524 = PRESENTATION_STYLE_ASSIGNMENT((#19525,#19530));
#19525 = SURFACE_STYLE_USAGE(.BOTH.,#19526);
#19526 = SURFACE_SIDE_STYLE('',(#19527));
#19527 = SURFACE_STYLE_FILL_AREA(#19528);
#19528 = FILL_AREA_STYLE('',(#19529));
#19529 = FILL_AREA_STYLE_COLOUR('',#19124);
#19530 = CURVE_STYLE('',#19531,POSITIVE_LENGTH_MEASURE(0.1),#19124);
#19531 = DRAUGHTING_PRE_DEFINED_CURVE_FONT('continuous');
#19532 = STYLED_ITEM('color',(#19533),#2708);
#19533 = PRESENTATION_STYLE_ASSIGNMENT((#19534,#19539));
#19534 = SURFACE_STYLE_USAGE(.BOTH.,#19535);
#19535 = SURFACE_SIDE_STYLE('',(#19536));
#19536 = SURFACE_STYLE_FILL_AREA(#19537);
#19537 = FILL_AREA_STYLE('',(#19538));
#19538 = FILL_AREA_STYLE_COLOUR('',#19124);
#19539 = CURVE_STYLE('',#19540,POSITIVE_LENGTH_MEASURE(0.1),#19124);
#19540 = DRAUGHTING_PRE_DEFINED_CURVE_FONT('continuous');
#19541 = STYLED_ITEM('color',(#19542),#2725);
#19542 = PRESENTATION_STYLE_ASSIGNMENT((#19543,#19548));
#19543 = SURFACE_STYLE_USAGE(.BOTH.,#19544);
#19544 = SURFACE_SIDE_STYLE('',(#19545));
#19545 = SURFACE_STYLE_FILL_AREA(#19546);
#19546 = FILL_AREA_STYLE('',(#19547));
#19547 = FILL_AREA_STYLE_COLOUR('',#19124);
#19548 = CURVE_STYLE('',#19549,POSITIVE_LENGTH_MEASURE(0.1),#19124);
#19549 = DRAUGHTING_PRE_DEFINED_CURVE_FONT('continuous');
#19550 = STYLED_ITEM('color',(#19551),#2772);
#19551 = PRESENTATION_STYLE_ASSIGNMENT((#19552,#19557));
#19552 = SURFACE_STYLE_USAGE(.BOTH.,#19553);
#19553 = SURFACE_SIDE_STYLE('',(#19554));
#19554 = SURFACE_STYLE_FILL_AREA(#19555);
#19555 = FILL_AREA_STYLE('',(#19556));
#19556 = FILL_AREA_STYLE_COLOUR('',#19124);
#19557 = CURVE_STYLE('',#19558,POSITIVE_LENGTH_MEASURE(0.1),#19124);
#19558 = DRAUGHTING_PRE_DEFINED_CURVE_FONT('continuous');
#19559 = STYLED_ITEM('color',(#19560),#2789);
#19560 = PRESENTATION_STYLE_ASSIGNMENT((#19561,#19566));
#19561 = SURFACE_STYLE_USAGE(.BOTH.,#19562);
#19562 = SURFACE_SIDE_STYLE('',(#19563));
#19563 = SURFACE_STYLE_FILL_AREA(#19564);
#19564 = FILL_AREA_STYLE('',(#19565));
#19565 = FILL_AREA_STYLE_COLOUR('',#19124);
#19566 = CURVE_STYLE('',#19567,POSITIVE_LENGTH_MEASURE(0.1),#19124);
#19567 = DRAUGHTING_PRE_DEFINED_CURVE_FONT('continuous');
#19568 = STYLED_ITEM('color',(#19569),#2836);
#19569 = PRESENTATION_STYLE_ASSIGNMENT((#19570,#19575));
#19570 = SURFACE_STYLE_USAGE(.BOTH.,#19571);
#19571 = SURFACE_SIDE_STYLE('',(#19572));
#19572 = SURFACE_STYLE_FILL_AREA(#19573);
#19573 = FILL_AREA_STYLE('',(#19574));
#19574 = FILL_AREA_STYLE_COLOUR('',#19124);
#19575 = CURVE_STYLE('',#19576,POSITIVE_LENGTH_MEASURE(0.1),#19124);
#19576 = DRAUGHTING_PRE_DEFINED_CURVE_FONT('continuous');
#19577 = STYLED_ITEM('color',(#19578),#2853);
#19578 = PRESENTATION_STYLE_ASSIGNMENT((#19579,#19584));
#19579 = SURFACE_STYLE_USAGE(.BOTH.,#19580);
#19580 = SURFACE_SIDE_STYLE('',(#19581));
#19581 = SURFACE_STYLE_FILL_AREA(#19582);
#19582 = FILL_AREA_STYLE('',(#19583));
#19583 = FILL_AREA_STYLE_COLOUR('',#19124);
#19584 = CURVE_STYLE('',#19585,POSITIVE_LENGTH_MEASURE(0.1),#19124);
#19585 = DRAUGHTING_PRE_DEFINED_CURVE_FONT('continuous');
#19586 = STYLED_ITEM('color',(#19587),#2900);
#19587 = PRESENTATION_STYLE_ASSIGNMENT((#19588,#19593));
#19588 = SURFACE_STYLE_USAGE(.BOTH.,#19589);
#19589 = SURFACE_SIDE_STYLE('',(#19590));
#19590 = SURFACE_STYLE_FILL_AREA(#19591);
#19591 = FILL_AREA_STYLE('',(#19592));
#19592 = FILL_AREA_STYLE_COLOUR('',#19124);
#19593 = CURVE_STYLE('',#19594,POSITIVE_LENGTH_MEASURE(0.1),#19124);
#19594 = DRAUGHTING_PRE_DEFINED_CURVE_FONT('continuous');
#19595 = STYLED_ITEM('color',(#19596),#2917);
#19596 = PRESENTATION_STYLE_ASSIGNMENT((#19597,#19602));
#19597 = SURFACE_STYLE_USAGE(.BOTH.,#19598);
#19598 = SURFACE_SIDE_STYLE('',(#19599));
#19599 = SURFACE_STYLE_FILL_AREA(#19600);
#19600 = FILL_AREA_STYLE('',(#19601));
#19601 = FILL_AREA_STYLE_COLOUR('',#19124);
#19602 = CURVE_STYLE('',#19603,POSITIVE_LENGTH_MEASURE(0.1),#19124);
#19603 = DRAUGHTING_PRE_DEFINED_CURVE_FONT('continuous');
#19604 = STYLED_ITEM('color',(#19605),#2964);
#19605 = PRESENTATION_STYLE_ASSIGNMENT((#19606,#19611));
#19606 = SURFACE_STYLE_USAGE(.BOTH.,#19607);
#19607 = SURFACE_SIDE_STYLE('',(#19608));
#19608 = SURFACE_STYLE_FILL_AREA(#19609);
#19609 = FILL_AREA_STYLE('',(#19610));
#19610 = FILL_AREA_STYLE_COLOUR('',#19124);
#19611 = CURVE_STYLE('',#19612,POSITIVE_LENGTH_MEASURE(0.1),#19124);
#19612 = DRAUGHTING_PRE_DEFINED_CURVE_FONT('continuous');
#19613 = STYLED_ITEM('color',(#19614),#2981);
#19614 = PRESENTATION_STYLE_ASSIGNMENT((#19615,#19620));
#19615 = SURFACE_STYLE_USAGE(.BOTH.,#19616);
#19616 = SURFACE_SIDE_STYLE('',(#19617));
#19617 = SURFACE_STYLE_FILL_AREA(#19618);
#19618 = FILL_AREA_STYLE('',(#19619));
#19619 = FILL_AREA_STYLE_COLOUR('',#19124);
#19620 = CURVE_STYLE('',#19621,POSITIVE_LENGTH_MEASURE(0.1),#19124);
#19621 = DRAUGHTING_PRE_DEFINED_CURVE_FONT('continuous');
#19622 = STYLED_ITEM('color',(#19623),#3028);
#19623 = PRESENTATION_STYLE_ASSIGNMENT((#19624,#19629));
#19624 = SURFACE_STYLE_USAGE(.BOTH.,#19625);
#19625 = SURFACE_SIDE_STYLE('',(#19626));
#19626 = SURFACE_STYLE_FILL_AREA(#19627);
#19627 = FILL_AREA_STYLE('',(#19628));
#19628 = FILL_AREA_STYLE_COLOUR('',#19124);
#19629 = CURVE_STYLE('',#19630,POSITIVE_LENGTH_MEASURE(0.1),#19124);
#19630 = DRAUGHTING_PRE_DEFINED_CURVE_FONT('continuous');
#19631 = STYLED_ITEM('color',(#19632),#3045);
#19632 = PRESENTATION_STYLE_ASSIGNMENT((#19633,#19638));
#19633 = SURFACE_STYLE_USAGE(.BOTH.,#19634);
#19634 = SURFACE_SIDE_STYLE('',(#19635));
#19635 = SURFACE_STYLE_FILL_AREA(#19636);
#19636 = FILL_AREA_STYLE('',(#19637));
#19637 = FILL_AREA_STYLE_COLOUR('',#19124);
#19638 = CURVE_STYLE('',#19639,POSITIVE_LENGTH_MEASURE(0.1),#19124);
#19639 = DRAUGHTING_PRE_DEFINED_CURVE_FONT('continuous');
#19640 = STYLED_ITEM('color',(#19641),#3092);
#19641 = PRESENTATION_STYLE_ASSIGNMENT((#19642,#19647));
#19642 = SURFACE_STYLE_USAGE(.BOTH.,#19643);
#19643 = SURFACE_SIDE_STYLE('',(#19644));
#19644 = SURFACE_STYLE_FILL_AREA(#19645);
#19645 = FILL_AREA_STYLE('',(#19646));
#19646 = FILL_AREA_STYLE_COLOUR('',#19124);
#19647 = CURVE_STYLE('',#19648,POSITIVE_LENGTH_MEASURE(0.1),#19124);
#19648 = DRAUGHTING_PRE_DEFINED_CURVE_FONT('continuous');
#19649 = STYLED_ITEM('color',(#19650),#3109);
#19650 = PRESENTATION_STYLE_ASSIGNMENT((#19651,#19656));
#19651 = SURFACE_STYLE_USAGE(.BOTH.,#19652);
#19652 = SURFACE_SIDE_STYLE('',(#19653));
#19653 = SURFACE_STYLE_FILL_AREA(#19654);
#19654 = FILL_AREA_STYLE('',(#19655));
#19655 = FILL_AREA_STYLE_COLOUR('',#19124);
#19656 = CURVE_STYLE('',#19657,POSITIVE_LENGTH_MEASURE(0.1),#19124);
#19657 = DRAUGHTING_PRE_DEFINED_CURVE_FONT('continuous');
#19658 = STYLED_ITEM('color',(#19659),#3156);
#19659 = PRESENTATION_STYLE_ASSIGNMENT((#19660,#19665));
#19660 = SURFACE_STYLE_USAGE(.BOTH.,#19661);
#19661 = SURFACE_SIDE_STYLE('',(#19662));
#19662 = SURFACE_STYLE_FILL_AREA(#19663);
#19663 = FILL_AREA_STYLE('',(#19664));
#19664 = FILL_AREA_STYLE_COLOUR('',#19124);
#19665 = CURVE_STYLE('',#19666,POSITIVE_LENGTH_MEASURE(0.1),#19124);
#19666 = DRAUGHTING_PRE_DEFINED_CURVE_FONT('continuous');
#19667 = STYLED_ITEM('color',(#19668),#3173);
#19668 = PRESENTATION_STYLE_ASSIGNMENT((#19669,#19674));
#19669 = SURFACE_STYLE_USAGE(.BOTH.,#19670);
#19670 = SURFACE_SIDE_STYLE('',(#19671));
#19671 = SURFACE_STYLE_FILL_AREA(#19672);
#19672 = FILL_AREA_STYLE('',(#19673));
#19673 = FILL_AREA_STYLE_COLOUR('',#19124);
#19674 = CURVE_STYLE('',#19675,POSITIVE_LENGTH_MEASURE(0.1),#19124);
#19675 = DRAUGHTING_PRE_DEFINED_CURVE_FONT('continuous');
#19676 = STYLED_ITEM('color',(#19677),#3220);
#19677 = PRESENTATION_STYLE_ASSIGNMENT((#19678,#19683));
#19678 = SURFACE_STYLE_USAGE(.BOTH.,#19679);
#19679 = SURFACE_SIDE_STYLE('',(#19680));
#19680 = SURFACE_STYLE_FILL_AREA(#19681);
#19681 = FILL_AREA_STYLE('',(#19682));
#19682 = FILL_AREA_STYLE_COLOUR('',#19051);
#19683 = CURVE_STYLE('',#19684,POSITIVE_LENGTH_MEASURE(0.1),#19051);
#19684 = DRAUGHTING_PRE_DEFINED_CURVE_FONT('continuous');
#19685 = STYLED_ITEM('color',(#19686),#3251);
#19686 = PRESENTATION_STYLE_ASSIGNMENT((#19687,#19692));
#19687 = SURFACE_STYLE_USAGE(.BOTH.,#19688);
#19688 = SURFACE_SIDE_STYLE('',(#19689));
#19689 = SURFACE_STYLE_FILL_AREA(#19690);
#19690 = FILL_AREA_STYLE('',(#19691));
#19691 = FILL_AREA_STYLE_COLOUR('',#19051);
#19692 = CURVE_STYLE('',#19693,POSITIVE_LENGTH_MEASURE(0.1),#19051);
#19693 = DRAUGHTING_PRE_DEFINED_CURVE_FONT('continuous');
#19694 = OVER_RIDING_STYLED_ITEM('overriding color',(#19695),#3265,
  #19685);
#19695 = PRESENTATION_STYLE_ASSIGNMENT((#19696,#19701));
#19696 = SURFACE_STYLE_USAGE(.BOTH.,#19697);
#19697 = SURFACE_SIDE_STYLE('',(#19698));
#19698 = SURFACE_STYLE_FILL_AREA(#19699);
#19699 = FILL_AREA_STYLE('',(#19700));
#19700 = FILL_AREA_STYLE_COLOUR('',#19124);
#19701 = CURVE_STYLE('',#19702,POSITIVE_LENGTH_MEASURE(0.1),#19124);
#19702 = DRAUGHTING_PRE_DEFINED_CURVE_FONT('continuous');
#19703 = OVER_RIDING_STYLED_ITEM('overriding color',(#19704),#3281,
  #19685);
#19704 = PRESENTATION_STYLE_ASSIGNMENT((#19705,#19710));
#19705 = SURFACE_STYLE_USAGE(.BOTH.,#19706);
#19706 = SURFACE_SIDE_STYLE('',(#19707));
#19707 = SURFACE_STYLE_FILL_AREA(#19708);
#19708 = FILL_AREA_STYLE('',(#19709));
#19709 = FILL_AREA_STYLE_COLOUR('',#19124);
#19710 = CURVE_STYLE('',#19711,POSITIVE_LENGTH_MEASURE(0.1),#19124);
#19711 = DRAUGHTING_PRE_DEFINED_CURVE_FONT('continuous');
#19712 = STYLED_ITEM('color',(#19713),#3307);
#19713 = PRESENTATION_STYLE_ASSIGNMENT((#19714,#19719));
#19714 = SURFACE_STYLE_USAGE(.BOTH.,#19715);
#19715 = SURFACE_SIDE_STYLE('',(#19716));
#19716 = SURFACE_STYLE_FILL_AREA(#19717);
#19717 = FILL_AREA_STYLE('',(#19718));
#19718 = FILL_AREA_STYLE_COLOUR('',#19051);
#19719 = CURVE_STYLE('',#19720,POSITIVE_LENGTH_MEASURE(0.1),#19051);
#19720 = DRAUGHTING_PRE_DEFINED_CURVE_FONT('continuous');
#19721 = STYLED_ITEM('color',(#19722),#3331);
#19722 = PRESENTATION_STYLE_ASSIGNMENT((#19723,#19728));
#19723 = SURFACE_STYLE_USAGE(.BOTH.,#19724);
#19724 = SURFACE_SIDE_STYLE('',(#19725));
#19725 = SURFACE_STYLE_FILL_AREA(#19726);
#19726 = FILL_AREA_STYLE('',(#19727));
#19727 = FILL_AREA_STYLE_COLOUR('',#19051);
#19728 = CURVE_STYLE('',#19729,POSITIVE_LENGTH_MEASURE(0.1),#19051);
#19729 = DRAUGHTING_PRE_DEFINED_CURVE_FONT('continuous');
#19730 = OVER_RIDING_STYLED_ITEM('overriding color',(#19731),#3345,
  #19721);
#19731 = PRESENTATION_STYLE_ASSIGNMENT((#19732,#19737));
#19732 = SURFACE_STYLE_USAGE(.BOTH.,#19733);
#19733 = SURFACE_SIDE_STYLE('',(#19734));
#19734 = SURFACE_STYLE_FILL_AREA(#19735);
#19735 = FILL_AREA_STYLE('',(#19736));
#19736 = FILL_AREA_STYLE_COLOUR('',#19124);
#19737 = CURVE_STYLE('',#19738,POSITIVE_LENGTH_MEASURE(0.1),#19124);
#19738 = DRAUGHTING_PRE_DEFINED_CURVE_FONT('continuous');
#19739 = OVER_RIDING_STYLED_ITEM('overriding color',(#19740),#3361,
  #19721);
#19740 = PRESENTATION_STYLE_ASSIGNMENT((#19741,#19746));
#19741 = SURFACE_STYLE_USAGE(.BOTH.,#19742);
#19742 = SURFACE_SIDE_STYLE('',(#19743));
#19743 = SURFACE_STYLE_FILL_AREA(#19744);
#19744 = FILL_AREA_STYLE('',(#19745));
#19745 = FILL_AREA_STYLE_COLOUR('',#19124);
#19746 = CURVE_STYLE('',#19747,POSITIVE_LENGTH_MEASURE(0.1),#19124);
#19747 = DRAUGHTING_PRE_DEFINED_CURVE_FONT('continuous');
#19748 = STYLED_ITEM('color',(#19749),#3380);
#19749 = PRESENTATION_STYLE_ASSIGNMENT((#19750,#19755));
#19750 = SURFACE_STYLE_USAGE(.BOTH.,#19751);
#19751 = SURFACE_SIDE_STYLE('',(#19752));
#19752 = SURFACE_STYLE_FILL_AREA(#19753);
#19753 = FILL_AREA_STYLE('',(#19754));
#19754 = FILL_AREA_STYLE_COLOUR('',#19051);
#19755 = CURVE_STYLE('',#19756,POSITIVE_LENGTH_MEASURE(0.1),#19051);
#19756 = DRAUGHTING_PRE_DEFINED_CURVE_FONT('continuous');
#19757 = STYLED_ITEM('color',(#19758),#3411);
#19758 = PRESENTATION_STYLE_ASSIGNMENT((#19759,#19764));
#19759 = SURFACE_STYLE_USAGE(.BOTH.,#19760);
#19760 = SURFACE_SIDE_STYLE('',(#19761));
#19761 = SURFACE_STYLE_FILL_AREA(#19762);
#19762 = FILL_AREA_STYLE('',(#19763));
#19763 = FILL_AREA_STYLE_COLOUR('',#19051);
#19764 = CURVE_STYLE('',#19765,POSITIVE_LENGTH_MEASURE(0.1),#19051);
#19765 = DRAUGHTING_PRE_DEFINED_CURVE_FONT('continuous');
#19766 = OVER_RIDING_STYLED_ITEM('overriding color',(#19767),#3425,
  #19757);
#19767 = PRESENTATION_STYLE_ASSIGNMENT((#19768,#19773));
#19768 = SURFACE_STYLE_USAGE(.BOTH.,#19769);
#19769 = SURFACE_SIDE_STYLE('',(#19770));
#19770 = SURFACE_STYLE_FILL_AREA(#19771);
#19771 = FILL_AREA_STYLE('',(#19772));
#19772 = FILL_AREA_STYLE_COLOUR('',#19124);
#19773 = CURVE_STYLE('',#19774,POSITIVE_LENGTH_MEASURE(0.1),#19124);
#19774 = DRAUGHTING_PRE_DEFINED_CURVE_FONT('continuous');
#19775 = OVER_RIDING_STYLED_ITEM('overriding color',(#19776),#3441,
  #19757);
#19776 = PRESENTATION_STYLE_ASSIGNMENT((#19777,#19782));
#19777 = SURFACE_STYLE_USAGE(.BOTH.,#19778);
#19778 = SURFACE_SIDE_STYLE('',(#19779));
#19779 = SURFACE_STYLE_FILL_AREA(#19780);
#19780 = FILL_AREA_STYLE('',(#19781));
#19781 = FILL_AREA_STYLE_COLOUR('',#19124);
#19782 = CURVE_STYLE('',#19783,POSITIVE_LENGTH_MEASURE(0.1),#19124);
#19783 = DRAUGHTING_PRE_DEFINED_CURVE_FONT('continuous');
#19784 = STYLED_ITEM('color',(#19785),#3467);
#19785 = PRESENTATION_STYLE_ASSIGNMENT((#19786,#19791));
#19786 = SURFACE_STYLE_USAGE(.BOTH.,#19787);
#19787 = SURFACE_SIDE_STYLE('',(#19788));
#19788 = SURFACE_STYLE_FILL_AREA(#19789);
#19789 = FILL_AREA_STYLE('',(#19790));
#19790 = FILL_AREA_STYLE_COLOUR('',#19051);
#19791 = CURVE_STYLE('',#19792,POSITIVE_LENGTH_MEASURE(0.1),#19051);
#19792 = DRAUGHTING_PRE_DEFINED_CURVE_FONT('continuous');
#19793 = STYLED_ITEM('color',(#19794),#3491);
#19794 = PRESENTATION_STYLE_ASSIGNMENT((#19795,#19800));
#19795 = SURFACE_STYLE_USAGE(.BOTH.,#19796);
#19796 = SURFACE_SIDE_STYLE('',(#19797));
#19797 = SURFACE_STYLE_FILL_AREA(#19798);
#19798 = FILL_AREA_STYLE('',(#19799));
#19799 = FILL_AREA_STYLE_COLOUR('',#19051);
#19800 = CURVE_STYLE('',#19801,POSITIVE_LENGTH_MEASURE(0.1),#19051);
#19801 = DRAUGHTING_PRE_DEFINED_CURVE_FONT('continuous');
#19802 = OVER_RIDING_STYLED_ITEM('overriding color',(#19803),#3505,
  #19793);
#19803 = PRESENTATION_STYLE_ASSIGNMENT((#19804,#19809));
#19804 = SURFACE_STYLE_USAGE(.BOTH.,#19805);
#19805 = SURFACE_SIDE_STYLE('',(#19806));
#19806 = SURFACE_STYLE_FILL_AREA(#19807);
#19807 = FILL_AREA_STYLE('',(#19808));
#19808 = FILL_AREA_STYLE_COLOUR('',#19124);
#19809 = CURVE_STYLE('',#19810,POSITIVE_LENGTH_MEASURE(0.1),#19124);
#19810 = DRAUGHTING_PRE_DEFINED_CURVE_FONT('continuous');
#19811 = OVER_RIDING_STYLED_ITEM('overriding color',(#19812),#3521,
  #19793);
#19812 = PRESENTATION_STYLE_ASSIGNMENT((#19813,#19818));
#19813 = SURFACE_STYLE_USAGE(.BOTH.,#19814);
#19814 = SURFACE_SIDE_STYLE('',(#19815));
#19815 = SURFACE_STYLE_FILL_AREA(#19816);
#19816 = FILL_AREA_STYLE('',(#19817));
#19817 = FILL_AREA_STYLE_COLOUR('',#19124);
#19818 = CURVE_STYLE('',#19819,POSITIVE_LENGTH_MEASURE(0.1),#19124);
#19819 = DRAUGHTING_PRE_DEFINED_CURVE_FONT('continuous');
#19820 = STYLED_ITEM('color',(#19821),#3540);
#19821 = PRESENTATION_STYLE_ASSIGNMENT((#19822,#19827));
#19822 = SURFACE_STYLE_USAGE(.BOTH.,#19823);
#19823 = SURFACE_SIDE_STYLE('',(#19824));
#19824 = SURFACE_STYLE_FILL_AREA(#19825);
#19825 = FILL_AREA_STYLE('',(#19826));
#19826 = FILL_AREA_STYLE_COLOUR('',#19051);
#19827 = CURVE_STYLE('',#19828,POSITIVE_LENGTH_MEASURE(0.1),#19051);
#19828 = DRAUGHTING_PRE_DEFINED_CURVE_FONT('continuous');
#19829 = STYLED_ITEM('color',(#19830),#3571);
#19830 = PRESENTATION_STYLE_ASSIGNMENT((#19831,#19836));
#19831 = SURFACE_STYLE_USAGE(.BOTH.,#19832);
#19832 = SURFACE_SIDE_STYLE('',(#19833));
#19833 = SURFACE_STYLE_FILL_AREA(#19834);
#19834 = FILL_AREA_STYLE('',(#19835));
#19835 = FILL_AREA_STYLE_COLOUR('',#19051);
#19836 = CURVE_STYLE('',#19837,POSITIVE_LENGTH_MEASURE(0.1),#19051);
#19837 = DRAUGHTING_PRE_DEFINED_CURVE_FONT('continuous');
#19838 = OVER_RIDING_STYLED_ITEM('overriding color',(#19839),#3585,
  #19829);
#19839 = PRESENTATION_STYLE_ASSIGNMENT((#19840,#19845));
#19840 = SURFACE_STYLE_USAGE(.BOTH.,#19841);
#19841 = SURFACE_SIDE_STYLE('',(#19842));
#19842 = SURFACE_STYLE_FILL_AREA(#19843);
#19843 = FILL_AREA_STYLE('',(#19844));
#19844 = FILL_AREA_STYLE_COLOUR('',#19124);
#19845 = CURVE_STYLE('',#19846,POSITIVE_LENGTH_MEASURE(0.1),#19124);
#19846 = DRAUGHTING_PRE_DEFINED_CURVE_FONT('continuous');
#19847 = OVER_RIDING_STYLED_ITEM('overriding color',(#19848),#3601,
  #19829);
#19848 = PRESENTATION_STYLE_ASSIGNMENT((#19849,#19854));
#19849 = SURFACE_STYLE_USAGE(.BOTH.,#19850);
#19850 = SURFACE_SIDE_STYLE('',(#19851));
#19851 = SURFACE_STYLE_FILL_AREA(#19852);
#19852 = FILL_AREA_STYLE('',(#19853));
#19853 = FILL_AREA_STYLE_COLOUR('',#19124);
#19854 = CURVE_STYLE('',#19855,POSITIVE_LENGTH_MEASURE(0.1),#19124);
#19855 = DRAUGHTING_PRE_DEFINED_CURVE_FONT('continuous');
#19856 = STYLED_ITEM('color',(#19857),#3627);
#19857 = PRESENTATION_STYLE_ASSIGNMENT((#19858,#19863));
#19858 = SURFACE_STYLE_USAGE(.BOTH.,#19859);
#19859 = SURFACE_SIDE_STYLE('',(#19860));
#19860 = SURFACE_STYLE_FILL_AREA(#19861);
#19861 = FILL_AREA_STYLE('',(#19862));
#19862 = FILL_AREA_STYLE_COLOUR('',#19051);
#19863 = CURVE_STYLE('',#19864,POSITIVE_LENGTH_MEASURE(0.1),#19051);
#19864 = DRAUGHTING_PRE_DEFINED_CURVE_FONT('continuous');
#19865 = STYLED_ITEM('color',(#19866),#3651);
#19866 = PRESENTATION_STYLE_ASSIGNMENT((#19867,#19872));
#19867 = SURFACE_STYLE_USAGE(.BOTH.,#19868);
#19868 = SURFACE_SIDE_STYLE('',(#19869));
#19869 = SURFACE_STYLE_FILL_AREA(#19870);
#19870 = FILL_AREA_STYLE('',(#19871));
#19871 = FILL_AREA_STYLE_COLOUR('',#19051);
#19872 = CURVE_STYLE('',#19873,POSITIVE_LENGTH_MEASURE(0.1),#19051);
#19873 = DRAUGHTING_PRE_DEFINED_CURVE_FONT('continuous');
#19874 = OVER_RIDING_STYLED_ITEM('overriding color',(#19875),#3665,
  #19865);
#19875 = PRESENTATION_STYLE_ASSIGNMENT((#19876,#19881));
#19876 = SURFACE_STYLE_USAGE(.BOTH.,#19877);
#19877 = SURFACE_SIDE_STYLE('',(#19878));
#19878 = SURFACE_STYLE_FILL_AREA(#19879);
#19879 = FILL_AREA_STYLE('',(#19880));
#19880 = FILL_AREA_STYLE_COLOUR('',#19124);
#19881 = CURVE_STYLE('',#19882,POSITIVE_LENGTH_MEASURE(0.1),#19124);
#19882 = DRAUGHTING_PRE_DEFINED_CURVE_FONT('continuous');
#19883 = OVER_RIDING_STYLED_ITEM('overriding color',(#19884),#3681,
  #19865);
#19884 = PRESENTATION_STYLE_ASSIGNMENT((#19885,#19890));
#19885 = SURFACE_STYLE_USAGE(.BOTH.,#19886);
#19886 = SURFACE_SIDE_STYLE('',(#19887));
#19887 = SURFACE_STYLE_FILL_AREA(#19888);
#19888 = FILL_AREA_STYLE('',(#19889));
#19889 = FILL_AREA_STYLE_COLOUR('',#19124);
#19890 = CURVE_STYLE('',#19891,POSITIVE_LENGTH_MEASURE(0.1),#19124);
#19891 = DRAUGHTING_PRE_DEFINED_CURVE_FONT('continuous');
#19892 = STYLED_ITEM('color',(#19893),#3700);
#19893 = PRESENTATION_STYLE_ASSIGNMENT((#19894,#19899));
#19894 = SURFACE_STYLE_USAGE(.BOTH.,#19895);
#19895 = SURFACE_SIDE_STYLE('',(#19896));
#19896 = SURFACE_STYLE_FILL_AREA(#19897);
#19897 = FILL_AREA_STYLE('',(#19898));
#19898 = FILL_AREA_STYLE_COLOUR('',#19051);
#19899 = CURVE_STYLE('',#19900,POSITIVE_LENGTH_MEASURE(0.1),#19051);
#19900 = DRAUGHTING_PRE_DEFINED_CURVE_FONT('continuous');
#19901 = STYLED_ITEM('color',(#19902),#3731);
#19902 = PRESENTATION_STYLE_ASSIGNMENT((#19903,#19908));
#19903 = SURFACE_STYLE_USAGE(.BOTH.,#19904);
#19904 = SURFACE_SIDE_STYLE('',(#19905));
#19905 = SURFACE_STYLE_FILL_AREA(#19906);
#19906 = FILL_AREA_STYLE('',(#19907));
#19907 = FILL_AREA_STYLE_COLOUR('',#19051);
#19908 = CURVE_STYLE('',#19909,POSITIVE_LENGTH_MEASURE(0.1),#19051);
#19909 = DRAUGHTING_PRE_DEFINED_CURVE_FONT('continuous');
#19910 = OVER_RIDING_STYLED_ITEM('overriding color',(#19911),#3745,
  #19901);
#19911 = PRESENTATION_STYLE_ASSIGNMENT((#19912,#19917));
#19912 = SURFACE_STYLE_USAGE(.BOTH.,#19913);
#19913 = SURFACE_SIDE_STYLE('',(#19914));
#19914 = SURFACE_STYLE_FILL_AREA(#19915);
#19915 = FILL_AREA_STYLE('',(#19916));
#19916 = FILL_AREA_STYLE_COLOUR('',#19124);
#19917 = CURVE_STYLE('',#19918,POSITIVE_LENGTH_MEASURE(0.1),#19124);
#19918 = DRAUGHTING_PRE_DEFINED_CURVE_FONT('continuous');
#19919 = OVER_RIDING_STYLED_ITEM('overriding color',(#19920),#3761,
  #19901);
#19920 = PRESENTATION_STYLE_ASSIGNMENT((#19921,#19926));
#19921 = SURFACE_STYLE_USAGE(.BOTH.,#19922);
#19922 = SURFACE_SIDE_STYLE('',(#19923));
#19923 = SURFACE_STYLE_FILL_AREA(#19924);
#19924 = FILL_AREA_STYLE('',(#19925));
#19925 = FILL_AREA_STYLE_COLOUR('',#19124);
#19926 = CURVE_STYLE('',#19927,POSITIVE_LENGTH_MEASURE(0.1),#19124);
#19927 = DRAUGHTING_PRE_DEFINED_CURVE_FONT('continuous');
#19928 = STYLED_ITEM('color',(#19929),#3787);
#19929 = PRESENTATION_STYLE_ASSIGNMENT((#19930,#19935));
#19930 = SURFACE_STYLE_USAGE(.BOTH.,#19931);
#19931 = SURFACE_SIDE_STYLE('',(#19932));
#19932 = SURFACE_STYLE_FILL_AREA(#19933);
#19933 = FILL_AREA_STYLE('',(#19934));
#19934 = FILL_AREA_STYLE_COLOUR('',#19051);
#19935 = CURVE_STYLE('',#19936,POSITIVE_LENGTH_MEASURE(0.1),#19051);
#19936 = DRAUGHTING_PRE_DEFINED_CURVE_FONT('continuous');
#19937 = STYLED_ITEM('color',(#19938),#3811);
#19938 = PRESENTATION_STYLE_ASSIGNMENT((#19939,#19944));
#19939 = SURFACE_STYLE_USAGE(.BOTH.,#19940);
#19940 = SURFACE_SIDE_STYLE('',(#19941));
#19941 = SURFACE_STYLE_FILL_AREA(#19942);
#19942 = FILL_AREA_STYLE('',(#19943));
#19943 = FILL_AREA_STYLE_COLOUR('',#19051);
#19944 = CURVE_STYLE('',#19945,POSITIVE_LENGTH_MEASURE(0.1),#19051);
#19945 = DRAUGHTING_PRE_DEFINED_CURVE_FONT('continuous');
#19946 = OVER_RIDING_STYLED_ITEM('overriding color',(#19947),#3825,
  #19937);
#19947 = PRESENTATION_STYLE_ASSIGNMENT((#19948,#19953));
#19948 = SURFACE_STYLE_USAGE(.BOTH.,#19949);
#19949 = SURFACE_SIDE_STYLE('',(#19950));
#19950 = SURFACE_STYLE_FILL_AREA(#19951);
#19951 = FILL_AREA_STYLE('',(#19952));
#19952 = FILL_AREA_STYLE_COLOUR('',#19124);
#19953 = CURVE_STYLE('',#19954,POSITIVE_LENGTH_MEASURE(0.1),#19124);
#19954 = DRAUGHTING_PRE_DEFINED_CURVE_FONT('continuous');
#19955 = OVER_RIDING_STYLED_ITEM('overriding color',(#19956),#3841,
  #19937);
#19956 = PRESENTATION_STYLE_ASSIGNMENT((#19957,#19962));
#19957 = SURFACE_STYLE_USAGE(.BOTH.,#19958);
#19958 = SURFACE_SIDE_STYLE('',(#19959));
#19959 = SURFACE_STYLE_FILL_AREA(#19960);
#19960 = FILL_AREA_STYLE('',(#19961));
#19961 = FILL_AREA_STYLE_COLOUR('',#19124);
#19962 = CURVE_STYLE('',#19963,POSITIVE_LENGTH_MEASURE(0.1),#19124);
#19963 = DRAUGHTING_PRE_DEFINED_CURVE_FONT('continuous');
#19964 = STYLED_ITEM('color',(#19965),#3860);
#19965 = PRESENTATION_STYLE_ASSIGNMENT((#19966,#19971));
#19966 = SURFACE_STYLE_USAGE(.BOTH.,#19967);
#19967 = SURFACE_SIDE_STYLE('',(#19968));
#19968 = SURFACE_STYLE_FILL_AREA(#19969);
#19969 = FILL_AREA_STYLE('',(#19970));
#19970 = FILL_AREA_STYLE_COLOUR('',#19051);
#19971 = CURVE_STYLE('',#19972,POSITIVE_LENGTH_MEASURE(0.1),#19051);
#19972 = DRAUGHTING_PRE_DEFINED_CURVE_FONT('continuous');
#19973 = STYLED_ITEM('color',(#19974),#3891);
#19974 = PRESENTATION_STYLE_ASSIGNMENT((#19975,#19980));
#19975 = SURFACE_STYLE_USAGE(.BOTH.,#19976);
#19976 = SURFACE_SIDE_STYLE('',(#19977));
#19977 = SURFACE_STYLE_FILL_AREA(#19978);
#19978 = FILL_AREA_STYLE('',(#19979));
#19979 = FILL_AREA_STYLE_COLOUR('',#19051);
#19980 = CURVE_STYLE('',#19981,POSITIVE_LENGTH_MEASURE(0.1),#19051);
#19981 = DRAUGHTING_PRE_DEFINED_CURVE_FONT('continuous');
#19982 = OVER_RIDING_STYLED_ITEM('overriding color',(#19983),#3905,
  #19973);
#19983 = PRESENTATION_STYLE_ASSIGNMENT((#19984,#19989));
#19984 = SURFACE_STYLE_USAGE(.BOTH.,#19985);
#19985 = SURFACE_SIDE_STYLE('',(#19986));
#19986 = SURFACE_STYLE_FILL_AREA(#19987);
#19987 = FILL_AREA_STYLE('',(#19988));
#19988 = FILL_AREA_STYLE_COLOUR('',#19124);
#19989 = CURVE_STYLE('',#19990,POSITIVE_LENGTH_MEASURE(0.1),#19124);
#19990 = DRAUGHTING_PRE_DEFINED_CURVE_FONT('continuous');
#19991 = OVER_RIDING_STYLED_ITEM('overriding color',(#19992),#3921,
  #19973);
#19992 = PRESENTATION_STYLE_ASSIGNMENT((#19993,#19998));
#19993 = SURFACE_STYLE_USAGE(.BOTH.,#19994);
#19994 = SURFACE_SIDE_STYLE('',(#19995));
#19995 = SURFACE_STYLE_FILL_AREA(#19996);
#19996 = FILL_AREA_STYLE('',(#19997));
#19997 = FILL_AREA_STYLE_COLOUR('',#19124);
#19998 = CURVE_STYLE('',#19999,POSITIVE_LENGTH_MEASURE(0.1),#19124);
#19999 = DRAUGHTING_PRE_DEFINED_CURVE_FONT('continuous');
#20000 = STYLED_ITEM('color',(#20001),#3947);
#20001 = PRESENTATION_STYLE_ASSIGNMENT((#20002,#20007));
#20002 = SURFACE_STYLE_USAGE(.BOTH.,#20003);
#20003 = SURFACE_SIDE_STYLE('',(#20004));
#20004 = SURFACE_STYLE_FILL_AREA(#20005);
#20005 = FILL_AREA_STYLE('',(#20006));
#20006 = FILL_AREA_STYLE_COLOUR('',#19051);
#20007 = CURVE_STYLE('',#20008,POSITIVE_LENGTH_MEASURE(0.1),#19051);
#20008 = DRAUGHTING_PRE_DEFINED_CURVE_FONT('continuous');
#20009 = STYLED_ITEM('color',(#20010),#3971);
#20010 = PRESENTATION_STYLE_ASSIGNMENT((#20011,#20016));
#20011 = SURFACE_STYLE_USAGE(.BOTH.,#20012);
#20012 = SURFACE_SIDE_STYLE('',(#20013));
#20013 = SURFACE_STYLE_FILL_AREA(#20014);
#20014 = FILL_AREA_STYLE('',(#20015));
#20015 = FILL_AREA_STYLE_COLOUR('',#19051);
#20016 = CURVE_STYLE('',#20017,POSITIVE_LENGTH_MEASURE(0.1),#19051);
#20017 = DRAUGHTING_PRE_DEFINED_CURVE_FONT('continuous');
#20018 = OVER_RIDING_STYLED_ITEM('overriding color',(#20019),#3985,
  #20009);
#20019 = PRESENTATION_STYLE_ASSIGNMENT((#20020,#20025));
#20020 = SURFACE_STYLE_USAGE(.BOTH.,#20021);
#20021 = SURFACE_SIDE_STYLE('',(#20022));
#20022 = SURFACE_STYLE_FILL_AREA(#20023);
#20023 = FILL_AREA_STYLE('',(#20024));
#20024 = FILL_AREA_STYLE_COLOUR('',#19124);
#20025 = CURVE_STYLE('',#20026,POSITIVE_LENGTH_MEASURE(0.1),#19124);
#20026 = DRAUGHTING_PRE_DEFINED_CURVE_FONT('continuous');
#20027 = OVER_RIDING_STYLED_ITEM('overriding color',(#20028),#4001,
  #20009);
#20028 = PRESENTATION_STYLE_ASSIGNMENT((#20029,#20034));
#20029 = SURFACE_STYLE_USAGE(.BOTH.,#20030);
#20030 = SURFACE_SIDE_STYLE('',(#20031));
#20031 = SURFACE_STYLE_FILL_AREA(#20032);
#20032 = FILL_AREA_STYLE('',(#20033));
#20033 = FILL_AREA_STYLE_COLOUR('',#19124);
#20034 = CURVE_STYLE('',#20035,POSITIVE_LENGTH_MEASURE(0.1),#19124);
#20035 = DRAUGHTING_PRE_DEFINED_CURVE_FONT('continuous');
#20036 = STYLED_ITEM('color',(#20037),#4020);
#20037 = PRESENTATION_STYLE_ASSIGNMENT((#20038,#20043));
#20038 = SURFACE_STYLE_USAGE(.BOTH.,#20039);
#20039 = SURFACE_SIDE_STYLE('',(#20040));
#20040 = SURFACE_STYLE_FILL_AREA(#20041);
#20041 = FILL_AREA_STYLE('',(#20042));
#20042 = FILL_AREA_STYLE_COLOUR('',#19051);
#20043 = CURVE_STYLE('',#20044,POSITIVE_LENGTH_MEASURE(0.1),#19051);
#20044 = DRAUGHTING_PRE_DEFINED_CURVE_FONT('continuous');
#20045 = STYLED_ITEM('color',(#20046),#4051);
#20046 = PRESENTATION_STYLE_ASSIGNMENT((#20047,#20052));
#20047 = SURFACE_STYLE_USAGE(.BOTH.,#20048);
#20048 = SURFACE_SIDE_STYLE('',(#20049));
#20049 = SURFACE_STYLE_FILL_AREA(#20050);
#20050 = FILL_AREA_STYLE('',(#20051));
#20051 = FILL_AREA_STYLE_COLOUR('',#19051);
#20052 = CURVE_STYLE('',#20053,POSITIVE_LENGTH_MEASURE(0.1),#19051);
#20053 = DRAUGHTING_PRE_DEFINED_CURVE_FONT('continuous');
#20054 = OVER_RIDING_STYLED_ITEM('overriding color',(#20055),#4065,
  #20045);
#20055 = PRESENTATION_STYLE_ASSIGNMENT((#20056,#20061));
#20056 = SURFACE_STYLE_USAGE(.BOTH.,#20057);
#20057 = SURFACE_SIDE_STYLE('',(#20058));
#20058 = SURFACE_STYLE_FILL_AREA(#20059);
#20059 = FILL_AREA_STYLE('',(#20060));
#20060 = FILL_AREA_STYLE_COLOUR('',#19124);
#20061 = CURVE_STYLE('',#20062,POSITIVE_LENGTH_MEASURE(0.1),#19124);
#20062 = DRAUGHTING_PRE_DEFINED_CURVE_FONT('continuous');
#20063 = OVER_RIDING_STYLED_ITEM('overriding color',(#20064),#4081,
  #20045);
#20064 = PRESENTATION_STYLE_ASSIGNMENT((#20065,#20070));
#20065 = SURFACE_STYLE_USAGE(.BOTH.,#20066);
#20066 = SURFACE_SIDE_STYLE('',(#20067));
#20067 = SURFACE_STYLE_FILL_AREA(#20068);
#20068 = FILL_AREA_STYLE('',(#20069));
#20069 = FILL_AREA_STYLE_COLOUR('',#19124);
#20070 = CURVE_STYLE('',#20071,POSITIVE_LENGTH_MEASURE(0.1),#19124);
#20071 = DRAUGHTING_PRE_DEFINED_CURVE_FONT('continuous');
#20072 = STYLED_ITEM('color',(#20073),#4107);
#20073 = PRESENTATION_STYLE_ASSIGNMENT((#20074,#20079));
#20074 = SURFACE_STYLE_USAGE(.BOTH.,#20075);
#20075 = SURFACE_SIDE_STYLE('',(#20076));
#20076 = SURFACE_STYLE_FILL_AREA(#20077);
#20077 = FILL_AREA_STYLE('',(#20078));
#20078 = FILL_AREA_STYLE_COLOUR('',#19051);
#20079 = CURVE_STYLE('',#20080,POSITIVE_LENGTH_MEASURE(0.1),#19051);
#20080 = DRAUGHTING_PRE_DEFINED_CURVE_FONT('continuous');
#20081 = STYLED_ITEM('color',(#20082),#4131);
#20082 = PRESENTATION_STYLE_ASSIGNMENT((#20083,#20088));
#20083 = SURFACE_STYLE_USAGE(.BOTH.,#20084);
#20084 = SURFACE_SIDE_STYLE('',(#20085));
#20085 = SURFACE_STYLE_FILL_AREA(#20086);
#20086 = FILL_AREA_STYLE('',(#20087));
#20087 = FILL_AREA_STYLE_COLOUR('',#19051);
#20088 = CURVE_STYLE('',#20089,POSITIVE_LENGTH_MEASURE(0.1),#19051);
#20089 = DRAUGHTING_PRE_DEFINED_CURVE_FONT('continuous');
#20090 = OVER_RIDING_STYLED_ITEM('overriding color',(#20091),#4145,
  #20081);
#20091 = PRESENTATION_STYLE_ASSIGNMENT((#20092,#20097));
#20092 = SURFACE_STYLE_USAGE(.BOTH.,#20093);
#20093 = SURFACE_SIDE_STYLE('',(#20094));
#20094 = SURFACE_STYLE_FILL_AREA(#20095);
#20095 = FILL_AREA_STYLE('',(#20096));
#20096 = FILL_AREA_STYLE_COLOUR('',#19124);
#20097 = CURVE_STYLE('',#20098,POSITIVE_LENGTH_MEASURE(0.1),#19124);
#20098 = DRAUGHTING_PRE_DEFINED_CURVE_FONT('continuous');
#20099 = OVER_RIDING_STYLED_ITEM('overriding color',(#20100),#4161,
  #20081);
#20100 = PRESENTATION_STYLE_ASSIGNMENT((#20101,#20106));
#20101 = SURFACE_STYLE_USAGE(.BOTH.,#20102);
#20102 = SURFACE_SIDE_STYLE('',(#20103));
#20103 = SURFACE_STYLE_FILL_AREA(#20104);
#20104 = FILL_AREA_STYLE('',(#20105));
#20105 = FILL_AREA_STYLE_COLOUR('',#19124);
#20106 = CURVE_STYLE('',#20107,POSITIVE_LENGTH_MEASURE(0.1),#19124);
#20107 = DRAUGHTING_PRE_DEFINED_CURVE_FONT('continuous');
#20108 = STYLED_ITEM('color',(#20109),#4180);
#20109 = PRESENTATION_STYLE_ASSIGNMENT((#20110,#20115));
#20110 = SURFACE_STYLE_USAGE(.BOTH.,#20111);
#20111 = SURFACE_SIDE_STYLE('',(#20112));
#20112 = SURFACE_STYLE_FILL_AREA(#20113);
#20113 = FILL_AREA_STYLE('',(#20114));
#20114 = FILL_AREA_STYLE_COLOUR('',#19124);
#20115 = CURVE_STYLE('',#20116,POSITIVE_LENGTH_MEASURE(0.1),#19124);
#20116 = DRAUGHTING_PRE_DEFINED_CURVE_FONT('continuous');
#20117 = STYLED_ITEM('color',(#20118),#4197);
#20118 = PRESENTATION_STYLE_ASSIGNMENT((#20119,#20124));
#20119 = SURFACE_STYLE_USAGE(.BOTH.,#20120);
#20120 = SURFACE_SIDE_STYLE('',(#20121));
#20121 = SURFACE_STYLE_FILL_AREA(#20122);
#20122 = FILL_AREA_STYLE('',(#20123));
#20123 = FILL_AREA_STYLE_COLOUR('',#19124);
#20124 = CURVE_STYLE('',#20125,POSITIVE_LENGTH_MEASURE(0.1),#19124);
#20125 = DRAUGHTING_PRE_DEFINED_CURVE_FONT('continuous');
#20126 = STYLED_ITEM('color',(#20127),#4214);
#20127 = PRESENTATION_STYLE_ASSIGNMENT((#20128,#20133));
#20128 = SURFACE_STYLE_USAGE(.BOTH.,#20129);
#20129 = SURFACE_SIDE_STYLE('',(#20130));
#20130 = SURFACE_STYLE_FILL_AREA(#20131);
#20131 = FILL_AREA_STYLE('',(#20132));
#20132 = FILL_AREA_STYLE_COLOUR('',#19124);
#20133 = CURVE_STYLE('',#20134,POSITIVE_LENGTH_MEASURE(0.1),#19124);
#20134 = DRAUGHTING_PRE_DEFINED_CURVE_FONT('continuous');
#20135 = STYLED_ITEM('color',(#20136),#4231);
#20136 = PRESENTATION_STYLE_ASSIGNMENT((#20137,#20142));
#20137 = SURFACE_STYLE_USAGE(.BOTH.,#20138);
#20138 = SURFACE_SIDE_STYLE('',(#20139));
#20139 = SURFACE_STYLE_FILL_AREA(#20140);
#20140 = FILL_AREA_STYLE('',(#20141));
#20141 = FILL_AREA_STYLE_COLOUR('',#19124);
#20142 = CURVE_STYLE('',#20143,POSITIVE_LENGTH_MEASURE(0.1),#19124);
#20143 = DRAUGHTING_PRE_DEFINED_CURVE_FONT('continuous');
#20144 = STYLED_ITEM('color',(#20145),#4248);
#20145 = PRESENTATION_STYLE_ASSIGNMENT((#20146,#20151));
#20146 = SURFACE_STYLE_USAGE(.BOTH.,#20147);
#20147 = SURFACE_SIDE_STYLE('',(#20148));
#20148 = SURFACE_STYLE_FILL_AREA(#20149);
#20149 = FILL_AREA_STYLE('',(#20150));
#20150 = FILL_AREA_STYLE_COLOUR('',#19124);
#20151 = CURVE_STYLE('',#20152,POSITIVE_LENGTH_MEASURE(0.1),#19124);
#20152 = DRAUGHTING_PRE_DEFINED_CURVE_FONT('continuous');
#20153 = STYLED_ITEM('color',(#20154),#4260);
#20154 = PRESENTATION_STYLE_ASSIGNMENT((#20155,#20160));
#20155 = SURFACE_STYLE_USAGE(.BOTH.,#20156);
#20156 = SURFACE_SIDE_STYLE('',(#20157));
#20157 = SURFACE_STYLE_FILL_AREA(#20158);
#20158 = FILL_AREA_STYLE('',(#20159));
#20159 = FILL_AREA_STYLE_COLOUR('',#19124);
#20160 = CURVE_STYLE('',#20161,POSITIVE_LENGTH_MEASURE(0.1),#19124);
#20161 = DRAUGHTING_PRE_DEFINED_CURVE_FONT('continuous');
#20162 = STYLED_ITEM('color',(#20163),#4277);
#20163 = PRESENTATION_STYLE_ASSIGNMENT((#20164,#20169));
#20164 = SURFACE_STYLE_USAGE(.BOTH.,#20165);
#20165 = SURFACE_SIDE_STYLE('',(#20166));
#20166 = SURFACE_STYLE_FILL_AREA(#20167);
#20167 = FILL_AREA_STYLE('',(#20168));
#20168 = FILL_AREA_STYLE_COLOUR('',#19124);
#20169 = CURVE_STYLE('',#20170,POSITIVE_LENGTH_MEASURE(0.1),#19124);
#20170 = DRAUGHTING_PRE_DEFINED_CURVE_FONT('continuous');
#20171 = STYLED_ITEM('color',(#20172),#4294);
#20172 = PRESENTATION_STYLE_ASSIGNMENT((#20173,#20178));
#20173 = SURFACE_STYLE_USAGE(.BOTH.,#20174);
#20174 = SURFACE_SIDE_STYLE('',(#20175));
#20175 = SURFACE_STYLE_FILL_AREA(#20176);
#20176 = FILL_AREA_STYLE('',(#20177));
#20177 = FILL_AREA_STYLE_COLOUR('',#19124);
#20178 = CURVE_STYLE('',#20179,POSITIVE_LENGTH_MEASURE(0.1),#19124);
#20179 = DRAUGHTING_PRE_DEFINED_CURVE_FONT('continuous');
#20180 = STYLED_ITEM('color',(#20181),#4311);
#20181 = PRESENTATION_STYLE_ASSIGNMENT((#20182,#20187));
#20182 = SURFACE_STYLE_USAGE(.BOTH.,#20183);
#20183 = SURFACE_SIDE_STYLE('',(#20184));
#20184 = SURFACE_STYLE_FILL_AREA(#20185);
#20185 = FILL_AREA_STYLE('',(#20186));
#20186 = FILL_AREA_STYLE_COLOUR('',#19124);
#20187 = CURVE_STYLE('',#20188,POSITIVE_LENGTH_MEASURE(0.1),#19124);
#20188 = DRAUGHTING_PRE_DEFINED_CURVE_FONT('continuous');
#20189 = STYLED_ITEM('color',(#20190),#4328);
#20190 = PRESENTATION_STYLE_ASSIGNMENT((#20191,#20196));
#20191 = SURFACE_STYLE_USAGE(.BOTH.,#20192);
#20192 = SURFACE_SIDE_STYLE('',(#20193));
#20193 = SURFACE_STYLE_FILL_AREA(#20194);
#20194 = FILL_AREA_STYLE('',(#20195));
#20195 = FILL_AREA_STYLE_COLOUR('',#19124);
#20196 = CURVE_STYLE('',#20197,POSITIVE_LENGTH_MEASURE(0.1),#19124);
#20197 = DRAUGHTING_PRE_DEFINED_CURVE_FONT('continuous');
#20198 = STYLED_ITEM('color',(#20199),#4340);
#20199 = PRESENTATION_STYLE_ASSIGNMENT((#20200,#20205));
#20200 = SURFACE_STYLE_USAGE(.BOTH.,#20201);
#20201 = SURFACE_SIDE_STYLE('',(#20202));
#20202 = SURFACE_STYLE_FILL_AREA(#20203);
#20203 = FILL_AREA_STYLE('',(#20204));
#20204 = FILL_AREA_STYLE_COLOUR('',#19124);
#20205 = CURVE_STYLE('',#20206,POSITIVE_LENGTH_MEASURE(0.1),#19124);
#20206 = DRAUGHTING_PRE_DEFINED_CURVE_FONT('continuous');
#20207 = STYLED_ITEM('color',(#20208),#4357);
#20208 = PRESENTATION_STYLE_ASSIGNMENT((#20209,#20214));
#20209 = SURFACE_STYLE_USAGE(.BOTH.,#20210);
#20210 = SURFACE_SIDE_STYLE('',(#20211));
#20211 = SURFACE_STYLE_FILL_AREA(#20212);
#20212 = FILL_AREA_STYLE('',(#20213));
#20213 = FILL_AREA_STYLE_COLOUR('',#19124);
#20214 = CURVE_STYLE('',#20215,POSITIVE_LENGTH_MEASURE(0.1),#19124);
#20215 = DRAUGHTING_PRE_DEFINED_CURVE_FONT('continuous');
#20216 = STYLED_ITEM('color',(#20217),#4374);
#20217 = PRESENTATION_STYLE_ASSIGNMENT((#20218,#20223));
#20218 = SURFACE_STYLE_USAGE(.BOTH.,#20219);
#20219 = SURFACE_SIDE_STYLE('',(#20220));
#20220 = SURFACE_STYLE_FILL_AREA(#20221);
#20221 = FILL_AREA_STYLE('',(#20222));
#20222 = FILL_AREA_STYLE_COLOUR('',#19124);
#20223 = CURVE_STYLE('',#20224,POSITIVE_LENGTH_MEASURE(0.1),#19124);
#20224 = DRAUGHTING_PRE_DEFINED_CURVE_FONT('continuous');
#20225 = STYLED_ITEM('color',(#20226),#4391);
#20226 = PRESENTATION_STYLE_ASSIGNMENT((#20227,#20232));
#20227 = SURFACE_STYLE_USAGE(.BOTH.,#20228);
#20228 = SURFACE_SIDE_STYLE('',(#20229));
#20229 = SURFACE_STYLE_FILL_AREA(#20230);
#20230 = FILL_AREA_STYLE('',(#20231));
#20231 = FILL_AREA_STYLE_COLOUR('',#19124);
#20232 = CURVE_STYLE('',#20233,POSITIVE_LENGTH_MEASURE(0.1),#19124);
#20233 = DRAUGHTING_PRE_DEFINED_CURVE_FONT('continuous');
#20234 = STYLED_ITEM('color',(#20235),#4408);
#20235 = PRESENTATION_STYLE_ASSIGNMENT((#20236,#20241));
#20236 = SURFACE_STYLE_USAGE(.BOTH.,#20237);
#20237 = SURFACE_SIDE_STYLE('',(#20238));
#20238 = SURFACE_STYLE_FILL_AREA(#20239);
#20239 = FILL_AREA_STYLE('',(#20240));
#20240 = FILL_AREA_STYLE_COLOUR('',#19124);
#20241 = CURVE_STYLE('',#20242,POSITIVE_LENGTH_MEASURE(0.1),#19124);
#20242 = DRAUGHTING_PRE_DEFINED_CURVE_FONT('continuous');
#20243 = STYLED_ITEM('color',(#20244),#4420);
#20244 = PRESENTATION_STYLE_ASSIGNMENT((#20245,#20250));
#20245 = SURFACE_STYLE_USAGE(.BOTH.,#20246);
#20246 = SURFACE_SIDE_STYLE('',(#20247));
#20247 = SURFACE_STYLE_FILL_AREA(#20248);
#20248 = FILL_AREA_STYLE('',(#20249));
#20249 = FILL_AREA_STYLE_COLOUR('',#19124);
#20250 = CURVE_STYLE('',#20251,POSITIVE_LENGTH_MEASURE(0.1),#19124);
#20251 = DRAUGHTING_PRE_DEFINED_CURVE_FONT('continuous');
#20252 = STYLED_ITEM('color',(#20253),#4437);
#20253 = PRESENTATION_STYLE_ASSIGNMENT((#20254,#20259));
#20254 = SURFACE_STYLE_USAGE(.BOTH.,#20255);
#20255 = SURFACE_SIDE_STYLE('',(#20256));
#20256 = SURFACE_STYLE_FILL_AREA(#20257);
#20257 = FILL_AREA_STYLE('',(#20258));
#20258 = FILL_AREA_STYLE_COLOUR('',#19124);
#20259 = CURVE_STYLE('',#20260,POSITIVE_LENGTH_MEASURE(0.1),#19124);
#20260 = DRAUGHTING_PRE_DEFINED_CURVE_FONT('continuous');
#20261 = STYLED_ITEM('color',(#20262),#4454);
#20262 = PRESENTATION_STYLE_ASSIGNMENT((#20263,#20268));
#20263 = SURFACE_STYLE_USAGE(.BOTH.,#20264);
#20264 = SURFACE_SIDE_STYLE('',(#20265));
#20265 = SURFACE_STYLE_FILL_AREA(#20266);
#20266 = FILL_AREA_STYLE('',(#20267));
#20267 = FILL_AREA_STYLE_COLOUR('',#19124);
#20268 = CURVE_STYLE('',#20269,POSITIVE_LENGTH_MEASURE(0.1),#19124);
#20269 = DRAUGHTING_PRE_DEFINED_CURVE_FONT('continuous');
#20270 = STYLED_ITEM('color',(#20271),#4471);
#20271 = PRESENTATION_STYLE_ASSIGNMENT((#20272,#20277));
#20272 = SURFACE_STYLE_USAGE(.BOTH.,#20273);
#20273 = SURFACE_SIDE_STYLE('',(#20274));
#20274 = SURFACE_STYLE_FILL_AREA(#20275);
#20275 = FILL_AREA_STYLE('',(#20276));
#20276 = FILL_AREA_STYLE_COLOUR('',#19124);
#20277 = CURVE_STYLE('',#20278,POSITIVE_LENGTH_MEASURE(0.1),#19124);
#20278 = DRAUGHTING_PRE_DEFINED_CURVE_FONT('continuous');
#20279 = STYLED_ITEM('color',(#20280),#4488);
#20280 = PRESENTATION_STYLE_ASSIGNMENT((#20281,#20286));
#20281 = SURFACE_STYLE_USAGE(.BOTH.,#20282);
#20282 = SURFACE_SIDE_STYLE('',(#20283));
#20283 = SURFACE_STYLE_FILL_AREA(#20284);
#20284 = FILL_AREA_STYLE('',(#20285));
#20285 = FILL_AREA_STYLE_COLOUR('',#19124);
#20286 = CURVE_STYLE('',#20287,POSITIVE_LENGTH_MEASURE(0.1),#19124);
#20287 = DRAUGHTING_PRE_DEFINED_CURVE_FONT('continuous');
#20288 = STYLED_ITEM('color',(#20289),#4500);
#20289 = PRESENTATION_STYLE_ASSIGNMENT((#20290,#20295));
#20290 = SURFACE_STYLE_USAGE(.BOTH.,#20291);
#20291 = SURFACE_SIDE_STYLE('',(#20292));
#20292 = SURFACE_STYLE_FILL_AREA(#20293);
#20293 = FILL_AREA_STYLE('',(#20294));
#20294 = FILL_AREA_STYLE_COLOUR('',#19124);
#20295 = CURVE_STYLE('',#20296,POSITIVE_LENGTH_MEASURE(0.1),#19124);
#20296 = DRAUGHTING_PRE_DEFINED_CURVE_FONT('continuous');
#20297 = STYLED_ITEM('color',(#20298),#4517);
#20298 = PRESENTATION_STYLE_ASSIGNMENT((#20299,#20304));
#20299 = SURFACE_STYLE_USAGE(.BOTH.,#20300);
#20300 = SURFACE_SIDE_STYLE('',(#20301));
#20301 = SURFACE_STYLE_FILL_AREA(#20302);
#20302 = FILL_AREA_STYLE('',(#20303));
#20303 = FILL_AREA_STYLE_COLOUR('',#19124);
#20304 = CURVE_STYLE('',#20305,POSITIVE_LENGTH_MEASURE(0.1),#19124);
#20305 = DRAUGHTING_PRE_DEFINED_CURVE_FONT('continuous');
#20306 = STYLED_ITEM('color',(#20307),#4534);
#20307 = PRESENTATION_STYLE_ASSIGNMENT((#20308,#20313));
#20308 = SURFACE_STYLE_USAGE(.BOTH.,#20309);
#20309 = SURFACE_SIDE_STYLE('',(#20310));
#20310 = SURFACE_STYLE_FILL_AREA(#20311);
#20311 = FILL_AREA_STYLE('',(#20312));
#20312 = FILL_AREA_STYLE_COLOUR('',#19124);
#20313 = CURVE_STYLE('',#20314,POSITIVE_LENGTH_MEASURE(0.1),#19124);
#20314 = DRAUGHTING_PRE_DEFINED_CURVE_FONT('continuous');
#20315 = STYLED_ITEM('color',(#20316),#4551);
#20316 = PRESENTATION_STYLE_ASSIGNMENT((#20317,#20322));
#20317 = SURFACE_STYLE_USAGE(.BOTH.,#20318);
#20318 = SURFACE_SIDE_STYLE('',(#20319));
#20319 = SURFACE_STYLE_FILL_AREA(#20320);
#20320 = FILL_AREA_STYLE('',(#20321));
#20321 = FILL_AREA_STYLE_COLOUR('',#19124);
#20322 = CURVE_STYLE('',#20323,POSITIVE_LENGTH_MEASURE(0.1),#19124);
#20323 = DRAUGHTING_PRE_DEFINED_CURVE_FONT('continuous');
#20324 = STYLED_ITEM('color',(#20325),#4568);
#20325 = PRESENTATION_STYLE_ASSIGNMENT((#20326,#20331));
#20326 = SURFACE_STYLE_USAGE(.BOTH.,#20327);
#20327 = SURFACE_SIDE_STYLE('',(#20328));
#20328 = SURFACE_STYLE_FILL_AREA(#20329);
#20329 = FILL_AREA_STYLE('',(#20330));
#20330 = FILL_AREA_STYLE_COLOUR('',#19124);
#20331 = CURVE_STYLE('',#20332,POSITIVE_LENGTH_MEASURE(0.1),#19124);
#20332 = DRAUGHTING_PRE_DEFINED_CURVE_FONT('continuous');
#20333 = STYLED_ITEM('color',(#20334),#4580);
#20334 = PRESENTATION_STYLE_ASSIGNMENT((#20335,#20340));
#20335 = SURFACE_STYLE_USAGE(.BOTH.,#20336);
#20336 = SURFACE_SIDE_STYLE('',(#20337));
#20337 = SURFACE_STYLE_FILL_AREA(#20338);
#20338 = FILL_AREA_STYLE('',(#20339));
#20339 = FILL_AREA_STYLE_COLOUR('',#19124);
#20340 = CURVE_STYLE('',#20341,POSITIVE_LENGTH_MEASURE(0.1),#19124);
#20341 = DRAUGHTING_PRE_DEFINED_CURVE_FONT('continuous');
#20342 = STYLED_ITEM('color',(#20343),#4597);
#20343 = PRESENTATION_STYLE_ASSIGNMENT((#20344,#20349));
#20344 = SURFACE_STYLE_USAGE(.BOTH.,#20345);
#20345 = SURFACE_SIDE_STYLE('',(#20346));
#20346 = SURFACE_STYLE_FILL_AREA(#20347);
#20347 = FILL_AREA_STYLE('',(#20348));
#20348 = FILL_AREA_STYLE_COLOUR('',#19124);
#20349 = CURVE_STYLE('',#20350,POSITIVE_LENGTH_MEASURE(0.1),#19124);
#20350 = DRAUGHTING_PRE_DEFINED_CURVE_FONT('continuous');
#20351 = STYLED_ITEM('color',(#20352),#4614);
#20352 = PRESENTATION_STYLE_ASSIGNMENT((#20353,#20358));
#20353 = SURFACE_STYLE_USAGE(.BOTH.,#20354);
#20354 = SURFACE_SIDE_STYLE('',(#20355));
#20355 = SURFACE_STYLE_FILL_AREA(#20356);
#20356 = FILL_AREA_STYLE('',(#20357));
#20357 = FILL_AREA_STYLE_COLOUR('',#19124);
#20358 = CURVE_STYLE('',#20359,POSITIVE_LENGTH_MEASURE(0.1),#19124);
#20359 = DRAUGHTING_PRE_DEFINED_CURVE_FONT('continuous');
#20360 = STYLED_ITEM('color',(#20361),#4631);
#20361 = PRESENTATION_STYLE_ASSIGNMENT((#20362,#20367));
#20362 = SURFACE_STYLE_USAGE(.BOTH.,#20363);
#20363 = SURFACE_SIDE_STYLE('',(#20364));
#20364 = SURFACE_STYLE_FILL_AREA(#20365);
#20365 = FILL_AREA_STYLE('',(#20366));
#20366 = FILL_AREA_STYLE_COLOUR('',#19124);
#20367 = CURVE_STYLE('',#20368,POSITIVE_LENGTH_MEASURE(0.1),#19124);
#20368 = DRAUGHTING_PRE_DEFINED_CURVE_FONT('continuous');
#20369 = STYLED_ITEM('color',(#20370),#4648);
#20370 = PRESENTATION_STYLE_ASSIGNMENT((#20371,#20376));
#20371 = SURFACE_STYLE_USAGE(.BOTH.,#20372);
#20372 = SURFACE_SIDE_STYLE('',(#20373));
#20373 = SURFACE_STYLE_FILL_AREA(#20374);
#20374 = FILL_AREA_STYLE('',(#20375));
#20375 = FILL_AREA_STYLE_COLOUR('',#19124);
#20376 = CURVE_STYLE('',#20377,POSITIVE_LENGTH_MEASURE(0.1),#19124);
#20377 = DRAUGHTING_PRE_DEFINED_CURVE_FONT('continuous');
#20378 = STYLED_ITEM('color',(#20379),#4660);
#20379 = PRESENTATION_STYLE_ASSIGNMENT((#20380,#20385));
#20380 = SURFACE_STYLE_USAGE(.BOTH.,#20381);
#20381 = SURFACE_SIDE_STYLE('',(#20382));
#20382 = SURFACE_STYLE_FILL_AREA(#20383);
#20383 = FILL_AREA_STYLE('',(#20384));
#20384 = FILL_AREA_STYLE_COLOUR('',#19051);
#20385 = CURVE_STYLE('',#20386,POSITIVE_LENGTH_MEASURE(0.1),#19051);
#20386 = DRAUGHTING_PRE_DEFINED_CURVE_FONT('continuous');
#20387 = OVER_RIDING_STYLED_ITEM('overriding color',(#20388),#4667,
  #20378);
#20388 = PRESENTATION_STYLE_ASSIGNMENT((#20389,#20394));
#20389 = SURFACE_STYLE_USAGE(.BOTH.,#20390);
#20390 = SURFACE_SIDE_STYLE('',(#20391));
#20391 = SURFACE_STYLE_FILL_AREA(#20392);
#20392 = FILL_AREA_STYLE('',(#20393));
#20393 = FILL_AREA_STYLE_COLOUR('',#19124);
#20394 = CURVE_STYLE('',#20395,POSITIVE_LENGTH_MEASURE(0.1),#19124);
#20395 = DRAUGHTING_PRE_DEFINED_CURVE_FONT('continuous');
#20396 = STYLED_ITEM('color',(#20397),#4677);
#20397 = PRESENTATION_STYLE_ASSIGNMENT((#20398,#20403));
#20398 = SURFACE_STYLE_USAGE(.BOTH.,#20399);
#20399 = SURFACE_SIDE_STYLE('',(#20400));
#20400 = SURFACE_STYLE_FILL_AREA(#20401);
#20401 = FILL_AREA_STYLE('',(#20402));
#20402 = FILL_AREA_STYLE_COLOUR('',#19051);
#20403 = CURVE_STYLE('',#20404,POSITIVE_LENGTH_MEASURE(0.1),#19051);
#20404 = DRAUGHTING_PRE_DEFINED_CURVE_FONT('continuous');
#20405 = OVER_RIDING_STYLED_ITEM('overriding color',(#20406),#4682,
  #20396);
#20406 = PRESENTATION_STYLE_ASSIGNMENT((#20407,#20412));
#20407 = SURFACE_STYLE_USAGE(.BOTH.,#20408);
#20408 = SURFACE_SIDE_STYLE('',(#20409));
#20409 = SURFACE_STYLE_FILL_AREA(#20410);
#20410 = FILL_AREA_STYLE('',(#20411));
#20411 = FILL_AREA_STYLE_COLOUR('',#19124);
#20412 = CURVE_STYLE('',#20413,POSITIVE_LENGTH_MEASURE(0.1),#19124);
#20413 = DRAUGHTING_PRE_DEFINED_CURVE_FONT('continuous');
#20414 = STYLED_ITEM('color',(#20415),#4694);
#20415 = PRESENTATION_STYLE_ASSIGNMENT((#20416,#20421));
#20416 = SURFACE_STYLE_USAGE(.BOTH.,#20417);
#20417 = SURFACE_SIDE_STYLE('',(#20418));
#20418 = SURFACE_STYLE_FILL_AREA(#20419);
#20419 = FILL_AREA_STYLE('',(#20420));
#20420 = FILL_AREA_STYLE_COLOUR('',#19124);
#20421 = CURVE_STYLE('',#20422,POSITIVE_LENGTH_MEASURE(0.1),#19124);
#20422 = DRAUGHTING_PRE_DEFINED_CURVE_FONT('continuous');
#20423 = STYLED_ITEM('color',(#20424),#4743);
#20424 = PRESENTATION_STYLE_ASSIGNMENT((#20425,#20430));
#20425 = SURFACE_STYLE_USAGE(.BOTH.,#20426);
#20426 = SURFACE_SIDE_STYLE('',(#20427));
#20427 = SURFACE_STYLE_FILL_AREA(#20428);
#20428 = FILL_AREA_STYLE('',(#20429));
#20429 = FILL_AREA_STYLE_COLOUR('',#19124);
#20430 = CURVE_STYLE('',#20431,POSITIVE_LENGTH_MEASURE(0.1),#19124);
#20431 = DRAUGHTING_PRE_DEFINED_CURVE_FONT('continuous');
#20432 = STYLED_ITEM('color',(#20433),#4767);
#20433 = PRESENTATION_STYLE_ASSIGNMENT((#20434,#20439));
#20434 = SURFACE_STYLE_USAGE(.BOTH.,#20435);
#20435 = SURFACE_SIDE_STYLE('',(#20436));
#20436 = SURFACE_STYLE_FILL_AREA(#20437);
#20437 = FILL_AREA_STYLE('',(#20438));
#20438 = FILL_AREA_STYLE_COLOUR('',#19124);
#20439 = CURVE_STYLE('',#20440,POSITIVE_LENGTH_MEASURE(0.1),#19124);
#20440 = DRAUGHTING_PRE_DEFINED_CURVE_FONT('continuous');
#20441 = STYLED_ITEM('color',(#20442),#4809);
#20442 = PRESENTATION_STYLE_ASSIGNMENT((#20443,#20448));
#20443 = SURFACE_STYLE_USAGE(.BOTH.,#20444);
#20444 = SURFACE_SIDE_STYLE('',(#20445));
#20445 = SURFACE_STYLE_FILL_AREA(#20446);
#20446 = FILL_AREA_STYLE('',(#20447));
#20447 = FILL_AREA_STYLE_COLOUR('',#19124);
#20448 = CURVE_STYLE('',#20449,POSITIVE_LENGTH_MEASURE(0.1),#19124);
#20449 = DRAUGHTING_PRE_DEFINED_CURVE_FONT('continuous');
#20450 = STYLED_ITEM('color',(#20451),#4826);
#20451 = PRESENTATION_STYLE_ASSIGNMENT((#20452,#20457));
#20452 = SURFACE_STYLE_USAGE(.BOTH.,#20453);
#20453 = SURFACE_SIDE_STYLE('',(#20454));
#20454 = SURFACE_STYLE_FILL_AREA(#20455);
#20455 = FILL_AREA_STYLE('',(#20456));
#20456 = FILL_AREA_STYLE_COLOUR('',#19051);
#20457 = CURVE_STYLE('',#20458,POSITIVE_LENGTH_MEASURE(0.1),#19051);
#20458 = DRAUGHTING_PRE_DEFINED_CURVE_FONT('continuous');
#20459 = OVER_RIDING_STYLED_ITEM('overriding color',(#20460),#4833,
  #20450);
#20460 = PRESENTATION_STYLE_ASSIGNMENT((#20461,#20466));
#20461 = SURFACE_STYLE_USAGE(.BOTH.,#20462);
#20462 = SURFACE_SIDE_STYLE('',(#20463));
#20463 = SURFACE_STYLE_FILL_AREA(#20464);
#20464 = FILL_AREA_STYLE('',(#20465));
#20465 = FILL_AREA_STYLE_COLOUR('',#19124);
#20466 = CURVE_STYLE('',#20467,POSITIVE_LENGTH_MEASURE(0.1),#19124);
#20467 = DRAUGHTING_PRE_DEFINED_CURVE_FONT('continuous');
#20468 = STYLED_ITEM('color',(#20469),#4843);
#20469 = PRESENTATION_STYLE_ASSIGNMENT((#20470,#20475));
#20470 = SURFACE_STYLE_USAGE(.BOTH.,#20471);
#20471 = SURFACE_SIDE_STYLE('',(#20472));
#20472 = SURFACE_STYLE_FILL_AREA(#20473);
#20473 = FILL_AREA_STYLE('',(#20474));
#20474 = FILL_AREA_STYLE_COLOUR('',#19051);
#20475 = CURVE_STYLE('',#20476,POSITIVE_LENGTH_MEASURE(0.1),#19051);
#20476 = DRAUGHTING_PRE_DEFINED_CURVE_FONT('continuous');
#20477 = OVER_RIDING_STYLED_ITEM('overriding color',(#20478),#4848,
  #20468);
#20478 = PRESENTATION_STYLE_ASSIGNMENT((#20479,#20484));
#20479 = SURFACE_STYLE_USAGE(.BOTH.,#20480);
#20480 = SURFACE_SIDE_STYLE('',(#20481));
#20481 = SURFACE_STYLE_FILL_AREA(#20482);
#20482 = FILL_AREA_STYLE('',(#20483));
#20483 = FILL_AREA_STYLE_COLOUR('',#19124);
#20484 = CURVE_STYLE('',#20485,POSITIVE_LENGTH_MEASURE(0.1),#19124);
#20485 = DRAUGHTING_PRE_DEFINED_CURVE_FONT('continuous');
#20486 = STYLED_ITEM('color',(#20487),#4860);
#20487 = PRESENTATION_STYLE_ASSIGNMENT((#20488,#20493));
#20488 = SURFACE_STYLE_USAGE(.BOTH.,#20489);
#20489 = SURFACE_SIDE_STYLE('',(#20490));
#20490 = SURFACE_STYLE_FILL_AREA(#20491);
#20491 = FILL_AREA_STYLE('',(#20492));
#20492 = FILL_AREA_STYLE_COLOUR('',#19124);
#20493 = CURVE_STYLE('',#20494,POSITIVE_LENGTH_MEASURE(0.1),#19124);
#20494 = DRAUGHTING_PRE_DEFINED_CURVE_FONT('continuous');
#20495 = STYLED_ITEM('color',(#20496),#4909);
#20496 = PRESENTATION_STYLE_ASSIGNMENT((#20497,#20502));
#20497 = SURFACE_STYLE_USAGE(.BOTH.,#20498);
#20498 = SURFACE_SIDE_STYLE('',(#20499));
#20499 = SURFACE_STYLE_FILL_AREA(#20500);
#20500 = FILL_AREA_STYLE('',(#20501));
#20501 = FILL_AREA_STYLE_COLOUR('',#19124);
#20502 = CURVE_STYLE('',#20503,POSITIVE_LENGTH_MEASURE(0.1),#19124);
#20503 = DRAUGHTING_PRE_DEFINED_CURVE_FONT('continuous');
#20504 = STYLED_ITEM('color',(#20505),#4933);
#20505 = PRESENTATION_STYLE_ASSIGNMENT((#20506,#20511));
#20506 = SURFACE_STYLE_USAGE(.BOTH.,#20507);
#20507 = SURFACE_SIDE_STYLE('',(#20508));
#20508 = SURFACE_STYLE_FILL_AREA(#20509);
#20509 = FILL_AREA_STYLE('',(#20510));
#20510 = FILL_AREA_STYLE_COLOUR('',#19124);
#20511 = CURVE_STYLE('',#20512,POSITIVE_LENGTH_MEASURE(0.1),#19124);
#20512 = DRAUGHTING_PRE_DEFINED_CURVE_FONT('continuous');
#20513 = STYLED_ITEM('color',(#20514),#4975);
#20514 = PRESENTATION_STYLE_ASSIGNMENT((#20515,#20520));
#20515 = SURFACE_STYLE_USAGE(.BOTH.,#20516);
#20516 = SURFACE_SIDE_STYLE('',(#20517));
#20517 = SURFACE_STYLE_FILL_AREA(#20518);
#20518 = FILL_AREA_STYLE('',(#20519));
#20519 = FILL_AREA_STYLE_COLOUR('',#19124);
#20520 = CURVE_STYLE('',#20521,POSITIVE_LENGTH_MEASURE(0.1),#19124);
#20521 = DRAUGHTING_PRE_DEFINED_CURVE_FONT('continuous');
#20522 = STYLED_ITEM('color',(#20523),#4992);
#20523 = PRESENTATION_STYLE_ASSIGNMENT((#20524,#20529));
#20524 = SURFACE_STYLE_USAGE(.BOTH.,#20525);
#20525 = SURFACE_SIDE_STYLE('',(#20526));
#20526 = SURFACE_STYLE_FILL_AREA(#20527);
#20527 = FILL_AREA_STYLE('',(#20528));
#20528 = FILL_AREA_STYLE_COLOUR('',#19051);
#20529 = CURVE_STYLE('',#20530,POSITIVE_LENGTH_MEASURE(0.1),#19051);
#20530 = DRAUGHTING_PRE_DEFINED_CURVE_FONT('continuous');
#20531 = OVER_RIDING_STYLED_ITEM('overriding color',(#20532),#4999,
  #20522);
#20532 = PRESENTATION_STYLE_ASSIGNMENT((#20533,#20538));
#20533 = SURFACE_STYLE_USAGE(.BOTH.,#20534);
#20534 = SURFACE_SIDE_STYLE('',(#20535));
#20535 = SURFACE_STYLE_FILL_AREA(#20536);
#20536 = FILL_AREA_STYLE('',(#20537));
#20537 = FILL_AREA_STYLE_COLOUR('',#19124);
#20538 = CURVE_STYLE('',#20539,POSITIVE_LENGTH_MEASURE(0.1),#19124);
#20539 = DRAUGHTING_PRE_DEFINED_CURVE_FONT('continuous');
#20540 = STYLED_ITEM('color',(#20541),#5009);
#20541 = PRESENTATION_STYLE_ASSIGNMENT((#20542,#20547));
#20542 = SURFACE_STYLE_USAGE(.BOTH.,#20543);
#20543 = SURFACE_SIDE_STYLE('',(#20544));
#20544 = SURFACE_STYLE_FILL_AREA(#20545);
#20545 = FILL_AREA_STYLE('',(#20546));
#20546 = FILL_AREA_STYLE_COLOUR('',#19051);
#20547 = CURVE_STYLE('',#20548,POSITIVE_LENGTH_MEASURE(0.1),#19051);
#20548 = DRAUGHTING_PRE_DEFINED_CURVE_FONT('continuous');
#20549 = OVER_RIDING_STYLED_ITEM('overriding color',(#20550),#5014,
  #20540);
#20550 = PRESENTATION_STYLE_ASSIGNMENT((#20551,#20556));
#20551 = SURFACE_STYLE_USAGE(.BOTH.,#20552);
#20552 = SURFACE_SIDE_STYLE('',(#20553));
#20553 = SURFACE_STYLE_FILL_AREA(#20554);
#20554 = FILL_AREA_STYLE('',(#20555));
#20555 = FILL_AREA_STYLE_COLOUR('',#19124);
#20556 = CURVE_STYLE('',#20557,POSITIVE_LENGTH_MEASURE(0.1),#19124);
#20557 = DRAUGHTING_PRE_DEFINED_CURVE_FONT('continuous');
#20558 = STYLED_ITEM('color',(#20559),#5026);
#20559 = PRESENTATION_STYLE_ASSIGNMENT((#20560,#20565));
#20560 = SURFACE_STYLE_USAGE(.BOTH.,#20561);
#20561 = SURFACE_SIDE_STYLE('',(#20562));
#20562 = SURFACE_STYLE_FILL_AREA(#20563);
#20563 = FILL_AREA_STYLE('',(#20564));
#20564 = FILL_AREA_STYLE_COLOUR('',#19124);
#20565 = CURVE_STYLE('',#20566,POSITIVE_LENGTH_MEASURE(0.1),#19124);
#20566 = DRAUGHTING_PRE_DEFINED_CURVE_FONT('continuous');
#20567 = STYLED_ITEM('color',(#20568),#5075);
#20568 = PRESENTATION_STYLE_ASSIGNMENT((#20569,#20574));
#20569 = SURFACE_STYLE_USAGE(.BOTH.,#20570);
#20570 = SURFACE_SIDE_STYLE('',(#20571));
#20571 = SURFACE_STYLE_FILL_AREA(#20572);
#20572 = FILL_AREA_STYLE('',(#20573));
#20573 = FILL_AREA_STYLE_COLOUR('',#19124);
#20574 = CURVE_STYLE('',#20575,POSITIVE_LENGTH_MEASURE(0.1),#19124);
#20575 = DRAUGHTING_PRE_DEFINED_CURVE_FONT('continuous');
#20576 = STYLED_ITEM('color',(#20577),#5099);
#20577 = PRESENTATION_STYLE_ASSIGNMENT((#20578,#20583));
#20578 = SURFACE_STYLE_USAGE(.BOTH.,#20579);
#20579 = SURFACE_SIDE_STYLE('',(#20580));
#20580 = SURFACE_STYLE_FILL_AREA(#20581);
#20581 = FILL_AREA_STYLE('',(#20582));
#20582 = FILL_AREA_STYLE_COLOUR('',#19124);
#20583 = CURVE_STYLE('',#20584,POSITIVE_LENGTH_MEASURE(0.1),#19124);
#20584 = DRAUGHTING_PRE_DEFINED_CURVE_FONT('continuous');
#20585 = STYLED_ITEM('color',(#20586),#5141);
#20586 = PRESENTATION_STYLE_ASSIGNMENT((#20587,#20592));
#20587 = SURFACE_STYLE_USAGE(.BOTH.,#20588);
#20588 = SURFACE_SIDE_STYLE('',(#20589));
#20589 = SURFACE_STYLE_FILL_AREA(#20590);
#20590 = FILL_AREA_STYLE('',(#20591));
#20591 = FILL_AREA_STYLE_COLOUR('',#19124);
#20592 = CURVE_STYLE('',#20593,POSITIVE_LENGTH_MEASURE(0.1),#19124);
#20593 = DRAUGHTING_PRE_DEFINED_CURVE_FONT('continuous');
#20594 = STYLED_ITEM('color',(#20595),#5158);
#20595 = PRESENTATION_STYLE_ASSIGNMENT((#20596,#20601));
#20596 = SURFACE_STYLE_USAGE(.BOTH.,#20597);
#20597 = SURFACE_SIDE_STYLE('',(#20598));
#20598 = SURFACE_STYLE_FILL_AREA(#20599);
#20599 = FILL_AREA_STYLE('',(#20600));
#20600 = FILL_AREA_STYLE_COLOUR('',#19051);
#20601 = CURVE_STYLE('',#20602,POSITIVE_LENGTH_MEASURE(0.1),#19051);
#20602 = DRAUGHTING_PRE_DEFINED_CURVE_FONT('continuous');
#20603 = OVER_RIDING_STYLED_ITEM('overriding color',(#20604),#5165,
  #20594);
#20604 = PRESENTATION_STYLE_ASSIGNMENT((#20605,#20610));
#20605 = SURFACE_STYLE_USAGE(.BOTH.,#20606);
#20606 = SURFACE_SIDE_STYLE('',(#20607));
#20607 = SURFACE_STYLE_FILL_AREA(#20608);
#20608 = FILL_AREA_STYLE('',(#20609));
#20609 = FILL_AREA_STYLE_COLOUR('',#19124);
#20610 = CURVE_STYLE('',#20611,POSITIVE_LENGTH_MEASURE(0.1),#19124);
#20611 = DRAUGHTING_PRE_DEFINED_CURVE_FONT('continuous');
#20612 = STYLED_ITEM('color',(#20613),#5175);
#20613 = PRESENTATION_STYLE_ASSIGNMENT((#20614,#20619));
#20614 = SURFACE_STYLE_USAGE(.BOTH.,#20615);
#20615 = SURFACE_SIDE_STYLE('',(#20616));
#20616 = SURFACE_STYLE_FILL_AREA(#20617);
#20617 = FILL_AREA_STYLE('',(#20618));
#20618 = FILL_AREA_STYLE_COLOUR('',#19051);
#20619 = CURVE_STYLE('',#20620,POSITIVE_LENGTH_MEASURE(0.1),#19051);
#20620 = DRAUGHTING_PRE_DEFINED_CURVE_FONT('continuous');
#20621 = OVER_RIDING_STYLED_ITEM('overriding color',(#20622),#5180,
  #20612);
#20622 = PRESENTATION_STYLE_ASSIGNMENT((#20623,#20628));
#20623 = SURFACE_STYLE_USAGE(.BOTH.,#20624);
#20624 = SURFACE_SIDE_STYLE('',(#20625));
#20625 = SURFACE_STYLE_FILL_AREA(#20626);
#20626 = FILL_AREA_STYLE('',(#20627));
#20627 = FILL_AREA_STYLE_COLOUR('',#19124);
#20628 = CURVE_STYLE('',#20629,POSITIVE_LENGTH_MEASURE(0.1),#19124);
#20629 = DRAUGHTING_PRE_DEFINED_CURVE_FONT('continuous');
#20630 = STYLED_ITEM('color',(#20631),#5192);
#20631 = PRESENTATION_STYLE_ASSIGNMENT((#20632,#20637));
#20632 = SURFACE_STYLE_USAGE(.BOTH.,#20633);
#20633 = SURFACE_SIDE_STYLE('',(#20634));
#20634 = SURFACE_STYLE_FILL_AREA(#20635);
#20635 = FILL_AREA_STYLE('',(#20636));
#20636 = FILL_AREA_STYLE_COLOUR('',#19124);
#20637 = CURVE_STYLE('',#20638,POSITIVE_LENGTH_MEASURE(0.1),#19124);
#20638 = DRAUGHTING_PRE_DEFINED_CURVE_FONT('continuous');
#20639 = STYLED_ITEM('color',(#20640),#5241);
#20640 = PRESENTATION_STYLE_ASSIGNMENT((#20641,#20646));
#20641 = SURFACE_STYLE_USAGE(.BOTH.,#20642);
#20642 = SURFACE_SIDE_STYLE('',(#20643));
#20643 = SURFACE_STYLE_FILL_AREA(#20644);
#20644 = FILL_AREA_STYLE('',(#20645));
#20645 = FILL_AREA_STYLE_COLOUR('',#19124);
#20646 = CURVE_STYLE('',#20647,POSITIVE_LENGTH_MEASURE(0.1),#19124);
#20647 = DRAUGHTING_PRE_DEFINED_CURVE_FONT('continuous');
#20648 = STYLED_ITEM('color',(#20649),#5265);
#20649 = PRESENTATION_STYLE_ASSIGNMENT((#20650,#20655));
#20650 = SURFACE_STYLE_USAGE(.BOTH.,#20651);
#20651 = SURFACE_SIDE_STYLE('',(#20652));
#20652 = SURFACE_STYLE_FILL_AREA(#20653);
#20653 = FILL_AREA_STYLE('',(#20654));
#20654 = FILL_AREA_STYLE_COLOUR('',#19124);
#20655 = CURVE_STYLE('',#20656,POSITIVE_LENGTH_MEASURE(0.1),#19124);
#20656 = DRAUGHTING_PRE_DEFINED_CURVE_FONT('continuous');
#20657 = STYLED_ITEM('color',(#20658),#5307);
#20658 = PRESENTATION_STYLE_ASSIGNMENT((#20659,#20664));
#20659 = SURFACE_STYLE_USAGE(.BOTH.,#20660);
#20660 = SURFACE_SIDE_STYLE('',(#20661));
#20661 = SURFACE_STYLE_FILL_AREA(#20662);
#20662 = FILL_AREA_STYLE('',(#20663));
#20663 = FILL_AREA_STYLE_COLOUR('',#19124);
#20664 = CURVE_STYLE('',#20665,POSITIVE_LENGTH_MEASURE(0.1),#19124);
#20665 = DRAUGHTING_PRE_DEFINED_CURVE_FONT('continuous');
#20666 = STYLED_ITEM('color',(#20667),#5324);
#20667 = PRESENTATION_STYLE_ASSIGNMENT((#20668,#20673));
#20668 = SURFACE_STYLE_USAGE(.BOTH.,#20669);
#20669 = SURFACE_SIDE_STYLE('',(#20670));
#20670 = SURFACE_STYLE_FILL_AREA(#20671);
#20671 = FILL_AREA_STYLE('',(#20672));
#20672 = FILL_AREA_STYLE_COLOUR('',#19051);
#20673 = CURVE_STYLE('',#20674,POSITIVE_LENGTH_MEASURE(0.1),#19051);
#20674 = DRAUGHTING_PRE_DEFINED_CURVE_FONT('continuous');
#20675 = OVER_RIDING_STYLED_ITEM('overriding color',(#20676),#5331,
  #20666);
#20676 = PRESENTATION_STYLE_ASSIGNMENT((#20677,#20682));
#20677 = SURFACE_STYLE_USAGE(.BOTH.,#20678);
#20678 = SURFACE_SIDE_STYLE('',(#20679));
#20679 = SURFACE_STYLE_FILL_AREA(#20680);
#20680 = FILL_AREA_STYLE('',(#20681));
#20681 = FILL_AREA_STYLE_COLOUR('',#19124);
#20682 = CURVE_STYLE('',#20683,POSITIVE_LENGTH_MEASURE(0.1),#19124);
#20683 = DRAUGHTING_PRE_DEFINED_CURVE_FONT('continuous');
#20684 = STYLED_ITEM('color',(#20685),#5341);
#20685 = PRESENTATION_STYLE_ASSIGNMENT((#20686,#20691));
#20686 = SURFACE_STYLE_USAGE(.BOTH.,#20687);
#20687 = SURFACE_SIDE_STYLE('',(#20688));
#20688 = SURFACE_STYLE_FILL_AREA(#20689);
#20689 = FILL_AREA_STYLE('',(#20690));
#20690 = FILL_AREA_STYLE_COLOUR('',#19051);
#20691 = CURVE_STYLE('',#20692,POSITIVE_LENGTH_MEASURE(0.1),#19051);
#20692 = DRAUGHTING_PRE_DEFINED_CURVE_FONT('continuous');
#20693 = OVER_RIDING_STYLED_ITEM('overriding color',(#20694),#5346,
  #20684);
#20694 = PRESENTATION_STYLE_ASSIGNMENT((#20695,#20700));
#20695 = SURFACE_STYLE_USAGE(.BOTH.,#20696);
#20696 = SURFACE_SIDE_STYLE('',(#20697));
#20697 = SURFACE_STYLE_FILL_AREA(#20698);
#20698 = FILL_AREA_STYLE('',(#20699));
#20699 = FILL_AREA_STYLE_COLOUR('',#19124);
#20700 = CURVE_STYLE('',#20701,POSITIVE_LENGTH_MEASURE(0.1),#19124);
#20701 = DRAUGHTING_PRE_DEFINED_CURVE_FONT('continuous');
#20702 = STYLED_ITEM('color',(#20703),#5358);
#20703 = PRESENTATION_STYLE_ASSIGNMENT((#20704,#20709));
#20704 = SURFACE_STYLE_USAGE(.BOTH.,#20705);
#20705 = SURFACE_SIDE_STYLE('',(#20706));
#20706 = SURFACE_STYLE_FILL_AREA(#20707);
#20707 = FILL_AREA_STYLE('',(#20708));
#20708 = FILL_AREA_STYLE_COLOUR('',#19124);
#20709 = CURVE_STYLE('',#20710,POSITIVE_LENGTH_MEASURE(0.1),#19124);
#20710 = DRAUGHTING_PRE_DEFINED_CURVE_FONT('continuous');
#20711 = STYLED_ITEM('color',(#20712),#5407);
#20712 = PRESENTATION_STYLE_ASSIGNMENT((#20713,#20718));
#20713 = SURFACE_STYLE_USAGE(.BOTH.,#20714);
#20714 = SURFACE_SIDE_STYLE('',(#20715));
#20715 = SURFACE_STYLE_FILL_AREA(#20716);
#20716 = FILL_AREA_STYLE('',(#20717));
#20717 = FILL_AREA_STYLE_COLOUR('',#19124);
#20718 = CURVE_STYLE('',#20719,POSITIVE_LENGTH_MEASURE(0.1),#19124);
#20719 = DRAUGHTING_PRE_DEFINED_CURVE_FONT('continuous');
#20720 = STYLED_ITEM('color',(#20721),#5431);
#20721 = PRESENTATION_STYLE_ASSIGNMENT((#20722,#20727));
#20722 = SURFACE_STYLE_USAGE(.BOTH.,#20723);
#20723 = SURFACE_SIDE_STYLE('',(#20724));
#20724 = SURFACE_STYLE_FILL_AREA(#20725);
#20725 = FILL_AREA_STYLE('',(#20726));
#20726 = FILL_AREA_STYLE_COLOUR('',#19124);
#20727 = CURVE_STYLE('',#20728,POSITIVE_LENGTH_MEASURE(0.1),#19124);
#20728 = DRAUGHTING_PRE_DEFINED_CURVE_FONT('continuous');
#20729 = STYLED_ITEM('color',(#20730),#5473);
#20730 = PRESENTATION_STYLE_ASSIGNMENT((#20731,#20736));
#20731 = SURFACE_STYLE_USAGE(.BOTH.,#20732);
#20732 = SURFACE_SIDE_STYLE('',(#20733));
#20733 = SURFACE_STYLE_FILL_AREA(#20734);
#20734 = FILL_AREA_STYLE('',(#20735));
#20735 = FILL_AREA_STYLE_COLOUR('',#19124);
#20736 = CURVE_STYLE('',#20737,POSITIVE_LENGTH_MEASURE(0.1),#19124);
#20737 = DRAUGHTING_PRE_DEFINED_CURVE_FONT('continuous');
#20738 = STYLED_ITEM('color',(#20739),#5490);
#20739 = PRESENTATION_STYLE_ASSIGNMENT((#20740,#20745));
#20740 = SURFACE_STYLE_USAGE(.BOTH.,#20741);
#20741 = SURFACE_SIDE_STYLE('',(#20742));
#20742 = SURFACE_STYLE_FILL_AREA(#20743);
#20743 = FILL_AREA_STYLE('',(#20744));
#20744 = FILL_AREA_STYLE_COLOUR('',#19051);
#20745 = CURVE_STYLE('',#20746,POSITIVE_LENGTH_MEASURE(0.1),#19051);
#20746 = DRAUGHTING_PRE_DEFINED_CURVE_FONT('continuous');
#20747 = OVER_RIDING_STYLED_ITEM('overriding color',(#20748),#5497,
  #20738);
#20748 = PRESENTATION_STYLE_ASSIGNMENT((#20749,#20754));
#20749 = SURFACE_STYLE_USAGE(.BOTH.,#20750);
#20750 = SURFACE_SIDE_STYLE('',(#20751));
#20751 = SURFACE_STYLE_FILL_AREA(#20752);
#20752 = FILL_AREA_STYLE('',(#20753));
#20753 = FILL_AREA_STYLE_COLOUR('',#19124);
#20754 = CURVE_STYLE('',#20755,POSITIVE_LENGTH_MEASURE(0.1),#19124);
#20755 = DRAUGHTING_PRE_DEFINED_CURVE_FONT('continuous');
#20756 = STYLED_ITEM('color',(#20757),#5507);
#20757 = PRESENTATION_STYLE_ASSIGNMENT((#20758,#20763));
#20758 = SURFACE_STYLE_USAGE(.BOTH.,#20759);
#20759 = SURFACE_SIDE_STYLE('',(#20760));
#20760 = SURFACE_STYLE_FILL_AREA(#20761);
#20761 = FILL_AREA_STYLE('',(#20762));
#20762 = FILL_AREA_STYLE_COLOUR('',#19051);
#20763 = CURVE_STYLE('',#20764,POSITIVE_LENGTH_MEASURE(0.1),#19051);
#20764 = DRAUGHTING_PRE_DEFINED_CURVE_FONT('continuous');
#20765 = OVER_RIDING_STYLED_ITEM('overriding color',(#20766),#5512,
  #20756);
#20766 = PRESENTATION_STYLE_ASSIGNMENT((#20767,#20772));
#20767 = SURFACE_STYLE_USAGE(.BOTH.,#20768);
#20768 = SURFACE_SIDE_STYLE('',(#20769));
#20769 = SURFACE_STYLE_FILL_AREA(#20770);
#20770 = FILL_AREA_STYLE('',(#20771));
#20771 = FILL_AREA_STYLE_COLOUR('',#19124);
#20772 = CURVE_STYLE('',#20773,POSITIVE_LENGTH_MEASURE(0.1),#19124);
#20773 = DRAUGHTING_PRE_DEFINED_CURVE_FONT('continuous');
#20774 = STYLED_ITEM('color',(#20775),#5524);
#20775 = PRESENTATION_STYLE_ASSIGNMENT((#20776,#20781));
#20776 = SURFACE_STYLE_USAGE(.BOTH.,#20777);
#20777 = SURFACE_SIDE_STYLE('',(#20778));
#20778 = SURFACE_STYLE_FILL_AREA(#20779);
#20779 = FILL_AREA_STYLE('',(#20780));
#20780 = FILL_AREA_STYLE_COLOUR('',#19124);
#20781 = CURVE_STYLE('',#20782,POSITIVE_LENGTH_MEASURE(0.1),#19124);
#20782 = DRAUGHTING_PRE_DEFINED_CURVE_FONT('continuous');
#20783 = STYLED_ITEM('color',(#20784),#5573);
#20784 = PRESENTATION_STYLE_ASSIGNMENT((#20785,#20790));
#20785 = SURFACE_STYLE_USAGE(.BOTH.,#20786);
#20786 = SURFACE_SIDE_STYLE('',(#20787));
#20787 = SURFACE_STYLE_FILL_AREA(#20788);
#20788 = FILL_AREA_STYLE('',(#20789));
#20789 = FILL_AREA_STYLE_COLOUR('',#19124);
#20790 = CURVE_STYLE('',#20791,POSITIVE_LENGTH_MEASURE(0.1),#19124);
#20791 = DRAUGHTING_PRE_DEFINED_CURVE_FONT('continuous');
#20792 = STYLED_ITEM('color',(#20793),#5597);
#20793 = PRESENTATION_STYLE_ASSIGNMENT((#20794,#20799));
#20794 = SURFACE_STYLE_USAGE(.BOTH.,#20795);
#20795 = SURFACE_SIDE_STYLE('',(#20796));
#20796 = SURFACE_STYLE_FILL_AREA(#20797);
#20797 = FILL_AREA_STYLE('',(#20798));
#20798 = FILL_AREA_STYLE_COLOUR('',#19124);
#20799 = CURVE_STYLE('',#20800,POSITIVE_LENGTH_MEASURE(0.1),#19124);
#20800 = DRAUGHTING_PRE_DEFINED_CURVE_FONT('continuous');
#20801 = STYLED_ITEM('color',(#20802),#5639);
#20802 = PRESENTATION_STYLE_ASSIGNMENT((#20803,#20808));
#20803 = SURFACE_STYLE_USAGE(.BOTH.,#20804);
#20804 = SURFACE_SIDE_STYLE('',(#20805));
#20805 = SURFACE_STYLE_FILL_AREA(#20806);
#20806 = FILL_AREA_STYLE('',(#20807));
#20807 = FILL_AREA_STYLE_COLOUR('',#19124);
#20808 = CURVE_STYLE('',#20809,POSITIVE_LENGTH_MEASURE(0.1),#19124);
#20809 = DRAUGHTING_PRE_DEFINED_CURVE_FONT('continuous');
#20810 = STYLED_ITEM('color',(#20811),#5656);
#20811 = PRESENTATION_STYLE_ASSIGNMENT((#20812,#20817));
#20812 = SURFACE_STYLE_USAGE(.BOTH.,#20813);
#20813 = SURFACE_SIDE_STYLE('',(#20814));
#20814 = SURFACE_STYLE_FILL_AREA(#20815);
#20815 = FILL_AREA_STYLE('',(#20816));
#20816 = FILL_AREA_STYLE_COLOUR('',#19124);
#20817 = CURVE_STYLE('',#20818,POSITIVE_LENGTH_MEASURE(0.1),#19124);
#20818 = DRAUGHTING_PRE_DEFINED_CURVE_FONT('continuous');
#20819 = STYLED_ITEM('color',(#20820),#5673);
#20820 = PRESENTATION_STYLE_ASSIGNMENT((#20821,#20826));
#20821 = SURFACE_STYLE_USAGE(.BOTH.,#20822);
#20822 = SURFACE_SIDE_STYLE('',(#20823));
#20823 = SURFACE_STYLE_FILL_AREA(#20824);
#20824 = FILL_AREA_STYLE('',(#20825));
#20825 = FILL_AREA_STYLE_COLOUR('',#19124);
#20826 = CURVE_STYLE('',#20827,POSITIVE_LENGTH_MEASURE(0.1),#19124);
#20827 = DRAUGHTING_PRE_DEFINED_CURVE_FONT('continuous');
#20828 = STYLED_ITEM('color',(#20829),#5690);
#20829 = PRESENTATION_STYLE_ASSIGNMENT((#20830,#20835));
#20830 = SURFACE_STYLE_USAGE(.BOTH.,#20831);
#20831 = SURFACE_SIDE_STYLE('',(#20832));
#20832 = SURFACE_STYLE_FILL_AREA(#20833);
#20833 = FILL_AREA_STYLE('',(#20834));
#20834 = FILL_AREA_STYLE_COLOUR('',#19124);
#20835 = CURVE_STYLE('',#20836,POSITIVE_LENGTH_MEASURE(0.1),#19124);
#20836 = DRAUGHTING_PRE_DEFINED_CURVE_FONT('continuous');
#20837 = STYLED_ITEM('color',(#20838),#5702);
#20838 = PRESENTATION_STYLE_ASSIGNMENT((#20839,#20844));
#20839 = SURFACE_STYLE_USAGE(.BOTH.,#20840);
#20840 = SURFACE_SIDE_STYLE('',(#20841));
#20841 = SURFACE_STYLE_FILL_AREA(#20842);
#20842 = FILL_AREA_STYLE('',(#20843));
#20843 = FILL_AREA_STYLE_COLOUR('',#19124);
#20844 = CURVE_STYLE('',#20845,POSITIVE_LENGTH_MEASURE(0.1),#19124);
#20845 = DRAUGHTING_PRE_DEFINED_CURVE_FONT('continuous');
#20846 = STYLED_ITEM('color',(#20847),#5719);
#20847 = PRESENTATION_STYLE_ASSIGNMENT((#20848,#20853));
#20848 = SURFACE_STYLE_USAGE(.BOTH.,#20849);
#20849 = SURFACE_SIDE_STYLE('',(#20850));
#20850 = SURFACE_STYLE_FILL_AREA(#20851);
#20851 = FILL_AREA_STYLE('',(#20852));
#20852 = FILL_AREA_STYLE_COLOUR('',#19124);
#20853 = CURVE_STYLE('',#20854,POSITIVE_LENGTH_MEASURE(0.1),#19124);
#20854 = DRAUGHTING_PRE_DEFINED_CURVE_FONT('continuous');
#20855 = STYLED_ITEM('color',(#20856),#5736);
#20856 = PRESENTATION_STYLE_ASSIGNMENT((#20857,#20862));
#20857 = SURFACE_STYLE_USAGE(.BOTH.,#20858);
#20858 = SURFACE_SIDE_STYLE('',(#20859));
#20859 = SURFACE_STYLE_FILL_AREA(#20860);
#20860 = FILL_AREA_STYLE('',(#20861));
#20861 = FILL_AREA_STYLE_COLOUR('',#19124);
#20862 = CURVE_STYLE('',#20863,POSITIVE_LENGTH_MEASURE(0.1),#19124);
#20863 = DRAUGHTING_PRE_DEFINED_CURVE_FONT('continuous');
#20864 = STYLED_ITEM('color',(#20865),#5748);
#20865 = PRESENTATION_STYLE_ASSIGNMENT((#20866,#20871));
#20866 = SURFACE_STYLE_USAGE(.BOTH.,#20867);
#20867 = SURFACE_SIDE_STYLE('',(#20868));
#20868 = SURFACE_STYLE_FILL_AREA(#20869);
#20869 = FILL_AREA_STYLE('',(#20870));
#20870 = FILL_AREA_STYLE_COLOUR('',#19124);
#20871 = CURVE_STYLE('',#20872,POSITIVE_LENGTH_MEASURE(0.1),#19124);
#20872 = DRAUGHTING_PRE_DEFINED_CURVE_FONT('continuous');
#20873 = STYLED_ITEM('color',(#20874),#5765);
#20874 = PRESENTATION_STYLE_ASSIGNMENT((#20875,#20880));
#20875 = SURFACE_STYLE_USAGE(.BOTH.,#20876);
#20876 = SURFACE_SIDE_STYLE('',(#20877));
#20877 = SURFACE_STYLE_FILL_AREA(#20878);
#20878 = FILL_AREA_STYLE('',(#20879));
#20879 = FILL_AREA_STYLE_COLOUR('',#19124);
#20880 = CURVE_STYLE('',#20881,POSITIVE_LENGTH_MEASURE(0.1),#19124);
#20881 = DRAUGHTING_PRE_DEFINED_CURVE_FONT('continuous');
#20882 = STYLED_ITEM('color',(#20883),#5782);
#20883 = PRESENTATION_STYLE_ASSIGNMENT((#20884,#20889));
#20884 = SURFACE_STYLE_USAGE(.BOTH.,#20885);
#20885 = SURFACE_SIDE_STYLE('',(#20886));
#20886 = SURFACE_STYLE_FILL_AREA(#20887);
#20887 = FILL_AREA_STYLE('',(#20888));
#20888 = FILL_AREA_STYLE_COLOUR('',#19124);
#20889 = CURVE_STYLE('',#20890,POSITIVE_LENGTH_MEASURE(0.1),#19124);
#20890 = DRAUGHTING_PRE_DEFINED_CURVE_FONT('continuous');
#20891 = STYLED_ITEM('color',(#20892),#5794);
#20892 = PRESENTATION_STYLE_ASSIGNMENT((#20893,#20898));
#20893 = SURFACE_STYLE_USAGE(.BOTH.,#20894);
#20894 = SURFACE_SIDE_STYLE('',(#20895));
#20895 = SURFACE_STYLE_FILL_AREA(#20896);
#20896 = FILL_AREA_STYLE('',(#20897));
#20897 = FILL_AREA_STYLE_COLOUR('',#19124);
#20898 = CURVE_STYLE('',#20899,POSITIVE_LENGTH_MEASURE(0.1),#19124);
#20899 = DRAUGHTING_PRE_DEFINED_CURVE_FONT('continuous');
#20900 = STYLED_ITEM('color',(#20901),#5811);
#20901 = PRESENTATION_STYLE_ASSIGNMENT((#20902,#20907));
#20902 = SURFACE_STYLE_USAGE(.BOTH.,#20903);
#20903 = SURFACE_SIDE_STYLE('',(#20904));
#20904 = SURFACE_STYLE_FILL_AREA(#20905);
#20905 = FILL_AREA_STYLE('',(#20906));
#20906 = FILL_AREA_STYLE_COLOUR('',#19124);
#20907 = CURVE_STYLE('',#20908,POSITIVE_LENGTH_MEASURE(0.1),#19124);
#20908 = DRAUGHTING_PRE_DEFINED_CURVE_FONT('continuous');
#20909 = STYLED_ITEM('color',(#20910),#5828);
#20910 = PRESENTATION_STYLE_ASSIGNMENT((#20911,#20916));
#20911 = SURFACE_STYLE_USAGE(.BOTH.,#20912);
#20912 = SURFACE_SIDE_STYLE('',(#20913));
#20913 = SURFACE_STYLE_FILL_AREA(#20914);
#20914 = FILL_AREA_STYLE('',(#20915));
#20915 = FILL_AREA_STYLE_COLOUR('',#19124);
#20916 = CURVE_STYLE('',#20917,POSITIVE_LENGTH_MEASURE(0.1),#19124);
#20917 = DRAUGHTING_PRE_DEFINED_CURVE_FONT('continuous');
#20918 = STYLED_ITEM('color',(#20919),#5840);
#20919 = PRESENTATION_STYLE_ASSIGNMENT((#20920,#20925));
#20920 = SURFACE_STYLE_USAGE(.BOTH.,#20921);
#20921 = SURFACE_SIDE_STYLE('',(#20922));
#20922 = SURFACE_STYLE_FILL_AREA(#20923);
#20923 = FILL_AREA_STYLE('',(#20924));
#20924 = FILL_AREA_STYLE_COLOUR('',#19124);
#20925 = CURVE_STYLE('',#20926,POSITIVE_LENGTH_MEASURE(0.1),#19124);
#20926 = DRAUGHTING_PRE_DEFINED_CURVE_FONT('continuous');
#20927 = STYLED_ITEM('color',(#20928),#5857);
#20928 = PRESENTATION_STYLE_ASSIGNMENT((#20929,#20934));
#20929 = SURFACE_STYLE_USAGE(.BOTH.,#20930);
#20930 = SURFACE_SIDE_STYLE('',(#20931));
#20931 = SURFACE_STYLE_FILL_AREA(#20932);
#20932 = FILL_AREA_STYLE('',(#20933));
#20933 = FILL_AREA_STYLE_COLOUR('',#19124);
#20934 = CURVE_STYLE('',#20935,POSITIVE_LENGTH_MEASURE(0.1),#19124);
#20935 = DRAUGHTING_PRE_DEFINED_CURVE_FONT('continuous');
#20936 = STYLED_ITEM('color',(#20937),#5874);
#20937 = PRESENTATION_STYLE_ASSIGNMENT((#20938,#20943));
#20938 = SURFACE_STYLE_USAGE(.BOTH.,#20939);
#20939 = SURFACE_SIDE_STYLE('',(#20940));
#20940 = SURFACE_STYLE_FILL_AREA(#20941);
#20941 = FILL_AREA_STYLE('',(#20942));
#20942 = FILL_AREA_STYLE_COLOUR('',#19124);
#20943 = CURVE_STYLE('',#20944,POSITIVE_LENGTH_MEASURE(0.1),#19124);
#20944 = DRAUGHTING_PRE_DEFINED_CURVE_FONT('continuous');
#20945 = STYLED_ITEM('color',(#20946),#5886);
#20946 = PRESENTATION_STYLE_ASSIGNMENT((#20947,#20952));
#20947 = SURFACE_STYLE_USAGE(.BOTH.,#20948);
#20948 = SURFACE_SIDE_STYLE('',(#20949));
#20949 = SURFACE_STYLE_FILL_AREA(#20950);
#20950 = FILL_AREA_STYLE('',(#20951));
#20951 = FILL_AREA_STYLE_COLOUR('',#19124);
#20952 = CURVE_STYLE('',#20953,POSITIVE_LENGTH_MEASURE(0.1),#19124);
#20953 = DRAUGHTING_PRE_DEFINED_CURVE_FONT('continuous');
#20954 = STYLED_ITEM('color',(#20955),#5903);
#20955 = PRESENTATION_STYLE_ASSIGNMENT((#20956,#20961));
#20956 = SURFACE_STYLE_USAGE(.BOTH.,#20957);
#20957 = SURFACE_SIDE_STYLE('',(#20958));
#20958 = SURFACE_STYLE_FILL_AREA(#20959);
#20959 = FILL_AREA_STYLE('',(#20960));
#20960 = FILL_AREA_STYLE_COLOUR('',#19124);
#20961 = CURVE_STYLE('',#20962,POSITIVE_LENGTH_MEASURE(0.1),#19124);
#20962 = DRAUGHTING_PRE_DEFINED_CURVE_FONT('continuous');
#20963 = STYLED_ITEM('color',(#20964),#5920);
#20964 = PRESENTATION_STYLE_ASSIGNMENT((#20965,#20970));
#20965 = SURFACE_STYLE_USAGE(.BOTH.,#20966);
#20966 = SURFACE_SIDE_STYLE('',(#20967));
#20967 = SURFACE_STYLE_FILL_AREA(#20968);
#20968 = FILL_AREA_STYLE('',(#20969));
#20969 = FILL_AREA_STYLE_COLOUR('',#19124);
#20970 = CURVE_STYLE('',#20971,POSITIVE_LENGTH_MEASURE(0.1),#19124);
#20971 = DRAUGHTING_PRE_DEFINED_CURVE_FONT('continuous');
#20972 = MECHANICAL_DESIGN_GEOMETRIC_PRESENTATION_REPRESENTATION('',(
    #20973),#17803);
#20973 = STYLED_ITEM('color',(#20974),#11385);
#20974 = PRESENTATION_STYLE_ASSIGNMENT((#20975));
#20975 = SURFACE_STYLE_USAGE(.BOTH.,#20976);
#20976 = SURFACE_SIDE_STYLE('',(#20977));
#20977 = SURFACE_STYLE_FILL_AREA(#20978);
#20978 = FILL_AREA_STYLE('',(#20979));
#20979 = FILL_AREA_STYLE_COLOUR('',#20980);
#20980 = COLOUR_RGB('',0.277846546019,0.436627062838,0.370214030736);
#20981 = MECHANICAL_DESIGN_GEOMETRIC_PRESENTATION_REPRESENTATION('',(
    #20982,#20990,#20997,#21004,#21011,#21018,#21025,#21032,#21039,
    #21047,#21054,#21061,#21068,#21075,#21082,#21089,#21096,#21103,
    #21110,#21117,#21124,#21131,#21138,#21145,#21152,#21159,#21166,
    #21173,#21180,#21187,#21194,#21201,#21208),#975);
#20982 = STYLED_ITEM('color',(#20983),#59);
#20983 = PRESENTATION_STYLE_ASSIGNMENT((#20984));
#20984 = SURFACE_STYLE_USAGE(.BOTH.,#20985);
#20985 = SURFACE_SIDE_STYLE('',(#20986));
#20986 = SURFACE_STYLE_FILL_AREA(#20987);
#20987 = FILL_AREA_STYLE('',(#20988));
#20988 = FILL_AREA_STYLE_COLOUR('',#20989);
#20989 = COLOUR_RGB('',0.399999997426,0.699999984889,0.150000005922);
#20990 = STYLED_ITEM('color',(#20991),#101);
#20991 = PRESENTATION_STYLE_ASSIGNMENT((#20992));
#20992 = SURFACE_STYLE_USAGE(.BOTH.,#20993);
#20993 = SURFACE_SIDE_STYLE('',(#20994));
#20994 = SURFACE_STYLE_FILL_AREA(#20995);
#20995 = FILL_AREA_STYLE('',(#20996));
#20996 = FILL_AREA_STYLE_COLOUR('',#20989);
#20997 = STYLED_ITEM('color',(#20998),#173);
#20998 = PRESENTATION_STYLE_ASSIGNMENT((#20999));
#20999 = SURFACE_STYLE_USAGE(.BOTH.,#21000);
#21000 = SURFACE_SIDE_STYLE('',(#21001));
#21001 = SURFACE_STYLE_FILL_AREA(#21002);
#21002 = FILL_AREA_STYLE('',(#21003));
#21003 = FILL_AREA_STYLE_COLOUR('',#20989);
#21004 = STYLED_ITEM('color',(#21005),#198);
#21005 = PRESENTATION_STYLE_ASSIGNMENT((#21006));
#21006 = SURFACE_STYLE_USAGE(.BOTH.,#21007);
#21007 = SURFACE_SIDE_STYLE('',(#21008));
#21008 = SURFACE_STYLE_FILL_AREA(#21009);
#21009 = FILL_AREA_STYLE('',(#21010));
#21010 = FILL_AREA_STYLE_COLOUR('',#20989);
#21011 = STYLED_ITEM('color',(#21012),#250);
#21012 = PRESENTATION_STYLE_ASSIGNMENT((#21013));
#21013 = SURFACE_STYLE_USAGE(.BOTH.,#21014);
#21014 = SURFACE_SIDE_STYLE('',(#21015));
#21015 = SURFACE_STYLE_FILL_AREA(#21016);
#21016 = FILL_AREA_STYLE('',(#21017));
#21017 = FILL_AREA_STYLE_COLOUR('',#20989);
#21018 = STYLED_ITEM('color',(#21019),#267);
#21019 = PRESENTATION_STYLE_ASSIGNMENT((#21020));
#21020 = SURFACE_STYLE_USAGE(.BOTH.,#21021);
#21021 = SURFACE_SIDE_STYLE('',(#21022));
#21022 = SURFACE_STYLE_FILL_AREA(#21023);
#21023 = FILL_AREA_STYLE('',(#21024));
#21024 = FILL_AREA_STYLE_COLOUR('',#20989);
#21025 = STYLED_ITEM('color',(#21026),#279);
#21026 = PRESENTATION_STYLE_ASSIGNMENT((#21027));
#21027 = SURFACE_STYLE_USAGE(.BOTH.,#21028);
#21028 = SURFACE_SIDE_STYLE('',(#21029));
#21029 = SURFACE_STYLE_FILL_AREA(#21030);
#21030 = FILL_AREA_STYLE('',(#21031));
#21031 = FILL_AREA_STYLE_COLOUR('',#20989);
#21032 = STYLED_ITEM('color',(#21033),#359);
#21033 = PRESENTATION_STYLE_ASSIGNMENT((#21034));
#21034 = SURFACE_STYLE_USAGE(.BOTH.,#21035);
#21035 = SURFACE_SIDE_STYLE('',(#21036));
#21036 = SURFACE_STYLE_FILL_AREA(#21037);
#21037 = FILL_AREA_STYLE('',(#21038));
#21038 = FILL_AREA_STYLE_COLOUR('',#20989);
#21039 = STYLED_ITEM('color',(#21040),#386);
#21040 = PRESENTATION_STYLE_ASSIGNMENT((#21041));
#21041 = SURFACE_STYLE_USAGE(.BOTH.,#21042);
#21042 = SURFACE_SIDE_STYLE('',(#21043));
#21043 = SURFACE_STYLE_FILL_AREA(#21044);
#21044 = FILL_AREA_STYLE('',(#21045));
#21045 = FILL_AREA_STYLE_COLOUR('',#21046);
#21046 = COLOUR_RGB('',0.823999987314,0.819999987296,0.781000009244);
#21047 = STYLED_ITEM('color',(#21048),#417);
#21048 = PRESENTATION_STYLE_ASSIGNMENT((#21049));
#21049 = SURFACE_STYLE_USAGE(.BOTH.,#21050);
#21050 = SURFACE_SIDE_STYLE('',(#21051));
#21051 = SURFACE_STYLE_FILL_AREA(#21052);
#21052 = FILL_AREA_STYLE('',(#21053));
#21053 = FILL_AREA_STYLE_COLOUR('',#21046);
#21054 = STYLED_ITEM('color',(#21055),#441);
#21055 = PRESENTATION_STYLE_ASSIGNMENT((#21056));
#21056 = SURFACE_STYLE_USAGE(.BOTH.,#21057);
#21057 = SURFACE_SIDE_STYLE('',(#21058));
#21058 = SURFACE_STYLE_FILL_AREA(#21059);
#21059 = FILL_AREA_STYLE('',(#21060));
#21060 = FILL_AREA_STYLE_COLOUR('',#21046);
#21061 = STYLED_ITEM('color',(#21062),#481);
#21062 = PRESENTATION_STYLE_ASSIGNMENT((#21063));
#21063 = SURFACE_STYLE_USAGE(.BOTH.,#21064);
#21064 = SURFACE_SIDE_STYLE('',(#21065));
#21065 = SURFACE_STYLE_FILL_AREA(#21066);
#21066 = FILL_AREA_STYLE('',(#21067));
#21067 = FILL_AREA_STYLE_COLOUR('',#21046);
#21068 = STYLED_ITEM('color',(#21069),#498);
#21069 = PRESENTATION_STYLE_ASSIGNMENT((#21070));
#21070 = SURFACE_STYLE_USAGE(.BOTH.,#21071);
#21071 = SURFACE_SIDE_STYLE('',(#21072));
#21072 = SURFACE_STYLE_FILL_AREA(#21073);
#21073 = FILL_AREA_STYLE('',(#21074));
#21074 = FILL_AREA_STYLE_COLOUR('',#21046);
#21075 = STYLED_ITEM('color',(#21076),#545);
#21076 = PRESENTATION_STYLE_ASSIGNMENT((#21077));
#21077 = SURFACE_STYLE_USAGE(.BOTH.,#21078);
#21078 = SURFACE_SIDE_STYLE('',(#21079));
#21079 = SURFACE_STYLE_FILL_AREA(#21080);
#21080 = FILL_AREA_STYLE('',(#21081));
#21081 = FILL_AREA_STYLE_COLOUR('',#21046);
#21082 = STYLED_ITEM('color',(#21083),#569);
#21083 = PRESENTATION_STYLE_ASSIGNMENT((#21084));
#21084 = SURFACE_STYLE_USAGE(.BOTH.,#21085);
#21085 = SURFACE_SIDE_STYLE('',(#21086));
#21086 = SURFACE_STYLE_FILL_AREA(#21087);
#21087 = FILL_AREA_STYLE('',(#21088));
#21088 = FILL_AREA_STYLE_COLOUR('',#21046);
#21089 = STYLED_ITEM('color',(#21090),#593);
#21090 = PRESENTATION_STYLE_ASSIGNMENT((#21091));
#21091 = SURFACE_STYLE_USAGE(.BOTH.,#21092);
#21092 = SURFACE_SIDE_STYLE('',(#21093));
#21093 = SURFACE_STYLE_FILL_AREA(#21094);
#21094 = FILL_AREA_STYLE('',(#21095));
#21095 = FILL_AREA_STYLE_COLOUR('',#21046);
#21096 = STYLED_ITEM('color',(#21097),#610);
#21097 = PRESENTATION_STYLE_ASSIGNMENT((#21098));
#21098 = SURFACE_STYLE_USAGE(.BOTH.,#21099);
#21099 = SURFACE_SIDE_STYLE('',(#21100));
#21100 = SURFACE_STYLE_FILL_AREA(#21101);
#21101 = FILL_AREA_STYLE('',(#21102));
#21102 = FILL_AREA_STYLE_COLOUR('',#20989);
#21103 = STYLED_ITEM('color',(#21104),#629);
#21104 = PRESENTATION_STYLE_ASSIGNMENT((#21105));
#21105 = SURFACE_STYLE_USAGE(.BOTH.,#21106);
#21106 = SURFACE_SIDE_STYLE('',(#21107));
#21107 = SURFACE_STYLE_FILL_AREA(#21108);
#21108 = FILL_AREA_STYLE('',(#21109));
#21109 = FILL_AREA_STYLE_COLOUR('',#21046);
#21110 = STYLED_ITEM('color',(#21111),#653);
#21111 = PRESENTATION_STYLE_ASSIGNMENT((#21112));
#21112 = SURFACE_STYLE_USAGE(.BOTH.,#21113);
#21113 = SURFACE_SIDE_STYLE('',(#21114));
#21114 = SURFACE_STYLE_FILL_AREA(#21115);
#21115 = FILL_AREA_STYLE('',(#21116));
#21116 = FILL_AREA_STYLE_COLOUR('',#21046);
#21117 = STYLED_ITEM('color',(#21118),#684);
#21118 = PRESENTATION_STYLE_ASSIGNMENT((#21119));
#21119 = SURFACE_STYLE_USAGE(.BOTH.,#21120);
#21120 = SURFACE_SIDE_STYLE('',(#21121));
#21121 = SURFACE_STYLE_FILL_AREA(#21122);
#21122 = FILL_AREA_STYLE('',(#21123));
#21123 = FILL_AREA_STYLE_COLOUR('',#21046);
#21124 = STYLED_ITEM('color',(#21125),#708);
#21125 = PRESENTATION_STYLE_ASSIGNMENT((#21126));
#21126 = SURFACE_STYLE_USAGE(.BOTH.,#21127);
#21127 = SURFACE_SIDE_STYLE('',(#21128));
#21128 = SURFACE_STYLE_FILL_AREA(#21129);
#21129 = FILL_AREA_STYLE('',(#21130));
#21130 = FILL_AREA_STYLE_COLOUR('',#21046);
#21131 = STYLED_ITEM('color',(#21132),#725);
#21132 = PRESENTATION_STYLE_ASSIGNMENT((#21133));
#21133 = SURFACE_STYLE_USAGE(.BOTH.,#21134);
#21134 = SURFACE_SIDE_STYLE('',(#21135));
#21135 = SURFACE_STYLE_FILL_AREA(#21136);
#21136 = FILL_AREA_STYLE('',(#21137));
#21137 = FILL_AREA_STYLE_COLOUR('',#21046);
#21138 = STYLED_ITEM('color',(#21139),#756);
#21139 = PRESENTATION_STYLE_ASSIGNMENT((#21140));
#21140 = SURFACE_STYLE_USAGE(.BOTH.,#21141);
#21141 = SURFACE_SIDE_STYLE('',(#21142));
#21142 = SURFACE_STYLE_FILL_AREA(#21143);
#21143 = FILL_AREA_STYLE('',(#21144));
#21144 = FILL_AREA_STYLE_COLOUR('',#21046);
#21145 = STYLED_ITEM('color',(#21146),#773);
#21146 = PRESENTATION_STYLE_ASSIGNMENT((#21147));
#21147 = SURFACE_STYLE_USAGE(.BOTH.,#21148);
#21148 = SURFACE_SIDE_STYLE('',(#21149));
#21149 = SURFACE_STYLE_FILL_AREA(#21150);
#21150 = FILL_AREA_STYLE('',(#21151));
#21151 = FILL_AREA_STYLE_COLOUR('',#21046);
#21152 = STYLED_ITEM('color',(#21153),#790);
#21153 = PRESENTATION_STYLE_ASSIGNMENT((#21154));
#21154 = SURFACE_STYLE_USAGE(.BOTH.,#21155);
#21155 = SURFACE_SIDE_STYLE('',(#21156));
#21156 = SURFACE_STYLE_FILL_AREA(#21157);
#21157 = FILL_AREA_STYLE('',(#21158));
#21158 = FILL_AREA_STYLE_COLOUR('',#21046);
#21159 = STYLED_ITEM('color',(#21160),#821);
#21160 = PRESENTATION_STYLE_ASSIGNMENT((#21161));
#21161 = SURFACE_STYLE_USAGE(.BOTH.,#21162);
#21162 = SURFACE_SIDE_STYLE('',(#21163));
#21163 = SURFACE_STYLE_FILL_AREA(#21164);
#21164 = FILL_AREA_STYLE('',(#21165));
#21165 = FILL_AREA_STYLE_COLOUR('',#21046);
#21166 = STYLED_ITEM('color',(#21167),#845);
#21167 = PRESENTATION_STYLE_ASSIGNMENT((#21168));
#21168 = SURFACE_STYLE_USAGE(.BOTH.,#21169);
#21169 = SURFACE_SIDE_STYLE('',(#21170));
#21170 = SURFACE_STYLE_FILL_AREA(#21171);
#21171 = FILL_AREA_STYLE('',(#21172));
#21172 = FILL_AREA_STYLE_COLOUR('',#21046);
#21173 = STYLED_ITEM('color',(#21174),#869);
#21174 = PRESENTATION_STYLE_ASSIGNMENT((#21175));
#21175 = SURFACE_STYLE_USAGE(.BOTH.,#21176);
#21176 = SURFACE_SIDE_STYLE('',(#21177));
#21177 = SURFACE_STYLE_FILL_AREA(#21178);
#21178 = FILL_AREA_STYLE('',(#21179));
#21179 = FILL_AREA_STYLE_COLOUR('',#21046);
#21180 = STYLED_ITEM('color',(#21181),#886);
#21181 = PRESENTATION_STYLE_ASSIGNMENT((#21182));
#21182 = SURFACE_STYLE_USAGE(.BOTH.,#21183);
#21183 = SURFACE_SIDE_STYLE('',(#21184));
#21184 = SURFACE_STYLE_FILL_AREA(#21185);
#21185 = FILL_AREA_STYLE('',(#21186));
#21186 = FILL_AREA_STYLE_COLOUR('',#21046);
#21187 = STYLED_ITEM('color',(#21188),#898);
#21188 = PRESENTATION_STYLE_ASSIGNMENT((#21189));
#21189 = SURFACE_STYLE_USAGE(.BOTH.,#21190);
#21190 = SURFACE_SIDE_STYLE('',(#21191));
#21191 = SURFACE_STYLE_FILL_AREA(#21192);
#21192 = FILL_AREA_STYLE('',(#21193));
#21193 = FILL_AREA_STYLE_COLOUR('',#21046);
#21194 = STYLED_ITEM('color',(#21195),#929);
#21195 = PRESENTATION_STYLE_ASSIGNMENT((#21196));
#21196 = SURFACE_STYLE_USAGE(.BOTH.,#21197);
#21197 = SURFACE_SIDE_STYLE('',(#21198));
#21198 = SURFACE_STYLE_FILL_AREA(#21199);
#21199 = FILL_AREA_STYLE('',(#21200));
#21200 = FILL_AREA_STYLE_COLOUR('',#21046);
#21201 = STYLED_ITEM('color',(#21202),#946);
#21202 = PRESENTATION_STYLE_ASSIGNMENT((#21203));
#21203 = SURFACE_STYLE_USAGE(.BOTH.,#21204);
#21204 = SURFACE_SIDE_STYLE('',(#21205));
#21205 = SURFACE_STYLE_FILL_AREA(#21206);
#21206 = FILL_AREA_STYLE('',(#21207));
#21207 = FILL_AREA_STYLE_COLOUR('',#21046);
#21208 = STYLED_ITEM('color',(#21209),#963);
#21209 = PRESENTATION_STYLE_ASSIGNMENT((#21210));
#21210 = SURFACE_STYLE_USAGE(.BOTH.,#21211);
#21211 = SURFACE_SIDE_STYLE('',(#21212));
#21212 = SURFACE_STYLE_FILL_AREA(#21213);
#21213 = FILL_AREA_STYLE('',(#21214));
#21214 = FILL_AREA_STYLE_COLOUR('',#21046);
ENDSEC;
END-ISO-10303-21;
